{
  "type": "FeatureCollection",
  "metadata": {
    "cache_layout_version": "provider_cache/v1",
    "geojson_contract_version": "provider_geojson/v1",
    "aoi_id": "rybnik_35km",
    "domain": "transport",
    "layer_id": "transport.stations",
    "source": "OpenStreetMap",
    "source_type": "analytical_vector",
    "source_registry_id": "openstreetmap",
    "source_url": "https://overpass-api.de/api/interpreter",
    "source_query": "Bounded Overpass snapshot: explicit transport highway, railway and aeroway tags within the Rybnik 35 km AOI.",
    "snapshot_at": "2026-08-03T21:00:00Z",
    "pipeline_version": "geo_pipeline/transport/v1",
    "query_version": "transport-osm/v4",
    "validation_status_raw": "warning",
    "quality_status": "warning",
    "confidence": "medium",
    "limitations": [
      "OSM transport mapping completeness and classification vary by area, operator and transport mode.",
      "The bounded committed snapshot is fixture evidence for major transport infrastructure and not a statement of operational capacity or real-time schedule.",
      "BDOT10k road and railway geometry is retained only as topographic comparison context and cannot establish transport service semantics alone.",
      "No qualified PRG transport network or facility class is enabled for this domain pack."
    ],
    "eligible_for_analysis": true,
    "readiness": "usable_with_limitations",
    "contract_version": "provider_geojson/v1",
    "feature_count": 114
  },
  "features": [
    {
      "type": "Feature",
      "properties": {
        "source": "OpenStreetMap",
        "source_id": "node/266823145",
        "domain": "transport",
        "asset_type": "stations",
        "confidence": "medium",
        "missing_fields": [],
        "limitations": [
          "OSM transport mapping completeness and classification vary by area, operator and transport mode.",
          "The bounded committed snapshot is fixture evidence for major transport infrastructure and not a statement of operational capacity or real-time schedule.",
          "BDOT10k road and railway geometry is retained only as topographic comparison context and cannot establish transport service semantics alone.",
          "No qualified PRG transport network or facility class is enabled for this domain pack."
        ],
        "eligible_for_analysis": true,
        "osm_tags": {
          "name": "Hlučín",
          "operator": "cz:SŽDC",
          "wikidata": "Q9293153",
          "wikipedia": "cs:Hlučín (nádraží)",
          "railway": "station"
        }
      },
      "geometry": {
        "type": "Point",
        "coordinates": [
          18.1941435,
          49.9009605
        ]
      }
    },
    {
      "type": "Feature",
      "properties": {
        "source": "OpenStreetMap",
        "source_id": "node/266824167",
        "domain": "transport",
        "asset_type": "stations",
        "confidence": "medium",
        "missing_fields": [],
        "limitations": [
          "OSM transport mapping completeness and classification vary by area, operator and transport mode.",
          "The bounded committed snapshot is fixture evidence for major transport infrastructure and not a statement of operational capacity or real-time schedule.",
          "BDOT10k road and railway geometry is retained only as topographic comparison context and cannot establish transport service semantics alone.",
          "No qualified PRG transport network or facility class is enabled for this domain pack."
        ],
        "eligible_for_analysis": true,
        "osm_tags": {
          "name": "Chuchelná",
          "operator": "cz:SŽDC",
          "wikidata": "Q9191697",
          "wikipedia": "cs:Chuchelná (železniční zastávka)",
          "railway": "station"
        }
      },
      "geometry": {
        "type": "Point",
        "coordinates": [
          18.1131825,
          49.9887954
        ]
      }
    },
    {
      "type": "Feature",
      "properties": {
        "source": "OpenStreetMap",
        "source_id": "node/292408019",
        "domain": "transport",
        "asset_type": "stations",
        "confidence": "medium",
        "missing_fields": [],
        "limitations": [
          "OSM transport mapping completeness and classification vary by area, operator and transport mode.",
          "The bounded committed snapshot is fixture evidence for major transport infrastructure and not a statement of operational capacity or real-time schedule.",
          "BDOT10k road and railway geometry is retained only as topographic comparison context and cannot establish transport service semantics alone.",
          "No qualified PRG transport network or facility class is enabled for this domain pack."
        ],
        "eligible_for_analysis": true,
        "osm_tags": {
          "name": "Rydułtowy",
          "wikidata": "Q2630080",
          "wikipedia": "pl:Rydułtowy (stacja kolejowa)",
          "name:pl": "Rydułtowy",
          "railway": "station"
        }
      },
      "geometry": {
        "type": "Point",
        "coordinates": [
          18.4259766,
          50.06900549999999
        ]
      }
    },
    {
      "type": "Feature",
      "properties": {
        "source": "OpenStreetMap",
        "source_id": "node/292408071",
        "domain": "transport",
        "asset_type": "stations",
        "confidence": "medium",
        "missing_fields": [],
        "limitations": [
          "OSM transport mapping completeness and classification vary by area, operator and transport mode.",
          "The bounded committed snapshot is fixture evidence for major transport infrastructure and not a statement of operational capacity or real-time schedule.",
          "BDOT10k road and railway geometry is retained only as topographic comparison context and cannot establish transport service semantics alone.",
          "No qualified PRG transport network or facility class is enabled for this domain pack."
        ],
        "eligible_for_analysis": true,
        "osm_tags": {
          "name": "Łuków Śląski",
          "name:pl": "Łuków Śląski",
          "railway": "halt"
        }
      },
      "geometry": {
        "type": "Point",
        "coordinates": [
          18.4091741,
          50.10071400000001
        ]
      }
    },
    {
      "type": "Feature",
      "properties": {
        "source": "OpenStreetMap",
        "source_id": "node/292408134",
        "domain": "transport",
        "asset_type": "stations",
        "confidence": "medium",
        "missing_fields": [],
        "limitations": [
          "OSM transport mapping completeness and classification vary by area, operator and transport mode.",
          "The bounded committed snapshot is fixture evidence for major transport infrastructure and not a statement of operational capacity or real-time schedule.",
          "BDOT10k road and railway geometry is retained only as topographic comparison context and cannot establish transport service semantics alone.",
          "No qualified PRG transport network or facility class is enabled for this domain pack."
        ],
        "eligible_for_analysis": true,
        "osm_tags": {
          "name": "Szymocice",
          "operator": "PKP Polskie Linie Kolejowe",
          "operator:short": "PKP PLK",
          "source": "survey",
          "railway": "halt"
        }
      },
      "geometry": {
        "type": "Point",
        "coordinates": [
          18.3496721,
          50.151105999999984
        ]
      }
    },
    {
      "type": "Feature",
      "properties": {
        "source": "OpenStreetMap",
        "source_id": "node/331033627",
        "domain": "transport",
        "asset_type": "stations",
        "confidence": "medium",
        "missing_fields": [],
        "limitations": [
          "OSM transport mapping completeness and classification vary by area, operator and transport mode.",
          "The bounded committed snapshot is fixture evidence for major transport infrastructure and not a statement of operational capacity or real-time schedule.",
          "BDOT10k road and railway geometry is retained only as topographic comparison context and cannot establish transport service semantics alone.",
          "No qualified PRG transport network or facility class is enabled for this domain pack."
        ],
        "eligible_for_analysis": true,
        "osm_tags": {
          "name": "Kuźnia Raciborska",
          "operator": "PKP Polskie Linie Kolejowe",
          "operator:short": "PKP PLK",
          "wikidata": "Q1884141",
          "wikipedia": "pl:Kuźnia Raciborska (stacja kolejowa)",
          "name:pl": "Kuźnia Raciborska",
          "railway": "station"
        }
      },
      "geometry": {
        "type": "Point",
        "coordinates": [
          18.2985743,
          50.20086299999999
        ]
      }
    },
    {
      "type": "Feature",
      "properties": {
        "source": "OpenStreetMap",
        "source_id": "node/331033648",
        "domain": "transport",
        "asset_type": "stations",
        "confidence": "medium",
        "missing_fields": [],
        "limitations": [
          "OSM transport mapping completeness and classification vary by area, operator and transport mode.",
          "The bounded committed snapshot is fixture evidence for major transport infrastructure and not a statement of operational capacity or real-time schedule.",
          "BDOT10k road and railway geometry is retained only as topographic comparison context and cannot establish transport service semantics alone.",
          "No qualified PRG transport network or facility class is enabled for this domain pack."
        ],
        "eligible_for_analysis": true,
        "osm_tags": {
          "name": "Kędzierzyn-Koźle Azoty",
          "operator": "PKP Polskie Linie Kolejowe",
          "operator:short": "PKP PLK",
          "wikidata": "Q961778",
          "wikipedia": "pl:Kędzierzyn Koźle Azoty",
          "railway": "halt"
        }
      },
      "geometry": {
        "type": "Point",
        "coordinates": [
          18.2396074,
          50.3106905
        ]
      }
    },
    {
      "type": "Feature",
      "properties": {
        "source": "OpenStreetMap",
        "source_id": "node/331033807",
        "domain": "transport",
        "asset_type": "stations",
        "confidence": "medium",
        "missing_fields": [],
        "limitations": [
          "OSM transport mapping completeness and classification vary by area, operator and transport mode.",
          "The bounded committed snapshot is fixture evidence for major transport infrastructure and not a statement of operational capacity or real-time schedule.",
          "BDOT10k road and railway geometry is retained only as topographic comparison context and cannot establish transport service semantics alone.",
          "No qualified PRG transport network or facility class is enabled for this domain pack."
        ],
        "eligible_for_analysis": true,
        "osm_tags": {
          "name": "Nędza Wieś",
          "operator": "PKP Polskie Linie Kolejowe",
          "operator:short": "PKP PLK",
          "wikidata": "Q11794311",
          "wikipedia": "pl:Nędza Wieś",
          "railway": "halt"
        }
      },
      "geometry": {
        "type": "Point",
        "coordinates": [
          18.3125958,
          50.164712599999994
        ]
      }
    },
    {
      "type": "Feature",
      "properties": {
        "source": "OpenStreetMap",
        "source_id": "node/331033808",
        "domain": "transport",
        "asset_type": "stations",
        "confidence": "medium",
        "missing_fields": [],
        "limitations": [
          "OSM transport mapping completeness and classification vary by area, operator and transport mode.",
          "The bounded committed snapshot is fixture evidence for major transport infrastructure and not a statement of operational capacity or real-time schedule.",
          "BDOT10k road and railway geometry is retained only as topographic comparison context and cannot establish transport service semantics alone.",
          "No qualified PRG transport network or facility class is enabled for this domain pack."
        ],
        "eligible_for_analysis": true,
        "osm_tags": {
          "name": "Górki Śląskie",
          "operator": "PKP Polskie Linie Kolejowe",
          "operator:short": "PKP PLK",
          "name:pl": "Górki Śląskie",
          "railway": "halt"
        }
      },
      "geometry": {
        "type": "Point",
        "coordinates": [
          18.3888565,
          50.142254099999995
        ]
      }
    },
    {
      "type": "Feature",
      "properties": {
        "source": "OpenStreetMap",
        "source_id": "node/331033809",
        "domain": "transport",
        "asset_type": "stations",
        "confidence": "medium",
        "missing_fields": [],
        "limitations": [
          "OSM transport mapping completeness and classification vary by area, operator and transport mode.",
          "The bounded committed snapshot is fixture evidence for major transport infrastructure and not a statement of operational capacity or real-time schedule.",
          "BDOT10k road and railway geometry is retained only as topographic comparison context and cannot establish transport service semantics alone.",
          "No qualified PRG transport network or facility class is enabled for this domain pack."
        ],
        "eligible_for_analysis": true,
        "osm_tags": {
          "name": "Sumina",
          "name:pl": "Sumina",
          "railway": "station"
        }
      },
      "geometry": {
        "type": "Point",
        "coordinates": [
          18.4014853,
          50.1369801
        ]
      }
    },
    {
      "type": "Feature",
      "properties": {
        "source": "OpenStreetMap",
        "source_id": "node/335810135",
        "domain": "transport",
        "asset_type": "stations",
        "confidence": "medium",
        "missing_fields": [],
        "limitations": [
          "OSM transport mapping completeness and classification vary by area, operator and transport mode.",
          "The bounded committed snapshot is fixture evidence for major transport infrastructure and not a statement of operational capacity or real-time schedule.",
          "BDOT10k road and railway geometry is retained only as topographic comparison context and cannot establish transport service semantics alone.",
          "No qualified PRG transport network or facility class is enabled for this domain pack."
        ],
        "eligible_for_analysis": true,
        "osm_tags": {
          "name": "Mikołów Jamna",
          "railway": "halt"
        }
      },
      "geometry": {
        "type": "Point",
        "coordinates": [
          18.9231576,
          50.194248499999986
        ]
      }
    },
    {
      "type": "Feature",
      "properties": {
        "source": "OpenStreetMap",
        "source_id": "node/369999507",
        "domain": "transport",
        "asset_type": "stations",
        "confidence": "medium",
        "missing_fields": [],
        "limitations": [
          "OSM transport mapping completeness and classification vary by area, operator and transport mode.",
          "The bounded committed snapshot is fixture evidence for major transport infrastructure and not a statement of operational capacity or real-time schedule.",
          "BDOT10k road and railway geometry is retained only as topographic comparison context and cannot establish transport service semantics alone.",
          "No qualified PRG transport network or facility class is enabled for this domain pack."
        ],
        "eligible_for_analysis": true,
        "osm_tags": {
          "name": "Rudyszwałd",
          "operator": "PKP Polskie Linie Kolejowe",
          "operator:short": "PKP PLK",
          "wikidata": "Q9323867",
          "wikipedia": "pl:Rudyszwałd (przystanek kolejowy)",
          "railway": "halt"
        }
      },
      "geometry": {
        "type": "Point",
        "coordinates": [
          18.3032254,
          49.9403201
        ]
      }
    },
    {
      "type": "Feature",
      "properties": {
        "source": "OpenStreetMap",
        "source_id": "node/391025983",
        "domain": "transport",
        "asset_type": "stations",
        "confidence": "medium",
        "missing_fields": [],
        "limitations": [
          "OSM transport mapping completeness and classification vary by area, operator and transport mode.",
          "The bounded committed snapshot is fixture evidence for major transport infrastructure and not a statement of operational capacity or real-time schedule.",
          "BDOT10k road and railway geometry is retained only as topographic comparison context and cannot establish transport service semantics alone.",
          "No qualified PRG transport network or facility class is enabled for this domain pack."
        ],
        "eligible_for_analysis": true,
        "osm_tags": {
          "name": "Rudy",
          "railway": "station"
        }
      },
      "geometry": {
        "type": "Point",
        "coordinates": [
          18.4641484,
          50.189870199999994
        ]
      }
    },
    {
      "type": "Feature",
      "properties": {
        "source": "OpenStreetMap",
        "source_id": "node/430979032",
        "domain": "transport",
        "asset_type": "stations",
        "confidence": "medium",
        "missing_fields": [],
        "limitations": [
          "OSM transport mapping completeness and classification vary by area, operator and transport mode.",
          "The bounded committed snapshot is fixture evidence for major transport infrastructure and not a statement of operational capacity or real-time schedule.",
          "BDOT10k road and railway geometry is retained only as topographic comparison context and cannot establish transport service semantics alone.",
          "No qualified PRG transport network or facility class is enabled for this domain pack."
        ],
        "eligible_for_analysis": true,
        "osm_tags": {
          "name": "Tworków",
          "operator": "PKP Polskie Linie Kolejowe",
          "operator:short": "PKP PLK",
          "wikidata": "Q2224370",
          "wikipedia": "pl:Tworków (przystanek kolejowy)",
          "railway": "halt"
        }
      },
      "geometry": {
        "type": "Point",
        "coordinates": [
          18.2495315,
          50.0165367
        ]
      }
    },
    {
      "type": "Feature",
      "properties": {
        "source": "OpenStreetMap",
        "source_id": "node/488763991",
        "domain": "transport",
        "asset_type": "stations",
        "confidence": "medium",
        "missing_fields": [],
        "limitations": [
          "OSM transport mapping completeness and classification vary by area, operator and transport mode.",
          "The bounded committed snapshot is fixture evidence for major transport infrastructure and not a statement of operational capacity or real-time schedule.",
          "BDOT10k road and railway geometry is retained only as topographic comparison context and cannot establish transport service semantics alone.",
          "No qualified PRG transport network or facility class is enabled for this domain pack."
        ],
        "eligible_for_analysis": true,
        "osm_tags": {
          "name": "Roszków Raciborski",
          "operator": "PKP Polskie Linie Kolejowe",
          "operator:short": "PKP PLK",
          "wikidata": "Q9322923",
          "wikipedia": "pl:Roszków Raciborski",
          "railway": "halt"
        }
      },
      "geometry": {
        "type": "Point",
        "coordinates": [
          18.2941234,
          49.965086
        ]
      }
    },
    {
      "type": "Feature",
      "properties": {
        "source": "OpenStreetMap",
        "source_id": "node/488764015",
        "domain": "transport",
        "asset_type": "stations",
        "confidence": "medium",
        "missing_fields": [],
        "limitations": [
          "OSM transport mapping completeness and classification vary by area, operator and transport mode.",
          "The bounded committed snapshot is fixture evidence for major transport infrastructure and not a statement of operational capacity or real-time schedule.",
          "BDOT10k road and railway geometry is retained only as topographic comparison context and cannot establish transport service semantics alone.",
          "No qualified PRG transport network or facility class is enabled for this domain pack."
        ],
        "eligible_for_analysis": true,
        "osm_tags": {
          "name": "Krzyżanowice",
          "operator": "PKP Polskie Linie Kolejowe",
          "operator:short": "PKP PLK",
          "wikidata": "Q11750031",
          "wikipedia": "pl:Krzyżanowice (stacja kolejowa)",
          "railway": "station"
        }
      },
      "geometry": {
        "type": "Point",
        "coordinates": [
          18.2756931,
          49.98945950000001
        ]
      }
    },
    {
      "type": "Feature",
      "properties": {
        "source": "OpenStreetMap",
        "source_id": "node/506359939",
        "domain": "transport",
        "asset_type": "stations",
        "confidence": "medium",
        "missing_fields": [],
        "limitations": [
          "OSM transport mapping completeness and classification vary by area, operator and transport mode.",
          "The bounded committed snapshot is fixture evidence for major transport infrastructure and not a statement of operational capacity or real-time schedule.",
          "BDOT10k road and railway geometry is retained only as topographic comparison context and cannot establish transport service semantics alone.",
          "No qualified PRG transport network or facility class is enabled for this domain pack."
        ],
        "eligible_for_analysis": true,
        "osm_tags": {
          "name": "Rybnik Niedobczyce",
          "wikidata": "Q2986551",
          "wikipedia": "pl:Rybnik Niedobczyce",
          "railway": "halt"
        }
      },
      "geometry": {
        "type": "Point",
        "coordinates": [
          18.4946596,
          50.06645650000001
        ]
      }
    },
    {
      "type": "Feature",
      "properties": {
        "source": "OpenStreetMap",
        "source_id": "node/506359950",
        "domain": "transport",
        "asset_type": "stations",
        "confidence": "medium",
        "missing_fields": [],
        "limitations": [
          "OSM transport mapping completeness and classification vary by area, operator and transport mode.",
          "The bounded committed snapshot is fixture evidence for major transport infrastructure and not a statement of operational capacity or real-time schedule.",
          "BDOT10k road and railway geometry is retained only as topographic comparison context and cannot establish transport service semantics alone.",
          "No qualified PRG transport network or facility class is enabled for this domain pack."
        ],
        "eligible_for_analysis": true,
        "osm_tags": {
          "name": "Rybnik Niewiadom",
          "operator": "PKP Polskie Linie Kolejowe",
          "operator:short": "PKP PLK",
          "wikidata": "Q2449274",
          "wikipedia": "pl:Rybnik Niewiadom",
          "railway": "halt"
        }
      },
      "geometry": {
        "type": "Point",
        "coordinates": [
          18.469322,
          50.06936759999999
        ]
      }
    },
    {
      "type": "Feature",
      "properties": {
        "source": "OpenStreetMap",
        "source_id": "node/506544251",
        "domain": "transport",
        "asset_type": "stations",
        "confidence": "medium",
        "missing_fields": [],
        "limitations": [
          "OSM transport mapping completeness and classification vary by area, operator and transport mode.",
          "The bounded committed snapshot is fixture evidence for major transport infrastructure and not a statement of operational capacity or real-time schedule.",
          "BDOT10k road and railway geometry is retained only as topographic comparison context and cannot establish transport service semantics alone.",
          "No qualified PRG transport network or facility class is enabled for this domain pack."
        ],
        "eligible_for_analysis": true,
        "osm_tags": {
          "name": "Olza",
          "operator": "PKP Polskie Linie Kolejowe",
          "operator:short": "PKP PLK",
          "wikidata": "Q2515783",
          "wikipedia": "pl:Olza (stacja kolejowa)",
          "name:pl": "Olza",
          "railway": "station"
        }
      },
      "geometry": {
        "type": "Point",
        "coordinates": [
          18.338892,
          49.9603681
        ]
      }
    },
    {
      "type": "Feature",
      "properties": {
        "source": "OpenStreetMap",
        "source_id": "node/506544295",
        "domain": "transport",
        "asset_type": "stations",
        "confidence": "medium",
        "missing_fields": [],
        "limitations": [
          "OSM transport mapping completeness and classification vary by area, operator and transport mode.",
          "The bounded committed snapshot is fixture evidence for major transport infrastructure and not a statement of operational capacity or real-time schedule.",
          "BDOT10k road and railway geometry is retained only as topographic comparison context and cannot establish transport service semantics alone.",
          "No qualified PRG transport network or facility class is enabled for this domain pack."
        ],
        "eligible_for_analysis": true,
        "osm_tags": {
          "name": "Czyżowice",
          "operator": "PKP Polskie Linie Kolejowe",
          "operator:short": "PKP PLK",
          "wikidata": "Q9200012",
          "wikipedia": "pl:Czyżowice (przystanek kolejowy)",
          "name:pl": "Czyżowice",
          "railway": "halt"
        }
      },
      "geometry": {
        "type": "Point",
        "coordinates": [
          18.4254368,
          49.97406389999999
        ]
      }
    },
    {
      "type": "Feature",
      "properties": {
        "source": "OpenStreetMap",
        "source_id": "node/506544368",
        "domain": "transport",
        "asset_type": "stations",
        "confidence": "medium",
        "missing_fields": [],
        "limitations": [
          "OSM transport mapping completeness and classification vary by area, operator and transport mode.",
          "The bounded committed snapshot is fixture evidence for major transport infrastructure and not a statement of operational capacity or real-time schedule.",
          "BDOT10k road and railway geometry is retained only as topographic comparison context and cannot establish transport service semantics alone.",
          "No qualified PRG transport network or facility class is enabled for this domain pack."
        ],
        "eligible_for_analysis": true,
        "osm_tags": {
          "name": "Wodzisław Śląski",
          "operator": "PKP Polskie Linie Kolejowe",
          "operator:short": "PKP PLK",
          "wikidata": "Q2101083",
          "wikipedia": "pl:Wodzisław Śląski (stacja kolejowa)",
          "name:pl": "Wodzisław Śląski",
          "railway": "station"
        }
      },
      "geometry": {
        "type": "Point",
        "coordinates": [
          18.4763476,
          50.008233700000005
        ]
      }
    },
    {
      "type": "Feature",
      "properties": {
        "source": "OpenStreetMap",
        "source_id": "node/506544370",
        "domain": "transport",
        "asset_type": "stations",
        "confidence": "medium",
        "missing_fields": [],
        "limitations": [
          "OSM transport mapping completeness and classification vary by area, operator and transport mode.",
          "The bounded committed snapshot is fixture evidence for major transport infrastructure and not a statement of operational capacity or real-time schedule.",
          "BDOT10k road and railway geometry is retained only as topographic comparison context and cannot establish transport service semantics alone.",
          "No qualified PRG transport network or facility class is enabled for this domain pack."
        ],
        "eligible_for_analysis": true,
        "osm_tags": {
          "name": "Bełsznica",
          "operator": "PKP Polskie Linie Kolejowe",
          "operator:short": "PKP PLK",
          "wikidata": "Q9170068",
          "wikipedia": "pl:Bełsznica (przystanek kolejowy)",
          "name:pl": "Bełsznica",
          "railway": "halt"
        }
      },
      "geometry": {
        "type": "Point",
        "coordinates": [
          18.3729714,
          49.9728425
        ]
      }
    },
    {
      "type": "Feature",
      "properties": {
        "source": "OpenStreetMap",
        "source_id": "node/533977615",
        "domain": "transport",
        "asset_type": "stations",
        "confidence": "medium",
        "missing_fields": [],
        "limitations": [
          "OSM transport mapping completeness and classification vary by area, operator and transport mode.",
          "The bounded committed snapshot is fixture evidence for major transport infrastructure and not a statement of operational capacity or real-time schedule.",
          "BDOT10k road and railway geometry is retained only as topographic comparison context and cannot establish transport service semantics alone.",
          "No qualified PRG transport network or facility class is enabled for this domain pack."
        ],
        "eligible_for_analysis": true,
        "osm_tags": {
          "name": "Strumień",
          "name:pl": "Strumień",
          "railway": "station"
        }
      },
      "geometry": {
        "type": "Point",
        "coordinates": [
          18.7534444,
          49.911223699999994
        ]
      }
    },
    {
      "type": "Feature",
      "properties": {
        "source": "OpenStreetMap",
        "source_id": "node/655388124",
        "domain": "transport",
        "asset_type": "stations",
        "confidence": "medium",
        "missing_fields": [],
        "limitations": [
          "OSM transport mapping completeness and classification vary by area, operator and transport mode.",
          "The bounded committed snapshot is fixture evidence for major transport infrastructure and not a statement of operational capacity or real-time schedule.",
          "BDOT10k road and railway geometry is retained only as topographic comparison context and cannot establish transport service semantics alone.",
          "No qualified PRG transport network or facility class is enabled for this domain pack."
        ],
        "eligible_for_analysis": true,
        "osm_tags": {
          "name": "Chybie",
          "operator": "PKP Polskie Linie Kolejowe",
          "operator:short": "PKP PLK",
          "name:pl": "Chybie",
          "railway": "station"
        }
      },
      "geometry": {
        "type": "Point",
        "coordinates": [
          18.8090548,
          49.8929501
        ]
      }
    },
    {
      "type": "Feature",
      "properties": {
        "source": "OpenStreetMap",
        "source_id": "node/655388143",
        "domain": "transport",
        "asset_type": "stations",
        "confidence": "medium",
        "missing_fields": [],
        "limitations": [
          "OSM transport mapping completeness and classification vary by area, operator and transport mode.",
          "The bounded committed snapshot is fixture evidence for major transport infrastructure and not a statement of operational capacity or real-time schedule.",
          "BDOT10k road and railway geometry is retained only as topographic comparison context and cannot establish transport service semantics alone.",
          "No qualified PRG transport network or facility class is enabled for this domain pack."
        ],
        "eligible_for_analysis": true,
        "osm_tags": {
          "name": "Zaborze",
          "operator": "PKP Polskie Linie Kolejowe",
          "operator:short": "PKP PLK",
          "railway": "halt"
        }
      },
      "geometry": {
        "type": "Point",
        "coordinates": [
          18.8112272,
          49.8701147
        ]
      }
    },
    {
      "type": "Feature",
      "properties": {
        "source": "OpenStreetMap",
        "source_id": "node/693464115",
        "domain": "transport",
        "asset_type": "stations",
        "confidence": "medium",
        "missing_fields": [],
        "limitations": [
          "OSM transport mapping completeness and classification vary by area, operator and transport mode.",
          "The bounded committed snapshot is fixture evidence for major transport infrastructure and not a statement of operational capacity or real-time schedule.",
          "BDOT10k road and railway geometry is retained only as topographic comparison context and cannot establish transport service semantics alone.",
          "No qualified PRG transport network or facility class is enabled for this domain pack."
        ],
        "eligible_for_analysis": true,
        "osm_tags": {
          "name": "Czerwionka Dębieńsko",
          "railway": "halt"
        }
      },
      "geometry": {
        "type": "Point",
        "coordinates": [
          18.6643017,
          50.156687299999994
        ]
      }
    },
    {
      "type": "Feature",
      "properties": {
        "source": "OpenStreetMap",
        "source_id": "node/693464129",
        "domain": "transport",
        "asset_type": "stations",
        "confidence": "medium",
        "missing_fields": [],
        "limitations": [
          "OSM transport mapping completeness and classification vary by area, operator and transport mode.",
          "The bounded committed snapshot is fixture evidence for major transport infrastructure and not a statement of operational capacity or real-time schedule.",
          "BDOT10k road and railway geometry is retained only as topographic comparison context and cannot establish transport service semantics alone.",
          "No qualified PRG transport network or facility class is enabled for this domain pack."
        ],
        "eligible_for_analysis": true,
        "osm_tags": {
          "name": "Czerwionka",
          "wikidata": "Q2660369",
          "wikipedia": "pl:Czerwionka (stacja kolejowa)",
          "name:pl": "Czerwionka",
          "start_date": "1856",
          "source": "survey",
          "wheelchair": "limited",
          "railway": "station"
        }
      },
      "geometry": {
        "type": "Point",
        "coordinates": [
          18.6851834,
          50.148787999999996
        ]
      }
    },
    {
      "type": "Feature",
      "properties": {
        "source": "OpenStreetMap",
        "source_id": "node/693464172",
        "domain": "transport",
        "asset_type": "stations",
        "confidence": "medium",
        "missing_fields": [],
        "limitations": [
          "OSM transport mapping completeness and classification vary by area, operator and transport mode.",
          "The bounded committed snapshot is fixture evidence for major transport infrastructure and not a statement of operational capacity or real-time schedule.",
          "BDOT10k road and railway geometry is retained only as topographic comparison context and cannot establish transport service semantics alone.",
          "No qualified PRG transport network or facility class is enabled for this domain pack."
        ],
        "eligible_for_analysis": true,
        "osm_tags": {
          "name": "Orzesze Jaśkowice",
          "name:pl": "Orzesze Jaśkowice",
          "wheelchair": "limited",
          "railway": "station"
        }
      },
      "geometry": {
        "type": "Point",
        "coordinates": [
          18.740753,
          50.14479939999999
        ]
      }
    },
    {
      "type": "Feature",
      "properties": {
        "source": "OpenStreetMap",
        "source_id": "node/693464214",
        "domain": "transport",
        "asset_type": "stations",
        "confidence": "medium",
        "missing_fields": [],
        "limitations": [
          "OSM transport mapping completeness and classification vary by area, operator and transport mode.",
          "The bounded committed snapshot is fixture evidence for major transport infrastructure and not a statement of operational capacity or real-time schedule.",
          "BDOT10k road and railway geometry is retained only as topographic comparison context and cannot establish transport service semantics alone.",
          "No qualified PRG transport network or facility class is enabled for this domain pack."
        ],
        "eligible_for_analysis": true,
        "osm_tags": {
          "name": "Orzesze",
          "operator": "PKP Polskie Linie Kolejowe",
          "operator:short": "PKP PLK",
          "name:pl": "Orzesze",
          "railway": "station"
        }
      },
      "geometry": {
        "type": "Point",
        "coordinates": [
          18.7776893,
          50.15438529999999
        ]
      }
    },
    {
      "type": "Feature",
      "properties": {
        "source": "OpenStreetMap",
        "source_id": "node/693464267",
        "domain": "transport",
        "asset_type": "stations",
        "confidence": "medium",
        "missing_fields": [],
        "limitations": [
          "OSM transport mapping completeness and classification vary by area, operator and transport mode.",
          "The bounded committed snapshot is fixture evidence for major transport infrastructure and not a statement of operational capacity or real-time schedule.",
          "BDOT10k road and railway geometry is retained only as topographic comparison context and cannot establish transport service semantics alone.",
          "No qualified PRG transport network or facility class is enabled for this domain pack."
        ],
        "eligible_for_analysis": true,
        "osm_tags": {
          "name": "Łaziska Górne Brada",
          "railway": "halt"
        }
      },
      "geometry": {
        "type": "Point",
        "coordinates": [
          18.8207757,
          50.15806589999999
        ]
      }
    },
    {
      "type": "Feature",
      "properties": {
        "source": "OpenStreetMap",
        "source_id": "node/693464300",
        "domain": "transport",
        "asset_type": "stations",
        "confidence": "medium",
        "missing_fields": [],
        "limitations": [
          "OSM transport mapping completeness and classification vary by area, operator and transport mode.",
          "The bounded committed snapshot is fixture evidence for major transport infrastructure and not a statement of operational capacity or real-time schedule.",
          "BDOT10k road and railway geometry is retained only as topographic comparison context and cannot establish transport service semantics alone.",
          "No qualified PRG transport network or facility class is enabled for this domain pack."
        ],
        "eligible_for_analysis": true,
        "osm_tags": {
          "name": "Łaziska Górne",
          "name:pl": "Łaziska Górne",
          "railway": "halt"
        }
      },
      "geometry": {
        "type": "Point",
        "coordinates": [
          18.8452326,
          50.159389399999995
        ]
      }
    },
    {
      "type": "Feature",
      "properties": {
        "source": "OpenStreetMap",
        "source_id": "node/1509288904",
        "domain": "transport",
        "asset_type": "stations",
        "confidence": "medium",
        "missing_fields": [],
        "limitations": [
          "OSM transport mapping completeness and classification vary by area, operator and transport mode.",
          "The bounded committed snapshot is fixture evidence for major transport infrastructure and not a statement of operational capacity or real-time schedule.",
          "BDOT10k road and railway geometry is retained only as topographic comparison context and cannot establish transport service semantics alone.",
          "No qualified PRG transport network or facility class is enabled for this domain pack."
        ],
        "eligible_for_analysis": true,
        "osm_tags": {
          "name": "Kobiór",
          "operator": "PKP Polskie Linie Kolejowe",
          "operator:short": "PKP PLK",
          "railway": "halt"
        }
      },
      "geometry": {
        "type": "Point",
        "coordinates": [
          18.923499,
          50.066023
        ]
      }
    },
    {
      "type": "Feature",
      "properties": {
        "source": "OpenStreetMap",
        "source_id": "node/1648519064",
        "domain": "transport",
        "asset_type": "stations",
        "confidence": "medium",
        "missing_fields": [],
        "limitations": [
          "OSM transport mapping completeness and classification vary by area, operator and transport mode.",
          "The bounded committed snapshot is fixture evidence for major transport infrastructure and not a statement of operational capacity or real-time schedule.",
          "BDOT10k road and railway geometry is retained only as topographic comparison context and cannot establish transport service semantics alone.",
          "No qualified PRG transport network or facility class is enabled for this domain pack."
        ],
        "eligible_for_analysis": true,
        "osm_tags": {
          "name": "Mikołów",
          "operator": "PKP Polskie Linie Kolejowe",
          "operator:short": "PKP PLK",
          "name:pl": "Mikołów",
          "railway": "station"
        }
      },
      "geometry": {
        "type": "Point",
        "coordinates": [
          18.8992953,
          50.172859499999994
        ]
      }
    },
    {
      "type": "Feature",
      "properties": {
        "source": "OpenStreetMap",
        "source_id": "node/1753725163",
        "domain": "transport",
        "asset_type": "stations",
        "confidence": "medium",
        "missing_fields": [],
        "limitations": [
          "OSM transport mapping completeness and classification vary by area, operator and transport mode.",
          "The bounded committed snapshot is fixture evidence for major transport infrastructure and not a statement of operational capacity or real-time schedule.",
          "BDOT10k road and railway geometry is retained only as topographic comparison context and cannot establish transport service semantics alone.",
          "No qualified PRG transport network or facility class is enabled for this domain pack."
        ],
        "eligible_for_analysis": true,
        "osm_tags": {
          "name": "Pruchna",
          "operator": "PKP Polskie Linie Kolejowe",
          "operator:short": "PKP PLK",
          "name:pl": "Pruchna",
          "railway": "station"
        }
      },
      "geometry": {
        "type": "Point",
        "coordinates": [
          18.6883636,
          49.87877060000001
        ]
      }
    },
    {
      "type": "Feature",
      "properties": {
        "source": "OpenStreetMap",
        "source_id": "node/1869860437",
        "domain": "transport",
        "asset_type": "stations",
        "confidence": "medium",
        "missing_fields": [],
        "limitations": [
          "OSM transport mapping completeness and classification vary by area, operator and transport mode.",
          "The bounded committed snapshot is fixture evidence for major transport infrastructure and not a statement of operational capacity or real-time schedule.",
          "BDOT10k road and railway geometry is retained only as topographic comparison context and cannot establish transport service semantics alone.",
          "No qualified PRG transport network or facility class is enabled for this domain pack."
        ],
        "eligible_for_analysis": true,
        "osm_tags": {
          "name": "Chybie Mnich",
          "operator": "PKP Polskie Linie Kolejowe",
          "operator:short": "PKP PLK",
          "railway": "halt"
        }
      },
      "geometry": {
        "type": "Point",
        "coordinates": [
          18.820787,
          49.887461899999984
        ]
      }
    },
    {
      "type": "Feature",
      "properties": {
        "source": "OpenStreetMap",
        "source_id": "node/1875532846",
        "domain": "transport",
        "asset_type": "stations",
        "confidence": "medium",
        "missing_fields": [],
        "limitations": [
          "OSM transport mapping completeness and classification vary by area, operator and transport mode.",
          "The bounded committed snapshot is fixture evidence for major transport infrastructure and not a statement of operational capacity or real-time schedule.",
          "BDOT10k road and railway geometry is retained only as topographic comparison context and cannot establish transport service semantics alone.",
          "No qualified PRG transport network or facility class is enabled for this domain pack."
        ],
        "eligible_for_analysis": true,
        "osm_tags": {
          "name": "Zabrzeg Czarnolesie",
          "operator": "PKP Polskie Linie Kolejowe",
          "operator:short": "PKP PLK",
          "wikidata": "Q2523763",
          "wikipedia": "pl:Zabrzeg Czarnolesie",
          "railway": "halt"
        }
      },
      "geometry": {
        "type": "Point",
        "coordinates": [
          18.907434100000003,
          49.9040408
        ]
      }
    },
    {
      "type": "Feature",
      "properties": {
        "source": "OpenStreetMap",
        "source_id": "node/1876249175",
        "domain": "transport",
        "asset_type": "stations",
        "confidence": "medium",
        "missing_fields": [],
        "limitations": [
          "OSM transport mapping completeness and classification vary by area, operator and transport mode.",
          "The bounded committed snapshot is fixture evidence for major transport infrastructure and not a statement of operational capacity or real-time schedule.",
          "BDOT10k road and railway geometry is retained only as topographic comparison context and cannot establish transport service semantics alone.",
          "No qualified PRG transport network or facility class is enabled for this domain pack."
        ],
        "eligible_for_analysis": true,
        "osm_tags": {
          "name": "Sławięcice",
          "operator": "PKP Polskie Linie Kolejowe",
          "operator:short": "PKP PLK",
          "wikidata": "Q9353051",
          "wikipedia": "pl:Sławięcice (stacja kolejowa)",
          "name:pl": "Sławięcice",
          "railway": "station"
        }
      },
      "geometry": {
        "type": "Point",
        "coordinates": [
          18.3138179,
          50.3513782
        ]
      }
    },
    {
      "type": "Feature",
      "properties": {
        "source": "OpenStreetMap",
        "source_id": "node/1891089442",
        "domain": "transport",
        "asset_type": "stations",
        "confidence": "medium",
        "missing_fields": [],
        "limitations": [
          "OSM transport mapping completeness and classification vary by area, operator and transport mode.",
          "The bounded committed snapshot is fixture evidence for major transport infrastructure and not a statement of operational capacity or real-time schedule.",
          "BDOT10k road and railway geometry is retained only as topographic comparison context and cannot establish transport service semantics alone.",
          "No qualified PRG transport network or facility class is enabled for this domain pack."
        ],
        "eligible_for_analysis": true,
        "osm_tags": {
          "name": "Taciszów",
          "operator": "PKP Polskie Linie Kolejowe",
          "operator:short": "PKP PLK",
          "name:pl": "Taciszów",
          "wheelchair": "yes",
          "railway": "station"
        }
      },
      "geometry": {
        "type": "Point",
        "coordinates": [
          18.5078476,
          50.3579867
        ]
      }
    },
    {
      "type": "Feature",
      "properties": {
        "source": "OpenStreetMap",
        "source_id": "node/1911295368",
        "domain": "transport",
        "asset_type": "stations",
        "confidence": "medium",
        "missing_fields": [],
        "limitations": [
          "OSM transport mapping completeness and classification vary by area, operator and transport mode.",
          "The bounded committed snapshot is fixture evidence for major transport infrastructure and not a statement of operational capacity or real-time schedule.",
          "BDOT10k road and railway geometry is retained only as topographic comparison context and cannot establish transport service semantics alone.",
          "No qualified PRG transport network or facility class is enabled for this domain pack."
        ],
        "eligible_for_analysis": true,
        "osm_tags": {
          "name": "Pogwizdów",
          "wikidata": "Q11821106",
          "wikipedia": "pl:Pogwizdów (przystanek kolejowy)",
          "railway": "halt"
        }
      },
      "geometry": {
        "type": "Point",
        "coordinates": [
          18.5976048,
          49.8066711
        ]
      }
    },
    {
      "type": "Feature",
      "properties": {
        "source": "OpenStreetMap",
        "source_id": "node/1911295544",
        "domain": "transport",
        "asset_type": "stations",
        "confidence": "medium",
        "missing_fields": [],
        "limitations": [
          "OSM transport mapping completeness and classification vary by area, operator and transport mode.",
          "The bounded committed snapshot is fixture evidence for major transport infrastructure and not a statement of operational capacity or real-time schedule.",
          "BDOT10k road and railway geometry is retained only as topographic comparison context and cannot establish transport service semantics alone.",
          "No qualified PRG transport network or facility class is enabled for this domain pack."
        ],
        "eligible_for_analysis": true,
        "osm_tags": {
          "name": "Kończyce",
          "operator": "PKP Polskie Linie Kolejowe",
          "operator:short": "PKP PLK",
          "railway": "halt"
        }
      },
      "geometry": {
        "type": "Point",
        "coordinates": [
          18.6258799,
          49.85102899999998
        ]
      }
    },
    {
      "type": "Feature",
      "properties": {
        "source": "OpenStreetMap",
        "source_id": "node/2181332758",
        "domain": "transport",
        "asset_type": "stations",
        "confidence": "medium",
        "missing_fields": [],
        "limitations": [
          "OSM transport mapping completeness and classification vary by area, operator and transport mode.",
          "The bounded committed snapshot is fixture evidence for major transport infrastructure and not a statement of operational capacity or real-time schedule.",
          "BDOT10k road and railway geometry is retained only as topographic comparison context and cannot establish transport service semantics alone.",
          "No qualified PRG transport network or facility class is enabled for this domain pack."
        ],
        "eligible_for_analysis": true,
        "osm_tags": {
          "name": "Katowice Ligota",
          "wikidata": "Q2229374",
          "wikipedia": "pl:Katowice Ligota",
          "name:pl": "Katowice Ligota",
          "railway": "station"
        }
      },
      "geometry": {
        "type": "Point",
        "coordinates": [
          18.9785184,
          50.225953399999995
        ]
      }
    },
    {
      "type": "Feature",
      "properties": {
        "source": "OpenStreetMap",
        "source_id": "node/2182760873",
        "domain": "transport",
        "asset_type": "stations",
        "confidence": "medium",
        "missing_fields": [],
        "limitations": [
          "OSM transport mapping completeness and classification vary by area, operator and transport mode.",
          "The bounded committed snapshot is fixture evidence for major transport infrastructure and not a statement of operational capacity or real-time schedule.",
          "BDOT10k road and railway geometry is retained only as topographic comparison context and cannot establish transport service semantics alone.",
          "No qualified PRG transport network or facility class is enabled for this domain pack."
        ],
        "eligible_for_analysis": true,
        "osm_tags": {
          "name": "Bierawa",
          "operator": "PKP Polskie Linie Kolejowe",
          "operator:short": "PKP PLK",
          "wikidata": "Q2504218",
          "wikipedia": "pl:Bierawa (stacja kolejowa)",
          "railway": "station"
        }
      },
      "geometry": {
        "type": "Point",
        "coordinates": [
          18.2561042,
          50.29435459999999
        ]
      }
    },
    {
      "type": "Feature",
      "properties": {
        "source": "OpenStreetMap",
        "source_id": "node/2182767009",
        "domain": "transport",
        "asset_type": "stations",
        "confidence": "medium",
        "missing_fields": [],
        "limitations": [
          "OSM transport mapping completeness and classification vary by area, operator and transport mode.",
          "The bounded committed snapshot is fixture evidence for major transport infrastructure and not a statement of operational capacity or real-time schedule.",
          "BDOT10k road and railway geometry is retained only as topographic comparison context and cannot establish transport service semantics alone.",
          "No qualified PRG transport network or facility class is enabled for this domain pack."
        ],
        "eligible_for_analysis": true,
        "osm_tags": {
          "name": "Szczejkowice",
          "railway": "halt"
        }
      },
      "geometry": {
        "type": "Point",
        "coordinates": [
          18.6719092,
          50.0795817
        ]
      }
    },
    {
      "type": "Feature",
      "properties": {
        "source": "OpenStreetMap",
        "source_id": "node/2182768738",
        "domain": "transport",
        "asset_type": "stations",
        "confidence": "medium",
        "missing_fields": [],
        "limitations": [
          "OSM transport mapping completeness and classification vary by area, operator and transport mode.",
          "The bounded committed snapshot is fixture evidence for major transport infrastructure and not a statement of operational capacity or real-time schedule.",
          "BDOT10k road and railway geometry is retained only as topographic comparison context and cannot establish transport service semantics alone.",
          "No qualified PRG transport network or facility class is enabled for this domain pack."
        ],
        "eligible_for_analysis": true,
        "osm_tags": {
          "name": "Żory",
          "name:pl": "Żory",
          "railway": "station"
        }
      },
      "geometry": {
        "type": "Point",
        "coordinates": [
          18.7020594,
          50.05296969999999
        ]
      }
    },
    {
      "type": "Feature",
      "properties": {
        "source": "OpenStreetMap",
        "source_id": "node/2182784360",
        "domain": "transport",
        "asset_type": "stations",
        "confidence": "medium",
        "missing_fields": [],
        "limitations": [
          "OSM transport mapping completeness and classification vary by area, operator and transport mode.",
          "The bounded committed snapshot is fixture evidence for major transport infrastructure and not a statement of operational capacity or real-time schedule.",
          "BDOT10k road and railway geometry is retained only as topographic comparison context and cannot establish transport service semantics alone.",
          "No qualified PRG transport network or facility class is enabled for this domain pack."
        ],
        "eligible_for_analysis": true,
        "osm_tags": {
          "name": "Drogomyśl",
          "operator": "PKP Polskie Linie Kolejowe",
          "operator:short": "PKP PLK",
          "railway": "halt"
        }
      },
      "geometry": {
        "type": "Point",
        "coordinates": [
          18.7570958,
          49.88674950000001
        ]
      }
    },
    {
      "type": "Feature",
      "properties": {
        "source": "OpenStreetMap",
        "source_id": "node/2182789697",
        "domain": "transport",
        "asset_type": "stations",
        "confidence": "medium",
        "missing_fields": [],
        "limitations": [
          "OSM transport mapping completeness and classification vary by area, operator and transport mode.",
          "The bounded committed snapshot is fixture evidence for major transport infrastructure and not a statement of operational capacity or real-time schedule.",
          "BDOT10k road and railway geometry is retained only as topographic comparison context and cannot establish transport service semantics alone.",
          "No qualified PRG transport network or facility class is enabled for this domain pack."
        ],
        "eligible_for_analysis": true,
        "osm_tags": {
          "name": "Kaczyce",
          "operator": "PKP Polskie Linie Kolejowe",
          "operator:short": "PKP PLK",
          "name:pl": "Kaczyce",
          "railway": "station"
        }
      },
      "geometry": {
        "type": "Point",
        "coordinates": [
          18.6107435,
          49.832250599999995
        ]
      }
    },
    {
      "type": "Feature",
      "properties": {
        "source": "OpenStreetMap",
        "source_id": "node/2182811812",
        "domain": "transport",
        "asset_type": "stations",
        "confidence": "medium",
        "missing_fields": [],
        "limitations": [
          "OSM transport mapping completeness and classification vary by area, operator and transport mode.",
          "The bounded committed snapshot is fixture evidence for major transport infrastructure and not a statement of operational capacity or real-time schedule.",
          "BDOT10k road and railway geometry is retained only as topographic comparison context and cannot establish transport service semantics alone.",
          "No qualified PRG transport network or facility class is enabled for this domain pack."
        ],
        "eligible_for_analysis": true,
        "osm_tags": {
          "name": "Rudziniec Gliwicki",
          "operator": "PKP Polskie Linie Kolejowe",
          "operator:short": "PKP PLK",
          "wikidata": "Q2197002",
          "wikipedia": "pl:Rudziniec Gliwicki",
          "name:pl": "Rudziniec Gliwicki",
          "railway": "station"
        }
      },
      "geometry": {
        "type": "Point",
        "coordinates": [
          18.4042187,
          50.366630699999995
        ]
      }
    },
    {
      "type": "Feature",
      "properties": {
        "source": "OpenStreetMap",
        "source_id": "node/2183319562",
        "domain": "transport",
        "asset_type": "stations",
        "confidence": "medium",
        "missing_fields": [],
        "limitations": [
          "OSM transport mapping completeness and classification vary by area, operator and transport mode.",
          "The bounded committed snapshot is fixture evidence for major transport infrastructure and not a statement of operational capacity or real-time schedule.",
          "BDOT10k road and railway geometry is retained only as topographic comparison context and cannot establish transport service semantics alone.",
          "No qualified PRG transport network or facility class is enabled for this domain pack."
        ],
        "eligible_for_analysis": true,
        "osm_tags": {
          "name": "Katowice Piotrowice",
          "wikidata": "Q3116642",
          "wikipedia": "pl:Katowice Piotrowice",
          "name:pl": "Katowice Piotrowice",
          "railway": "halt"
        }
      },
      "geometry": {
        "type": "Point",
        "coordinates": [
          18.9703936,
          50.21345319999999
        ]
      }
    },
    {
      "type": "Feature",
      "properties": {
        "source": "OpenStreetMap",
        "source_id": "node/2183370683",
        "domain": "transport",
        "asset_type": "stations",
        "confidence": "medium",
        "missing_fields": [],
        "limitations": [
          "OSM transport mapping completeness and classification vary by area, operator and transport mode.",
          "The bounded committed snapshot is fixture evidence for major transport infrastructure and not a statement of operational capacity or real-time schedule.",
          "BDOT10k road and railway geometry is retained only as topographic comparison context and cannot establish transport service semantics alone.",
          "No qualified PRG transport network or facility class is enabled for this domain pack."
        ],
        "eligible_for_analysis": true,
        "osm_tags": {
          "name": "Katowice Podlesie",
          "railway": "halt"
        }
      },
      "geometry": {
        "type": "Point",
        "coordinates": [
          18.960329,
          50.1829287
        ]
      }
    },
    {
      "type": "Feature",
      "properties": {
        "source": "OpenStreetMap",
        "source_id": "node/2264796986",
        "domain": "transport",
        "asset_type": "stations",
        "confidence": "medium",
        "missing_fields": [],
        "limitations": [
          "OSM transport mapping completeness and classification vary by area, operator and transport mode.",
          "The bounded committed snapshot is fixture evidence for major transport infrastructure and not a statement of operational capacity or real-time schedule.",
          "BDOT10k road and railway geometry is retained only as topographic comparison context and cannot establish transport service semantics alone.",
          "No qualified PRG transport network or facility class is enabled for this domain pack."
        ],
        "eligible_for_analysis": true,
        "osm_tags": {
          "name": "Racibórz",
          "operator": "PKP Polskie Linie Kolejowe",
          "operator:short": "PKP PLK",
          "operator:wikidata": "Q1344677",
          "wikidata": "Q2961619",
          "wikipedia": "pl:Racibórz (stacja kolejowa)",
          "name:pl": "Racibórz",
          "railway": "station"
        }
      },
      "geometry": {
        "type": "Point",
        "coordinates": [
          18.2267128,
          50.0906046
        ]
      }
    },
    {
      "type": "Feature",
      "properties": {
        "source": "OpenStreetMap",
        "source_id": "node/2473137378",
        "domain": "transport",
        "asset_type": "stations",
        "confidence": "medium",
        "missing_fields": [],
        "limitations": [
          "OSM transport mapping completeness and classification vary by area, operator and transport mode.",
          "The bounded committed snapshot is fixture evidence for major transport infrastructure and not a statement of operational capacity or real-time schedule.",
          "BDOT10k road and railway geometry is retained only as topographic comparison context and cannot establish transport service semantics alone.",
          "No qualified PRG transport network or facility class is enabled for this domain pack."
        ],
        "eligible_for_analysis": true,
        "osm_tags": {
          "name": "Pszczyna",
          "operator": "PKP Polskie Linie Kolejowe",
          "operator:short": "PKP PLK",
          "wikidata": "Q655923",
          "wikipedia": "pl:Pszczyna (stacja kolejowa)",
          "name:pl": "Pszczyna",
          "railway": "station"
        }
      },
      "geometry": {
        "type": "Point",
        "coordinates": [
          18.9534694,
          49.97497980000001
        ]
      }
    },
    {
      "type": "Feature",
      "properties": {
        "source": "OpenStreetMap",
        "source_id": "node/2480151502",
        "domain": "transport",
        "asset_type": "stations",
        "confidence": "medium",
        "missing_fields": [],
        "limitations": [
          "OSM transport mapping completeness and classification vary by area, operator and transport mode.",
          "The bounded committed snapshot is fixture evidence for major transport infrastructure and not a statement of operational capacity or real-time schedule.",
          "BDOT10k road and railway geometry is retained only as topographic comparison context and cannot establish transport service semantics alone.",
          "No qualified PRG transport network or facility class is enabled for this domain pack."
        ],
        "eligible_for_analysis": true,
        "osm_tags": {
          "name": "Rybnik",
          "ref": "Rb",
          "operator": "PKP Polskie Linie Kolejowe",
          "operator:short": "PKP PLK",
          "operator:wikidata": "Q1344677",
          "name:pl": "Rybnik",
          "wheelchair": "yes",
          "railway": "station"
        }
      },
      "geometry": {
        "type": "Point",
        "coordinates": [
          18.547971700000005,
          50.08910409999999
        ]
      }
    },
    {
      "type": "Feature",
      "properties": {
        "source": "OpenStreetMap",
        "source_id": "node/2503089110",
        "domain": "transport",
        "asset_type": "stations",
        "confidence": "medium",
        "missing_fields": [],
        "limitations": [
          "OSM transport mapping completeness and classification vary by area, operator and transport mode.",
          "The bounded committed snapshot is fixture evidence for major transport infrastructure and not a statement of operational capacity or real-time schedule.",
          "BDOT10k road and railway geometry is retained only as topographic comparison context and cannot establish transport service semantics alone.",
          "No qualified PRG transport network or facility class is enabled for this domain pack."
        ],
        "eligible_for_analysis": true,
        "osm_tags": {
          "name": "Rybnik Paruszowiec",
          "operator": "PKP Polskie Linie Kolejowe",
          "operator:short": "PKP PLK",
          "wikidata": "Q2001076",
          "wikipedia": "pl:Rybnik Paruszowiec",
          "railway": "halt"
        }
      },
      "geometry": {
        "type": "Point",
        "coordinates": [
          18.5656133,
          50.1027883
        ]
      }
    },
    {
      "type": "Feature",
      "properties": {
        "source": "OpenStreetMap",
        "source_id": "node/2511660823",
        "domain": "transport",
        "asset_type": "stations",
        "confidence": "medium",
        "missing_fields": [],
        "limitations": [
          "OSM transport mapping completeness and classification vary by area, operator and transport mode.",
          "The bounded committed snapshot is fixture evidence for major transport infrastructure and not a statement of operational capacity or real-time schedule.",
          "BDOT10k road and railway geometry is retained only as topographic comparison context and cannot establish transport service semantics alone.",
          "No qualified PRG transport network or facility class is enabled for this domain pack."
        ],
        "eligible_for_analysis": true,
        "osm_tags": {
          "name": "Leszczyny",
          "operator": "PKP Polskie Linie Kolejowe",
          "operator:short": "PKP PLK",
          "name:pl": "Leszczyny",
          "railway": "station"
        }
      },
      "geometry": {
        "type": "Point",
        "coordinates": [
          18.6176364,
          50.1397517
        ]
      }
    },
    {
      "type": "Feature",
      "properties": {
        "source": "OpenStreetMap",
        "source_id": "node/2939147750",
        "domain": "transport",
        "asset_type": "stations",
        "confidence": "medium",
        "missing_fields": [],
        "limitations": [
          "OSM transport mapping completeness and classification vary by area, operator and transport mode.",
          "The bounded committed snapshot is fixture evidence for major transport infrastructure and not a statement of operational capacity or real-time schedule.",
          "BDOT10k road and railway geometry is retained only as topographic comparison context and cannot establish transport service semantics alone.",
          "No qualified PRG transport network or facility class is enabled for this domain pack."
        ],
        "eligible_for_analysis": true,
        "osm_tags": {
          "name": "Radlin Obszary",
          "wikidata": "Q11833494",
          "wikipedia": "pl:Radlin Obszary",
          "railway": "halt"
        }
      },
      "geometry": {
        "type": "Point",
        "coordinates": [
          18.4946733,
          50.0412504
        ]
      }
    },
    {
      "type": "Feature",
      "properties": {
        "source": "OpenStreetMap",
        "source_id": "node/2986773662",
        "domain": "transport",
        "asset_type": "stations",
        "confidence": "medium",
        "missing_fields": [],
        "limitations": [
          "OSM transport mapping completeness and classification vary by area, operator and transport mode.",
          "The bounded committed snapshot is fixture evidence for major transport infrastructure and not a statement of operational capacity or real-time schedule.",
          "BDOT10k road and railway geometry is retained only as topographic comparison context and cannot establish transport service semantics alone.",
          "No qualified PRG transport network or facility class is enabled for this domain pack."
        ],
        "eligible_for_analysis": true,
        "osm_tags": {
          "name": "Paproć",
          "railway": "halt"
        }
      },
      "geometry": {
        "type": "Point",
        "coordinates": [
          18.4737348,
          50.17535059999999
        ]
      }
    },
    {
      "type": "Feature",
      "properties": {
        "source": "OpenStreetMap",
        "source_id": "node/2987517884",
        "domain": "transport",
        "asset_type": "stations",
        "confidence": "medium",
        "missing_fields": [],
        "limitations": [
          "OSM transport mapping completeness and classification vary by area, operator and transport mode.",
          "The bounded committed snapshot is fixture evidence for major transport infrastructure and not a statement of operational capacity or real-time schedule.",
          "BDOT10k road and railway geometry is retained only as topographic comparison context and cannot establish transport service semantics alone.",
          "No qualified PRG transport network or facility class is enabled for this domain pack."
        ],
        "eligible_for_analysis": true,
        "osm_tags": {
          "name": "Gliwice",
          "operator": "PKP Polskie Linie Kolejowe",
          "operator:short": "PKP PLK",
          "operator:wikidata": "Q1344677",
          "wikidata": "Q583287",
          "wikipedia": "pl:Gliwice (stacja kolejowa)",
          "name:pl": "Gliwice",
          "wheelchair": "yes",
          "railway": "station"
        }
      },
      "geometry": {
        "type": "Point",
        "coordinates": [
          18.6770397,
          50.301158999999984
        ]
      }
    },
    {
      "type": "Feature",
      "properties": {
        "source": "OpenStreetMap",
        "source_id": "node/2987517885",
        "domain": "transport",
        "asset_type": "stations",
        "confidence": "medium",
        "missing_fields": [],
        "limitations": [
          "OSM transport mapping completeness and classification vary by area, operator and transport mode.",
          "The bounded committed snapshot is fixture evidence for major transport infrastructure and not a statement of operational capacity or real-time schedule.",
          "BDOT10k road and railway geometry is retained only as topographic comparison context and cannot establish transport service semantics alone.",
          "No qualified PRG transport network or facility class is enabled for this domain pack."
        ],
        "eligible_for_analysis": true,
        "osm_tags": {
          "name": "Zabrze",
          "operator": "PKP Polskie Linie Kolejowe",
          "operator:short": "PKP PLK",
          "wikidata": "Q2562351",
          "wikipedia": "pl:Zabrze (stacja kolejowa)",
          "name:pl": "Zabrze",
          "wheelchair": "yes",
          "railway": "station"
        }
      },
      "geometry": {
        "type": "Point",
        "coordinates": [
          18.7871281,
          50.30529859999999
        ]
      }
    },
    {
      "type": "Feature",
      "properties": {
        "source": "OpenStreetMap",
        "source_id": "node/2993963457",
        "domain": "transport",
        "asset_type": "stations",
        "confidence": "medium",
        "missing_fields": [],
        "limitations": [
          "OSM transport mapping completeness and classification vary by area, operator and transport mode.",
          "The bounded committed snapshot is fixture evidence for major transport infrastructure and not a statement of operational capacity or real-time schedule.",
          "BDOT10k road and railway geometry is retained only as topographic comparison context and cannot establish transport service semantics alone.",
          "No qualified PRG transport network or facility class is enabled for this domain pack."
        ],
        "eligible_for_analysis": true,
        "osm_tags": {
          "name": "Stanica Wąskotorowa",
          "operator": "Gminny Ośrodek Turystyki i Promocji w Rudach",
          "wikidata": "Q3451982",
          "wikipedia": "pl:Stanica Wąskotorowa",
          "name:pl": "Stanica Wąskotorowa",
          "railway": "station"
        }
      },
      "geometry": {
        "type": "Point",
        "coordinates": [
          18.5109638,
          50.20002979999999
        ]
      }
    },
    {
      "type": "Feature",
      "properties": {
        "source": "OpenStreetMap",
        "source_id": "node/3036772660",
        "domain": "transport",
        "asset_type": "stations",
        "confidence": "medium",
        "missing_fields": [],
        "limitations": [
          "OSM transport mapping completeness and classification vary by area, operator and transport mode.",
          "The bounded committed snapshot is fixture evidence for major transport infrastructure and not a statement of operational capacity or real-time schedule.",
          "BDOT10k road and railway geometry is retained only as topographic comparison context and cannot establish transport service semantics alone.",
          "No qualified PRG transport network or facility class is enabled for this domain pack."
        ],
        "eligible_for_analysis": true,
        "osm_tags": {
          "name": "Ostrava hlavní nádraží",
          "operator": "Správa železnic",
          "operator:short": "SŽ",
          "operator:wikidata": "Q1848025",
          "wikidata": "Q3505100",
          "wikipedia": "cs:Ostrava hlavní nádraží",
          "image": "http://commons.wikimedia.org/wiki/Category:Ostrava_hlavn%C3%AD_n%C3%A1dra%C5%BE%C3%AD#mediaviewer/File:Ostrava_Hlavni_Nadrazi_2009_1.JPG",
          "name:pl": "Ostrawa Główna",
          "voltage": "3000",
          "frequency": "0",
          "start_date": "1847-6-1",
          "opening_hours": "24/7",
          "wheelchair": "limited",
          "railway": "station"
        }
      },
      "geometry": {
        "type": "Point",
        "coordinates": [
          18.267072,
          49.85067049999999
        ]
      }
    },
    {
      "type": "Feature",
      "properties": {
        "source": "OpenStreetMap",
        "source_id": "node/3045155350",
        "domain": "transport",
        "asset_type": "stations",
        "confidence": "medium",
        "missing_fields": [],
        "limitations": [
          "OSM transport mapping completeness and classification vary by area, operator and transport mode.",
          "The bounded committed snapshot is fixture evidence for major transport infrastructure and not a statement of operational capacity or real-time schedule.",
          "BDOT10k road and railway geometry is retained only as topographic comparison context and cannot establish transport service semantics alone.",
          "No qualified PRG transport network or facility class is enabled for this domain pack."
        ],
        "eligible_for_analysis": true,
        "osm_tags": {
          "name": "Gliwice Kuźnica",
          "operator": "PKP Polskie Linie Kolejowe",
          "operator:short": "PKP PLK",
          "wikidata": "Q2137046",
          "wikipedia": "pl:Gliwice Kuźnica",
          "railway": "halt"
        }
      },
      "geometry": {
        "type": "Point",
        "coordinates": [
          18.6214702,
          50.35691129999999
        ]
      }
    },
    {
      "type": "Feature",
      "properties": {
        "source": "OpenStreetMap",
        "source_id": "node/3045723345",
        "domain": "transport",
        "asset_type": "stations",
        "confidence": "medium",
        "missing_fields": [],
        "limitations": [
          "OSM transport mapping completeness and classification vary by area, operator and transport mode.",
          "The bounded committed snapshot is fixture evidence for major transport infrastructure and not a statement of operational capacity or real-time schedule.",
          "BDOT10k road and railway geometry is retained only as topographic comparison context and cannot establish transport service semantics alone.",
          "No qualified PRG transport network or facility class is enabled for this domain pack."
        ],
        "eligible_for_analysis": true,
        "osm_tags": {
          "name": "Rzeczyce Śląskie",
          "operator": "PKP Polskie Linie Kolejowe",
          "operator:short": "PKP PLK",
          "wikidata": "Q1867435",
          "wikipedia": "pl:Rzeczyce Śląskie (przystanek kolejowy)",
          "wheelchair": "yes",
          "railway": "halt"
        }
      },
      "geometry": {
        "type": "Point",
        "coordinates": [
          18.5677061,
          50.356604
        ]
      }
    },
    {
      "type": "Feature",
      "properties": {
        "source": "OpenStreetMap",
        "source_id": "node/3045904738",
        "domain": "transport",
        "asset_type": "stations",
        "confidence": "medium",
        "missing_fields": [],
        "limitations": [
          "OSM transport mapping completeness and classification vary by area, operator and transport mode.",
          "The bounded committed snapshot is fixture evidence for major transport infrastructure and not a statement of operational capacity or real-time schedule.",
          "BDOT10k road and railway geometry is retained only as topographic comparison context and cannot establish transport service semantics alone.",
          "No qualified PRG transport network or facility class is enabled for this domain pack."
        ],
        "eligible_for_analysis": true,
        "osm_tags": {
          "name": "Świętochłowice",
          "operator": "PKP Polskie Linie Kolejowe",
          "operator:short": "PKP PLK",
          "wikidata": "Q2204106",
          "wikipedia": "pl:Świętochłowice (przystanek kolejowy)",
          "railway": "halt"
        }
      },
      "geometry": {
        "type": "Point",
        "coordinates": [
          18.9183888,
          50.288956299999995
        ]
      }
    },
    {
      "type": "Feature",
      "properties": {
        "source": "OpenStreetMap",
        "source_id": "node/3259812321",
        "domain": "transport",
        "asset_type": "stations",
        "confidence": "medium",
        "missing_fields": [],
        "limitations": [
          "OSM transport mapping completeness and classification vary by area, operator and transport mode.",
          "The bounded committed snapshot is fixture evidence for major transport infrastructure and not a statement of operational capacity or real-time schedule.",
          "BDOT10k road and railway geometry is retained only as topographic comparison context and cannot establish transport service semantics alone.",
          "No qualified PRG transport network or facility class is enabled for this domain pack."
        ],
        "eligible_for_analysis": true,
        "osm_tags": {
          "name": "Rybnik Stodoły",
          "operator": "Gminny Ośrodek Turystyki i Promocji w Rudach",
          "railway": "halt"
        }
      },
      "geometry": {
        "type": "Point",
        "coordinates": [
          18.4768869,
          50.1674178
        ]
      }
    },
    {
      "type": "Feature",
      "properties": {
        "source": "OpenStreetMap",
        "source_id": "node/3261711036",
        "domain": "transport",
        "asset_type": "stations",
        "confidence": "medium",
        "missing_fields": [],
        "limitations": [
          "OSM transport mapping completeness and classification vary by area, operator and transport mode.",
          "The bounded committed snapshot is fixture evidence for major transport infrastructure and not a statement of operational capacity or real-time schedule.",
          "BDOT10k road and railway geometry is retained only as topographic comparison context and cannot establish transport service semantics alone.",
          "No qualified PRG transport network or facility class is enabled for this domain pack."
        ],
        "eligible_for_analysis": true,
        "osm_tags": {
          "name": "Albrechtice u Českého Těšína",
          "operator": "Správa železnic",
          "operator:wikidata": "Q1848025",
          "wikidata": "Q9144547",
          "wikipedia": "cs:Albrechtice u Českého Těšína (nádraží)",
          "railway": "station"
        }
      },
      "geometry": {
        "type": "Point",
        "coordinates": [
          18.5245299,
          49.79286979999999
        ]
      }
    },
    {
      "type": "Feature",
      "properties": {
        "source": "OpenStreetMap",
        "source_id": "node/3261711039",
        "domain": "transport",
        "asset_type": "stations",
        "confidence": "medium",
        "missing_fields": [],
        "limitations": [
          "OSM transport mapping completeness and classification vary by area, operator and transport mode.",
          "The bounded committed snapshot is fixture evidence for major transport infrastructure and not a statement of operational capacity or real-time schedule.",
          "BDOT10k road and railway geometry is retained only as topographic comparison context and cannot establish transport service semantics alone.",
          "No qualified PRG transport network or facility class is enabled for this domain pack."
        ],
        "eligible_for_analysis": true,
        "osm_tags": {
          "name": "Horní Suchá",
          "operator": "Správa železnic",
          "operator:short": "SŽ",
          "operator:wikidata": "Q1848025",
          "wikidata": "Q9347765",
          "wikipedia": "cs:Horní Suchá (železniční zastávka)",
          "railway": "halt"
        }
      },
      "geometry": {
        "type": "Point",
        "coordinates": [
          18.4880446,
          49.79288489999999
        ]
      }
    },
    {
      "type": "Feature",
      "properties": {
        "source": "OpenStreetMap",
        "source_id": "node/3271358589",
        "domain": "transport",
        "asset_type": "stations",
        "confidence": "medium",
        "missing_fields": [],
        "limitations": [
          "OSM transport mapping completeness and classification vary by area, operator and transport mode.",
          "The bounded committed snapshot is fixture evidence for major transport infrastructure and not a statement of operational capacity or real-time schedule.",
          "BDOT10k road and railway geometry is retained only as topographic comparison context and cannot establish transport service semantics alone.",
          "No qualified PRG transport network or facility class is enabled for this domain pack."
        ],
        "eligible_for_analysis": true,
        "osm_tags": {
          "name": "Bohumín",
          "ref": "341248",
          "operator": "Správa železnic",
          "wikidata": "Q4189414",
          "wikipedia": "cs:Bohumín (nádraží)",
          "image": "http://upload.wikimedia.org/wikipedia/commons/5/51/N%C3%A1dra%C5%BE%C3%AD_Bohum%C3%ADn.jpg",
          "name:pl": "Bogumin",
          "railway": "station"
        }
      },
      "geometry": {
        "type": "Point",
        "coordinates": [
          18.3595973,
          49.9007495
        ]
      }
    },
    {
      "type": "Feature",
      "properties": {
        "source": "OpenStreetMap",
        "source_id": "node/3272604317",
        "domain": "transport",
        "asset_type": "stations",
        "confidence": "medium",
        "missing_fields": [],
        "limitations": [
          "OSM transport mapping completeness and classification vary by area, operator and transport mode.",
          "The bounded committed snapshot is fixture evidence for major transport infrastructure and not a statement of operational capacity or real-time schedule.",
          "BDOT10k road and railway geometry is retained only as topographic comparison context and cannot establish transport service semantics alone.",
          "No qualified PRG transport network or facility class is enabled for this domain pack."
        ],
        "eligible_for_analysis": true,
        "osm_tags": {
          "name": "Dolní Lutyně",
          "operator": "Správa železnic",
          "operator:short": "SŽ",
          "operator:wikidata": "Q1848025",
          "wikidata": "Q11764364",
          "wikipedia": "cs:Dolní Lutyně (železniční zastávka)",
          "name:pl": "Lutynia Dolna",
          "railway": "halt"
        }
      },
      "geometry": {
        "type": "Point",
        "coordinates": [
          18.414389,
          49.9124873
        ]
      }
    },
    {
      "type": "Feature",
      "properties": {
        "source": "OpenStreetMap",
        "source_id": "node/3272604319",
        "domain": "transport",
        "asset_type": "stations",
        "confidence": "medium",
        "missing_fields": [],
        "limitations": [
          "OSM transport mapping completeness and classification vary by area, operator and transport mode.",
          "The bounded committed snapshot is fixture evidence for major transport infrastructure and not a statement of operational capacity or real-time schedule.",
          "BDOT10k road and railway geometry is retained only as topographic comparison context and cannot establish transport service semantics alone.",
          "No qualified PRG transport network or facility class is enabled for this domain pack."
        ],
        "eligible_for_analysis": true,
        "osm_tags": {
          "name": "Dětmarovice",
          "ref": "332742",
          "operator": "Správa železnic",
          "operator:short": "SŽ",
          "operator:wikidata": "Q1848025",
          "wikidata": "Q9248715",
          "wikipedia": "pl:Dětmarovice (stacja kolejowa)",
          "name:pl": "Dziećmorowice",
          "railway": "station"
        }
      },
      "geometry": {
        "type": "Point",
        "coordinates": [
          18.466472,
          49.90022789999999
        ]
      }
    },
    {
      "type": "Feature",
      "properties": {
        "source": "OpenStreetMap",
        "source_id": "node/3272604320",
        "domain": "transport",
        "asset_type": "stations",
        "confidence": "medium",
        "missing_fields": [],
        "limitations": [
          "OSM transport mapping completeness and classification vary by area, operator and transport mode.",
          "The bounded committed snapshot is fixture evidence for major transport infrastructure and not a statement of operational capacity or real-time schedule.",
          "BDOT10k road and railway geometry is retained only as topographic comparison context and cannot establish transport service semantics alone.",
          "No qualified PRG transport network or facility class is enabled for this domain pack."
        ],
        "eligible_for_analysis": true,
        "osm_tags": {
          "name": "Karviná hlavní nádraží",
          "ref": "336743",
          "operator": "Správa železnic",
          "operator:short": "SŽ",
          "operator:wikidata": "Q1848025",
          "wikidata": "Q11736628",
          "wikipedia": "cs:Karviná hlavní nádraží",
          "image": "http://upload.wikimedia.org/wikipedia/commons/c/c3/Karvin%C3%A1%2C_N%C3%A1dra%C5%BE%C3%AD_-_vlakov%C3%A9_i_autobusov%C3%A9.JPG",
          "name:pl": "Karwina Główna",
          "start_date": "1963",
          "railway": "station"
        }
      },
      "geometry": {
        "type": "Point",
        "coordinates": [
          18.5267205,
          49.855670599999996
        ]
      }
    },
    {
      "type": "Feature",
      "properties": {
        "source": "OpenStreetMap",
        "source_id": "node/3272604322",
        "domain": "transport",
        "asset_type": "stations",
        "confidence": "medium",
        "missing_fields": [],
        "limitations": [
          "OSM transport mapping completeness and classification vary by area, operator and transport mode.",
          "The bounded committed snapshot is fixture evidence for major transport infrastructure and not a statement of operational capacity or real-time schedule.",
          "BDOT10k road and railway geometry is retained only as topographic comparison context and cannot establish transport service semantics alone.",
          "No qualified PRG transport network or facility class is enabled for this domain pack."
        ],
        "eligible_for_analysis": true,
        "osm_tags": {
          "name": "Louky nad Olší",
          "ref": "339846",
          "operator": "Správa železnic",
          "wikidata": "Q9395131",
          "wikipedia": "cs:Louky nad Olší (nádraží)",
          "name:pl": "Łąki nad Olzą",
          "railway": "station"
        }
      },
      "geometry": {
        "type": "Point",
        "coordinates": [
          18.5873093,
          49.794615599999986
        ]
      }
    },
    {
      "type": "Feature",
      "properties": {
        "source": "OpenStreetMap",
        "source_id": "node/3272604323",
        "domain": "transport",
        "asset_type": "stations",
        "confidence": "medium",
        "missing_fields": [],
        "limitations": [
          "OSM transport mapping completeness and classification vary by area, operator and transport mode.",
          "The bounded committed snapshot is fixture evidence for major transport infrastructure and not a statement of operational capacity or real-time schedule.",
          "BDOT10k road and railway geometry is retained only as topographic comparison context and cannot establish transport service semantics alone.",
          "No qualified PRG transport network or facility class is enabled for this domain pack."
        ],
        "eligible_for_analysis": true,
        "osm_tags": {
          "name": "Petrovice u Karviné",
          "ref": "345249",
          "operator": "Správa železnic",
          "operator:short": "SŽ",
          "operator:wikidata": "Q1848025",
          "wikidata": "Q1374121",
          "wikipedia": "pl:Petrovice u Karviné (stacja kolejowa)",
          "name:pl": "Piotrowice koło Karwiny",
          "railway": "station"
        }
      },
      "geometry": {
        "type": "Point",
        "coordinates": [
          18.550352,
          49.8940484
        ]
      }
    },
    {
      "type": "Feature",
      "properties": {
        "source": "OpenStreetMap",
        "source_id": "node/3272604325",
        "domain": "transport",
        "asset_type": "stations",
        "confidence": "medium",
        "missing_fields": [],
        "limitations": [
          "OSM transport mapping completeness and classification vary by area, operator and transport mode.",
          "The bounded committed snapshot is fixture evidence for major transport infrastructure and not a statement of operational capacity or real-time schedule.",
          "BDOT10k road and railway geometry is retained only as topographic comparison context and cannot establish transport service semantics alone.",
          "No qualified PRG transport network or facility class is enabled for this domain pack."
        ],
        "eligible_for_analysis": true,
        "osm_tags": {
          "name": "Závada",
          "operator": "Správa železnic",
          "operator:short": "SŽ",
          "operator:wikidata": "Q1848025",
          "wikidata": "Q9387496",
          "wikipedia": "pl:Závada (przystanek kolejowy)",
          "name:pl": "Zawada",
          "railway": "halt"
        }
      },
      "geometry": {
        "type": "Point",
        "coordinates": [
          18.5092563,
          49.8975991
        ]
      }
    },
    {
      "type": "Feature",
      "properties": {
        "source": "OpenStreetMap",
        "source_id": "node/3315064601",
        "domain": "transport",
        "asset_type": "stations",
        "confidence": "medium",
        "missing_fields": [],
        "limitations": [
          "OSM transport mapping completeness and classification vary by area, operator and transport mode.",
          "The bounded committed snapshot is fixture evidence for major transport infrastructure and not a statement of operational capacity or real-time schedule.",
          "BDOT10k road and railway geometry is retained only as topographic comparison context and cannot establish transport service semantics alone.",
          "No qualified PRG transport network or facility class is enabled for this domain pack."
        ],
        "eligible_for_analysis": true,
        "osm_tags": {
          "name": "Chorzów Batory",
          "operator": "PKP Polskie Linie Kolejowe",
          "operator:short": "PKP PLK",
          "wikidata": "Q2735816",
          "wikipedia": "pl:Chorzów Batory (stacja kolejowa)",
          "name:pl": "Chorzów Batory",
          "wheelchair": "limited",
          "railway": "station"
        }
      },
      "geometry": {
        "type": "Point",
        "coordinates": [
          18.9449635,
          50.278276
        ]
      }
    },
    {
      "type": "Feature",
      "properties": {
        "source": "OpenStreetMap",
        "source_id": "node/3525511368",
        "domain": "transport",
        "asset_type": "stations",
        "confidence": "medium",
        "missing_fields": [],
        "limitations": [
          "OSM transport mapping completeness and classification vary by area, operator and transport mode.",
          "The bounded committed snapshot is fixture evidence for major transport infrastructure and not a statement of operational capacity or real-time schedule.",
          "BDOT10k road and railway geometry is retained only as topographic comparison context and cannot establish transport service semantics alone.",
          "No qualified PRG transport network or facility class is enabled for this domain pack."
        ],
        "eligible_for_analysis": true,
        "osm_tags": {
          "name": "Zebrzydowice",
          "operator": "PKP Polskie Linie Kolejowe",
          "operator:short": "PKP PLK",
          "operator:wikidata": "Q1344677",
          "wikidata": "Q2202082",
          "wikipedia": "pl:Zebrzydowice (stacja kolejowa)",
          "name:pl": "Zebrzydowice",
          "wheelchair": "yes",
          "railway": "station"
        }
      },
      "geometry": {
        "type": "Point",
        "coordinates": [
          18.6216353,
          49.8715401
        ]
      }
    },
    {
      "type": "Feature",
      "properties": {
        "source": "OpenStreetMap",
        "source_id": "node/3594268087",
        "domain": "transport",
        "asset_type": "stations",
        "confidence": "medium",
        "missing_fields": [],
        "limitations": [
          "OSM transport mapping completeness and classification vary by area, operator and transport mode.",
          "The bounded committed snapshot is fixture evidence for major transport infrastructure and not a statement of operational capacity or real-time schedule.",
          "BDOT10k road and railway geometry is retained only as topographic comparison context and cannot establish transport service semantics alone.",
          "No qualified PRG transport network or facility class is enabled for this domain pack."
        ],
        "eligible_for_analysis": true,
        "osm_tags": {
          "name": "Rudy",
          "operator": "Gminny Ośrodek Turystyki i Promocji w Rudach",
          "wikidata": "Q9323858",
          "wikipedia": "pl:Rudy (stacja kolejowa)",
          "image": "https://upload.wikimedia.org/wikipedia/commons/9/9a/Rudy_-_Stacja_kolejki_w%C4%85skotorowej.JPG",
          "name:pl": "Rudy",
          "start_date": "1899",
          "railway": "station"
        }
      },
      "geometry": {
        "type": "Point",
        "coordinates": [
          18.4641521,
          50.1899257
        ]
      }
    },
    {
      "type": "Feature",
      "properties": {
        "source": "OpenStreetMap",
        "source_id": "node/3660325975",
        "domain": "transport",
        "asset_type": "stations",
        "confidence": "medium",
        "missing_fields": [],
        "limitations": [
          "OSM transport mapping completeness and classification vary by area, operator and transport mode.",
          "The bounded committed snapshot is fixture evidence for major transport infrastructure and not a statement of operational capacity or real-time schedule.",
          "BDOT10k road and railway geometry is retained only as topographic comparison context and cannot establish transport service semantics alone.",
          "No qualified PRG transport network or facility class is enabled for this domain pack."
        ],
        "eligible_for_analysis": true,
        "osm_tags": {
          "name": "Pyskowice",
          "operator": "PKP Polskie Linie Kolejowe",
          "operator:short": "PKP PLK",
          "wikidata": "Q11832188",
          "wikipedia": "pl:Pyskowice (stacja kolejowa)",
          "name:pl": "Pyskowice",
          "railway": "station"
        }
      },
      "geometry": {
        "type": "Point",
        "coordinates": [
          18.6193963,
          50.3835775
        ]
      }
    },
    {
      "type": "Feature",
      "properties": {
        "source": "OpenStreetMap",
        "source_id": "node/3660365406",
        "domain": "transport",
        "asset_type": "stations",
        "confidence": "medium",
        "missing_fields": [],
        "limitations": [
          "OSM transport mapping completeness and classification vary by area, operator and transport mode.",
          "The bounded committed snapshot is fixture evidence for major transport infrastructure and not a statement of operational capacity or real-time schedule.",
          "BDOT10k road and railway geometry is retained only as topographic comparison context and cannot establish transport service semantics alone.",
          "No qualified PRG transport network or facility class is enabled for this domain pack."
        ],
        "eligible_for_analysis": true,
        "osm_tags": {
          "name": "Paczyna",
          "operator": "PKP Polskie Linie Kolejowe",
          "operator:short": "PKP PLK",
          "wikidata": "Q2923142",
          "wikipedia": "pl:Paczyna (stacja kolejowa)",
          "name:pl": "Paczyna",
          "railway": "halt"
        }
      },
      "geometry": {
        "type": "Point",
        "coordinates": [
          18.5721543,
          50.41210399999999
        ]
      }
    },
    {
      "type": "Feature",
      "properties": {
        "source": "OpenStreetMap",
        "source_id": "node/3673281598",
        "domain": "transport",
        "asset_type": "stations",
        "confidence": "medium",
        "missing_fields": [],
        "limitations": [
          "OSM transport mapping completeness and classification vary by area, operator and transport mode.",
          "The bounded committed snapshot is fixture evidence for major transport infrastructure and not a statement of operational capacity or real-time schedule.",
          "BDOT10k road and railway geometry is retained only as topographic comparison context and cannot establish transport service semantics alone.",
          "No qualified PRG transport network or facility class is enabled for this domain pack."
        ],
        "eligible_for_analysis": true,
        "osm_tags": {
          "name": "Ruda Chebzie",
          "operator": "PKP Polskie Linie Kolejowe",
          "operator:short": "PKP PLK",
          "wikidata": "Q9323667",
          "wikipedia": "pl:Ruda Chebzie",
          "name:pl": "Ruda Chebzie",
          "wheelchair": "limited",
          "railway": "station"
        }
      },
      "geometry": {
        "type": "Point",
        "coordinates": [
          18.8780245,
          50.30381069999999
        ]
      }
    },
    {
      "type": "Feature",
      "properties": {
        "source": "OpenStreetMap",
        "source_id": "node/3673327633",
        "domain": "transport",
        "asset_type": "stations",
        "confidence": "medium",
        "missing_fields": [],
        "limitations": [
          "OSM transport mapping completeness and classification vary by area, operator and transport mode.",
          "The bounded committed snapshot is fixture evidence for major transport infrastructure and not a statement of operational capacity or real-time schedule.",
          "BDOT10k road and railway geometry is retained only as topographic comparison context and cannot establish transport service semantics alone.",
          "No qualified PRG transport network or facility class is enabled for this domain pack."
        ],
        "eligible_for_analysis": true,
        "osm_tags": {
          "name": "Ruda Śląska",
          "operator": "PKP Polskie Linie Kolejowe",
          "operator:short": "PKP PLK",
          "wikidata": "Q1880626",
          "wikipedia": "pl:Ruda Śląska (przystanek kolejowy)",
          "name:pl": "Ruda Śląska",
          "railway": "halt"
        }
      },
      "geometry": {
        "type": "Point",
        "coordinates": [
          18.8508771,
          50.315916599999994
        ]
      }
    },
    {
      "type": "Feature",
      "properties": {
        "source": "OpenStreetMap",
        "source_id": "node/3689310738",
        "domain": "transport",
        "asset_type": "stations",
        "confidence": "medium",
        "missing_fields": [],
        "limitations": [
          "OSM transport mapping completeness and classification vary by area, operator and transport mode.",
          "The bounded committed snapshot is fixture evidence for major transport infrastructure and not a statement of operational capacity or real-time schedule.",
          "BDOT10k road and railway geometry is retained only as topographic comparison context and cannot establish transport service semantics alone.",
          "No qualified PRG transport network or facility class is enabled for this domain pack."
        ],
        "eligible_for_analysis": true,
        "osm_tags": {
          "name": "Tychy",
          "operator": "PKP Polskie Linie Kolejowe",
          "operator:short": "PKP PLK",
          "operator:wikidata": "Q1344677",
          "wikidata": "Q801537",
          "wikipedia": "pl:Tychy (stacja kolejowa)",
          "name:pl": "Tychy",
          "wheelchair": "no",
          "railway": "station"
        }
      },
      "geometry": {
        "type": "Point",
        "coordinates": [
          18.9641781,
          50.13576809999999
        ]
      }
    },
    {
      "type": "Feature",
      "properties": {
        "source": "OpenStreetMap",
        "source_id": "node/3689421986",
        "domain": "transport",
        "asset_type": "stations",
        "confidence": "medium",
        "missing_fields": [],
        "limitations": [
          "OSM transport mapping completeness and classification vary by area, operator and transport mode.",
          "The bounded committed snapshot is fixture evidence for major transport infrastructure and not a statement of operational capacity or real-time schedule.",
          "BDOT10k road and railway geometry is retained only as topographic comparison context and cannot establish transport service semantics alone.",
          "No qualified PRG transport network or facility class is enabled for this domain pack."
        ],
        "eligible_for_analysis": true,
        "osm_tags": {
          "name": "Tychy Żwaków",
          "operator": "PKP Polskie Linie Kolejowe",
          "operator:short": "PKP PLK",
          "railway": "halt"
        }
      },
      "geometry": {
        "type": "Point",
        "coordinates": [
          18.9531458,
          50.1100231
        ]
      }
    },
    {
      "type": "Feature",
      "properties": {
        "source": "OpenStreetMap",
        "source_id": "node/3689549653",
        "domain": "transport",
        "asset_type": "stations",
        "confidence": "medium",
        "missing_fields": [],
        "limitations": [
          "OSM transport mapping completeness and classification vary by area, operator and transport mode.",
          "The bounded committed snapshot is fixture evidence for major transport infrastructure and not a statement of operational capacity or real-time schedule.",
          "BDOT10k road and railway geometry is retained only as topographic comparison context and cannot establish transport service semantics alone.",
          "No qualified PRG transport network or facility class is enabled for this domain pack."
        ],
        "eligible_for_analysis": true,
        "osm_tags": {
          "name": "Piasek",
          "operator": "PKP Polskie Linie Kolejowe",
          "operator:short": "PKP PLK",
          "railway": "halt"
        }
      },
      "geometry": {
        "type": "Point",
        "coordinates": [
          18.9400012,
          50.01275239999999
        ]
      }
    },
    {
      "type": "Feature",
      "properties": {
        "source": "OpenStreetMap",
        "source_id": "node/3690981263",
        "domain": "transport",
        "asset_type": "stations",
        "confidence": "medium",
        "missing_fields": [],
        "limitations": [
          "OSM transport mapping completeness and classification vary by area, operator and transport mode.",
          "The bounded committed snapshot is fixture evidence for major transport infrastructure and not a statement of operational capacity or real-time schedule.",
          "BDOT10k road and railway geometry is retained only as topographic comparison context and cannot establish transport service semantics alone.",
          "No qualified PRG transport network or facility class is enabled for this domain pack."
        ],
        "eligible_for_analysis": true,
        "osm_tags": {
          "name": "Goczałkowice",
          "operator": "PKP Polskie Linie Kolejowe",
          "operator:short": "PKP PLK",
          "wikidata": "Q2595553",
          "wikipedia": "pl:Goczałkowice (przystanek kolejowy)",
          "name:pl": "Goczałkowice",
          "railway": "halt"
        }
      },
      "geometry": {
        "type": "Point",
        "coordinates": [
          18.9667574,
          49.944314999999996
        ]
      }
    },
    {
      "type": "Feature",
      "properties": {
        "source": "OpenStreetMap",
        "source_id": "node/3700634017",
        "domain": "transport",
        "asset_type": "stations",
        "confidence": "medium",
        "missing_fields": [],
        "limitations": [
          "OSM transport mapping completeness and classification vary by area, operator and transport mode.",
          "The bounded committed snapshot is fixture evidence for major transport infrastructure and not a statement of operational capacity or real-time schedule.",
          "BDOT10k road and railway geometry is retained only as topographic comparison context and cannot establish transport service semantics alone.",
          "No qualified PRG transport network or facility class is enabled for this domain pack."
        ],
        "eligible_for_analysis": true,
        "osm_tags": {
          "name": "Sumina Wieś",
          "railway": "halt"
        }
      },
      "geometry": {
        "type": "Point",
        "coordinates": [
          18.4105622,
          50.121867699999996
        ]
      }
    },
    {
      "type": "Feature",
      "properties": {
        "source": "OpenStreetMap",
        "source_id": "node/3715089188",
        "domain": "transport",
        "asset_type": "stations",
        "confidence": "medium",
        "missing_fields": [],
        "limitations": [
          "OSM transport mapping completeness and classification vary by area, operator and transport mode.",
          "The bounded committed snapshot is fixture evidence for major transport infrastructure and not a statement of operational capacity or real-time schedule.",
          "BDOT10k road and railway geometry is retained only as topographic comparison context and cannot establish transport service semantics alone.",
          "No qualified PRG transport network or facility class is enabled for this domain pack."
        ],
        "eligible_for_analysis": true,
        "osm_tags": {
          "name": "Rybnik Piaski",
          "wikidata": "Q9324298",
          "wikipedia": "pl:Rybnik Piaski",
          "railway": "halt"
        }
      },
      "geometry": {
        "type": "Point",
        "coordinates": [
          18.5861389,
          50.09650440000001
        ]
      }
    },
    {
      "type": "Feature",
      "properties": {
        "source": "OpenStreetMap",
        "source_id": "node/3716671672",
        "domain": "transport",
        "asset_type": "stations",
        "confidence": "medium",
        "missing_fields": [],
        "limitations": [
          "OSM transport mapping completeness and classification vary by area, operator and transport mode.",
          "The bounded committed snapshot is fixture evidence for major transport infrastructure and not a statement of operational capacity or real-time schedule.",
          "BDOT10k road and railway geometry is retained only as topographic comparison context and cannot establish transport service semantics alone.",
          "No qualified PRG transport network or facility class is enabled for this domain pack."
        ],
        "eligible_for_analysis": true,
        "osm_tags": {
          "name": "Przyszowice",
          "description": "Przystanek został przywrócony do ruchu 14 czerwca 2020 roku, zatrzymuje się tu weekendowa linia Kolei Śląskich S76.",
          "start_date": "2020-06-14",
          "railway": "halt"
        }
      },
      "geometry": {
        "type": "Point",
        "coordinates": [
          18.7364672,
          50.246937499999994
        ]
      }
    },
    {
      "type": "Feature",
      "properties": {
        "source": "OpenStreetMap",
        "source_id": "node/3716813411",
        "domain": "transport",
        "asset_type": "stations",
        "confidence": "medium",
        "missing_fields": [],
        "limitations": [
          "OSM transport mapping completeness and classification vary by area, operator and transport mode.",
          "The bounded committed snapshot is fixture evidence for major transport infrastructure and not a statement of operational capacity or real-time schedule.",
          "BDOT10k road and railway geometry is retained only as topographic comparison context and cannot establish transport service semantics alone.",
          "No qualified PRG transport network or facility class is enabled for this domain pack."
        ],
        "eligible_for_analysis": true,
        "osm_tags": {
          "name": "Knurów",
          "operator": "PKP Polskie Linie Kolejowe",
          "operator:short": "PKP PLK",
          "name:pl": "Knurów",
          "railway": "station"
        }
      },
      "geometry": {
        "type": "Point",
        "coordinates": [
          18.688153,
          50.217278
        ]
      }
    },
    {
      "type": "Feature",
      "properties": {
        "source": "OpenStreetMap",
        "source_id": "node/3723071661",
        "domain": "transport",
        "asset_type": "stations",
        "confidence": "medium",
        "missing_fields": [],
        "limitations": [
          "OSM transport mapping completeness and classification vary by area, operator and transport mode.",
          "The bounded committed snapshot is fixture evidence for major transport infrastructure and not a statement of operational capacity or real-time schedule.",
          "BDOT10k road and railway geometry is retained only as topographic comparison context and cannot establish transport service semantics alone.",
          "No qualified PRG transport network or facility class is enabled for this domain pack."
        ],
        "eligible_for_analysis": true,
        "osm_tags": {
          "name": "Dziergowice",
          "operator": "PKP Polskie Linie Kolejowe",
          "operator:short": "PKP PLK",
          "wikidata": "Q2877214",
          "wikipedia": "pl:Dziergowice (przystanek kolejowy)",
          "railway": "halt"
        }
      },
      "geometry": {
        "type": "Point",
        "coordinates": [
          18.3005745,
          50.2421352
        ]
      }
    },
    {
      "type": "Feature",
      "properties": {
        "source": "OpenStreetMap",
        "source_id": "node/3724714191",
        "domain": "transport",
        "asset_type": "stations",
        "confidence": "medium",
        "missing_fields": [],
        "limitations": [
          "OSM transport mapping completeness and classification vary by area, operator and transport mode.",
          "The bounded committed snapshot is fixture evidence for major transport infrastructure and not a statement of operational capacity or real-time schedule.",
          "BDOT10k road and railway geometry is retained only as topographic comparison context and cannot establish transport service semantics alone.",
          "No qualified PRG transport network or facility class is enabled for this domain pack."
        ],
        "eligible_for_analysis": true,
        "osm_tags": {
          "name": "Racibórz Markowice",
          "operator": "PKP Polskie Linie Kolejowe",
          "operator:short": "PKP PLK",
          "wikidata": "Q2855667",
          "wikipedia": "pl:Racibórz Markowice",
          "name:pl": "Racibórz Markowice",
          "railway": "halt"
        }
      },
      "geometry": {
        "type": "Point",
        "coordinates": [
          18.270162,
          50.1132299
        ]
      }
    },
    {
      "type": "Feature",
      "properties": {
        "source": "OpenStreetMap",
        "source_id": "node/3725887739",
        "domain": "transport",
        "asset_type": "stations",
        "confidence": "medium",
        "missing_fields": [],
        "limitations": [
          "OSM transport mapping completeness and classification vary by area, operator and transport mode.",
          "The bounded committed snapshot is fixture evidence for major transport infrastructure and not a statement of operational capacity or real-time schedule.",
          "BDOT10k road and railway geometry is retained only as topographic comparison context and cannot establish transport service semantics alone.",
          "No qualified PRG transport network or facility class is enabled for this domain pack."
        ],
        "eligible_for_analysis": true,
        "osm_tags": {
          "name": "Chałupki",
          "operator": "PKP Polskie Linie Kolejowe",
          "operator:short": "PKP PLK",
          "wikidata": "Q2778269",
          "wikipedia": "pl:Chałupki (stacja kolejowa)",
          "name:pl": "Chałupki",
          "wheelchair": "limited",
          "railway": "station"
        }
      },
      "geometry": {
        "type": "Point",
        "coordinates": [
          18.3114072,
          49.925800499999994
        ]
      }
    },
    {
      "type": "Feature",
      "properties": {
        "source": "OpenStreetMap",
        "source_id": "node/3728896304",
        "domain": "transport",
        "asset_type": "stations",
        "confidence": "medium",
        "missing_fields": [],
        "limitations": [
          "OSM transport mapping completeness and classification vary by area, operator and transport mode.",
          "The bounded committed snapshot is fixture evidence for major transport infrastructure and not a statement of operational capacity or real-time schedule.",
          "BDOT10k road and railway geometry is retained only as topographic comparison context and cannot establish transport service semantics alone.",
          "No qualified PRG transport network or facility class is enabled for this domain pack."
        ],
        "eligible_for_analysis": true,
        "osm_tags": {
          "name": "Rybnik Rymer",
          "operator": "PKP Polskie Linie Kolejowe",
          "operator:short": "PKP PLK",
          "railway": "halt"
        }
      },
      "geometry": {
        "type": "Point",
        "coordinates": [
          18.497161,
          50.05613799999999
        ]
      }
    },
    {
      "type": "Feature",
      "properties": {
        "source": "OpenStreetMap",
        "source_id": "node/3728958822",
        "domain": "transport",
        "asset_type": "stations",
        "confidence": "medium",
        "missing_fields": [],
        "limitations": [
          "OSM transport mapping completeness and classification vary by area, operator and transport mode.",
          "The bounded committed snapshot is fixture evidence for major transport infrastructure and not a statement of operational capacity or real-time schedule.",
          "BDOT10k road and railway geometry is retained only as topographic comparison context and cannot establish transport service semantics alone.",
          "No qualified PRG transport network or facility class is enabled for this domain pack."
        ],
        "eligible_for_analysis": true,
        "osm_tags": {
          "name": "Wodzisław Śląski Radlin",
          "railway": "halt"
        }
      },
      "geometry": {
        "type": "Point",
        "coordinates": [
          18.4811094,
          50.02006999999998
        ]
      }
    },
    {
      "type": "Feature",
      "properties": {
        "source": "OpenStreetMap",
        "source_id": "node/3729376814",
        "domain": "transport",
        "asset_type": "stations",
        "confidence": "medium",
        "missing_fields": [],
        "limitations": [
          "OSM transport mapping completeness and classification vary by area, operator and transport mode.",
          "The bounded committed snapshot is fixture evidence for major transport infrastructure and not a statement of operational capacity or real-time schedule.",
          "BDOT10k road and railway geometry is retained only as topographic comparison context and cannot establish transport service semantics alone.",
          "No qualified PRG transport network or facility class is enabled for this domain pack."
        ],
        "eligible_for_analysis": true,
        "osm_tags": {
          "name": "Warszowice",
          "operator": "PKP Polskie Linie Kolejowe",
          "operator:short": "PKP PLK",
          "railway": "halt"
        }
      },
      "geometry": {
        "type": "Point",
        "coordinates": [
          18.7154888,
          49.98903380000001
        ]
      }
    },
    {
      "type": "Feature",
      "properties": {
        "source": "OpenStreetMap",
        "source_id": "node/3736987565",
        "domain": "transport",
        "asset_type": "stations",
        "confidence": "medium",
        "missing_fields": [],
        "limitations": [
          "OSM transport mapping completeness and classification vary by area, operator and transport mode.",
          "The bounded committed snapshot is fixture evidence for major transport infrastructure and not a statement of operational capacity or real-time schedule.",
          "BDOT10k road and railway geometry is retained only as topographic comparison context and cannot establish transport service semantics alone.",
          "No qualified PRG transport network or facility class is enabled for this domain pack."
        ],
        "eligible_for_analysis": true,
        "osm_tags": {
          "name": "Wyry",
          "operator": "PKP Polskie Linie Kolejowe",
          "operator:short": "PKP PLK",
          "wikidata": "Q9380098",
          "wikipedia": "pl:Wyry (przystanek kolejowy)",
          "railway": "halt"
        }
      },
      "geometry": {
        "type": "Point",
        "coordinates": [
          18.9123613,
          50.12438199999998
        ]
      }
    },
    {
      "type": "Feature",
      "properties": {
        "source": "OpenStreetMap",
        "source_id": "node/3737009270",
        "domain": "transport",
        "asset_type": "stations",
        "confidence": "medium",
        "missing_fields": [],
        "limitations": [
          "OSM transport mapping completeness and classification vary by area, operator and transport mode.",
          "The bounded committed snapshot is fixture evidence for major transport infrastructure and not a statement of operational capacity or real-time schedule.",
          "BDOT10k road and railway geometry is retained only as topographic comparison context and cannot establish transport service semantics alone.",
          "No qualified PRG transport network or facility class is enabled for this domain pack."
        ],
        "eligible_for_analysis": true,
        "osm_tags": {
          "name": "Łaziska Średnie",
          "operator": "PKP Polskie Linie Kolejowe",
          "operator:short": "PKP PLK",
          "wikidata": "Q2985514",
          "wikipedia": "pl:Łaziska Średnie (stacja kolejowa)",
          "railway": "station"
        }
      },
      "geometry": {
        "type": "Point",
        "coordinates": [
          18.8678918,
          50.1300173
        ]
      }
    },
    {
      "type": "Feature",
      "properties": {
        "source": "OpenStreetMap",
        "source_id": "node/3737169139",
        "domain": "transport",
        "asset_type": "stations",
        "confidence": "medium",
        "missing_fields": [],
        "limitations": [
          "OSM transport mapping completeness and classification vary by area, operator and transport mode.",
          "The bounded committed snapshot is fixture evidence for major transport infrastructure and not a statement of operational capacity or real-time schedule.",
          "BDOT10k road and railway geometry is retained only as topographic comparison context and cannot establish transport service semantics alone.",
          "No qualified PRG transport network or facility class is enabled for this domain pack."
        ],
        "eligible_for_analysis": true,
        "osm_tags": {
          "name": "Orzesze Miasto",
          "operator": "PKP Polskie Linie Kolejowe",
          "operator:short": "PKP PLK",
          "wikidata": "Q681078",
          "wikipedia": "pl:Orzesze Miasto",
          "railway": "halt"
        }
      },
      "geometry": {
        "type": "Point",
        "coordinates": [
          18.7745763,
          50.1418644
        ]
      }
    },
    {
      "type": "Feature",
      "properties": {
        "source": "OpenStreetMap",
        "source_id": "node/3745372920",
        "domain": "transport",
        "asset_type": "stations",
        "confidence": "medium",
        "missing_fields": [],
        "limitations": [
          "OSM transport mapping completeness and classification vary by area, operator and transport mode.",
          "The bounded committed snapshot is fixture evidence for major transport infrastructure and not a statement of operational capacity or real-time schedule.",
          "BDOT10k road and railway geometry is retained only as topographic comparison context and cannot establish transport service semantics alone.",
          "No qualified PRG transport network or facility class is enabled for this domain pack."
        ],
        "eligible_for_analysis": true,
        "osm_tags": {
          "name": "Tychy Aleja Bielska",
          "railway": "halt"
        }
      },
      "geometry": {
        "type": "Point",
        "coordinates": [
          18.9823778,
          50.11733699999999
        ]
      }
    },
    {
      "type": "Feature",
      "properties": {
        "source": "OpenStreetMap",
        "source_id": "node/3745372921",
        "domain": "transport",
        "asset_type": "stations",
        "confidence": "medium",
        "missing_fields": [],
        "limitations": [
          "OSM transport mapping completeness and classification vary by area, operator and transport mode.",
          "The bounded committed snapshot is fixture evidence for major transport infrastructure and not a statement of operational capacity or real-time schedule.",
          "BDOT10k road and railway geometry is retained only as topographic comparison context and cannot establish transport service semantics alone.",
          "No qualified PRG transport network or facility class is enabled for this domain pack."
        ],
        "eligible_for_analysis": true,
        "osm_tags": {
          "name": "Tychy Zachodnie",
          "railway": "halt"
        }
      },
      "geometry": {
        "type": "Point",
        "coordinates": [
          18.9787851,
          50.121150799999995
        ]
      }
    },
    {
      "type": "Feature",
      "properties": {
        "source": "OpenStreetMap",
        "source_id": "node/3745394914",
        "domain": "transport",
        "asset_type": "stations",
        "confidence": "medium",
        "missing_fields": [],
        "limitations": [
          "OSM transport mapping completeness and classification vary by area, operator and transport mode.",
          "The bounded committed snapshot is fixture evidence for major transport infrastructure and not a statement of operational capacity or real-time schedule.",
          "BDOT10k road and railway geometry is retained only as topographic comparison context and cannot establish transport service semantics alone.",
          "No qualified PRG transport network or facility class is enabled for this domain pack."
        ],
        "eligible_for_analysis": true,
        "osm_tags": {
          "name": "Tychy Grota Roweckiego",
          "wikidata": "Q9363450",
          "wikipedia": "pl:Tychy Grota-Roweckiego",
          "railway": "halt"
        }
      },
      "geometry": {
        "type": "Point",
        "coordinates": [
          18.9860432,
          50.11415439999999
        ]
      }
    },
    {
      "type": "Feature",
      "properties": {
        "source": "OpenStreetMap",
        "source_id": "node/3745411452",
        "domain": "transport",
        "asset_type": "stations",
        "confidence": "medium",
        "missing_fields": [],
        "limitations": [
          "OSM transport mapping completeness and classification vary by area, operator and transport mode.",
          "The bounded committed snapshot is fixture evidence for major transport infrastructure and not a statement of operational capacity or real-time schedule.",
          "BDOT10k road and railway geometry is retained only as topographic comparison context and cannot establish transport service semantics alone.",
          "No qualified PRG transport network or facility class is enabled for this domain pack."
        ],
        "eligible_for_analysis": true,
        "osm_tags": {
          "name": "Tychy Lodowisko",
          "wikidata": "Q9363451",
          "wikipedia": "pl:Tychy Lodowisko",
          "railway": "halt"
        }
      },
      "geometry": {
        "type": "Point",
        "coordinates": [
          19.0008785,
          50.1077384
        ]
      }
    },
    {
      "type": "Feature",
      "properties": {
        "source": "OpenStreetMap",
        "source_id": "node/6547592810",
        "domain": "transport",
        "asset_type": "stations",
        "confidence": "medium",
        "missing_fields": [],
        "limitations": [
          "OSM transport mapping completeness and classification vary by area, operator and transport mode.",
          "The bounded committed snapshot is fixture evidence for major transport infrastructure and not a statement of operational capacity or real-time schedule.",
          "BDOT10k road and railway geometry is retained only as topographic comparison context and cannot establish transport service semantics alone.",
          "No qualified PRG transport network or facility class is enabled for this domain pack."
        ],
        "eligible_for_analysis": true,
        "osm_tags": {
          "name": "Rybnik Towarowy",
          "name:pl": "Rybnik Towarowy",
          "railway": "station"
        }
      },
      "geometry": {
        "type": "Point",
        "coordinates": [
          18.5153637,
          50.0666138
        ]
      }
    },
    {
      "type": "Feature",
      "properties": {
        "source": "OpenStreetMap",
        "source_id": "node/7995332908",
        "domain": "transport",
        "asset_type": "stations",
        "confidence": "medium",
        "missing_fields": [],
        "limitations": [
          "OSM transport mapping completeness and classification vary by area, operator and transport mode.",
          "The bounded committed snapshot is fixture evidence for major transport infrastructure and not a statement of operational capacity or real-time schedule.",
          "BDOT10k road and railway geometry is retained only as topographic comparison context and cannot establish transport service semantics alone.",
          "No qualified PRG transport network or facility class is enabled for this domain pack."
        ],
        "eligible_for_analysis": true,
        "osm_tags": {
          "name": "Nędza",
          "operator": "PKP Polskie Linie Kolejowe",
          "operator:short": "PKP PLK",
          "wikidata": "Q2417155",
          "wikipedia": "pl:Nędza (stacja kolejowa)",
          "name:pl": "Nędza",
          "railway": "station"
        }
      },
      "geometry": {
        "type": "Point",
        "coordinates": [
          18.2917585,
          50.1570001
        ]
      }
    },
    {
      "type": "Feature",
      "properties": {
        "source": "OpenStreetMap",
        "source_id": "node/10969730826",
        "domain": "transport",
        "asset_type": "stations",
        "confidence": "medium",
        "missing_fields": [],
        "limitations": [
          "OSM transport mapping completeness and classification vary by area, operator and transport mode.",
          "The bounded committed snapshot is fixture evidence for major transport infrastructure and not a statement of operational capacity or real-time schedule.",
          "BDOT10k road and railway geometry is retained only as topographic comparison context and cannot establish transport service semantics alone.",
          "No qualified PRG transport network or facility class is enabled for this domain pack."
        ],
        "eligible_for_analysis": true,
        "osm_tags": {
          "name": "Wodzisław Śląski Centrum",
          "operator": "PKP Polskie Linie Kolejowe",
          "operator:short": "PKP PLK",
          "wikidata": "Q121890453",
          "wikipedia": "pl:Wodzisław Śląski Centrum",
          "railway": "halt"
        }
      },
      "geometry": {
        "type": "Point",
        "coordinates": [
          18.4639099,
          49.99842739999999
        ]
      }
    },
    {
      "type": "Feature",
      "properties": {
        "source": "OpenStreetMap",
        "source_id": "node/11112978829",
        "domain": "transport",
        "asset_type": "stations",
        "confidence": "medium",
        "missing_fields": [],
        "limitations": [
          "OSM transport mapping completeness and classification vary by area, operator and transport mode.",
          "The bounded committed snapshot is fixture evidence for major transport infrastructure and not a statement of operational capacity or real-time schedule.",
          "BDOT10k road and railway geometry is retained only as topographic comparison context and cannot establish transport service semantics alone.",
          "No qualified PRG transport network or facility class is enabled for this domain pack."
        ],
        "eligible_for_analysis": true,
        "osm_tags": {
          "name": "Pawłowice Śląskie Centrum",
          "operator": "PKP Polskie Linie Kolejowe",
          "operator:short": "PKP PLK",
          "start_date": "2023-12-10",
          "railway": "halt"
        }
      },
      "geometry": {
        "type": "Point",
        "coordinates": [
          18.7249316,
          49.9637931
        ]
      }
    },
    {
      "type": "Feature",
      "properties": {
        "source": "OpenStreetMap",
        "source_id": "node/11432868461",
        "domain": "transport",
        "asset_type": "stations",
        "confidence": "medium",
        "missing_fields": [],
        "limitations": [
          "OSM transport mapping completeness and classification vary by area, operator and transport mode.",
          "The bounded committed snapshot is fixture evidence for major transport infrastructure and not a statement of operational capacity or real-time schedule.",
          "BDOT10k road and railway geometry is retained only as topographic comparison context and cannot establish transport service semantics alone.",
          "No qualified PRG transport network or facility class is enabled for this domain pack."
        ],
        "eligible_for_analysis": true,
        "osm_tags": {
          "name": "Gliwice Łabędy",
          "operator": "PKP Polskie Linie Kolejowe",
          "operator:short": "PKP PLK",
          "wikidata": "Q684510",
          "wikipedia": "pl:Gliwice Łabędy",
          "name:pl": "Gliwice Łabędy",
          "wheelchair": "limited",
          "railway": "station"
        }
      },
      "geometry": {
        "type": "Point",
        "coordinates": [
          18.6222829,
          50.3403105
        ]
      }
    },
    {
      "type": "Feature",
      "properties": {
        "source": "OpenStreetMap",
        "source_id": "node/12176447070",
        "domain": "transport",
        "asset_type": "stations",
        "confidence": "medium",
        "missing_fields": [],
        "limitations": [
          "OSM transport mapping completeness and classification vary by area, operator and transport mode.",
          "The bounded committed snapshot is fixture evidence for major transport infrastructure and not a statement of operational capacity or real-time schedule.",
          "BDOT10k road and railway geometry is retained only as topographic comparison context and cannot establish transport service semantics alone.",
          "No qualified PRG transport network or facility class is enabled for this domain pack."
        ],
        "eligible_for_analysis": true,
        "osm_tags": {
          "name": "Zabrze Maciejów",
          "operator": "PKP Polskie Linie Kolejowe",
          "operator:short": "PKP PLK",
          "operator:wikidata": "Q1344677",
          "wikidata": "Q131649282",
          "wikipedia": "pl:Zabrze Maciejów",
          "start_date": "2024-12-15",
          "railway": "halt"
        }
      },
      "geometry": {
        "type": "Point",
        "coordinates": [
          18.7475233,
          50.306134699999994
        ]
      }
    },
    {
      "type": "Feature",
      "properties": {
        "source": "OpenStreetMap",
        "source_id": "node/12412045264",
        "domain": "transport",
        "asset_type": "stations",
        "confidence": "medium",
        "missing_fields": [],
        "limitations": [
          "OSM transport mapping completeness and classification vary by area, operator and transport mode.",
          "The bounded committed snapshot is fixture evidence for major transport infrastructure and not a statement of operational capacity or real-time schedule.",
          "BDOT10k road and railway geometry is retained only as topographic comparison context and cannot establish transport service semantics alone.",
          "No qualified PRG transport network or facility class is enabled for this domain pack."
        ],
        "eligible_for_analysis": true,
        "osm_tags": {
          "name": "Zabrze Północne",
          "operator": "PKP Polskie Linie Kolejowe",
          "operator:short": "PKP PLK",
          "operator:wikidata": "Q1344677",
          "wikidata": "Q2740419",
          "wikipedia": "pl:Zabrze Północne",
          "start_date": "2024-12-15",
          "railway": "halt"
        }
      },
      "geometry": {
        "type": "Point",
        "coordinates": [
          18.7870236,
          50.3240847
        ]
      }
    },
    {
      "type": "Feature",
      "properties": {
        "source": "OpenStreetMap",
        "source_id": "node/13909879970",
        "domain": "transport",
        "asset_type": "stations",
        "confidence": "medium",
        "missing_fields": [],
        "limitations": [
          "OSM transport mapping completeness and classification vary by area, operator and transport mode.",
          "The bounded committed snapshot is fixture evidence for major transport infrastructure and not a statement of operational capacity or real-time schedule.",
          "BDOT10k road and railway geometry is retained only as topographic comparison context and cannot establish transport service semantics alone.",
          "No qualified PRG transport network or facility class is enabled for this domain pack."
        ],
        "eligible_for_analysis": true,
        "osm_tags": {
          "name": "Pilchowice",
          "railway": "halt"
        }
      },
      "geometry": {
        "type": "Point",
        "coordinates": [
          18.5652271,
          50.213435600000004
        ]
      }
    },
    {
      "type": "Feature",
      "properties": {
        "source": "OpenStreetMap",
        "source_id": "node/13909879977",
        "domain": "transport",
        "asset_type": "stations",
        "confidence": "medium",
        "missing_fields": [],
        "limitations": [
          "OSM transport mapping completeness and classification vary by area, operator and transport mode.",
          "The bounded committed snapshot is fixture evidence for major transport infrastructure and not a statement of operational capacity or real-time schedule.",
          "BDOT10k road and railway geometry is retained only as topographic comparison context and cannot establish transport service semantics alone.",
          "No qualified PRG transport network or facility class is enabled for this domain pack."
        ],
        "eligible_for_analysis": true,
        "osm_tags": {
          "name": "Szymocice Wąskotorowe",
          "railway": "halt"
        }
      },
      "geometry": {
        "type": "Point",
        "coordinates": [
          18.3603251,
          50.1545172
        ]
      }
    },
    {
      "type": "Feature",
      "properties": {
        "source": "OpenStreetMap",
        "source_id": "node/13909879978",
        "domain": "transport",
        "asset_type": "stations",
        "confidence": "medium",
        "missing_fields": [],
        "limitations": [
          "OSM transport mapping completeness and classification vary by area, operator and transport mode.",
          "The bounded committed snapshot is fixture evidence for major transport infrastructure and not a statement of operational capacity or real-time schedule.",
          "BDOT10k road and railway geometry is retained only as topographic comparison context and cannot establish transport service semantics alone.",
          "No qualified PRG transport network or facility class is enabled for this domain pack."
        ],
        "eligible_for_analysis": true,
        "osm_tags": {
          "name": "Szymocice Wieś",
          "railway": "halt"
        }
      },
      "geometry": {
        "type": "Point",
        "coordinates": [
          18.3354934,
          50.1507553
        ]
      }
    },
    {
      "type": "Feature",
      "properties": {
        "source": "OpenStreetMap",
        "source_id": "node/13909879979",
        "domain": "transport",
        "asset_type": "stations",
        "confidence": "medium",
        "missing_fields": [],
        "limitations": [
          "OSM transport mapping completeness and classification vary by area, operator and transport mode.",
          "The bounded committed snapshot is fixture evidence for major transport infrastructure and not a statement of operational capacity or real-time schedule.",
          "BDOT10k road and railway geometry is retained only as topographic comparison context and cannot establish transport service semantics alone.",
          "No qualified PRG transport network or facility class is enabled for this domain pack."
        ],
        "eligible_for_analysis": true,
        "osm_tags": {
          "name": "Nędza Wąskotorowa",
          "railway": "halt"
        }
      },
      "geometry": {
        "type": "Point",
        "coordinates": [
          18.3204011,
          50.1511918
        ]
      }
    },
    {
      "type": "Feature",
      "properties": {
        "source": "OpenStreetMap",
        "source_id": "node/13909879980",
        "domain": "transport",
        "asset_type": "stations",
        "confidence": "medium",
        "missing_fields": [],
        "limitations": [
          "OSM transport mapping completeness and classification vary by area, operator and transport mode.",
          "The bounded committed snapshot is fixture evidence for major transport infrastructure and not a statement of operational capacity or real-time schedule.",
          "BDOT10k road and railway geometry is retained only as topographic comparison context and cannot establish transport service semantics alone.",
          "No qualified PRG transport network or facility class is enabled for this domain pack."
        ],
        "eligible_for_analysis": true,
        "osm_tags": {
          "name": "Babice",
          "railway": "halt"
        }
      },
      "geometry": {
        "type": "Point",
        "coordinates": [
          18.2991342,
          50.14207220000001
        ]
      }
    },
    {
      "type": "Feature",
      "properties": {
        "source": "OpenStreetMap",
        "source_id": "node/13909879981",
        "domain": "transport",
        "asset_type": "stations",
        "confidence": "medium",
        "missing_fields": [],
        "limitations": [
          "OSM transport mapping completeness and classification vary by area, operator and transport mode.",
          "The bounded committed snapshot is fixture evidence for major transport infrastructure and not a statement of operational capacity or real-time schedule.",
          "BDOT10k road and railway geometry is retained only as topographic comparison context and cannot establish transport service semantics alone.",
          "No qualified PRG transport network or facility class is enabled for this domain pack."
        ],
        "eligible_for_analysis": true,
        "osm_tags": {
          "name": "Markowice Raciborskie Wąskotorowe",
          "railway": "halt"
        }
      },
      "geometry": {
        "type": "Point",
        "coordinates": [
          18.2711189,
          50.113663
        ]
      }
    }
  ]
}