{
"type": "FeatureCollection",
"name": "rybnik_60km_power_hexes_clipped",
"crs": { "type": "name", "properties": { "name": "urn:ogc:def:crs:OGC:1.3:CRS84" } },
"features": [
{ "type": "Feature", "properties": { "hex_id": "regional-0000", "hex_level": "regional", "hex_edge_m": 3000, "line_count": 6, "line_length_m": 1362.0, "major_line_count": 2, "minor_line_count": 4, "cable_count": 0, "node_count": 11, "substation_count": 0, "transformer_count": 0, "generator_count": 0, "plant_count": 0, "support_count": 11, "switchgear_count": 0, "nearest_power_node_m": 42.2, "neighbor_ids": [ "regional-0001", "regional-0010", "regional-0011" ], "has_infrastructure": true, "operational_status": "operational", "operational_status_note": "Infrastructure present; no failure simulation is active.", "connected_hex_ids": [ "regional-0001", "regional-0010", "regional-0011" ], "connected_hex_count": 3, "confidence_score": 0.62, "confidence_label": "medium", "data_quality_note": "OSM vector feature present; topology is inferred.", "source_mode": "osm_vector_derived", "kiut_role": "visual_reference_only", "infrastructure_score": 15.5 }, "geometry": { "type": "Polygon", "coordinates": [ [ [ 18.259834561644094, 49.601361561730918 ], [ 18.29599245883589, 49.588090882092224 ], [ 18.29599941316534, 49.587607646017794 ], [ 18.250649595667849, 49.597835610776173 ], [ 18.259834561644094, 49.601361561730918 ] ] ] } },
{ "type": "Feature", "properties": { "hex_id": "regional-0001", "hex_level": "regional", "hex_edge_m": 3000, "line_count": 5, "line_length_m": 4660.7, "major_line_count": 1, "minor_line_count": 4, "cable_count": 0, "node_count": 37, "substation_count": 0, "transformer_count": 1, "generator_count": 0, "plant_count": 0, "support_count": 36, "switchgear_count": 0, "nearest_power_node_m": 535.6, "neighbor_ids": [ "regional-0000", "regional-0002", "regional-0011", "regional-0012" ], "has_infrastructure": true, "operational_status": "operational", "operational_status_note": "Infrastructure present; no failure simulation is active.", "connected_hex_ids": [ "regional-0000", "regional-0002", "regional-0011", "regional-0012" ], "connected_hex_count": 4, "confidence_score": 0.85, "confidence_label": "high", "data_quality_note": "OSM vector lines and power nodes in hex.", "source_mode": "osm_vector_derived", "kiut_role": "visual_reference_only", "infrastructure_score": 27.2 }, "geometry": { "type": "Polygon", "coordinates": [ [ [ 18.29599245883589, 49.588090882092224 ], [ 18.331762223685448, 49.60179914753548 ], [ 18.36790113461694, 49.588505925632077 ], [ 18.368071273823169, 49.575333895940133 ], [ 18.310073585977253, 49.584428932389464 ], [ 18.29599941316534, 49.587607646017794 ], [ 18.29599245883589, 49.588090882092224 ] ] ] } },
{ "type": "Feature", "properties": { "hex_id": "regional-0002", "hex_level": "regional", "hex_edge_m": 3000, "line_count": 15, "line_length_m": 8518.9, "major_line_count": 0, "minor_line_count": 15, "cable_count": 0, "node_count": 109, "substation_count": 0, "transformer_count": 0, "generator_count": 1, "plant_count": 0, "support_count": 107, "switchgear_count": 1, "nearest_power_node_m": 374.8, "neighbor_ids": [ "regional-0001", "regional-0003", "regional-0012", "regional-0013" ], "has_infrastructure": true, "operational_status": "operational", "operational_status_note": "Infrastructure present; no failure simulation is active.", "connected_hex_ids": [ "regional-0001", "regional-0003", "regional-0012", "regional-0013" ], "connected_hex_count": 4, "confidence_score": 0.85, "confidence_label": "high", "data_quality_note": "OSM vector lines and power nodes in hex.", "source_mode": "osm_vector_derived", "kiut_role": "visual_reference_only", "infrastructure_score": 41.5 }, "geometry": { "type": "Polygon", "coordinates": [ [ [ 18.367901134616943, 49.588505925632077 ], [ 18.403691550991365, 49.602192041797267 ], [ 18.439811384535751, 49.588876297590424 ], [ 18.440057584695154, 49.567364005549265 ], [ 18.389271353340884, 49.572001244151195 ], [ 18.368071273823173, 49.575333895940133 ], [ 18.367901134616943, 49.588505925632077 ] ] ] } },
{ "type": "Feature", "properties": { "hex_id": "regional-0003", "hex_level": "regional", "hex_edge_m": 3000, "line_count": 3, "line_length_m": 2597.2, "major_line_count": 0, "minor_line_count": 3, "cable_count": 0, "node_count": 33, "substation_count": 1, "transformer_count": 0, "generator_count": 0, "plant_count": 0, "support_count": 32, "switchgear_count": 0, "nearest_power_node_m": 213.0, "neighbor_ids": [ "regional-0002", "regional-0004", "regional-0013", "regional-0014" ], "has_infrastructure": true, "operational_status": "operational", "operational_status_note": "Infrastructure present; no failure simulation is active.", "connected_hex_ids": [ "regional-0002", "regional-0004", "regional-0013", "regional-0014" ], "connected_hex_count": 4, "confidence_score": 0.85, "confidence_label": "high", "data_quality_note": "OSM vector lines and power nodes in hex.", "source_mode": "osm_vector_derived", "kiut_role": "visual_reference_only", "infrastructure_score": 28.9 }, "geometry": { "type": "Polygon", "coordinates": [ [ [ 18.439811384535751, 49.588876297590424 ], [ 18.47562236436988, 49.60254024214688 ], [ 18.511723029562745, 49.589201995734612 ], [ 18.511979718740221, 49.563467034505202 ], [ 18.469933262152029, 49.564625254965776 ], [ 18.440057584695154, 49.567364005549265 ], [ 18.439811384535751, 49.588876297590424 ] ] ] } },
{ "type": "Feature", "properties": { "hex_id": "regional-0004", "hex_level": "regional", "hex_edge_m": 3000, "line_count": 5, "line_length_m": 2850.5, "major_line_count": 0, "minor_line_count": 5, "cable_count": 0, "node_count": 31, "substation_count": 0, "transformer_count": 0, "generator_count": 1, "plant_count": 0, "support_count": 30, "switchgear_count": 0, "nearest_power_node_m": 174.4, "neighbor_ids": [ "regional-0003", "regional-0005", "regional-0014", "regional-0015" ], "has_infrastructure": true, "operational_status": "operational", "operational_status_note": "Infrastructure present; no failure simulation is active.", "connected_hex_ids": [ "regional-0003", "regional-0014" ], "connected_hex_count": 2, "confidence_score": 0.85, "confidence_label": "high", "data_quality_note": "OSM vector lines and power nodes in hex.", "source_mode": "osm_vector_derived", "kiut_role": "visual_reference_only", "infrastructure_score": 18.2 }, "geometry": { "type": "Polygon", "coordinates": [ [ [ 18.511723029562745, 49.589201995734612 ], [ 18.547554484605673, 49.602843746484346 ], [ 18.583635890646402, 49.589483018101213 ], [ 18.583856612945862, 49.563531886553093 ], [ 18.551307136764919, 49.562369833677188 ], [ 18.511979718740225, 49.563467034505202 ], [ 18.511723029562745, 49.589201995734612 ] ] ] } },
{ "type": "Feature", "properties": { "hex_id": "regional-0005", "hex_level": "regional", "hex_edge_m": 3000, "line_count": 0, "line_length_m": 0.0, "major_line_count": 0, "minor_line_count": 0, "cable_count": 0, "node_count": 0, "substation_count": 0, "transformer_count": 0, "generator_count": 0, "plant_count": 0, "support_count": 0, "switchgear_count": 0, "nearest_power_node_m": 3608.3, "neighbor_ids": [ "regional-0004", "regional-0006", "regional-0015", "regional-0016" ], "has_infrastructure": false, "operational_status": "empty", "operational_status_note": "No OSM power infrastructure in this hex.", "connected_hex_ids": [ "regional-0004", "regional-0006", "regional-0016" ], "connected_hex_count": 3, "confidence_score": 0.35, "confidence_label": "low", "data_quality_note": "Nearby OSM feature only; KIUT may be used as visual reference.", "source_mode": "osm_vector_derived", "kiut_role": "visual_reference_only", "infrastructure_score": 0.0 }, "geometry": { "type": "Polygon", "coordinates": [ [ [ 18.583635890646402, 49.589483018101213 ], [ 18.619487732462851, 49.603102552979237 ], [ 18.655549788716101, 49.589719362996057 ], [ 18.655705763963418, 49.567554480750225 ], [ 18.632634797652514, 49.565256084646826 ], [ 18.583856612945862, 49.563531886553093 ], [ 18.583635890646402, 49.589483018101213 ] ] ] } },
{ "type": "Feature", "properties": { "hex_id": "regional-0006", "hex_level": "regional", "hex_edge_m": 3000, "line_count": 19, "line_length_m": 10499.1, "major_line_count": 0, "minor_line_count": 18, "cable_count": 1, "node_count": 127, "substation_count": 0, "transformer_count": 0, "generator_count": 0, "plant_count": 0, "support_count": 127, "switchgear_count": 0, "nearest_power_node_m": 656.4, "neighbor_ids": [ "regional-0005", "regional-0007", "regional-0016", "regional-0017" ], "has_infrastructure": true, "operational_status": "operational", "operational_status_note": "Infrastructure present; no failure simulation is active.", "connected_hex_ids": [ "regional-0007", "regional-0016", "regional-0017" ], "connected_hex_count": 3, "confidence_score": 0.62, "confidence_label": "medium", "data_quality_note": "OSM vector feature present; topology is inferred.", "source_mode": "osm_vector_derived", "kiut_role": "visual_reference_only", "infrastructure_score": 35.7 }, "geometry": { "type": "Polygon", "coordinates": [ [ [ 18.655549788716101, 49.589719362996057 ], [ 18.691421928687781, 49.603316660070625 ], [ 18.727464544684899, 49.589911028994301 ], [ 18.727544035550249, 49.575637425035296 ], [ 18.713158431143381, 49.573257166345527 ], [ 18.655705763963422, 49.567554480750225 ], [ 18.655549788716101, 49.589719362996057 ] ] ] } },
{ "type": "Feature", "properties": { "hex_id": "regional-0007", "hex_level": "regional", "hex_edge_m": 3000, "line_count": 59, "line_length_m": 23434.0, "major_line_count": 13, "minor_line_count": 46, "cable_count": 0, "node_count": 554, "substation_count": 4, "transformer_count": 2, "generator_count": 20, "plant_count": 0, "support_count": 524, "switchgear_count": 4, "nearest_power_node_m": 37.8, "neighbor_ids": [ "regional-0006", "regional-0008", "regional-0017", "regional-0018" ], "has_infrastructure": true, "operational_status": "operational", "operational_status_note": "Infrastructure present; no failure simulation is active.", "connected_hex_ids": [ "regional-0006", "regional-0017", "regional-0018" ], "connected_hex_count": 3, "confidence_score": 0.85, "confidence_label": "high", "data_quality_note": "OSM vector lines and power nodes in hex.", "source_mode": "osm_vector_derived", "kiut_role": "visual_reference_only", "infrastructure_score": 100.0 }, "geometry": { "type": "Polygon", "coordinates": [ [ [ 18.727464544684903, 49.589911028994301 ], [ 18.76335689401191, 49.603486066467148 ], [ 18.799379979452372, 49.590058014940418 ], [ 18.799388410498867, 49.58800213592432 ], [ 18.792126958391371, 49.586298515588567 ], [ 18.727544035550249, 49.575637425035303 ], [ 18.727464544684903, 49.589911028994301 ] ] ] } },
{ "type": "Feature", "properties": { "hex_id": "regional-0008", "hex_level": "regional", "hex_edge_m": 3000, "line_count": 0, "line_length_m": 0.0, "major_line_count": 0, "minor_line_count": 0, "cable_count": 0, "node_count": 0, "substation_count": 0, "transformer_count": 0, "generator_count": 0, "plant_count": 0, "support_count": 0, "switchgear_count": 0, "nearest_power_node_m": 649.3, "neighbor_ids": [ "regional-0007", "regional-0018", "regional-0019" ], "has_infrastructure": false, "operational_status": "empty", "operational_status_note": "No OSM power infrastructure in this hex.", "connected_hex_ids": [ "regional-0007", "regional-0018", "regional-0019" ], "connected_hex_count": 3, "confidence_score": 0.35, "confidence_label": "low", "data_quality_note": "Nearby OSM feature only; KIUT may be used as visual reference.", "source_mode": "osm_vector_derived", "kiut_role": "visual_reference_only", "infrastructure_score": 0.0 }, "geometry": { "type": "Polygon", "coordinates": [ [ [ 18.799379979452375, 49.590058014940418 ], [ 18.835292449154579, 49.603610771147032 ], [ 18.847133125752176, 49.599189297152954 ], [ 18.799388410498867, 49.58800213592432 ], [ 18.799379979452375, 49.590058014940418 ] ] ] } },
{ "type": "Feature", "properties": { "hex_id": "regional-0009", "hex_level": "regional", "hex_edge_m": 3000, "line_count": 19, "line_length_m": 16499.9, "major_line_count": 7, "minor_line_count": 12, "cable_count": 0, "node_count": 103, "substation_count": 0, "transformer_count": 0, "generator_count": 6, "plant_count": 0, "support_count": 97, "switchgear_count": 0, "nearest_power_node_m": 371.0, "neighbor_ids": [ "regional-0010", "regional-0022", "regional-0023" ], "has_infrastructure": true, "operational_status": "operational", "operational_status_note": "Infrastructure present; no failure simulation is active.", "connected_hex_ids": [ "regional-0010", "regional-0022", "regional-0023" ], "connected_hex_count": 3, "confidence_score": 0.85, "confidence_label": "high", "data_quality_note": "OSM vector lines and power nodes in hex.", "source_mode": "osm_vector_derived", "kiut_role": "visual_reference_only", "infrastructure_score": 86.3 }, "geometry": { "type": "Polygon", "coordinates": [ [ [ 18.151243637194703, 49.641105002628422 ], [ 18.187460149565847, 49.627868637716055 ], [ 18.187667934738929, 49.61537246428265 ], [ 18.159011171287361, 49.623929025588424 ], [ 18.132625952620465, 49.633938893466997 ], [ 18.151243637194703, 49.641105002628422 ] ] ] } },
{ "type": "Feature", "properties": { "hex_id": "regional-0010", "hex_level": "regional", "hex_edge_m": 3000, "line_count": 9, "line_length_m": 11722.7, "major_line_count": 4, "minor_line_count": 5, "cable_count": 0, "node_count": 65, "substation_count": 0, "transformer_count": 0, "generator_count": 0, "plant_count": 0, "support_count": 65, "switchgear_count": 0, "nearest_power_node_m": 1314.2, "neighbor_ids": [ "regional-0000", "regional-0009", "regional-0011", "regional-0023", "regional-0024" ], "has_infrastructure": true, "operational_status": "operational", "operational_status_note": "Infrastructure present; no failure simulation is active.", "connected_hex_ids": [ "regional-0000", "regional-0009", "regional-0011", "regional-0023", "regional-0024" ], "connected_hex_count": 5, "confidence_score": 0.62, "confidence_label": "medium", "data_quality_note": "OSM vector feature present; topology is inferred.", "source_mode": "osm_vector_derived", "kiut_role": "visual_reference_only", "infrastructure_score": 36.0 }, "geometry": { "type": "Polygon", "coordinates": [ [ [ 18.187460149565847, 49.627868637716055 ], [ 18.223228068128588, 49.641610338979618 ], [ 18.25942568930007, 49.628351369944305 ], [ 18.259834561644094, 49.601361561730918 ], [ 18.250649595667849, 49.597835610776173 ], [ 18.233079790791287, 49.601792272343815 ], [ 18.187667934738929, 49.61537246428265 ], [ 18.187460149565847, 49.627868637716055 ] ] ] } },
{ "type": "Feature", "properties": { "hex_id": "regional-0011", "hex_level": "regional", "hex_edge_m": 3000, "line_count": 18, "line_length_m": 52103.0, "major_line_count": 6, "minor_line_count": 12, "cable_count": 0, "node_count": 279, "substation_count": 0, "transformer_count": 0, "generator_count": 0, "plant_count": 0, "support_count": 279, "switchgear_count": 0, "nearest_power_node_m": 782.5, "neighbor_ids": [ "regional-0000", "regional-0001", "regional-0010", "regional-0012", "regional-0024", "regional-0025" ], "has_infrastructure": true, "operational_status": "operational", "operational_status_note": "Infrastructure present; no failure simulation is active.", "connected_hex_ids": [ "regional-0000", "regional-0001", "regional-0010", "regional-0012", "regional-0024", "regional-0025" ], "connected_hex_count": 6, "confidence_score": 0.62, "confidence_label": "medium", "data_quality_note": "OSM vector feature present; topology is inferred.", "source_mode": "osm_vector_derived", "kiut_role": "visual_reference_only", "infrastructure_score": 93.9 }, "geometry": { "type": "Polygon", "coordinates": [ [ [ 18.29599245883589, 49.588090882092224 ], [ 18.259834561644094, 49.601361561730918 ], [ 18.25942568930007, 49.628351369944305 ], [ 18.295214438728038, 49.642070924252806 ], [ 18.331393077062785, 49.628789370881357 ], [ 18.331762223685448, 49.60179914753548 ], [ 18.29599245883589, 49.588090882092224 ] ] ] } },
{ "type": "Feature", "properties": { "hex_id": "regional-0012", "hex_level": "regional", "hex_edge_m": 3000, "line_count": 24, "line_length_m": 36791.8, "major_line_count": 5, "minor_line_count": 19, "cable_count": 0, "node_count": 232, "substation_count": 0, "transformer_count": 1, "generator_count": 1, "plant_count": 0, "support_count": 229, "switchgear_count": 1, "nearest_power_node_m": 31.2, "neighbor_ids": [ "regional-0001", "regional-0002", "regional-0011", "regional-0013", "regional-0025", "regional-0026" ], "has_infrastructure": true, "operational_status": "operational", "operational_status_note": "Infrastructure present; no failure simulation is active.", "connected_hex_ids": [ "regional-0001", "regional-0002", "regional-0011", "regional-0013", "regional-0025", "regional-0026" ], "connected_hex_count": 6, "confidence_score": 0.85, "confidence_label": "high", "data_quality_note": "OSM vector lines and power nodes in hex.", "source_mode": "osm_vector_derived", "kiut_role": "visual_reference_only", "infrastructure_score": 98.9 }, "geometry": { "type": "Polygon", "coordinates": [ [ [ 18.367901134616943, 49.588505925632077 ], [ 18.331762223685452, 49.60179914753548 ], [ 18.331393077062785, 49.628789370881357 ], [ 18.367202569317062, 49.642486755666965 ], [ 18.403362133338831, 49.629182637883616 ], [ 18.403691550991365, 49.602192041797267 ], [ 18.367901134616943, 49.588505925632077 ] ] ] } },
{ "type": "Feature", "properties": { "hex_id": "regional-0013", "hex_level": "regional", "hex_edge_m": 3000, "line_count": 14, "line_length_m": 17275.3, "major_line_count": 4, "minor_line_count": 10, "cable_count": 0, "node_count": 148, "substation_count": 0, "transformer_count": 0, "generator_count": 0, "plant_count": 0, "support_count": 145, "switchgear_count": 3, "nearest_power_node_m": 601.3, "neighbor_ids": [ "regional-0002", "regional-0003", "regional-0012", "regional-0014", "regional-0026", "regional-0027" ], "has_infrastructure": true, "operational_status": "operational", "operational_status_note": "Infrastructure present; no failure simulation is active.", "connected_hex_ids": [ "regional-0002", "regional-0003", "regional-0012", "regional-0014", "regional-0026", "regional-0027" ], "connected_hex_count": 6, "confidence_score": 0.62, "confidence_label": "medium", "data_quality_note": "OSM vector feature present; topology is inferred.", "source_mode": "osm_vector_derived", "kiut_role": "visual_reference_only", "infrastructure_score": 58.2 }, "geometry": { "type": "Polygon", "coordinates": [ [ [ 18.439811384535751, 49.588876297590424 ], [ 18.403691550991365, 49.602192041797267 ], [ 18.403362133338831, 49.629182637883616 ], [ 18.439192280191932, 49.642857830711165 ], [ 18.475332678586764, 49.629531168577401 ], [ 18.47562236436988, 49.60254024214688 ], [ 18.439811384535751, 49.588876297590424 ] ] ] } },
{ "type": "Feature", "properties": { "hex_id": "regional-0014", "hex_level": "regional", "hex_edge_m": 3000, "line_count": 23, "line_length_m": 13028.5, "major_line_count": 0, "minor_line_count": 23, "cable_count": 0, "node_count": 174, "substation_count": 0, "transformer_count": 0, "generator_count": 1, "plant_count": 0, "support_count": 173, "switchgear_count": 0, "nearest_power_node_m": 914.8, "neighbor_ids": [ "regional-0003", "regional-0004", "regional-0013", "regional-0015", "regional-0027", "regional-0028" ], "has_infrastructure": true, "operational_status": "operational", "operational_status_note": "Infrastructure present; no failure simulation is active.", "connected_hex_ids": [ "regional-0003", "regional-0004", "regional-0013", "regional-0027", "regional-0028" ], "connected_hex_count": 5, "confidence_score": 0.85, "confidence_label": "high", "data_quality_note": "OSM vector lines and power nodes in hex.", "source_mode": "osm_vector_derived", "kiut_role": "visual_reference_only", "infrastructure_score": 53.5 }, "geometry": { "type": "Polygon", "coordinates": [ [ [ 18.511723029562745, 49.589201995734612 ], [ 18.475622364369883, 49.60254024214688 ], [ 18.475332678586764, 49.629531168577401 ], [ 18.511183391624002, 49.643184147144666 ], [ 18.547304533241682, 49.629834960858943 ], [ 18.547554484605673, 49.602843746484346 ], [ 18.511723029562745, 49.589201995734612 ] ] ] } },
{ "type": "Feature", "properties": { "hex_id": "regional-0015", "hex_level": "regional", "hex_edge_m": 3000, "line_count": 0, "line_length_m": 0.0, "major_line_count": 0, "minor_line_count": 0, "cable_count": 0, "node_count": 0, "substation_count": 0, "transformer_count": 0, "generator_count": 0, "plant_count": 0, "support_count": 0, "switchgear_count": 0, "nearest_power_node_m": 3290.6, "neighbor_ids": [ "regional-0004", "regional-0005", "regional-0014", "regional-0016", "regional-0028", "regional-0029" ], "has_infrastructure": false, "operational_status": "empty", "operational_status_note": "No OSM power infrastructure in this hex.", "connected_hex_ids": [ "regional-0004", "regional-0014", "regional-0016", "regional-0028", "regional-0029" ], "connected_hex_count": 5, "confidence_score": 0.35, "confidence_label": "low", "data_quality_note": "Nearby OSM feature only; KIUT may be used as visual reference.", "source_mode": "osm_vector_derived", "kiut_role": "visual_reference_only", "infrastructure_score": 0.0 }, "geometry": { "type": "Polygon", "coordinates": [ [ [ 18.583635890646402, 49.589483018101213 ], [ 18.547554484605673, 49.602843746484346 ], [ 18.547304533241682, 49.629834960858943 ], [ 18.583175723862546, 49.643465702996913 ], [ 18.619277517718061, 49.630094012894482 ], [ 18.619487732462851, 49.603102552979237 ], [ 18.583635890646402, 49.589483018101213 ] ] ] } },
{ "type": "Feature", "properties": { "hex_id": "regional-0016", "hex_level": "regional", "hex_edge_m": 3000, "line_count": 1, "line_length_m": 3662.4, "major_line_count": 1, "minor_line_count": 0, "cable_count": 0, "node_count": 12, "substation_count": 0, "transformer_count": 0, "generator_count": 0, "plant_count": 0, "support_count": 12, "switchgear_count": 0, "nearest_power_node_m": 2013.2, "neighbor_ids": [ "regional-0005", "regional-0006", "regional-0015", "regional-0017", "regional-0029", "regional-0030" ], "has_infrastructure": true, "operational_status": "operational", "operational_status_note": "Infrastructure present; no failure simulation is active.", "connected_hex_ids": [ "regional-0006", "regional-0017", "regional-0029", "regional-0030" ], "connected_hex_count": 4, "confidence_score": 0.62, "confidence_label": "medium", "data_quality_note": "OSM vector feature present; topology is inferred.", "source_mode": "osm_vector_derived", "kiut_role": "visual_reference_only", "infrastructure_score": 14.1 }, "geometry": { "type": "Polygon", "coordinates": [ [ [ 18.655549788716101, 49.589719362996057 ], [ 18.619487732462851, 49.603102552979237 ], [ 18.619277517718061, 49.630094012894482 ], [ 18.655169097137598, 49.643702496567599 ], [ 18.691251452412569, 49.630308323120282 ], [ 18.691421928687781, 49.603316660070625 ], [ 18.655549788716101, 49.589719362996057 ] ] ] } },
{ "type": "Feature", "properties": { "hex_id": "regional-0017", "hex_level": "regional", "hex_edge_m": 3000, "line_count": 45, "line_length_m": 35009.1, "major_line_count": 2, "minor_line_count": 43, "cable_count": 0, "node_count": 663, "substation_count": 1, "transformer_count": 0, "generator_count": 0, "plant_count": 0, "support_count": 662, "switchgear_count": 0, "nearest_power_node_m": 233.4, "neighbor_ids": [ "regional-0006", "regional-0007", "regional-0016", "regional-0018", "regional-0030", "regional-0031" ], "has_infrastructure": true, "operational_status": "operational", "operational_status_note": "Infrastructure present; no failure simulation is active.", "connected_hex_ids": [ "regional-0006", "regional-0007", "regional-0016", "regional-0018", "regional-0030", "regional-0031" ], "connected_hex_count": 6, "confidence_score": 0.85, "confidence_label": "high", "data_quality_note": "OSM vector lines and power nodes in hex.", "source_mode": "osm_vector_derived", "kiut_role": "visual_reference_only", "infrastructure_score": 100.0 }, "geometry": { "type": "Polygon", "coordinates": [ [ [ 18.727464544684903, 49.589911028994301 ], [ 18.691421928687781, 49.603316660070625 ], [ 18.691251452412569, 49.630308323120282 ], [ 18.727163331662769, 49.643894526426706 ], [ 18.763226157706903, 49.630477890242609 ], [ 18.76335689401191, 49.603486066467148 ], [ 18.727464544684903, 49.589911028994301 ] ] ] } },
{ "type": "Feature", "properties": { "hex_id": "regional-0018", "hex_level": "regional", "hex_edge_m": 3000, "line_count": 9, "line_length_m": 8653.0, "major_line_count": 0, "minor_line_count": 8, "cable_count": 1, "node_count": 143, "substation_count": 0, "transformer_count": 0, "generator_count": 0, "plant_count": 0, "support_count": 143, "switchgear_count": 0, "nearest_power_node_m": 583.6, "neighbor_ids": [ "regional-0007", "regional-0008", "regional-0017", "regional-0019", "regional-0031", "regional-0032" ], "has_infrastructure": true, "operational_status": "operational", "operational_status_note": "Infrastructure present; no failure simulation is active.", "connected_hex_ids": [ "regional-0007", "regional-0017", "regional-0019", "regional-0031", "regional-0032" ], "connected_hex_count": 5, "confidence_score": 0.62, "confidence_label": "medium", "data_quality_note": "OSM vector feature present; topology is inferred.", "source_mode": "osm_vector_derived", "kiut_role": "visual_reference_only", "infrastructure_score": 27.6 }, "geometry": { "type": "Polygon", "coordinates": [ [ [ 18.799379979452375, 49.590058014940418 ], [ 18.76335689401191, 49.603486066467148 ], [ 18.763226157706903, 49.630477890242609 ], [ 18.799158247638097, 49.644041791414502 ], [ 18.835201453970623, 49.630602713237884 ], [ 18.835292449154579, 49.603610771147032 ], [ 18.799379979452375, 49.590058014940418 ] ] ] } },
{ "type": "Feature", "properties": { "hex_id": "regional-0019", "hex_level": "regional", "hex_edge_m": 3000, "line_count": 39, "line_length_m": 22500.1, "major_line_count": 0, "minor_line_count": 27, "cable_count": 12, "node_count": 265, "substation_count": 5, "transformer_count": 0, "generator_count": 0, "plant_count": 0, "support_count": 259, "switchgear_count": 1, "nearest_power_node_m": 137.8, "neighbor_ids": [ "regional-0008", "regional-0018", "regional-0020", "regional-0032", "regional-0033" ], "has_infrastructure": true, "operational_status": "operational", "operational_status_note": "Infrastructure present; no failure simulation is active.", "connected_hex_ids": [ "regional-0018", "regional-0020", "regional-0032", "regional-0033" ], "connected_hex_count": 4, "confidence_score": 0.85, "confidence_label": "high", "data_quality_note": "OSM vector lines and power nodes in hex.", "source_mode": "osm_vector_derived", "kiut_role": "visual_reference_only", "infrastructure_score": 100.0 }, "geometry": { "type": "Polygon", "coordinates": [ [ [ 18.835292449154579, 49.603610771147032 ], [ 18.835201453970623, 49.630602713237884 ], [ 18.871153665252873, 49.644144290641634 ], [ 18.907177161563965, 49.630682791352541 ], [ 18.907204848829021, 49.616106632011061 ], [ 18.86880237403269, 49.604258476371243 ], [ 18.84713312575218, 49.599189297152954 ], [ 18.835292449154579, 49.603610771147032 ] ] ] } },
{ "type": "Feature", "properties": { "hex_id": "regional-0020", "hex_level": "regional", "hex_edge_m": 3000, "line_count": 15, "line_length_m": 6248.4, "major_line_count": 0, "minor_line_count": 11, "cable_count": 4, "node_count": 69, "substation_count": 2, "transformer_count": 0, "generator_count": 0, "plant_count": 0, "support_count": 65, "switchgear_count": 2, "nearest_power_node_m": 282.0, "neighbor_ids": [ "regional-0019", "regional-0033", "regional-0034" ], "has_infrastructure": true, "operational_status": "operational", "operational_status_note": "Infrastructure present; no failure simulation is active.", "connected_hex_ids": [ "regional-0019", "regional-0033", "regional-0034" ], "connected_hex_count": 3, "confidence_score": 0.85, "confidence_label": "high", "data_quality_note": "OSM vector lines and power nodes in hex.", "source_mode": "osm_vector_derived", "kiut_role": "visual_reference_only", "infrastructure_score": 59.9 }, "geometry": { "type": "Polygon", "coordinates": [ [ [ 18.907177161563965, 49.630682791352541 ], [ 18.943149404688469, 49.644202023489044 ], [ 18.965348679681615, 49.635890285068612 ], [ 18.942466024283572, 49.626969330142522 ], [ 18.907204848829025, 49.616106632011061 ], [ 18.907177161563965, 49.630682791352541 ] ] ] } },
{ "type": "Feature", "properties": { "hex_id": "regional-0021", "hex_level": "regional", "hex_edge_m": 3000, "line_count": 3, "line_length_m": 1370.7, "major_line_count": 0, "minor_line_count": 3, "cable_count": 0, "node_count": 13, "substation_count": 0, "transformer_count": 0, "generator_count": 0, "plant_count": 0, "support_count": 13, "switchgear_count": 0, "nearest_power_node_m": 635.2, "neighbor_ids": [ "regional-0022", "regional-0036", "regional-0037" ], "has_infrastructure": true, "operational_status": "operational", "operational_status_note": "Infrastructure present; no failure simulation is active.", "connected_hex_ids": [ "regional-0022", "regional-0036", "regional-0037" ], "connected_hex_count": 3, "confidence_score": 0.62, "confidence_label": "medium", "data_quality_note": "OSM vector feature present; topology is inferred.", "source_mode": "osm_vector_derived", "kiut_role": "visual_reference_only", "infrastructure_score": 10.5 }, "geometry": { "type": "Polygon", "coordinates": [ [ [ 18.042476891106375, 49.680745216450838 ], [ 18.078752006526901, 49.667543307711256 ], [ 18.078986410355999, 49.655127509780357 ], [ 18.032531613725894, 49.676908268166777 ], [ 18.042476891106375, 49.680745216450838 ] ] ] } },
{ "type": "Feature", "properties": { "hex_id": "regional-0022", "hex_level": "regional", "hex_edge_m": 3000, "line_count": 36, "line_length_m": 33849.5, "major_line_count": 2, "minor_line_count": 34, "cable_count": 0, "node_count": 327, "substation_count": 3, "transformer_count": 0, "generator_count": 3, "plant_count": 0, "support_count": 321, "switchgear_count": 0, "nearest_power_node_m": 685.9, "neighbor_ids": [ "regional-0009", "regional-0021", "regional-0023", "regional-0037", "regional-0038" ], "has_infrastructure": true, "operational_status": "operational", "operational_status_note": "Infrastructure present; no failure simulation is active.", "connected_hex_ids": [ "regional-0009", "regional-0021", "regional-0023", "regional-0037", "regional-0038" ], "connected_hex_count": 5, "confidence_score": 0.85, "confidence_label": "high", "data_quality_note": "OSM vector lines and power nodes in hex.", "source_mode": "osm_vector_derived", "kiut_role": "visual_reference_only", "infrastructure_score": 100.0 }, "geometry": { "type": "Polygon", "coordinates": [ [ [ 18.078752006526901, 49.667543307711256 ], [ 18.114517803651761, 49.681318488597086 ], [ 18.150774123983236, 49.668093914039751 ], [ 18.151243637194703, 49.641105002628422 ], [ 18.132625952620465, 49.633938893466997 ], [ 18.088564111344379, 49.650632146125226 ], [ 18.078986410355999, 49.655127509780357 ], [ 18.078752006526901, 49.667543307711256 ] ] ] } },
{ "type": "Feature", "properties": { "hex_id": "regional-0023", "hex_level": "regional", "hex_edge_m": 3000, "line_count": 21, "line_length_m": 46354.1, "major_line_count": 6, "minor_line_count": 15, "cable_count": 0, "node_count": 243, "substation_count": 1, "transformer_count": 0, "generator_count": 1, "plant_count": 0, "support_count": 241, "switchgear_count": 0, "nearest_power_node_m": 219.7, "neighbor_ids": [ "regional-0009", "regional-0010", "regional-0022", "regional-0024", "regional-0038", "regional-0039" ], "has_infrastructure": true, "operational_status": "operational", "operational_status_note": "Infrastructure present; no failure simulation is active.", "connected_hex_ids": [ "regional-0009", "regional-0010", "regional-0022", "regional-0024", "regional-0038", "regional-0039" ], "connected_hex_count": 6, "confidence_score": 0.85, "confidence_label": "high", "data_quality_note": "OSM vector lines and power nodes in hex.", "source_mode": "osm_vector_derived", "kiut_role": "visual_reference_only", "infrastructure_score": 100.0 }, "geometry": { "type": "Polygon", "coordinates": [ [ [ 18.187460149565847, 49.627868637716055 ], [ 18.151243637194703, 49.641105002628422 ], [ 18.150774123983236, 49.668093914039751 ], [ 18.18656093179397, 49.68184695065662 ], [ 18.222798364889343, 49.668599729892314 ], [ 18.223228068128588, 49.641610338979618 ], [ 18.187460149565847, 49.627868637716055 ] ] ] } },
{ "type": "Feature", "properties": { "hex_id": "regional-0024", "hex_level": "regional", "hex_edge_m": 3000, "line_count": 9, "line_length_m": 15134.8, "major_line_count": 4, "minor_line_count": 5, "cable_count": 0, "node_count": 82, "substation_count": 0, "transformer_count": 1, "generator_count": 1, "plant_count": 0, "support_count": 80, "switchgear_count": 0, "nearest_power_node_m": 284.2, "neighbor_ids": [ "regional-0010", "regional-0011", "regional-0023", "regional-0025", "regional-0039", "regional-0040" ], "has_infrastructure": true, "operational_status": "operational", "operational_status_note": "Infrastructure present; no failure simulation is active.", "connected_hex_ids": [ "regional-0010", "regional-0011", "regional-0023", "regional-0025", "regional-0039", "regional-0040" ], "connected_hex_count": 6, "confidence_score": 0.85, "confidence_label": "high", "data_quality_note": "OSM vector lines and power nodes in hex.", "source_mode": "osm_vector_derived", "kiut_role": "visual_reference_only", "infrastructure_score": 55.8 }, "geometry": { "type": "Polygon", "coordinates": [ [ [ 18.25942568930007, 49.628351369944305 ], [ 18.223228068128588, 49.641610338979618 ], [ 18.222798364889343, 49.668599729892314 ], [ 18.258606095377672, 49.682330599434643 ], [ 18.294824549249135, 49.669060752212324 ], [ 18.295214438728038, 49.642070924252806 ], [ 18.25942568930007, 49.628351369944305 ] ] ] } },
{ "type": "Feature", "properties": { "hex_id": "regional-0025", "hex_level": "regional", "hex_edge_m": 3000, "line_count": 21, "line_length_m": 29035.6, "major_line_count": 8, "minor_line_count": 13, "cable_count": 0, "node_count": 192, "substation_count": 4, "transformer_count": 1, "generator_count": 4, "plant_count": 0, "support_count": 183, "switchgear_count": 0, "nearest_power_node_m": 550.3, "neighbor_ids": [ "regional-0011", "regional-0012", "regional-0024", "regional-0026", "regional-0040", "regional-0041" ], "has_infrastructure": true, "operational_status": "operational", "operational_status_note": "Infrastructure present; no failure simulation is active.", "connected_hex_ids": [ "regional-0011", "regional-0012", "regional-0024", "regional-0026", "regional-0040", "regional-0041" ], "connected_hex_count": 6, "confidence_score": 0.85, "confidence_label": "high", "data_quality_note": "OSM vector lines and power nodes in hex.", "source_mode": "osm_vector_derived", "kiut_role": "visual_reference_only", "infrastructure_score": 100.0 }, "geometry": { "type": "Polygon", "coordinates": [ [ [ 18.331393077062785, 49.628789370881357 ], [ 18.295214438728038, 49.642070924252806 ], [ 18.294824549249135, 49.669060752212324 ], [ 18.330653114215359, 49.682769432007149 ], [ 18.36685249703585, 49.669476978213694 ], [ 18.367202569317062, 49.642486755666965 ], [ 18.331393077062785, 49.628789370881357 ] ] ] } },
{ "type": "Feature", "properties": { "hex_id": "regional-0026", "hex_level": "regional", "hex_edge_m": 3000, "line_count": 45, "line_length_m": 36946.7, "major_line_count": 31, "minor_line_count": 14, "cable_count": 0, "node_count": 288, "substation_count": 1, "transformer_count": 2, "generator_count": 0, "plant_count": 0, "support_count": 285, "switchgear_count": 0, "nearest_power_node_m": 204.6, "neighbor_ids": [ "regional-0012", "regional-0013", "regional-0025", "regional-0027", "regional-0041", "regional-0042" ], "has_infrastructure": true, "operational_status": "operational", "operational_status_note": "Infrastructure present; no failure simulation is active.", "connected_hex_ids": [ "regional-0012", "regional-0013", "regional-0025", "regional-0027", "regional-0041", "regional-0042" ], "connected_hex_count": 6, "confidence_score": 0.85, "confidence_label": "high", "data_quality_note": "OSM vector lines and power nodes in hex.", "source_mode": "osm_vector_derived", "kiut_role": "visual_reference_only", "infrastructure_score": 100.0 }, "geometry": { "type": "Polygon", "coordinates": [ [ [ 18.403362133338831, 49.629182637883616 ], [ 18.367202569317062, 49.642486755666965 ], [ 18.36685249703585, 49.669476978213694 ], [ 18.402701808090235, 49.683163445720965 ], [ 18.43888202819489, 49.669848405380968 ], [ 18.439192280191932, 49.642857830711165 ], [ 18.403362133338831, 49.629182637883616 ] ] ] } },
{ "type": "Feature", "properties": { "hex_id": "regional-0027", "hex_level": "regional", "hex_edge_m": 3000, "line_count": 10, "line_length_m": 8497.8, "major_line_count": 4, "minor_line_count": 6, "cable_count": 0, "node_count": 39, "substation_count": 0, "transformer_count": 0, "generator_count": 1, "plant_count": 0, "support_count": 38, "switchgear_count": 0, "nearest_power_node_m": 2389.9, "neighbor_ids": [ "regional-0013", "regional-0014", "regional-0026", "regional-0028", "regional-0042", "regional-0043" ], "has_infrastructure": true, "operational_status": "operational", "operational_status_note": "Infrastructure present; no failure simulation is active.", "connected_hex_ids": [ "regional-0013", "regional-0014", "regional-0026", "regional-0028", "regional-0042", "regional-0043" ], "connected_hex_count": 6, "confidence_score": 0.85, "confidence_label": "high", "data_quality_note": "OSM vector lines and power nodes in hex.", "source_mode": "osm_vector_derived", "kiut_role": "visual_reference_only", "infrastructure_score": 41.4 }, "geometry": { "type": "Polygon", "coordinates": [ [ [ 18.475332678586764, 49.629531168577401 ], [ 18.439192280191932, 49.642857830711165 ], [ 18.438882028194893, 49.669848405380968 ], [ 18.474751996759046, 49.683512638193797 ], [ 18.510912962646671, 49.670175031469299 ], [ 18.511183391623998, 49.643184147144666 ], [ 18.475332678586764, 49.629531168577401 ] ] ] } },
{ "type": "Feature", "properties": { "hex_id": "regional-0028", "hex_level": "regional", "hex_edge_m": 3000, "line_count": 2, "line_length_m": 5895.9, "major_line_count": 1, "minor_line_count": 1, "cable_count": 0, "node_count": 32, "substation_count": 0, "transformer_count": 0, "generator_count": 0, "plant_count": 0, "support_count": 32, "switchgear_count": 0, "nearest_power_node_m": 366.2, "neighbor_ids": [ "regional-0014", "regional-0015", "regional-0027", "regional-0029", "regional-0043", "regional-0044" ], "has_infrastructure": true, "operational_status": "operational", "operational_status_note": "Infrastructure present; no failure simulation is active.", "connected_hex_ids": [ "regional-0014", "regional-0027", "regional-0029", "regional-0043", "regional-0044" ], "connected_hex_count": 5, "confidence_score": 0.62, "confidence_label": "medium", "data_quality_note": "OSM vector feature present; topology is inferred.", "source_mode": "osm_vector_derived", "kiut_role": "visual_reference_only", "infrastructure_score": 19.6 }, "geometry": { "type": "Polygon", "coordinates": [ [ [ 18.547304533241682, 49.629834960858943 ], [ 18.511183391624002, 49.643184147144666 ], [ 18.510912962646671, 49.670175031469299 ], [ 18.546803499954926, 49.683817007314204 ], [ 18.582945120289445, 49.670456854504579 ], [ 18.583175723862546, 49.643465702996913 ], [ 18.547304533241682, 49.629834960858943 ] ] ] } },
{ "type": "Feature", "properties": { "hex_id": "regional-0029", "hex_level": "regional", "hex_edge_m": 3000, "line_count": 5, "line_length_m": 10109.9, "major_line_count": 2, "minor_line_count": 3, "cable_count": 0, "node_count": 187, "substation_count": 0, "transformer_count": 0, "generator_count": 1, "plant_count": 0, "support_count": 186, "switchgear_count": 0, "nearest_power_node_m": 905.0, "neighbor_ids": [ "regional-0015", "regional-0016", "regional-0028", "regional-0030", "regional-0044", "regional-0045" ], "has_infrastructure": true, "operational_status": "operational", "operational_status_note": "Infrastructure present; no failure simulation is active.", "connected_hex_ids": [ "regional-0016", "regional-0028", "regional-0030", "regional-0044", "regional-0045" ], "connected_hex_count": 5, "confidence_score": 0.85, "confidence_label": "high", "data_quality_note": "OSM vector lines and power nodes in hex.", "source_mode": "osm_vector_derived", "kiut_role": "visual_reference_only", "infrastructure_score": 34.2 }, "geometry": { "type": "Polygon", "coordinates": [ [ [ 18.619277517718061, 49.630094012894482 ], [ 18.583175723862546, 49.643465702996913 ], [ 18.582945120289448, 49.670456854504579 ], [ 18.618856137390232, 49.684076551241802 ], [ 18.654978321002158, 49.670693872783424 ], [ 18.655169097137598, 49.643702496567599 ], [ 18.619277517718061, 49.630094012894482 ] ] ] } },
{ "type": "Feature", "properties": { "hex_id": "regional-0030", "hex_level": "regional", "hex_edge_m": 3000, "line_count": 16, "line_length_m": 19414.1, "major_line_count": 4, "minor_line_count": 12, "cable_count": 0, "node_count": 516, "substation_count": 20, "transformer_count": 0, "generator_count": 30, "plant_count": 0, "support_count": 466, "switchgear_count": 0, "nearest_power_node_m": 114.1, "neighbor_ids": [ "regional-0016", "regional-0017", "regional-0029", "regional-0031", "regional-0045", "regional-0046" ], "has_infrastructure": true, "operational_status": "operational", "operational_status_note": "Infrastructure present; no failure simulation is active.", "connected_hex_ids": [ "regional-0016", "regional-0017", "regional-0029", "regional-0031", "regional-0045", "regional-0046" ], "connected_hex_count": 6, "confidence_score": 0.85, "confidence_label": "high", "data_quality_note": "OSM vector lines and power nodes in hex.", "source_mode": "osm_vector_derived", "kiut_role": "visual_reference_only", "infrastructure_score": 100.0 }, "geometry": { "type": "Polygon", "coordinates": [ [ [ 18.691251452412569, 49.630308323120282 ], [ 18.655169097137598, 49.643702496567599 ], [ 18.654978321002158, 49.670693872783424 ], [ 18.690909728759408, 49.684291268407151 ], [ 18.727012384647281, 49.67088608487321 ], [ 18.727163331662769, 49.643894526426706 ], [ 18.691251452412569, 49.630308323120282 ] ] ] } },
{ "type": "Feature", "properties": { "hex_id": "regional-0031", "hex_level": "regional", "hex_edge_m": 3000, "line_count": 5, "line_length_m": 5632.2, "major_line_count": 0, "minor_line_count": 5, "cable_count": 0, "node_count": 343, "substation_count": 0, "transformer_count": 0, "generator_count": 6, "plant_count": 0, "support_count": 337, "switchgear_count": 0, "nearest_power_node_m": 23.1, "neighbor_ids": [ "regional-0017", "regional-0018", "regional-0030", "regional-0032", "regional-0046", "regional-0047" ], "has_infrastructure": true, "operational_status": "operational", "operational_status_note": "Infrastructure present; no failure simulation is active.", "connected_hex_ids": [ "regional-0017", "regional-0018", "regional-0030", "regional-0032", "regional-0046", "regional-0047" ], "connected_hex_count": 6, "confidence_score": 0.85, "confidence_label": "high", "data_quality_note": "OSM vector lines and power nodes in hex.", "source_mode": "osm_vector_derived", "kiut_role": "visual_reference_only", "infrastructure_score": 59.3 }, "geometry": { "type": "Polygon", "coordinates": [ [ [ 18.763226157706903, 49.630477890242609 ], [ 18.727163331662769, 49.643894526426706 ], [ 18.727012384647281, 49.67088608487321 ], [ 18.762964093741825, 49.684461157511848 ], [ 18.799047131073671, 49.671033489612142 ], [ 18.799158247638097, 49.644041791414502 ], [ 18.763226157706903, 49.630477890242609 ] ] ] } },
{ "type": "Feature", "properties": { "hex_id": "regional-0032", "hex_level": "regional", "hex_edge_m": 3000, "line_count": 67, "line_length_m": 38381.1, "major_line_count": 8, "minor_line_count": 45, "cable_count": 14, "node_count": 429, "substation_count": 10, "transformer_count": 2, "generator_count": 0, "plant_count": 0, "support_count": 394, "switchgear_count": 23, "nearest_power_node_m": 14.0, "neighbor_ids": [ "regional-0018", "regional-0019", "regional-0031", "regional-0033", "regional-0047", "regional-0048" ], "has_infrastructure": true, "operational_status": "operational", "operational_status_note": "Infrastructure present; no failure simulation is active.", "connected_hex_ids": [ "regional-0018", "regional-0019", "regional-0031", "regional-0033", "regional-0047", "regional-0048" ], "connected_hex_count": 6, "confidence_score": 0.85, "confidence_label": "high", "data_quality_note": "OSM vector lines and power nodes in hex.", "source_mode": "osm_vector_derived", "kiut_role": "visual_reference_only", "infrastructure_score": 100.0 }, "geometry": { "type": "Polygon", "coordinates": [ [ [ 18.835201453970623, 49.630602713237884 ], [ 18.799158247638097, 49.644041791414502 ], [ 18.799047131073671, 49.671033489612142 ], [ 18.835019052004629, 49.684586217528569 ], [ 18.871082380119393, 49.671136086109186 ], [ 18.871153665252869, 49.644144290641634 ], [ 18.835201453970623, 49.630602713237884 ] ] ] } },
{ "type": "Feature", "properties": { "hex_id": "regional-0033", "hex_level": "regional", "hex_edge_m": 3000, "line_count": 14, "line_length_m": 8243.6, "major_line_count": 2, "minor_line_count": 12, "cable_count": 0, "node_count": 110, "substation_count": 1, "transformer_count": 0, "generator_count": 0, "plant_count": 0, "support_count": 108, "switchgear_count": 1, "nearest_power_node_m": 1193.9, "neighbor_ids": [ "regional-0019", "regional-0020", "regional-0032", "regional-0034", "regional-0048", "regional-0049" ], "has_infrastructure": true, "operational_status": "operational", "operational_status_note": "Infrastructure present; no failure simulation is active.", "connected_hex_ids": [ "regional-0019", "regional-0020", "regional-0032", "regional-0034", "regional-0048", "regional-0049" ], "connected_hex_count": 6, "confidence_score": 0.85, "confidence_label": "high", "data_quality_note": "OSM vector lines and power nodes in hex.", "source_mode": "osm_vector_derived", "kiut_role": "visual_reference_only", "infrastructure_score": 55.2 }, "geometry": { "type": "Polygon", "coordinates": [ [ [ 18.907177161563965, 49.630682791352541 ], [ 18.871153665252873, 49.644144290641634 ], [ 18.871082380119393, 49.671136086109186 ], [ 18.907074423205593, 49.684666447701041 ], [ 18.943117951614582, 49.671193873744222 ], [ 18.943149404688469, 49.644202023489044 ], [ 18.907177161563965, 49.630682791352541 ] ] ] } },
{ "type": "Feature", "properties": { "hex_id": "regional-0034", "hex_level": "regional", "hex_edge_m": 3000, "line_count": 8, "line_length_m": 4323.4, "major_line_count": 0, "minor_line_count": 8, "cable_count": 0, "node_count": 66, "substation_count": 0, "transformer_count": 0, "generator_count": 2, "plant_count": 0, "support_count": 64, "switchgear_count": 0, "nearest_power_node_m": 1492.5, "neighbor_ids": [ "regional-0020", "regional-0033", "regional-0035", "regional-0049", "regional-0050" ], "has_infrastructure": true, "operational_status": "operational", "operational_status_note": "Infrastructure present; no failure simulation is active.", "connected_hex_ids": [ "regional-0020", "regional-0033", "regional-0049", "regional-0050" ], "connected_hex_count": 4, "confidence_score": 0.85, "confidence_label": "high", "data_quality_note": "OSM vector lines and power nodes in hex.", "source_mode": "osm_vector_derived", "kiut_role": "visual_reference_only", "infrastructure_score": 32.8 }, "geometry": { "type": "Polygon", "coordinates": [ [ [ 18.943149404688469, 49.644202023489044 ], [ 18.943117951614582, 49.671193873744222 ], [ 18.979130026995971, 49.684701847544076 ], [ 19.015153665384275, 49.671206852167906 ], [ 19.015148797114762, 49.655529809954842 ], [ 19.012424792925046, 49.654218722195814 ], [ 18.965348679681615, 49.635890285068612 ], [ 18.943149404688469, 49.644202023489044 ] ] ] } },
{ "type": "Feature", "properties": { "hex_id": "regional-0035", "hex_level": "regional", "hex_edge_m": 3000, "line_count": 0, "line_length_m": 0.0, "major_line_count": 0, "minor_line_count": 0, "cable_count": 0, "node_count": 0, "substation_count": 0, "transformer_count": 0, "generator_count": 0, "plant_count": 0, "support_count": 0, "switchgear_count": 0, "nearest_power_node_m": 3160.3, "neighbor_ids": [ "regional-0034", "regional-0050", "regional-0051" ], "has_infrastructure": false, "operational_status": "empty", "operational_status_note": "No OSM power infrastructure in this hex.", "connected_hex_ids": [ "regional-0034", "regional-0050", "regional-0051" ], "connected_hex_count": 3, "confidence_score": 0.35, "confidence_label": "low", "data_quality_note": "Nearby OSM feature only; KIUT may be used as visual reference.", "source_mode": "osm_vector_derived", "kiut_role": "visual_reference_only", "infrastructure_score": 0.0 }, "geometry": { "type": "Polygon", "coordinates": [ [ [ 19.015153665384275, 49.671206852167906 ], [ 19.051185683023327, 49.684692416843617 ], [ 19.065009664436374, 49.679504484395281 ], [ 19.015148797114762, 49.655529809954842 ], [ 19.015153665384275, 49.671206852167906 ] ] ] } },
{ "type": "Feature", "properties": { "hex_id": "regional-0036", "hex_level": "regional", "hex_edge_m": 3000, "line_count": 15, "line_length_m": 15290.7, "major_line_count": 4, "minor_line_count": 11, "cable_count": 0, "node_count": 98, "substation_count": 0, "transformer_count": 0, "generator_count": 0, "plant_count": 0, "support_count": 98, "switchgear_count": 0, "nearest_power_node_m": 100.7, "neighbor_ids": [ "regional-0021", "regional-0037", "regional-0053", "regional-0054" ], "has_infrastructure": true, "operational_status": "operational", "operational_status_note": "Infrastructure present; no failure simulation is active.", "connected_hex_ids": [ "regional-0021", "regional-0037", "regional-0053", "regional-0054" ], "connected_hex_count": 4, "confidence_score": 0.62, "confidence_label": "medium", "data_quality_note": "OSM vector feature present; topology is inferred.", "source_mode": "osm_vector_derived", "kiut_role": "visual_reference_only", "infrastructure_score": 44.0 }, "geometry": { "type": "Polygon", "coordinates": [ [ [ 18.00563146674439, 49.720923171584765 ], [ 18.041946473529784, 49.707733133101613 ], [ 18.042476891106375, 49.680745216450838 ], [ 18.032531613725894, 49.676908268166777 ], [ 18.022404105654918, 49.681651552533999 ], [ 17.974673267043467, 49.708970911013211 ], [ 18.00563146674439, 49.720923171584765 ] ] ] } },
{ "type": "Feature", "properties": { "hex_id": "regional-0037", "hex_level": "regional", "hex_edge_m": 3000, "line_count": 30, "line_length_m": 16842.8, "major_line_count": 2, "minor_line_count": 28, "cable_count": 0, "node_count": 164, "substation_count": 2, "transformer_count": 1, "generator_count": 1, "plant_count": 0, "support_count": 160, "switchgear_count": 0, "nearest_power_node_m": 1164.8, "neighbor_ids": [ "regional-0021", "regional-0022", "regional-0036", "regional-0038", "regional-0054", "regional-0055" ], "has_infrastructure": true, "operational_status": "operational", "operational_status_note": "Infrastructure present; no failure simulation is active.", "connected_hex_ids": [ "regional-0021", "regional-0022", "regional-0036", "regional-0038", "regional-0054", "regional-0055" ], "connected_hex_count": 6, "confidence_score": 0.85, "confidence_label": "high", "data_quality_note": "OSM vector lines and power nodes in hex.", "source_mode": "osm_vector_derived", "kiut_role": "visual_reference_only", "infrastructure_score": 100.0 }, "geometry": { "type": "Polygon", "coordinates": [ [ [ 18.078752006526901, 49.667543307711256 ], [ 18.042476891106379, 49.680745216450838 ], [ 18.041946473529787, 49.707733133101613 ], [ 18.077731063520222, 49.721519695714541 ], [ 18.114027279724183, 49.708306949318185 ], [ 18.114517803651761, 49.681318488597086 ], [ 18.078752006526901, 49.667543307711256 ] ] ] } },
{ "type": "Feature", "properties": { "hex_id": "regional-0038", "hex_level": "regional", "hex_edge_m": 3000, "line_count": 17, "line_length_m": 12461.4, "major_line_count": 0, "minor_line_count": 17, "cable_count": 0, "node_count": 132, "substation_count": 0, "transformer_count": 0, "generator_count": 1, "plant_count": 0, "support_count": 131, "switchgear_count": 0, "nearest_power_node_m": 258.7, "neighbor_ids": [ "regional-0022", "regional-0023", "regional-0037", "regional-0039", "regional-0055", "regional-0056" ], "has_infrastructure": true, "operational_status": "operational", "operational_status_note": "Infrastructure present; no failure simulation is active.", "connected_hex_ids": [ "regional-0022", "regional-0023", "regional-0037", "regional-0039", "regional-0055", "regional-0056" ], "connected_hex_count": 6, "confidence_score": 0.85, "confidence_label": "high", "data_quality_note": "OSM vector lines and power nodes in hex.", "source_mode": "osm_vector_derived", "kiut_role": "visual_reference_only", "infrastructure_score": 48.8 }, "geometry": { "type": "Polygon", "coordinates": [ [ [ 18.150774123983236, 49.668093914039751 ], [ 18.114517803651761, 49.681318488597086 ], [ 18.114027279724187, 49.708306949318185 ], [ 18.149832972723477, 49.722071347669292 ], [ 18.186110305846981, 49.708835912931832 ], [ 18.18656093179397, 49.68184695065662 ], [ 18.150774123983236, 49.668093914039751 ] ] ] } },
{ "type": "Feature", "properties": { "hex_id": "regional-0039", "hex_level": "regional", "hex_edge_m": 3000, "line_count": 10, "line_length_m": 21135.9, "major_line_count": 6, "minor_line_count": 2, "cable_count": 2, "node_count": 89, "substation_count": 0, "transformer_count": 0, "generator_count": 0, "plant_count": 0, "support_count": 89, "switchgear_count": 0, "nearest_power_node_m": 136.4, "neighbor_ids": [ "regional-0023", "regional-0024", "regional-0038", "regional-0040", "regional-0056", "regional-0057" ], "has_infrastructure": true, "operational_status": "operational", "operational_status_note": "Infrastructure present; no failure simulation is active.", "connected_hex_ids": [ "regional-0023", "regional-0024", "regional-0038", "regional-0040", "regional-0056", "regional-0057" ], "connected_hex_count": 6, "confidence_score": 0.62, "confidence_label": "medium", "data_quality_note": "OSM vector feature present; topology is inferred.", "source_mode": "osm_vector_derived", "kiut_role": "visual_reference_only", "infrastructure_score": 49.5 }, "geometry": { "type": "Polygon", "coordinates": [ [ [ 18.222798364889343, 49.668599729892314 ], [ 18.186560931793974, 49.68184695065662 ], [ 18.186110305846981, 49.708835912931832 ], [ 18.221937013687636, 49.722578124109816 ], [ 18.258195371390784, 49.709320020742027 ], [ 18.258606095377672, 49.682330599434643 ], [ 18.222798364889343, 49.668599729892314 ] ] ] } },
{ "type": "Feature", "properties": { "hex_id": "regional-0040", "hex_level": "regional", "hex_edge_m": 3000, "line_count": 66, "line_length_m": 81055.6, "major_line_count": 34, "minor_line_count": 31, "cable_count": 1, "node_count": 445, "substation_count": 3, "transformer_count": 2, "generator_count": 1, "plant_count": 1, "support_count": 438, "switchgear_count": 0, "nearest_power_node_m": 670.8, "neighbor_ids": [ "regional-0024", "regional-0025", "regional-0039", "regional-0041", "regional-0057", "regional-0058" ], "has_infrastructure": true, "operational_status": "operational", "operational_status_note": "Infrastructure present; no failure simulation is active.", "connected_hex_ids": [ "regional-0024", "regional-0025", "regional-0039", "regional-0041", "regional-0057", "regional-0058" ], "connected_hex_count": 6, "confidence_score": 0.85, "confidence_label": "high", "data_quality_note": "OSM vector lines and power nodes in hex.", "source_mode": "osm_vector_derived", "kiut_role": "visual_reference_only", "infrastructure_score": 100.0 }, "geometry": { "type": "Polygon", "coordinates": [ [ [ 18.294824549249135, 49.669060752212324 ], [ 18.258606095377672, 49.682330599434643 ], [ 18.258195371390787, 49.709320020742027 ], [ 18.294043005712432, 49.72304002196838 ], [ 18.330282295815969, 49.709759269819422 ], [ 18.330653114215359, 49.682769432007149 ], [ 18.294824549249135, 49.669060752212324 ] ] ] } },
{ "type": "Feature", "properties": { "hex_id": "regional-0041", "hex_level": "regional", "hex_edge_m": 3000, "line_count": 31, "line_length_m": 33435.4, "major_line_count": 3, "minor_line_count": 27, "cable_count": 1, "node_count": 260, "substation_count": 2, "transformer_count": 0, "generator_count": 5, "plant_count": 0, "support_count": 249, "switchgear_count": 4, "nearest_power_node_m": 352.1, "neighbor_ids": [ "regional-0025", "regional-0026", "regional-0040", "regional-0042", "regional-0058", "regional-0059" ], "has_infrastructure": true, "operational_status": "operational", "operational_status_note": "Infrastructure present; no failure simulation is active.", "connected_hex_ids": [ "regional-0025", "regional-0026", "regional-0040", "regional-0042", "regional-0058", "regional-0059" ], "connected_hex_count": 6, "confidence_score": 0.85, "confidence_label": "high", "data_quality_note": "OSM vector lines and power nodes in hex.", "source_mode": "osm_vector_derived", "kiut_role": "visual_reference_only", "infrastructure_score": 100.0 }, "geometry": { "type": "Polygon", "coordinates": [ [ [ 18.36685249703585, 49.669476978213694 ], [ 18.330653114215359, 49.682769432007149 ], [ 18.330282295815969, 49.709759269819422 ], [ 18.366150768066706, 49.723457038448799 ], [ 18.402370898553485, 49.710153657506019 ], [ 18.402701808090235, 49.683163445720965 ], [ 18.36685249703585, 49.669476978213694 ] ] ] } },
{ "type": "Feature", "properties": { "hex_id": "regional-0042", "hex_level": "regional", "hex_edge_m": 3000, "line_count": 24, "line_length_m": 38621.3, "major_line_count": 10, "minor_line_count": 14, "cable_count": 0, "node_count": 215, "substation_count": 0, "transformer_count": 0, "generator_count": 0, "plant_count": 0, "support_count": 215, "switchgear_count": 0, "nearest_power_node_m": 205.7, "neighbor_ids": [ "regional-0026", "regional-0027", "regional-0041", "regional-0043", "regional-0059", "regional-0060" ], "has_infrastructure": true, "operational_status": "operational", "operational_status_note": "Infrastructure present; no failure simulation is active.", "connected_hex_ids": [ "regional-0026", "regional-0027", "regional-0041", "regional-0043", "regional-0059", "regional-0060" ], "connected_hex_count": 6, "confidence_score": 0.62, "confidence_label": "medium", "data_quality_note": "OSM vector feature present; topology is inferred.", "source_mode": "osm_vector_derived", "kiut_role": "visual_reference_only", "infrastructure_score": 88.9 }, "geometry": { "type": "Polygon", "coordinates": [ [ [ 18.438882028194893, 49.669848405380968 ], [ 18.402701808090235, 49.683163445720965 ], [ 18.402370898553485, 49.710153657506019 ], [ 18.438260119991305, 49.723829171026438 ], [ 18.474460999007754, 49.710503181415206 ], [ 18.474751996759046, 49.683512638193797 ], [ 18.438882028194893, 49.669848405380968 ] ] ] } },
{ "type": "Feature", "properties": { "hex_id": "regional-0043", "hex_level": "regional", "hex_edge_m": 3000, "line_count": 18, "line_length_m": 27211.2, "major_line_count": 4, "minor_line_count": 13, "cable_count": 1, "node_count": 175, "substation_count": 0, "transformer_count": 0, "generator_count": 1, "plant_count": 0, "support_count": 174, "switchgear_count": 0, "nearest_power_node_m": 238.6, "neighbor_ids": [ "regional-0027", "regional-0028", "regional-0042", "regional-0044", "regional-0060", "regional-0061" ], "has_infrastructure": true, "operational_status": "operational", "operational_status_note": "Infrastructure present; no failure simulation is active.", "connected_hex_ids": [ "regional-0027", "regional-0028", "regional-0042", "regional-0044", "regional-0060", "regional-0061" ], "connected_hex_count": 6, "confidence_score": 0.85, "confidence_label": "high", "data_quality_note": "OSM vector lines and power nodes in hex.", "source_mode": "osm_vector_derived", "kiut_role": "visual_reference_only", "infrastructure_score": 69.2 }, "geometry": { "type": "Polygon", "coordinates": [ [ [ 18.510912962646671, 49.670175031469299 ], [ 18.474751996759046, 49.683512638193797 ], [ 18.474460999007754, 49.710503181415206 ], [ 18.510370880701892, 49.72415641744832 ], [ 18.5465524165595, 49.710807839431737 ], [ 18.546803499954926, 49.683817007314204 ], [ 18.510912962646671, 49.670175031469299 ] ] ] } },
{ "type": "Feature", "properties": { "hex_id": "regional-0044", "hex_level": "regional", "hex_edge_m": 3000, "line_count": 18, "line_length_m": 20530.4, "major_line_count": 2, "minor_line_count": 15, "cable_count": 1, "node_count": 173, "substation_count": 0, "transformer_count": 0, "generator_count": 0, "plant_count": 0, "support_count": 173, "switchgear_count": 0, "nearest_power_node_m": 139.6, "neighbor_ids": [ "regional-0028", "regional-0029", "regional-0043", "regional-0045", "regional-0061", "regional-0062" ], "has_infrastructure": true, "operational_status": "operational", "operational_status_note": "Infrastructure present; no failure simulation is active.", "connected_hex_ids": [ "regional-0028", "regional-0029", "regional-0043", "regional-0045", "regional-0061", "regional-0062" ], "connected_hex_count": 6, "confidence_score": 0.62, "confidence_label": "medium", "data_quality_note": "OSM vector feature present; topology is inferred.", "source_mode": "osm_vector_derived", "kiut_role": "visual_reference_only", "infrastructure_score": 53.8 }, "geometry": { "type": "Polygon", "coordinates": [ [ [ 18.582945120289448, 49.670456854504579 ], [ 18.546803499954926, 49.683817007314204 ], [ 18.5465524165595, 49.710807839431737 ], [ 18.582482869391839, 49.724438775733169 ], [ 18.618644970568607, 49.711067629711849 ], [ 18.618856137390232, 49.684076551241802 ], [ 18.582945120289448, 49.670456854504579 ] ] ] } },
{ "type": "Feature", "properties": { "hex_id": "regional-0045", "hex_level": "regional", "hex_edge_m": 3000, "line_count": 34, "line_length_m": 26068.9, "major_line_count": 15, "minor_line_count": 17, "cable_count": 2, "node_count": 241, "substation_count": 5, "transformer_count": 0, "generator_count": 5, "plant_count": 1, "support_count": 229, "switchgear_count": 1, "nearest_power_node_m": 1078.0, "neighbor_ids": [ "regional-0029", "regional-0030", "regional-0044", "regional-0046", "regional-0062", "regional-0063" ], "has_infrastructure": true, "operational_status": "operational", "operational_status_note": "Infrastructure present; no failure simulation is active.", "connected_hex_ids": [ "regional-0029", "regional-0030", "regional-0044", "regional-0046", "regional-0062", "regional-0063" ], "connected_hex_count": 6, "confidence_score": 0.85, "confidence_label": "high", "data_quality_note": "OSM vector lines and power nodes in hex.", "source_mode": "osm_vector_derived", "kiut_role": "visual_reference_only", "infrastructure_score": 100.0 }, "geometry": { "type": "Polygon", "coordinates": [ [ [ 18.654978321002158, 49.670693872783424 ], [ 18.618856137390232, 49.684076551241802 ], [ 18.61864497056861, 49.711067629711849 ], [ 18.654595905235073, 49.724676244171384 ], [ 18.690738480376986, 49.711282550683279 ], [ 18.690909728759408, 49.684291268407151 ], [ 18.654978321002158, 49.670693872783424 ] ] ] } },
{ "type": "Feature", "properties": { "hex_id": "regional-0046", "hex_level": "regional", "hex_edge_m": 3000, "line_count": 14, "line_length_m": 12162.9, "major_line_count": 0, "minor_line_count": 13, "cable_count": 1, "node_count": 201, "substation_count": 0, "transformer_count": 0, "generator_count": 0, "plant_count": 0, "support_count": 201, "switchgear_count": 0, "nearest_power_node_m": 388.7, "neighbor_ids": [ "regional-0030", "regional-0031", "regional-0045", "regional-0047", "regional-0063", "regional-0064" ], "has_infrastructure": true, "operational_status": "operational", "operational_status_note": "Infrastructure present; no failure simulation is active.", "connected_hex_ids": [ "regional-0030", "regional-0031", "regional-0045", "regional-0047", "regional-0063", "regional-0064" ], "connected_hex_count": 6, "confidence_score": 0.62, "confidence_label": "medium", "data_quality_note": "OSM vector feature present; topology is inferred.", "source_mode": "osm_vector_derived", "kiut_role": "visual_reference_only", "infrastructure_score": 38.5 }, "geometry": { "type": "Polygon", "coordinates": [ [ [ 18.727012384647281, 49.67088608487321 ], [ 18.690909728759408, 49.684291268407151 ], [ 18.690738480376986, 49.711282550683279 ], [ 18.72670980738895, 49.72486882132516 ], [ 18.762832765311416, 49.711452601045252 ], [ 18.762964093741825, 49.684461157511848 ], [ 18.727012384647281, 49.67088608487321 ] ] ] } },
{ "type": "Feature", "properties": { "hex_id": "regional-0047", "hex_level": "regional", "hex_edge_m": 3000, "line_count": 34, "line_length_m": 20852.3, "major_line_count": 2, "minor_line_count": 27, "cable_count": 5, "node_count": 204, "substation_count": 3, "transformer_count": 1, "generator_count": 0, "plant_count": 1, "support_count": 197, "switchgear_count": 2, "nearest_power_node_m": 1128.9, "neighbor_ids": [ "regional-0031", "regional-0032", "regional-0046", "regional-0048", "regional-0064", "regional-0065" ], "has_infrastructure": true, "operational_status": "operational", "operational_status_note": "Infrastructure present; no failure simulation is active.", "connected_hex_ids": [ "regional-0031", "regional-0032", "regional-0046", "regional-0048", "regional-0064", "regional-0065" ], "connected_hex_count": 6, "confidence_score": 0.85, "confidence_label": "high", "data_quality_note": "OSM vector lines and power nodes in hex.", "source_mode": "osm_vector_derived", "kiut_role": "visual_reference_only", "infrastructure_score": 100.0 }, "geometry": { "type": "Polygon", "coordinates": [ [ [ 18.799047131073671, 49.671033489612142 ], [ 18.762964093741825, 49.684461157511848 ], [ 18.762832765311416, 49.711452601045252 ], [ 18.798824394997094, 49.725016506028446 ], [ 18.834927644686413, 49.711577779768582 ], [ 18.835019052004629, 49.684586217528569 ], [ 18.799047131073671, 49.671033489612142 ] ] ] } },
{ "type": "Feature", "properties": { "hex_id": "regional-0048", "hex_level": "regional", "hex_edge_m": 3000, "line_count": 23, "line_length_m": 22142.2, "major_line_count": 2, "minor_line_count": 20, "cable_count": 1, "node_count": 257, "substation_count": 5, "transformer_count": 0, "generator_count": 1, "plant_count": 0, "support_count": 242, "switchgear_count": 9, "nearest_power_node_m": 135.6, "neighbor_ids": [ "regional-0032", "regional-0033", "regional-0047", "regional-0049", "regional-0065", "regional-0066" ], "has_infrastructure": true, "operational_status": "operational", "operational_status_note": "Infrastructure present; no failure simulation is active.", "connected_hex_ids": [ "regional-0032", "regional-0033", "regional-0047", "regional-0049", "regional-0065", "regional-0066" ], "connected_hex_count": 6, "confidence_score": 0.85, "confidence_label": "high", "data_quality_note": "OSM vector lines and power nodes in hex.", "source_mode": "osm_vector_derived", "kiut_role": "visual_reference_only", "infrastructure_score": 100.0 }, "geometry": { "type": "Polygon", "coordinates": [ [ [ 18.871082380119393, 49.671136086109186 ], [ 18.835019052004629, 49.684586217528569 ], [ 18.834927644686417, 49.711577779768582 ], [ 18.870939487192295, 49.72511929738701 ], [ 18.907022937807103, 49.711658086095618 ], [ 18.907074423205593, 49.684666447701041 ], [ 18.871082380119393, 49.671136086109186 ] ] ] } },
{ "type": "Feature", "properties": { "hex_id": "regional-0049", "hex_level": "regional", "hex_edge_m": 3000, "line_count": 35, "line_length_m": 16023.3, "major_line_count": 0, "minor_line_count": 32, "cable_count": 3, "node_count": 209, "substation_count": 0, "transformer_count": 0, "generator_count": 0, "plant_count": 0, "support_count": 209, "switchgear_count": 0, "nearest_power_node_m": 606.5, "neighbor_ids": [ "regional-0033", "regional-0034", "regional-0048", "regional-0050", "regional-0066", "regional-0067" ], "has_infrastructure": true, "operational_status": "operational", "operational_status_note": "Infrastructure present; no failure simulation is active.", "connected_hex_ids": [ "regional-0033", "regional-0034", "regional-0048", "regional-0050", "regional-0066", "regional-0067" ], "connected_hex_count": 6, "confidence_score": 0.62, "confidence_label": "medium", "data_quality_note": "OSM vector feature present; topology is inferred.", "source_mode": "osm_vector_derived", "kiut_role": "visual_reference_only", "infrastructure_score": 61.8 }, "geometry": { "type": "Polygon", "coordinates": [ [ [ 18.943117951614582, 49.671193873744222 ], [ 18.907074423205597, 49.684666447701041 ], [ 18.907022937807106, 49.711658086095618 ], [ 18.943054903099338, 49.725177194778453 ], [ 18.97911846397205, 49.711693519540304 ], [ 18.979130026995971, 49.684701847544076 ], [ 18.943117951614582, 49.671193873744222 ] ] ] } },
{ "type": "Feature", "properties": { "hex_id": "regional-0050", "hex_level": "regional", "hex_edge_m": 3000, "line_count": 14, "line_length_m": 5813.7, "major_line_count": 0, "minor_line_count": 12, "cable_count": 2, "node_count": 129, "substation_count": 2, "transformer_count": 0, "generator_count": 5, "plant_count": 0, "support_count": 122, "switchgear_count": 0, "nearest_power_node_m": 905.8, "neighbor_ids": [ "regional-0034", "regional-0035", "regional-0049", "regional-0051", "regional-0067", "regional-0068" ], "has_infrastructure": true, "operational_status": "operational", "operational_status_note": "Infrastructure present; no failure simulation is active.", "connected_hex_ids": [ "regional-0034", "regional-0049", "regional-0051", "regional-0067", "regional-0068" ], "connected_hex_count": 5, "confidence_score": 0.85, "confidence_label": "high", "data_quality_note": "OSM vector lines and power nodes in hex.", "source_mode": "osm_vector_derived", "kiut_role": "visual_reference_only", "infrastructure_score": 88.5 }, "geometry": { "type": "Polygon", "coordinates": [ [ [ 19.015153665384275, 49.671206852167906 ], [ 18.979130026995971, 49.684701847544076 ], [ 18.97911846397205, 49.711693519540304 ], [ 19.015170461837894, 49.725190197852179 ], [ 19.051214042476129, 49.711684079888194 ], [ 19.051185683023327, 49.684692416843617 ], [ 19.015153665384275, 49.671206852167906 ] ] ] } },
{ "type": "Feature", "properties": { "hex_id": "regional-0051", "hex_level": "regional", "hex_edge_m": 3000, "line_count": 37, "line_length_m": 23941.9, "major_line_count": 2, "minor_line_count": 30, "cable_count": 5, "node_count": 235, "substation_count": 0, "transformer_count": 0, "generator_count": 7, "plant_count": 0, "support_count": 226, "switchgear_count": 2, "nearest_power_node_m": 290.6, "neighbor_ids": [ "regional-0035", "regional-0050", "regional-0068", "regional-0069" ], "has_infrastructure": true, "operational_status": "operational", "operational_status_note": "Infrastructure present; no failure simulation is active.", "connected_hex_ids": [ "regional-0050", "regional-0068", "regional-0069" ], "connected_hex_count": 3, "confidence_score": 0.85, "confidence_label": "high", "data_quality_note": "OSM vector lines and power nodes in hex.", "source_mode": "osm_vector_derived", "kiut_role": "visual_reference_only", "infrastructure_score": 100.0 }, "geometry": { "type": "Polygon", "coordinates": [ [ [ 19.051185683023327, 49.684692416843617 ], [ 19.051214042476133, 49.711684079888194 ], [ 19.087285982525362, 49.725158306529451 ], [ 19.122605888026971, 49.711894183631308 ], [ 19.078017161747518, 49.685751476638906 ], [ 19.065009664436374, 49.679504484395281 ], [ 19.051185683023327, 49.684692416843617 ] ] ] } },
{ "type": "Feature", "properties": { "hex_id": "regional-0052", "hex_level": "regional", "hex_edge_m": 3000, "line_count": 0, "line_length_m": 0.0, "major_line_count": 0, "minor_line_count": 0, "cable_count": 0, "node_count": 0, "substation_count": 0, "transformer_count": 0, "generator_count": 0, "plant_count": 0, "support_count": 0, "switchgear_count": 0, "nearest_power_node_m": 566.2, "neighbor_ids": [ "regional-0053", "regional-0071", "regional-0072" ], "has_infrastructure": false, "operational_status": "empty", "operational_status_note": "No OSM power infrastructure in this hex.", "connected_hex_ids": [ "regional-0053", "regional-0071", "regional-0072" ], "connected_hex_count": 3, "confidence_score": 0.35, "confidence_label": "low", "data_quality_note": "Nearby OSM feature only; KIUT may be used as visual reference.", "source_mode": "osm_vector_derived", "kiut_role": "visual_reference_only", "infrastructure_score": 0.0 }, "geometry": { "type": "Polygon", "coordinates": [ [ [ 17.932942777693562, 49.747268602357998 ], [ 17.933186647899259, 49.736148724941181 ], [ 17.905417516653394, 49.755436993335088 ], [ 17.901736440369067, 49.758556214387809 ], [ 17.932942777693562, 49.747268602357998 ] ] ] } },
{ "type": "Feature", "properties": { "hex_id": "regional-0053", "hex_level": "regional", "hex_edge_m": 3000, "line_count": 14, "line_length_m": 13384.1, "major_line_count": 0, "minor_line_count": 14, "cable_count": 0, "node_count": 146, "substation_count": 0, "transformer_count": 0, "generator_count": 3, "plant_count": 0, "support_count": 143, "switchgear_count": 0, "nearest_power_node_m": 969.8, "neighbor_ids": [ "regional-0036", "regional-0052", "regional-0054", "regional-0072", "regional-0073" ], "has_infrastructure": true, "operational_status": "operational", "operational_status_note": "Infrastructure present; no failure simulation is active.", "connected_hex_ids": [ "regional-0036", "regional-0054", "regional-0072", "regional-0073" ], "connected_hex_count": 4, "confidence_score": 0.85, "confidence_label": "high", "data_quality_note": "OSM vector lines and power nodes in hex.", "source_mode": "osm_vector_derived", "kiut_role": "visual_reference_only", "infrastructure_score": 54.9 }, "geometry": { "type": "Polygon", "coordinates": [ [ [ 17.932942777693562, 49.747268602357998 ], [ 17.968724872129307, 49.761088734173207 ], [ 18.005079858155248, 49.747910603890638 ], [ 18.00563146674439, 49.720923171584765 ], [ 17.974673267043467, 49.708970911013211 ], [ 17.961159848198061, 49.7166962790266 ], [ 17.933186647899259, 49.736148724941181 ], [ 17.932942777693562, 49.747268602357998 ] ] ] } },
{ "type": "Feature", "properties": { "hex_id": "regional-0054", "hex_level": "regional", "hex_edge_m": 3000, "line_count": 36, "line_length_m": 32771.5, "major_line_count": 1, "minor_line_count": 35, "cable_count": 0, "node_count": 297, "substation_count": 0, "transformer_count": 0, "generator_count": 3, "plant_count": 0, "support_count": 294, "switchgear_count": 0, "nearest_power_node_m": 379.4, "neighbor_ids": [ "regional-0036", "regional-0037", "regional-0053", "regional-0055", "regional-0073", "regional-0074" ], "has_infrastructure": true, "operational_status": "operational", "operational_status_note": "Infrastructure present; no failure simulation is active.", "connected_hex_ids": [ "regional-0036", "regional-0037", "regional-0053", "regional-0055", "regional-0073", "regional-0074" ], "connected_hex_count": 6, "confidence_score": 0.85, "confidence_label": "high", "data_quality_note": "OSM vector lines and power nodes in hex.", "source_mode": "osm_vector_derived", "kiut_role": "visual_reference_only", "infrastructure_score": 100.0 }, "geometry": { "type": "Polygon", "coordinates": [ [ [ 18.041946473529784, 49.707733133101613 ], [ 18.00563146674439, 49.720923171584765 ], [ 18.005079858155248, 49.747910603890638 ], [ 18.04088323640633, 49.761708574623029 ], [ 18.077219436553403, 49.74850769428204 ], [ 18.077731063520218, 49.721519695714541 ], [ 18.041946473529784, 49.707733133101613 ] ] ] } },
{ "type": "Feature", "properties": { "hex_id": "regional-0055", "hex_level": "regional", "hex_edge_m": 3000, "line_count": 17, "line_length_m": 14947.5, "major_line_count": 0, "minor_line_count": 17, "cable_count": 0, "node_count": 152, "substation_count": 0, "transformer_count": 0, "generator_count": 1, "plant_count": 0, "support_count": 151, "switchgear_count": 0, "nearest_power_node_m": 314.2, "neighbor_ids": [ "regional-0037", "regional-0038", "regional-0054", "regional-0056", "regional-0074", "regional-0075" ], "has_infrastructure": true, "operational_status": "operational", "operational_status_note": "Infrastructure present; no failure simulation is active.", "connected_hex_ids": [ "regional-0037", "regional-0038", "regional-0054", "regional-0056", "regional-0074", "regional-0075" ], "connected_hex_count": 6, "confidence_score": 0.85, "confidence_label": "high", "data_quality_note": "OSM vector lines and power nodes in hex.", "source_mode": "osm_vector_derived", "kiut_role": "visual_reference_only", "infrastructure_score": 51.6 }, "geometry": { "type": "Polygon", "coordinates": [ [ [ 18.114027279724183, 49.708306949318185 ], [ 18.077731063520222, 49.721519695714541 ], [ 18.077219436553403, 49.74850769428204 ], [ 18.113044010488984, 49.762283480781335 ], [ 18.149361331904807, 49.749059869915001 ], [ 18.149832972723477, 49.722071347669292 ], [ 18.114027279724183, 49.708306949318185 ] ] ] } },
{ "type": "Feature", "properties": { "hex_id": "regional-0056", "hex_level": "regional", "hex_edge_m": 3000, "line_count": 16, "line_length_m": 11584.0, "major_line_count": 0, "minor_line_count": 16, "cable_count": 0, "node_count": 121, "substation_count": 0, "transformer_count": 0, "generator_count": 0, "plant_count": 0, "support_count": 121, "switchgear_count": 0, "nearest_power_node_m": 16.6, "neighbor_ids": [ "regional-0038", "regional-0039", "regional-0055", "regional-0057", "regional-0075", "regional-0076" ], "has_infrastructure": true, "operational_status": "operational", "operational_status_note": "Infrastructure present; no failure simulation is active.", "connected_hex_ids": [ "regional-0038", "regional-0039", "regional-0055", "regional-0057", "regional-0075", "regional-0076" ], "connected_hex_count": 6, "confidence_score": 0.62, "confidence_label": "medium", "data_quality_note": "OSM vector feature present; topology is inferred.", "source_mode": "osm_vector_derived", "kiut_role": "visual_reference_only", "infrastructure_score": 40.9 }, "geometry": { "type": "Polygon", "coordinates": [ [ [ 18.186110305846981, 49.708835912931832 ], [ 18.149832972723477, 49.722071347669292 ], [ 18.149361331904807, 49.749059869915001 ], [ 18.185207013198298, 49.762813449163758 ], [ 18.221505363189522, 49.749567127444315 ], [ 18.221937013687636, 49.722578124109816 ], [ 18.186110305846981, 49.708835912931832 ] ] ] } },
{ "type": "Feature", "properties": { "hex_id": "regional-0057", "hex_level": "regional", "hex_edge_m": 3000, "line_count": 15, "line_length_m": 39212.8, "major_line_count": 7, "minor_line_count": 8, "cable_count": 0, "node_count": 234, "substation_count": 1, "transformer_count": 0, "generator_count": 2, "plant_count": 0, "support_count": 231, "switchgear_count": 0, "nearest_power_node_m": 850.9, "neighbor_ids": [ "regional-0039", "regional-0040", "regional-0056", "regional-0058", "regional-0076", "regional-0077" ], "has_infrastructure": true, "operational_status": "operational", "operational_status_note": "Infrastructure present; no failure simulation is active.", "connected_hex_ids": [ "regional-0039", "regional-0040", "regional-0056", "regional-0058", "regional-0076", "regional-0077" ], "connected_hex_count": 6, "confidence_score": 0.85, "confidence_label": "high", "data_quality_note": "OSM vector lines and power nodes in hex.", "source_mode": "osm_vector_derived", "kiut_role": "visual_reference_only", "infrastructure_score": 100.0 }, "geometry": { "type": "Polygon", "coordinates": [ [ [ 18.258195371390784, 49.709320020742027 ], [ 18.221937013687636, 49.722578124109816 ], [ 18.221505363189522, 49.749567127444315 ], [ 18.257372063319973, 49.763298476558042 ], [ 18.29365134935377, 49.750029463796608 ], [ 18.294043005712432, 49.72304002196838 ], [ 18.258195371390784, 49.709320020742027 ] ] ] } },
{ "type": "Feature", "properties": { "hex_id": "regional-0058", "hex_level": "regional", "hex_edge_m": 3000, "line_count": 34, "line_length_m": 35201.5, "major_line_count": 8, "minor_line_count": 24, "cable_count": 2, "node_count": 244, "substation_count": 0, "transformer_count": 1, "generator_count": 0, "plant_count": 0, "support_count": 243, "switchgear_count": 0, "nearest_power_node_m": 146.8, "neighbor_ids": [ "regional-0040", "regional-0041", "regional-0057", "regional-0059", "regional-0077", "regional-0078" ], "has_infrastructure": true, "operational_status": "operational", "operational_status_note": "Infrastructure present; no failure simulation is active.", "connected_hex_ids": [ "regional-0040", "regional-0041", "regional-0057", "regional-0059", "regional-0077", "regional-0078" ], "connected_hex_count": 6, "confidence_score": 0.85, "confidence_label": "high", "data_quality_note": "OSM vector lines and power nodes in hex.", "source_mode": "osm_vector_derived", "kiut_role": "visual_reference_only", "infrastructure_score": 99.1 }, "geometry": { "type": "Polygon", "coordinates": [ [ [ 18.330282295815969, 49.709759269819422 ], [ 18.294043005712432, 49.72304002196838 ], [ 18.29365134935377, 49.750029463796608 ], [ 18.329538979607229, 49.763738560024265 ], [ 18.365799109312778, 49.750446876170656 ], [ 18.366150768066706, 49.723457038448799 ], [ 18.330282295815969, 49.709759269819422 ] ] ] } },
{ "type": "Feature", "properties": { "hex_id": "regional-0059", "hex_level": "regional", "hex_edge_m": 3000, "line_count": 24, "line_length_m": 25670.0, "major_line_count": 3, "minor_line_count": 20, "cable_count": 1, "node_count": 190, "substation_count": 0, "transformer_count": 0, "generator_count": 0, "plant_count": 0, "support_count": 190, "switchgear_count": 0, "nearest_power_node_m": 777.4, "neighbor_ids": [ "regional-0041", "regional-0042", "regional-0058", "regional-0060", "regional-0078", "regional-0079" ], "has_infrastructure": true, "operational_status": "operational", "operational_status_note": "Infrastructure present; no failure simulation is active.", "connected_hex_ids": [ "regional-0041", "regional-0042", "regional-0058", "regional-0060", "regional-0078", "regional-0079" ], "connected_hex_count": 6, "confidence_score": 0.62, "confidence_label": "medium", "data_quality_note": "OSM vector feature present; topology is inferred.", "source_mode": "osm_vector_derived", "kiut_role": "visual_reference_only", "infrastructure_score": 66.5 }, "geometry": { "type": "Polygon", "coordinates": [ [ [ 18.402370898553485, 49.710153657506019 ], [ 18.366150768066706, 49.723457038448799 ], [ 18.365799109312778, 49.750446876170656 ], [ 18.40170758078369, 49.764133696894724 ], [ 18.437948461953667, 49.750819362037227 ], [ 18.438260119991305, 49.723829171026438 ], [ 18.402370898553485, 49.710153657506019 ] ] ] } },
{ "type": "Feature", "properties": { "hex_id": "regional-0060", "hex_level": "regional", "hex_edge_m": 3000, "line_count": 21, "line_length_m": 21926.6, "major_line_count": 2, "minor_line_count": 18, "cable_count": 1, "node_count": 174, "substation_count": 0, "transformer_count": 3, "generator_count": 2, "plant_count": 0, "support_count": 169, "switchgear_count": 0, "nearest_power_node_m": 254.7, "neighbor_ids": [ "regional-0042", "regional-0043", "regional-0059", "regional-0061", "regional-0079", "regional-0080" ], "has_infrastructure": true, "operational_status": "operational", "operational_status_note": "Infrastructure present; no failure simulation is active.", "connected_hex_ids": [ "regional-0042", "regional-0043", "regional-0059", "regional-0061", "regional-0079", "regional-0080" ], "connected_hex_count": 6, "confidence_score": 0.85, "confidence_label": "high", "data_quality_note": "OSM vector lines and power nodes in hex.", "source_mode": "osm_vector_derived", "kiut_role": "visual_reference_only", "infrastructure_score": 94.4 }, "geometry": { "type": "Polygon", "coordinates": [ [ [ 18.474460999007754, 49.710503181415206 ], [ 18.438260119991305, 49.723829171026438 ], [ 18.437948461953667, 49.750819362037227 ], [ 18.473877685546256, 49.764483884774116 ], [ 18.510099226138312, 49.751146919139245 ], [ 18.510370880701892, 49.72415641744832 ], [ 18.474460999007754, 49.710503181415206 ] ] ] } },
{ "type": "Feature", "properties": { "hex_id": "regional-0061", "hex_level": "regional", "hex_edge_m": 3000, "line_count": 22, "line_length_m": 29847.0, "major_line_count": 3, "minor_line_count": 19, "cable_count": 0, "node_count": 231, "substation_count": 1, "transformer_count": 0, "generator_count": 1, "plant_count": 0, "support_count": 228, "switchgear_count": 1, "nearest_power_node_m": 412.2, "neighbor_ids": [ "regional-0043", "regional-0044", "regional-0060", "regional-0062", "regional-0080", "regional-0081" ], "has_infrastructure": true, "operational_status": "operational", "operational_status_note": "Infrastructure present; no failure simulation is active.", "connected_hex_ids": [ "regional-0043", "regional-0044", "regional-0060", "regional-0062", "regional-0080", "regional-0081" ], "connected_hex_count": 6, "confidence_score": 0.85, "confidence_label": "high", "data_quality_note": "OSM vector lines and power nodes in hex.", "source_mode": "osm_vector_derived", "kiut_role": "visual_reference_only", "infrastructure_score": 94.2 }, "geometry": { "type": "Polygon", "coordinates": [ [ [ 18.5465524165595, 49.710807839431737 ], [ 18.510370880701892, 49.72415641744832 ], [ 18.510099226138312, 49.751146919139245 ], [ 18.546049112567982, 49.764789121539529 ], [ 18.582251220706208, 49.751429545491824 ], [ 18.582482869391839, 49.724438775733169 ], [ 18.5465524165595, 49.710807839431737 ] ] ] } },
{ "type": "Feature", "properties": { "hex_id": "regional-0062", "hex_level": "regional", "hex_edge_m": 3000, "line_count": 39, "line_length_m": 25539.2, "major_line_count": 3, "minor_line_count": 32, "cable_count": 4, "node_count": 289, "substation_count": 28, "transformer_count": 10, "generator_count": 2, "plant_count": 2, "support_count": 243, "switchgear_count": 4, "nearest_power_node_m": 575.5, "neighbor_ids": [ "regional-0044", "regional-0045", "regional-0061", "regional-0063", "regional-0081", "regional-0082" ], "has_infrastructure": true, "operational_status": "operational", "operational_status_note": "Infrastructure present; no failure simulation is active.", "connected_hex_ids": [ "regional-0044", "regional-0045", "regional-0061", "regional-0063", "regional-0081", "regional-0082" ], "connected_hex_count": 6, "confidence_score": 0.85, "confidence_label": "high", "data_quality_note": "OSM vector lines and power nodes in hex.", "source_mode": "osm_vector_derived", "kiut_role": "visual_reference_only", "infrastructure_score": 100.0 }, "geometry": { "type": "Polygon", "coordinates": [ [ [ 18.618644970568607, 49.711067629711849 ], [ 18.582482869391839, 49.724438775733169 ], [ 18.582251220706212, 49.751429545491824 ], [ 18.61822168050093, 49.765049405340484 ], [ 18.65440426447735, 49.751667239382293 ], [ 18.654595905235073, 49.724676244171384 ], [ 18.618644970568607, 49.711067629711849 ] ] ] } },
{ "type": "Feature", "properties": { "hex_id": "regional-0063", "hex_level": "regional", "hex_edge_m": 3000, "line_count": 73, "line_length_m": 41971.2, "major_line_count": 16, "minor_line_count": 46, "cable_count": 11, "node_count": 431, "substation_count": 17, "transformer_count": 2, "generator_count": 4, "plant_count": 0, "support_count": 406, "switchgear_count": 2, "nearest_power_node_m": 213.2, "neighbor_ids": [ "regional-0045", "regional-0046", "regional-0062", "regional-0064", "regional-0082", "regional-0083" ], "has_infrastructure": true, "operational_status": "operational", "operational_status_note": "Infrastructure present; no failure simulation is active.", "connected_hex_ids": [ "regional-0045", "regional-0046", "regional-0062", "regional-0064", "regional-0082", "regional-0083" ], "connected_hex_count": 6, "confidence_score": 0.85, "confidence_label": "high", "data_quality_note": "OSM vector lines and power nodes in hex.", "source_mode": "osm_vector_derived", "kiut_role": "visual_reference_only", "infrastructure_score": 100.0 }, "geometry": { "type": "Polygon", "coordinates": [ [ [ 18.690738480376986, 49.711282550683279 ], [ 18.654595905235073, 49.724676244171384 ], [ 18.654404264477353, 49.751667239382293 ], [ 18.69039520797909, 49.765264734598979 ], [ 18.726558176255093, 49.751859999370197 ], [ 18.726709807388946, 49.72486882132516 ], [ 18.690738480376986, 49.711282550683279 ] ] ] } },
{ "type": "Feature", "properties": { "hex_id": "regional-0064", "hex_level": "regional", "hex_edge_m": 3000, "line_count": 89, "line_length_m": 47149.4, "major_line_count": 4, "minor_line_count": 65, "cable_count": 20, "node_count": 475, "substation_count": 10, "transformer_count": 0, "generator_count": 0, "plant_count": 0, "support_count": 461, "switchgear_count": 4, "nearest_power_node_m": 302.6, "neighbor_ids": [ "regional-0046", "regional-0047", "regional-0063", "regional-0065", "regional-0083", "regional-0084" ], "has_infrastructure": true, "operational_status": "operational", "operational_status_note": "Infrastructure present; no failure simulation is active.", "connected_hex_ids": [ "regional-0046", "regional-0047", "regional-0063", "regional-0065", "regional-0083", "regional-0084" ], "connected_hex_count": 6, "confidence_score": 0.85, "confidence_label": "high", "data_quality_note": "OSM vector lines and power nodes in hex.", "source_mode": "osm_vector_derived", "kiut_role": "visual_reference_only", "infrastructure_score": 100.0 }, "geometry": { "type": "Polygon", "coordinates": [ [ [ 18.762832765311416, 49.711452601045252 ], [ 18.72670980738895, 49.72486882132516 ], [ 18.726558176255093, 49.751859999370197 ], [ 18.762569513621202, 49.765435108009534 ], [ 18.798712774829031, 49.752007824287375 ], [ 18.798824394997094, 49.725016506028446 ], [ 18.762832765311416, 49.711452601045252 ] ] ] } },
{ "type": "Feature", "properties": { "hex_id": "regional-0065", "hex_level": "regional", "hex_edge_m": 3000, "line_count": 67, "line_length_m": 32963.1, "major_line_count": 10, "minor_line_count": 42, "cable_count": 15, "node_count": 337, "substation_count": 22, "transformer_count": 2, "generator_count": 2, "plant_count": 0, "support_count": 311, "switchgear_count": 0, "nearest_power_node_m": 442.7, "neighbor_ids": [ "regional-0047", "regional-0048", "regional-0064", "regional-0066", "regional-0084", "regional-0085" ], "has_infrastructure": true, "operational_status": "operational", "operational_status_note": "Infrastructure present; no failure simulation is active.", "connected_hex_ids": [ "regional-0047", "regional-0048", "regional-0064", "regional-0066", "regional-0084", "regional-0085" ], "connected_hex_count": 6, "confidence_score": 0.85, "confidence_label": "high", "data_quality_note": "OSM vector lines and power nodes in hex.", "source_mode": "osm_vector_derived", "kiut_role": "visual_reference_only", "infrastructure_score": 100.0 }, "geometry": { "type": "Polygon", "coordinates": [ [ [ 18.834927644686413, 49.711577779768582 ], [ 18.798824394997094, 49.725016506028446 ], [ 18.798712774829035, 49.752007824287375 ], [ 18.834744416033672, 49.765560524539197 ], [ 18.870867878977876, 49.752110713237975 ], [ 18.870939487192295, 49.72511929738701 ], [ 18.834927644686413, 49.711577779768582 ] ] ] } },
{ "type": "Feature", "properties": { "hex_id": "regional-0066", "hex_level": "regional", "hex_edge_m": 3000, "line_count": 47, "line_length_m": 20551.4, "major_line_count": 0, "minor_line_count": 39, "cable_count": 8, "node_count": 347, "substation_count": 1, "transformer_count": 0, "generator_count": 0, "plant_count": 0, "support_count": 344, "switchgear_count": 2, "nearest_power_node_m": 504.9, "neighbor_ids": [ "regional-0048", "regional-0049", "regional-0065", "regional-0067", "regional-0085", "regional-0086" ], "has_infrastructure": true, "operational_status": "operational", "operational_status_note": "Infrastructure present; no failure simulation is active.", "connected_hex_ids": [ "regional-0048", "regional-0049", "regional-0065", "regional-0067", "regional-0085", "regional-0086" ], "connected_hex_count": 6, "confidence_score": 0.85, "confidence_label": "high", "data_quality_note": "OSM vector lines and power nodes in hex.", "source_mode": "osm_vector_derived", "kiut_role": "visual_reference_only", "infrastructure_score": 94.8 }, "geometry": { "type": "Polygon", "coordinates": [ [ [ 18.907022937807103, 49.711658086095618 ], [ 18.870939487192295, 49.72511929738701 ], [ 18.870867878977879, 49.752110713237975 ], [ 18.906919733813435, 49.765640983427581 ], [ 18.943023307472316, 49.752168665598461 ], [ 18.943054903099338, 49.725177194778453 ], [ 18.907022937807103, 49.711658086095618 ] ] ] } },
{ "type": "Feature", "properties": { "hex_id": "regional-0067", "hex_level": "regional", "hex_edge_m": 3000, "line_count": 14, "line_length_m": 5199.6, "major_line_count": 0, "minor_line_count": 13, "cable_count": 1, "node_count": 94, "substation_count": 2, "transformer_count": 1, "generator_count": 0, "plant_count": 0, "support_count": 91, "switchgear_count": 0, "nearest_power_node_m": 1596.0, "neighbor_ids": [ "regional-0049", "regional-0050", "regional-0066", "regional-0068", "regional-0086", "regional-0087" ], "has_infrastructure": true, "operational_status": "operational", "operational_status_note": "Infrastructure present; no failure simulation is active.", "connected_hex_ids": [ "regional-0049", "regional-0050", "regional-0066", "regional-0068", "regional-0086", "regional-0087" ], "connected_hex_count": 6, "confidence_score": 0.85, "confidence_label": "high", "data_quality_note": "OSM vector lines and power nodes in hex.", "source_mode": "osm_vector_derived", "kiut_role": "visual_reference_only", "infrastructure_score": 68.8 }, "geometry": { "type": "Polygon", "coordinates": [ [ [ 18.97911846397205, 49.711693519540304 ], [ 18.943054903099338, 49.725177194778453 ], [ 18.943023307472316, 49.752168665598461 ], [ 18.979095285550837, 49.765676484186862 ], [ 19.015178879077894, 49.752181681017603 ], [ 19.01517046183789, 49.725190197852179 ], [ 18.97911846397205, 49.711693519540304 ] ] ] } },
{ "type": "Feature", "properties": { "hex_id": "regional-0068", "hex_level": "regional", "hex_edge_m": 3000, "line_count": 103, "line_length_m": 39787.7, "major_line_count": 2, "minor_line_count": 86, "cable_count": 15, "node_count": 487, "substation_count": 9, "transformer_count": 0, "generator_count": 6, "plant_count": 0, "support_count": 470, "switchgear_count": 2, "nearest_power_node_m": 220.8, "neighbor_ids": [ "regional-0050", "regional-0051", "regional-0067", "regional-0069", "regional-0087", "regional-0088" ], "has_infrastructure": true, "operational_status": "operational", "operational_status_note": "Infrastructure present; no failure simulation is active.", "connected_hex_ids": [ "regional-0050", "regional-0051", "regional-0067", "regional-0069", "regional-0087", "regional-0088" ], "connected_hex_count": 6, "confidence_score": 0.85, "confidence_label": "high", "data_quality_note": "OSM vector lines and power nodes in hex.", "source_mode": "osm_vector_derived", "kiut_role": "visual_reference_only", "infrastructure_score": 100.0 }, "geometry": { "type": "Polygon", "coordinates": [ [ [ 19.051214042476129, 49.711684079888194 ], [ 19.015170461837894, 49.725190197852179 ], [ 19.015178879077894, 49.752181681017603 ], [ 19.051270889832516, 49.765667026601783 ], [ 19.087334412557887, 49.752149759416533 ], [ 19.087285982525358, 49.725158306529451 ], [ 19.051214042476129, 49.711684079888194 ] ] ] } },
{ "type": "Feature", "properties": { "hex_id": "regional-0069", "hex_level": "regional", "hex_edge_m": 3000, "line_count": 80, "line_length_m": 35540.3, "major_line_count": 2, "minor_line_count": 52, "cable_count": 26, "node_count": 361, "substation_count": 12, "transformer_count": 0, "generator_count": 0, "plant_count": 0, "support_count": 347, "switchgear_count": 2, "nearest_power_node_m": 34.3, "neighbor_ids": [ "regional-0051", "regional-0068", "regional-0070", "regional-0088", "regional-0089" ], "has_infrastructure": true, "operational_status": "operational", "operational_status_note": "Infrastructure present; no failure simulation is active.", "connected_hex_ids": [ "regional-0051", "regional-0068", "regional-0088", "regional-0089" ], "connected_hex_count": 4, "confidence_score": 0.85, "confidence_label": "high", "data_quality_note": "OSM vector lines and power nodes in hex.", "source_mode": "osm_vector_derived", "kiut_role": "visual_reference_only", "infrastructure_score": 100.0 }, "geometry": { "type": "Polygon", "coordinates": [ [ [ 19.087285982525362, 49.725158306529451 ], [ 19.087334412557887, 49.752149759416533 ], [ 19.123446365244259, 49.765612610729704 ], [ 19.159489726676188, 49.752072900988708 ], [ 19.159437378685503, 49.736101960639431 ], [ 19.138619109646854, 49.72127179010667 ], [ 19.122605888026971, 49.711894183631308 ], [ 19.087285982525362, 49.725158306529451 ] ] ] } },
{ "type": "Feature", "properties": { "hex_id": "regional-0070", "hex_level": "regional", "hex_edge_m": 3000, "line_count": 0, "line_length_m": 0.0, "major_line_count": 0, "minor_line_count": 0, "cable_count": 0, "node_count": 0, "substation_count": 0, "transformer_count": 0, "generator_count": 0, "plant_count": 0, "support_count": 0, "switchgear_count": 0, "nearest_power_node_m": 2278.2, "neighbor_ids": [ "regional-0069", "regional-0089", "regional-0090" ], "has_infrastructure": false, "operational_status": "empty", "operational_status_note": "No OSM power infrastructure in this hex.", "connected_hex_ids": [ "regional-0069", "regional-0089", "regional-0090" ], "connected_hex_count": 3, "confidence_score": 0.35, "confidence_label": "low", "data_quality_note": "Nearby OSM feature only; KIUT may be used as visual reference.", "source_mode": "osm_vector_derived", "kiut_role": "visual_reference_only", "infrastructure_score": 0.0 }, "geometry": { "type": "Polygon", "coordinates": [ [ [ 19.159489726676188, 49.752072900988708 ], [ 19.195621530373923, 49.765513236900524 ], [ 19.198316223987469, 49.764499377172193 ], [ 19.193649811756281, 49.760445791981219 ], [ 19.159437378685503, 49.736101960639431 ], [ 19.159489726676188, 49.752072900988708 ] ] ] } },
{ "type": "Feature", "properties": { "hex_id": "regional-0071", "hex_level": "regional", "hex_edge_m": 3000, "line_count": 4, "line_length_m": 3305.9, "major_line_count": 0, "minor_line_count": 4, "cable_count": 0, "node_count": 35, "substation_count": 0, "transformer_count": 0, "generator_count": 0, "plant_count": 0, "support_count": 35, "switchgear_count": 0, "nearest_power_node_m": 264.0, "neighbor_ids": [ "regional-0052", "regional-0072", "regional-0091", "regional-0092" ], "has_infrastructure": true, "operational_status": "operational", "operational_status_note": "Infrastructure present; no failure simulation is active.", "connected_hex_ids": [ "regional-0072", "regional-0091", "regional-0092" ], "connected_hex_count": 3, "confidence_score": 0.62, "confidence_label": "medium", "data_quality_note": "OSM vector feature present; topology is inferred.", "source_mode": "osm_vector_derived", "kiut_role": "visual_reference_only", "infrastructure_score": 13.7 }, "geometry": { "type": "Polygon", "coordinates": [ [ [ 17.859542400772153, 49.800553640831836 ], [ 17.895956141686554, 49.787410268390062 ], [ 17.896511009691793, 49.762983171354044 ], [ 17.855715293721534, 49.797508866908075 ], [ 17.85462209175326, 49.798649618336491 ], [ 17.859542400772153, 49.800553640831836 ] ] ] } },
{ "type": "Feature", "properties": { "hex_id": "regional-0072", "hex_level": "regional", "hex_edge_m": 3000, "line_count": 9, "line_length_m": 9071.7, "major_line_count": 0, "minor_line_count": 9, "cable_count": 0, "node_count": 93, "substation_count": 0, "transformer_count": 0, "generator_count": 0, "plant_count": 0, "support_count": 93, "switchgear_count": 0, "nearest_power_node_m": 234.5, "neighbor_ids": [ "regional-0052", "regional-0053", "regional-0071", "regional-0073", "regional-0092", "regional-0093" ], "has_infrastructure": true, "operational_status": "operational", "operational_status_note": "Infrastructure present; no failure simulation is active.", "connected_hex_ids": [ "regional-0053", "regional-0071", "regional-0073", "regional-0092", "regional-0093" ], "connected_hex_count": 5, "confidence_score": 0.62, "confidence_label": "medium", "data_quality_note": "OSM vector feature present; topology is inferred.", "source_mode": "osm_vector_derived", "kiut_role": "visual_reference_only", "infrastructure_score": 29.1 }, "geometry": { "type": "Polygon", "coordinates": [ [ [ 17.895956141686558, 49.787410268390062 ], [ 17.931756926395188, 49.801241854592448 ], [ 17.968151979694209, 49.788075670543364 ], [ 17.968724872129307, 49.761088734173207 ], [ 17.932942777693562, 49.747268602357998 ], [ 17.901736440369067, 49.758556214387809 ], [ 17.896511009691793, 49.762983171354044 ], [ 17.895956141686558, 49.787410268390062 ] ] ] } },
{ "type": "Feature", "properties": { "hex_id": "regional-0073", "hex_level": "regional", "hex_edge_m": 3000, "line_count": 29, "line_length_m": 21695.0, "major_line_count": 0, "minor_line_count": 29, "cable_count": 0, "node_count": 269, "substation_count": 0, "transformer_count": 0, "generator_count": 0, "plant_count": 0, "support_count": 269, "switchgear_count": 0, "nearest_power_node_m": 288.1, "neighbor_ids": [ "regional-0053", "regional-0054", "regional-0072", "regional-0074", "regional-0093", "regional-0094" ], "has_infrastructure": true, "operational_status": "operational", "operational_status_note": "Infrastructure present; no failure simulation is active.", "connected_hex_ids": [ "regional-0053", "regional-0054", "regional-0072", "regional-0074", "regional-0093", "regional-0094" ], "connected_hex_count": 6, "confidence_score": 0.62, "confidence_label": "medium", "data_quality_note": "OSM vector feature present; topology is inferred.", "source_mode": "osm_vector_derived", "kiut_role": "visual_reference_only", "infrastructure_score": 65.1 }, "geometry": { "type": "Polygon", "coordinates": [ [ [ 18.005079858155248, 49.747910603890638 ], [ 17.968724872129307, 49.761088734173207 ], [ 17.968151979694213, 49.788075670543364 ], [ 18.003974141405326, 49.801885075820287 ], [ 18.040350413724472, 49.788696099517807 ], [ 18.04088323640633, 49.761708574623029 ], [ 18.005079858155248, 49.747910603890638 ] ] ] } },
{ "type": "Feature", "properties": { "hex_id": "regional-0074", "hex_level": "regional", "hex_edge_m": 3000, "line_count": 21, "line_length_m": 22119.6, "major_line_count": 1, "minor_line_count": 20, "cable_count": 0, "node_count": 197, "substation_count": 0, "transformer_count": 0, "generator_count": 0, "plant_count": 0, "support_count": 197, "switchgear_count": 0, "nearest_power_node_m": 490.7, "neighbor_ids": [ "regional-0054", "regional-0055", "regional-0073", "regional-0075", "regional-0094", "regional-0095" ], "has_infrastructure": true, "operational_status": "operational", "operational_status_note": "Infrastructure present; no failure simulation is active.", "connected_hex_ids": [ "regional-0054", "regional-0055", "regional-0073", "regional-0075", "regional-0094", "regional-0095" ], "connected_hex_count": 6, "confidence_score": 0.62, "confidence_label": "medium", "data_quality_note": "OSM vector feature present; topology is inferred.", "source_mode": "osm_vector_derived", "kiut_role": "visual_reference_only", "infrastructure_score": 58.6 }, "geometry": { "type": "Polygon", "coordinates": [ [ [ 18.077219436553403, 49.74850769428204 ], [ 18.04088323640633, 49.761708574623029 ], [ 18.040350413724472, 49.788696099517807 ], [ 18.076193864149754, 49.802483300612202 ], [ 18.112551262281922, 49.789271551550044 ], [ 18.113044010488984, 49.762283480781335 ], [ 18.077219436553403, 49.74850769428204 ] ] ] } },
{ "type": "Feature", "properties": { "hex_id": "regional-0075", "hex_level": "regional", "hex_edge_m": 3000, "line_count": 45, "line_length_m": 25620.4, "major_line_count": 1, "minor_line_count": 42, "cable_count": 2, "node_count": 289, "substation_count": 1, "transformer_count": 2, "generator_count": 0, "plant_count": 0, "support_count": 285, "switchgear_count": 1, "nearest_power_node_m": 483.8, "neighbor_ids": [ "regional-0055", "regional-0056", "regional-0074", "regional-0076", "regional-0095", "regional-0096" ], "has_infrastructure": true, "operational_status": "operational", "operational_status_note": "Infrastructure present; no failure simulation is active.", "connected_hex_ids": [ "regional-0055", "regional-0056", "regional-0074", "regional-0076", "regional-0095", "regional-0096" ], "connected_hex_count": 6, "confidence_score": 0.85, "confidence_label": "high", "data_quality_note": "OSM vector lines and power nodes in hex.", "source_mode": "osm_vector_derived", "kiut_role": "visual_reference_only", "infrastructure_score": 100.0 }, "geometry": { "type": "Polygon", "coordinates": [ [ [ 18.149361331904807, 49.749059869915001 ], [ 18.113044010488984, 49.762283480781335 ], [ 18.112551262281922, 49.789271551550044 ], [ 18.148415912935821, 49.803036525337838 ], [ 18.184754343832825, 49.789802023149363 ], [ 18.185207013198298, 49.762813449163758 ], [ 18.149361331904807, 49.749059869915001 ] ] ] } },
{ "type": "Feature", "properties": { "hex_id": "regional-0076", "hex_level": "regional", "hex_edge_m": 3000, "line_count": 31, "line_length_m": 46496.3, "major_line_count": 10, "minor_line_count": 20, "cable_count": 1, "node_count": 322, "substation_count": 5, "transformer_count": 3, "generator_count": 2, "plant_count": 0, "support_count": 310, "switchgear_count": 2, "nearest_power_node_m": 257.3, "neighbor_ids": [ "regional-0056", "regional-0057", "regional-0075", "regional-0077", "regional-0096", "regional-0097" ], "has_infrastructure": true, "operational_status": "operational", "operational_status_note": "Infrastructure present; no failure simulation is active.", "connected_hex_ids": [ "regional-0056", "regional-0057", "regional-0075", "regional-0077", "regional-0096", "regional-0097" ], "connected_hex_count": 6, "confidence_score": 0.85, "confidence_label": "high", "data_quality_note": "OSM vector lines and power nodes in hex.", "source_mode": "osm_vector_derived", "kiut_role": "visual_reference_only", "infrastructure_score": 100.0 }, "geometry": { "type": "Polygon", "coordinates": [ [ [ 18.221505363189522, 49.749567127444315 ], [ 18.185207013198301, 49.762813449163758 ], [ 18.184754343832825, 49.789802023149363 ], [ 18.220640106033912, 49.803544746639787 ], [ 18.256959476807975, 49.790287511097716 ], [ 18.257372063319973, 49.763298476558042 ], [ 18.221505363189522, 49.749567127444315 ] ] ] } },
{ "type": "Feature", "properties": { "hex_id": "regional-0077", "hex_level": "regional", "hex_edge_m": 3000, "line_count": 40, "line_length_m": 44515.0, "major_line_count": 17, "minor_line_count": 23, "cable_count": 0, "node_count": 316, "substation_count": 23, "transformer_count": 0, "generator_count": 0, "plant_count": 1, "support_count": 292, "switchgear_count": 0, "nearest_power_node_m": 97.8, "neighbor_ids": [ "regional-0057", "regional-0058", "regional-0076", "regional-0078", "regional-0097", "regional-0098" ], "has_infrastructure": true, "operational_status": "operational", "operational_status_note": "Infrastructure present; no failure simulation is active.", "connected_hex_ids": [ "regional-0057", "regional-0058", "regional-0076", "regional-0078", "regional-0097", "regional-0098" ], "connected_hex_count": 6, "confidence_score": 0.85, "confidence_label": "high", "data_quality_note": "OSM vector lines and power nodes in hex.", "source_mode": "osm_vector_derived", "kiut_role": "visual_reference_only", "infrastructure_score": 100.0 }, "geometry": { "type": "Polygon", "coordinates": [ [ [ 18.29365134935377, 49.750029463796608 ], [ 18.257372063319977, 49.763298476558042 ], [ 18.256959476807975, 49.790287511097716 ], [ 18.292866261680341, 49.804007961433513 ], [ 18.329166479605586, 49.790728012449762 ], [ 18.329538979607229, 49.763738560024265 ], [ 18.29365134935377, 49.750029463796608 ] ] ] } },
{ "type": "Feature", "properties": { "hex_id": "regional-0078", "hex_level": "regional", "hex_edge_m": 3000, "line_count": 65, "line_length_m": 40832.8, "major_line_count": 2, "minor_line_count": 60, "cable_count": 3, "node_count": 451, "substation_count": 4, "transformer_count": 0, "generator_count": 0, "plant_count": 0, "support_count": 444, "switchgear_count": 3, "nearest_power_node_m": 230.1, "neighbor_ids": [ "regional-0058", "regional-0059", "regional-0077", "regional-0079", "regional-0098", "regional-0099" ], "has_infrastructure": true, "operational_status": "operational", "operational_status_note": "Infrastructure present; no failure simulation is active.", "connected_hex_ids": [ "regional-0058", "regional-0059", "regional-0077", "regional-0079", "regional-0098", "regional-0099" ], "connected_hex_count": 6, "confidence_score": 0.85, "confidence_label": "high", "data_quality_note": "OSM vector lines and power nodes in hex.", "source_mode": "osm_vector_derived", "kiut_role": "visual_reference_only", "infrastructure_score": 100.0 }, "geometry": { "type": "Polygon", "coordinates": [ [ [ 18.365799109312778, 49.750446876170656 ], [ 18.329538979607229, 49.763738560024265 ], [ 18.329166479605586, 49.790728012449762 ], [ 18.365094198080236, 49.804426166907554 ], [ 18.401375170594189, 49.791123524533013 ], [ 18.40170758078369, 49.764133696894724 ], [ 18.365799109312778, 49.750446876170656 ] ] ] } },
{ "type": "Feature", "properties": { "hex_id": "regional-0079", "hex_level": "regional", "hex_edge_m": 3000, "line_count": 57, "line_length_m": 35895.5, "major_line_count": 3, "minor_line_count": 52, "cable_count": 2, "node_count": 344, "substation_count": 3, "transformer_count": 2, "generator_count": 0, "plant_count": 0, "support_count": 339, "switchgear_count": 0, "nearest_power_node_m": 396.2, "neighbor_ids": [ "regional-0059", "regional-0060", "regional-0078", "regional-0080", "regional-0099", "regional-0100" ], "has_infrastructure": true, "operational_status": "operational", "operational_status_note": "Infrastructure present; no failure simulation is active.", "connected_hex_ids": [ "regional-0059", "regional-0060", "regional-0078", "regional-0080", "regional-0099", "regional-0100" ], "connected_hex_count": 6, "confidence_score": 0.85, "confidence_label": "high", "data_quality_note": "OSM vector lines and power nodes in hex.", "source_mode": "osm_vector_derived", "kiut_role": "visual_reference_only", "infrastructure_score": 100.0 }, "geometry": { "type": "Polygon", "coordinates": [ [ [ 18.437948461953667, 49.750819362037227 ], [ 18.40170758078369, 49.764133696894724 ], [ 18.401375170594189, 49.791123524533013 ], [ 18.437323733410405, 49.804799360523504 ], [ 18.473585368115486, 49.791474044947769 ], [ 18.473877685546256, 49.764483884774116 ], [ 18.437948461953667, 49.750819362037227 ] ] ] } },
{ "type": "Feature", "properties": { "hex_id": "regional-0080", "hex_level": "regional", "hex_edge_m": 3000, "line_count": 40, "line_length_m": 55700.5, "major_line_count": 18, "minor_line_count": 21, "cable_count": 1, "node_count": 338, "substation_count": 3, "transformer_count": 2, "generator_count": 1, "plant_count": 1, "support_count": 331, "switchgear_count": 0, "nearest_power_node_m": 77.0, "neighbor_ids": [ "regional-0060", "regional-0061", "regional-0079", "regional-0081", "regional-0100", "regional-0101" ], "has_infrastructure": true, "operational_status": "operational", "operational_status_note": "Infrastructure present; no failure simulation is active.", "connected_hex_ids": [ "regional-0060", "regional-0061", "regional-0079", "regional-0081", "regional-0100", "regional-0101" ], "connected_hex_count": 6, "confidence_score": 0.85, "confidence_label": "high", "data_quality_note": "OSM vector lines and power nodes in hex.", "source_mode": "osm_vector_derived", "kiut_role": "visual_reference_only", "infrastructure_score": 100.0 }, "geometry": { "type": "Polygon", "coordinates": [ [ [ 18.510099226138312, 49.751146919139245 ], [ 18.47387768554626, 49.764483884774116 ], [ 18.473585368115486, 49.791474044947769 ], [ 18.509554685822266, 49.805127540016066 ], [ 18.545796890487257, 49.791779571567268 ], [ 18.546049112567982, 49.764789121539529 ], [ 18.510099226138312, 49.751146919139245 ] ] ] } },
{ "type": "Feature", "properties": { "hex_id": "regional-0081", "hex_level": "regional", "hex_edge_m": 3000, "line_count": 20, "line_length_m": 17566.8, "major_line_count": 2, "minor_line_count": 15, "cable_count": 3, "node_count": 150, "substation_count": 2, "transformer_count": 0, "generator_count": 2, "plant_count": 0, "support_count": 139, "switchgear_count": 7, "nearest_power_node_m": 1181.7, "neighbor_ids": [ "regional-0061", "regional-0062", "regional-0080", "regional-0082", "regional-0101", "regional-0102" ], "has_infrastructure": true, "operational_status": "operational", "operational_status_note": "Infrastructure present; no failure simulation is active.", "connected_hex_ids": [ "regional-0061", "regional-0062", "regional-0080", "regional-0082", "regional-0101", "regional-0102" ], "connected_hex_count": 6, "confidence_score": 0.85, "confidence_label": "high", "data_quality_note": "OSM vector lines and power nodes in hex.", "source_mode": "osm_vector_derived", "kiut_role": "visual_reference_only", "infrastructure_score": 100.0 }, "geometry": { "type": "Polygon", "coordinates": [ [ [ 18.582251220706212, 49.751429545491824 ], [ 18.546049112567982, 49.764789121539529 ], [ 18.545796890487257, 49.791779571567268 ], [ 18.581786873444688, 49.805410703393115 ], [ 18.618009556006228, 49.792040102537676 ], [ 18.61822168050093, 49.765049405340484 ], [ 18.582251220706212, 49.751429545491824 ] ] ] } },
{ "type": "Feature", "properties": { "hex_id": "regional-0082", "hex_level": "regional", "hex_edge_m": 3000, "line_count": 61, "line_length_m": 42704.1, "major_line_count": 11, "minor_line_count": 47, "cable_count": 3, "node_count": 403, "substation_count": 3, "transformer_count": 2, "generator_count": 0, "plant_count": 0, "support_count": 389, "switchgear_count": 9, "nearest_power_node_m": 211.3, "neighbor_ids": [ "regional-0062", "regional-0063", "regional-0081", "regional-0083", "regional-0102", "regional-0103" ], "has_infrastructure": true, "operational_status": "operational", "operational_status_note": "Infrastructure present; no failure simulation is active.", "connected_hex_ids": [ "regional-0062", "regional-0063", "regional-0081", "regional-0083", "regional-0102", "regional-0103" ], "connected_hex_count": 6, "confidence_score": 0.85, "confidence_label": "high", "data_quality_note": "OSM vector lines and power nodes in hex.", "source_mode": "osm_vector_derived", "kiut_role": "visual_reference_only", "infrastructure_score": 100.0 }, "geometry": { "type": "Polygon", "coordinates": [ [ [ 18.654404264477353, 49.751667239382293 ], [ 18.618221680500934, 49.765049405340484 ], [ 18.618009556006228, 49.792040102537676 ], [ 18.65402011438692, 49.805648848935739 ], [ 18.690223182950977, 49.792255636278099 ], [ 18.69039520797909, 49.765264734598979 ], [ 18.654404264477353, 49.751667239382293 ] ] ] } },
{ "type": "Feature", "properties": { "hex_id": "regional-0083", "hex_level": "regional", "hex_edge_m": 3000, "line_count": 38, "line_length_m": 23157.2, "major_line_count": 0, "minor_line_count": 36, "cable_count": 2, "node_count": 294, "substation_count": 4, "transformer_count": 0, "generator_count": 0, "plant_count": 0, "support_count": 284, "switchgear_count": 6, "nearest_power_node_m": 448.9, "neighbor_ids": [ "regional-0063", "regional-0064", "regional-0082", "regional-0084", "regional-0103", "regional-0104" ], "has_infrastructure": true, "operational_status": "operational", "operational_status_note": "Infrastructure present; no failure simulation is active.", "connected_hex_ids": [ "regional-0063", "regional-0064", "regional-0082", "regional-0084", "regional-0103", "regional-0104" ], "connected_hex_count": 6, "confidence_score": 0.85, "confidence_label": "high", "data_quality_note": "OSM vector lines and power nodes in hex.", "source_mode": "osm_vector_derived", "kiut_role": "visual_reference_only", "infrastructure_score": 100.0 }, "geometry": { "type": "Polygon", "coordinates": [ [ [ 18.726558176255093, 49.751859999370197 ], [ 18.69039520797909, 49.765264734598979 ], [ 18.690223182950977, 49.792255636278099 ], [ 18.72625422674146, 49.805841975198248 ], [ 18.762437589584799, 49.792426171480699 ], [ 18.762569513621202, 49.765435108009534 ], [ 18.726558176255093, 49.751859999370197 ] ] ] } },
{ "type": "Feature", "properties": { "hex_id": "regional-0084", "hex_level": "regional", "hex_edge_m": 3000, "line_count": 101, "line_length_m": 46338.0, "major_line_count": 21, "minor_line_count": 66, "cable_count": 14, "node_count": 462, "substation_count": 16, "transformer_count": 6, "generator_count": 0, "plant_count": 0, "support_count": 436, "switchgear_count": 4, "nearest_power_node_m": 312.8, "neighbor_ids": [ "regional-0064", "regional-0065", "regional-0083", "regional-0085", "regional-0104", "regional-0105" ], "has_infrastructure": true, "operational_status": "operational", "operational_status_note": "Infrastructure present; no failure simulation is active.", "connected_hex_ids": [ "regional-0064", "regional-0065", "regional-0083", "regional-0085", "regional-0104", "regional-0105" ], "connected_hex_count": 6, "confidence_score": 0.85, "confidence_label": "high", "data_quality_note": "OSM vector lines and power nodes in hex.", "source_mode": "osm_vector_derived", "kiut_role": "visual_reference_only", "infrastructure_score": 100.0 }, "geometry": { "type": "Polygon", "coordinates": [ [ [ 18.798712774829035, 49.752007824287375 ], [ 18.762569513621202, 49.765435108009534 ], [ 18.762437589584803, 49.792426171480699 ], [ 18.798489028586943, 49.80599008100824 ], [ 18.834652594158602, 49.79255170711064 ], [ 18.834744416033672, 49.765560524539197 ], [ 18.798712774829035, 49.752007824287375 ] ] ] } },
{ "type": "Feature", "properties": { "hex_id": "regional-0085", "hex_level": "regional", "hex_edge_m": 3000, "line_count": 45, "line_length_m": 30829.1, "major_line_count": 0, "minor_line_count": 40, "cable_count": 5, "node_count": 336, "substation_count": 0, "transformer_count": 0, "generator_count": 3, "plant_count": 0, "support_count": 332, "switchgear_count": 1, "nearest_power_node_m": 107.7, "neighbor_ids": [ "regional-0065", "regional-0066", "regional-0084", "regional-0086", "regional-0105", "regional-0106" ], "has_infrastructure": true, "operational_status": "operational", "operational_status_note": "Infrastructure present; no failure simulation is active.", "connected_hex_ids": [ "regional-0065", "regional-0066", "regional-0084", "regional-0086", "regional-0105", "regional-0106" ], "connected_hex_count": 6, "confidence_score": 0.85, "confidence_label": "high", "data_quality_note": "OSM vector lines and power nodes in hex.", "source_mode": "osm_vector_derived", "kiut_role": "visual_reference_only", "infrastructure_score": 100.0 }, "geometry": { "type": "Polygon", "coordinates": [ [ [ 18.870867878977879, 49.752110713237975 ], [ 18.834744416033672, 49.765560524539197 ], [ 18.834652594158602, 49.79255170711064 ], [ 18.870724337991057, 49.806093165466585 ], [ 18.90686801491379, 49.792632242406157 ], [ 18.906919733813435, 49.765640983427581 ], [ 18.870867878977879, 49.752110713237975 ] ] ] } },
{ "type": "Feature", "properties": { "hex_id": "regional-0086", "hex_level": "regional", "hex_edge_m": 3000, "line_count": 51, "line_length_m": 22003.7, "major_line_count": 0, "minor_line_count": 39, "cable_count": 12, "node_count": 276, "substation_count": 8, "transformer_count": 0, "generator_count": 3, "plant_count": 0, "support_count": 259, "switchgear_count": 6, "nearest_power_node_m": 280.3, "neighbor_ids": [ "regional-0066", "regional-0067", "regional-0085", "regional-0087", "regional-0106", "regional-0107" ], "has_infrastructure": true, "operational_status": "operational", "operational_status_note": "Infrastructure present; no failure simulation is active.", "connected_hex_ids": [ "regional-0066", "regional-0067", "regional-0085", "regional-0087", "regional-0106", "regional-0107" ], "connected_hex_count": 6, "confidence_score": 0.85, "confidence_label": "high", "data_quality_note": "OSM vector lines and power nodes in hex.", "source_mode": "osm_vector_derived", "kiut_role": "visual_reference_only", "infrastructure_score": 100.0 }, "geometry": { "type": "Polygon", "coordinates": [ [ [ 18.943023307472316, 49.752168665598461 ], [ 18.906919733813435, 49.765640983427581 ], [ 18.90686801491379, 49.792632242406157 ], [ 18.942959973013412, 49.806151227947474 ], [ 18.979083670085167, 49.792667776878517 ], [ 18.979095285550837, 49.765676484186862 ], [ 18.943023307472316, 49.752168665598461 ] ] ] } },
{ "type": "Feature", "properties": { "hex_id": "regional-0087", "hex_level": "regional", "hex_edge_m": 3000, "line_count": 19, "line_length_m": 8002.4, "major_line_count": 1, "minor_line_count": 14, "cable_count": 4, "node_count": 108, "substation_count": 3, "transformer_count": 0, "generator_count": 19, "plant_count": 0, "support_count": 85, "switchgear_count": 1, "nearest_power_node_m": 1109.7, "neighbor_ids": [ "regional-0067", "regional-0068", "regional-0086", "regional-0088", "regional-0107", "regional-0108" ], "has_infrastructure": true, "operational_status": "operational", "operational_status_note": "Infrastructure present; no failure simulation is active.", "connected_hex_ids": [ "regional-0067", "regional-0068", "regional-0086", "regional-0088", "regional-0107", "regional-0108" ], "connected_hex_count": 6, "confidence_score": 0.85, "confidence_label": "high", "data_quality_note": "OSM vector lines and power nodes in hex.", "source_mode": "osm_vector_derived", "kiut_role": "visual_reference_only", "infrastructure_score": 100.0 }, "geometry": { "type": "Polygon", "coordinates": [ [ [ 19.015178879077894, 49.752181681017603 ], [ 18.979095285550837, 49.765676484186862 ], [ 18.979083670085171, 49.792667776878517 ], [ 19.01519575170844, 49.806164268098399 ], [ 19.051299377903803, 49.792658310312092 ], [ 19.051270889832516, 49.765667026601783 ], [ 19.015178879077894, 49.752181681017603 ] ] ] } },
{ "type": "Feature", "properties": { "hex_id": "regional-0088", "hex_level": "regional", "hex_edge_m": 3000, "line_count": 73, "line_length_m": 47949.3, "major_line_count": 4, "minor_line_count": 57, "cable_count": 12, "node_count": 548, "substation_count": 17, "transformer_count": 0, "generator_count": 32, "plant_count": 5, "support_count": 484, "switchgear_count": 10, "nearest_power_node_m": 39.1, "neighbor_ids": [ "regional-0068", "regional-0069", "regional-0087", "regional-0089", "regional-0108", "regional-0109" ], "has_infrastructure": true, "operational_status": "operational", "operational_status_note": "Infrastructure present; no failure simulation is active.", "connected_hex_ids": [ "regional-0068", "regional-0069", "regional-0087", "regional-0089", "regional-0108", "regional-0109" ], "connected_hex_count": 6, "confidence_score": 0.85, "confidence_label": "high", "data_quality_note": "OSM vector lines and power nodes in hex.", "source_mode": "osm_vector_derived", "kiut_role": "visual_reference_only", "infrastructure_score": 100.0 }, "geometry": { "type": "Polygon", "coordinates": [ [ [ 19.087334412557887, 49.752149759416533 ], [ 19.051270889832516, 49.765667026601783 ], [ 19.051299377903803, 49.792658310312092 ], [ 19.087431492128296, 49.806132285840206 ], [ 19.123514956599927, 49.792603842764329 ], [ 19.123446365244259, 49.765612610729704 ], [ 19.087334412557887, 49.752149759416533 ] ] ] } },
{ "type": "Feature", "properties": { "hex_id": "regional-0089", "hex_level": "regional", "hex_edge_m": 3000, "line_count": 30, "line_length_m": 14720.2, "major_line_count": 0, "minor_line_count": 24, "cable_count": 6, "node_count": 251, "substation_count": 3, "transformer_count": 0, "generator_count": 0, "plant_count": 1, "support_count": 245, "switchgear_count": 2, "nearest_power_node_m": 828.3, "neighbor_ids": [ "regional-0069", "regional-0070", "regional-0088", "regional-0090", "regional-0109", "regional-0110" ], "has_infrastructure": true, "operational_status": "operational", "operational_status_note": "Infrastructure present; no failure simulation is active.", "connected_hex_ids": [ "regional-0069", "regional-0088", "regional-0090", "regional-0109", "regional-0110" ], "connected_hex_count": 5, "confidence_score": 0.85, "confidence_label": "high", "data_quality_note": "OSM vector lines and power nodes in hex.", "source_mode": "osm_vector_derived", "kiut_role": "visual_reference_only", "infrastructure_score": 100.0 }, "geometry": { "type": "Polygon", "coordinates": [ [ [ 19.159489726676188, 49.752072900988708 ], [ 19.123446365244259, 49.765612610729704 ], [ 19.123514956599927, 49.792603842764329 ], [ 19.159667012325727, 49.806055281367065 ], [ 19.195730224405828, 49.79250437456578 ], [ 19.195621530373923, 49.765513236900524 ], [ 19.159489726676188, 49.752072900988708 ] ] ] } },
{ "type": "Feature", "properties": { "hex_id": "regional-0090", "hex_level": "regional", "hex_edge_m": 3000, "line_count": 33, "line_length_m": 13735.4, "major_line_count": 2, "minor_line_count": 21, "cable_count": 10, "node_count": 107, "substation_count": 7, "transformer_count": 0, "generator_count": 4, "plant_count": 1, "support_count": 95, "switchgear_count": 0, "nearest_power_node_m": 81.5, "neighbor_ids": [ "regional-0070", "regional-0089", "regional-0110", "regional-0111" ], "has_infrastructure": true, "operational_status": "operational", "operational_status_note": "Infrastructure present; no failure simulation is active.", "connected_hex_ids": [ "regional-0089", "regional-0110", "regional-0111" ], "connected_hex_count": 3, "confidence_score": 0.85, "confidence_label": "high", "data_quality_note": "OSM vector lines and power nodes in hex.", "source_mode": "osm_vector_derived", "kiut_role": "visual_reference_only", "infrastructure_score": 100.0 }, "geometry": { "type": "Polygon", "coordinates": [ [ [ 19.195621530373923, 49.765513236900524 ], [ 19.195730224405828, 49.79250437456578 ], [ 19.231902130357, 49.805933255146435 ], [ 19.241781385280365, 49.80221470730568 ], [ 19.198316223987469, 49.764499377172193 ], [ 19.195621530373923, 49.765513236900524 ] ] ] } },
{ "type": "Feature", "properties": { "hex_id": "regional-0091", "hex_level": "regional", "hex_edge_m": 3000, "line_count": 2, "line_length_m": 695.8, "major_line_count": 0, "minor_line_count": 2, "cable_count": 0, "node_count": 11, "substation_count": 0, "transformer_count": 0, "generator_count": 0, "plant_count": 0, "support_count": 11, "switchgear_count": 0, "nearest_power_node_m": 1933.6, "neighbor_ids": [ "regional-0071", "regional-0092", "regional-0112", "regional-0113" ], "has_infrastructure": true, "operational_status": "operational", "operational_status_note": "Infrastructure present; no failure simulation is active.", "connected_hex_ids": [ "regional-0071", "regional-0092", "regional-0112", "regional-0113" ], "connected_hex_count": 4, "confidence_score": 0.62, "confidence_label": "medium", "data_quality_note": "OSM vector feature present; topology is inferred.", "source_mode": "osm_vector_derived", "kiut_role": "visual_reference_only", "infrastructure_score": 10.8 }, "geometry": { "type": "Polygon", "coordinates": [ [ [ 17.822454087613163, 49.840670761930518 ], [ 17.858907978537022, 49.827539416048694 ], [ 17.859542400772153, 49.800553640831836 ], [ 17.85462209175326, 49.798649618336491 ], [ 17.816516390272486, 49.838372281937517 ], [ 17.822454087613163, 49.840670761930518 ] ] ] } },
{ "type": "Feature", "properties": { "hex_id": "regional-0092", "hex_level": "regional", "hex_edge_m": 3000, "line_count": 9, "line_length_m": 10119.2, "major_line_count": 0, "minor_line_count": 9, "cable_count": 0, "node_count": 115, "substation_count": 0, "transformer_count": 0, "generator_count": 0, "plant_count": 0, "support_count": 115, "switchgear_count": 0, "nearest_power_node_m": 68.4, "neighbor_ids": [ "regional-0071", "regional-0072", "regional-0091", "regional-0093", "regional-0113", "regional-0114" ], "has_infrastructure": true, "operational_status": "operational", "operational_status_note": "Infrastructure present; no failure simulation is active.", "connected_hex_ids": [ "regional-0071", "regional-0072", "regional-0091", "regional-0093", "regional-0113", "regional-0114" ], "connected_hex_count": 6, "confidence_score": 0.62, "confidence_label": "medium", "data_quality_note": "OSM vector feature present; topology is inferred.", "source_mode": "osm_vector_derived", "kiut_role": "visual_reference_only", "infrastructure_score": 32.2 }, "geometry": { "type": "Polygon", "coordinates": [ [ [ 17.895956141686554, 49.787410268390062 ], [ 17.859542400772153, 49.800553640831836 ], [ 17.858907978537026, 49.827539416048694 ], [ 17.894727448165483, 49.84138248307346 ], [ 17.931162656926844, 49.828228283379786 ], [ 17.931756926395185, 49.801241854592448 ], [ 17.895956141686554, 49.787410268390062 ] ] ] } },
{ "type": "Feature", "properties": { "hex_id": "regional-0093", "hex_level": "regional", "hex_edge_m": 3000, "line_count": 7, "line_length_m": 10260.9, "major_line_count": 0, "minor_line_count": 7, "cable_count": 0, "node_count": 120, "substation_count": 0, "transformer_count": 0, "generator_count": 0, "plant_count": 0, "support_count": 120, "switchgear_count": 0, "nearest_power_node_m": 99.1, "neighbor_ids": [ "regional-0072", "regional-0073", "regional-0092", "regional-0094", "regional-0114", "regional-0115" ], "has_infrastructure": true, "operational_status": "operational", "operational_status_note": "Infrastructure present; no failure simulation is active.", "connected_hex_ids": [ "regional-0072", "regional-0073", "regional-0092", "regional-0094", "regional-0114", "regional-0115" ], "connected_hex_count": 6, "confidence_score": 0.62, "confidence_label": "medium", "data_quality_note": "OSM vector feature present; topology is inferred.", "source_mode": "osm_vector_derived", "kiut_role": "visual_reference_only", "infrastructure_score": 30.4 }, "geometry": { "type": "Polygon", "coordinates": [ [ [ 17.968151979694209, 49.788075670543364 ], [ 17.931756926395188, 49.801241854592448 ], [ 17.931162656926844, 49.828228283379786 ], [ 17.967003597100188, 49.842049149658969 ], [ 18.003420029978592, 49.828872115467156 ], [ 18.003974141405326, 49.801885075820287 ], [ 17.968151979694209, 49.788075670543364 ] ] ] } },
{ "type": "Feature", "properties": { "hex_id": "regional-0094", "hex_level": "regional", "hex_edge_m": 3000, "line_count": 13, "line_length_m": 11160.6, "major_line_count": 0, "minor_line_count": 13, "cable_count": 0, "node_count": 148, "substation_count": 1, "transformer_count": 0, "generator_count": 0, "plant_count": 0, "support_count": 146, "switchgear_count": 1, "nearest_power_node_m": 632.6, "neighbor_ids": [ "regional-0073", "regional-0074", "regional-0093", "regional-0095", "regional-0115", "regional-0116" ], "has_infrastructure": true, "operational_status": "operational", "operational_status_note": "Infrastructure present; no failure simulation is active.", "connected_hex_ids": [ "regional-0073", "regional-0074", "regional-0093", "regional-0095", "regional-0115", "regional-0116" ], "connected_hex_count": 6, "confidence_score": 0.85, "confidence_label": "high", "data_quality_note": "OSM vector lines and power nodes in hex.", "source_mode": "osm_vector_derived", "kiut_role": "visual_reference_only", "infrastructure_score": 55.4 }, "geometry": { "type": "Polygon", "coordinates": [ [ [ 18.040350413724472, 49.788696099517807 ], [ 18.003974141405326, 49.801885075820287 ], [ 18.003420029978592, 49.828872115467156 ], [ 18.039282352251181, 49.842670757636476 ], [ 18.075679915683445, 49.829470908400559 ], [ 18.076193864149754, 49.802483300612202 ], [ 18.040350413724472, 49.788696099517807 ] ] ] } },
{ "type": "Feature", "properties": { "hex_id": "regional-0095", "hex_level": "regional", "hex_edge_m": 3000, "line_count": 28, "line_length_m": 17854.0, "major_line_count": 1, "minor_line_count": 27, "cable_count": 0, "node_count": 191, "substation_count": 2, "transformer_count": 0, "generator_count": 1, "plant_count": 0, "support_count": 188, "switchgear_count": 0, "nearest_power_node_m": 118.4, "neighbor_ids": [ "regional-0074", "regional-0075", "regional-0094", "regional-0096", "regional-0116", "regional-0117" ], "has_infrastructure": true, "operational_status": "operational", "operational_status_note": "Infrastructure present; no failure simulation is active.", "connected_hex_ids": [ "regional-0074", "regional-0075", "regional-0094", "regional-0096", "regional-0116", "regional-0117" ], "connected_hex_count": 6, "confidence_score": 0.85, "confidence_label": "high", "data_quality_note": "OSM vector lines and power nodes in hex.", "source_mode": "osm_vector_derived", "kiut_role": "visual_reference_only", "infrastructure_score": 96.8 }, "geometry": { "type": "Polygon", "coordinates": [ [ [ 18.112551262281922, 49.789271551550044 ], [ 18.076193864149754, 49.802483300612202 ], [ 18.075679915683448, 49.829470908400559 ], [ 18.111563531410876, 49.843247303228949 ], [ 18.14794213199259, 49.830024658543046 ], [ 18.148415912935818, 49.803036525337838 ], [ 18.112551262281922, 49.789271551550044 ] ] ] } },
{ "type": "Feature", "properties": { "hex_id": "regional-0096", "hex_level": "regional", "hex_edge_m": 3000, "line_count": 83, "line_length_m": 51114.2, "major_line_count": 19, "minor_line_count": 64, "cable_count": 0, "node_count": 455, "substation_count": 7, "transformer_count": 1, "generator_count": 2, "plant_count": 1, "support_count": 443, "switchgear_count": 1, "nearest_power_node_m": 97.1, "neighbor_ids": [ "regional-0075", "regional-0076", "regional-0095", "regional-0097", "regional-0117", "regional-0118" ], "has_infrastructure": true, "operational_status": "operational", "operational_status_note": "Infrastructure present; no failure simulation is active.", "connected_hex_ids": [ "regional-0075", "regional-0076", "regional-0095", "regional-0097", "regional-0117", "regional-0118" ], "connected_hex_count": 6, "confidence_score": 0.85, "confidence_label": "high", "data_quality_note": "OSM vector lines and power nodes in hex.", "source_mode": "osm_vector_derived", "kiut_role": "visual_reference_only", "infrastructure_score": 100.0 }, "geometry": { "type": "Polygon", "coordinates": [ [ [ 18.184754343832825, 49.789802023149363 ], [ 18.148415912935821, 49.803036525337838 ], [ 18.147942131992593, 49.830024658543046 ], [ 18.183846952333088, 49.843778782932937 ], [ 18.220206496820133, 49.830533362531057 ], [ 18.220640106033912, 49.803544746639787 ], [ 18.184754343832825, 49.789802023149363 ] ] ] } },
{ "type": "Feature", "properties": { "hex_id": "regional-0097", "hex_level": "regional", "hex_edge_m": 3000, "line_count": 31, "line_length_m": 28239.7, "major_line_count": 12, "minor_line_count": 19, "cable_count": 0, "node_count": 219, "substation_count": 11, "transformer_count": 0, "generator_count": 1, "plant_count": 1, "support_count": 206, "switchgear_count": 0, "nearest_power_node_m": 1146.5, "neighbor_ids": [ "regional-0076", "regional-0077", "regional-0096", "regional-0098", "regional-0118", "regional-0119" ], "has_infrastructure": true, "operational_status": "operational", "operational_status_note": "Infrastructure present; no failure simulation is active.", "connected_hex_ids": [ "regional-0076", "regional-0077", "regional-0096", "regional-0098", "regional-0118", "regional-0119" ], "connected_hex_count": 6, "confidence_score": 0.85, "confidence_label": "high", "data_quality_note": "OSM vector lines and power nodes in hex.", "source_mode": "osm_vector_derived", "kiut_role": "visual_reference_only", "infrastructure_score": 100.0 }, "geometry": { "type": "Polygon", "coordinates": [ [ [ 18.256959476807975, 49.790287511097716 ], [ 18.220640106033912, 49.803544746639787 ], [ 18.220206496820136, 49.830533362531057 ], [ 18.256132432735939, 49.844265193518652 ], [ 18.292472828046002, 49.830997017274477 ], [ 18.292866261680341, 49.804007961433513 ], [ 18.256959476807975, 49.790287511097716 ] ] ] } },
{ "type": "Feature", "properties": { "hex_id": "regional-0098", "hex_level": "regional", "hex_edge_m": 3000, "line_count": 58, "line_length_m": 38413.5, "major_line_count": 4, "minor_line_count": 54, "cable_count": 0, "node_count": 381, "substation_count": 1, "transformer_count": 0, "generator_count": 1, "plant_count": 0, "support_count": 379, "switchgear_count": 0, "nearest_power_node_m": 32.2, "neighbor_ids": [ "regional-0077", "regional-0078", "regional-0097", "regional-0099", "regional-0119", "regional-0120" ], "has_infrastructure": true, "operational_status": "operational", "operational_status_note": "Infrastructure present; no failure simulation is active.", "connected_hex_ids": [ "regional-0077", "regional-0078", "regional-0097", "regional-0099", "regional-0119", "regional-0120" ], "connected_hex_count": 6, "confidence_score": 0.85, "confidence_label": "high", "data_quality_note": "OSM vector lines and power nodes in hex.", "source_mode": "osm_vector_derived", "kiut_role": "visual_reference_only", "infrastructure_score": 100.0 }, "geometry": { "type": "Polygon", "coordinates": [ [ [ 18.329166479605586, 49.790728012449762 ], [ 18.292866261680341, 49.804007961433513 ], [ 18.292472828046002, 49.830997017274477 ], [ 18.328419790304757, 49.84470653203006 ], [ 18.364740943518811, 49.831415619956708 ], [ 18.365094198080236, 49.804426166907554 ], [ 18.329166479605586, 49.790728012449762 ] ] ] } },
{ "type": "Feature", "properties": { "hex_id": "regional-0099", "hex_level": "regional", "hex_edge_m": 3000, "line_count": 62, "line_length_m": 40911.7, "major_line_count": 11, "minor_line_count": 49, "cable_count": 2, "node_count": 400, "substation_count": 11, "transformer_count": 0, "generator_count": 0, "plant_count": 0, "support_count": 389, "switchgear_count": 0, "nearest_power_node_m": 281.1, "neighbor_ids": [ "regional-0078", "regional-0079", "regional-0098", "regional-0100", "regional-0120", "regional-0121" ], "has_infrastructure": true, "operational_status": "operational", "operational_status_note": "Infrastructure present; no failure simulation is active.", "connected_hex_ids": [ "regional-0078", "regional-0079", "regional-0098", "regional-0100", "regional-0120", "regional-0121" ], "connected_hex_count": 6, "confidence_score": 0.85, "confidence_label": "high", "data_quality_note": "OSM vector lines and power nodes in hex.", "source_mode": "osm_vector_derived", "kiut_role": "visual_reference_only", "infrastructure_score": 100.0 }, "geometry": { "type": "Polygon", "coordinates": [ [ [ 18.401375170594189, 49.791123524533013 ], [ 18.365094198080236, 49.804426166907554 ], [ 18.364740943518811, 49.831415619956708 ], [ 18.400708842694975, 49.845102795784889 ], [ 18.4370106610588, 49.831789168034732 ], [ 18.437323733410405, 49.804799360523504 ], [ 18.401375170594189, 49.791123524533013 ] ] ] } },
{ "type": "Feature", "properties": { "hex_id": "regional-0100", "hex_level": "regional", "hex_edge_m": 3000, "line_count": 29, "line_length_m": 34452.3, "major_line_count": 12, "minor_line_count": 17, "cable_count": 0, "node_count": 236, "substation_count": 4, "transformer_count": 0, "generator_count": 0, "plant_count": 1, "support_count": 231, "switchgear_count": 0, "nearest_power_node_m": 252.2, "neighbor_ids": [ "regional-0079", "regional-0080", "regional-0099", "regional-0101", "regional-0121", "regional-0122" ], "has_infrastructure": true, "operational_status": "operational", "operational_status_note": "Infrastructure present; no failure simulation is active.", "connected_hex_ids": [ "regional-0079", "regional-0080", "regional-0099", "regional-0101", "regional-0121", "regional-0122" ], "connected_hex_count": 6, "confidence_score": 0.85, "confidence_label": "high", "data_quality_note": "OSM vector lines and power nodes in hex.", "source_mode": "osm_vector_derived", "kiut_role": "visual_reference_only", "infrastructure_score": 100.0 }, "geometry": { "type": "Polygon", "coordinates": [ [ [ 18.473585368115486, 49.791474044947769 ], [ 18.437323733410405, 49.804799360523504 ], [ 18.4370106610588, 49.831789168034732 ], [ 18.472999407535017, 49.845453982374714 ], [ 18.509281798460687, 49.832117659239124 ], [ 18.509554685822263, 49.805127540016066 ], [ 18.473585368115486, 49.791474044947769 ] ] ] } },
{ "type": "Feature", "properties": { "hex_id": "regional-0101", "hex_level": "regional", "hex_edge_m": 3000, "line_count": 20, "line_length_m": 30668.4, "major_line_count": 15, "minor_line_count": 4, "cable_count": 1, "node_count": 147, "substation_count": 3, "transformer_count": 0, "generator_count": 1, "plant_count": 0, "support_count": 143, "switchgear_count": 0, "nearest_power_node_m": 137.8, "neighbor_ids": [ "regional-0080", "regional-0081", "regional-0100", "regional-0102", "regional-0122", "regional-0123" ], "has_infrastructure": true, "operational_status": "operational", "operational_status_note": "Infrastructure present; no failure simulation is active.", "connected_hex_ids": [ "regional-0080", "regional-0081", "regional-0100", "regional-0102", "regional-0122", "regional-0123" ], "connected_hex_count": 6, "confidence_score": 0.85, "confidence_label": "high", "data_quality_note": "OSM vector lines and power nodes in hex.", "source_mode": "osm_vector_derived", "kiut_role": "visual_reference_only", "infrastructure_score": 100.0 }, "geometry": { "type": "Polygon", "coordinates": [ [ [ 18.545796890487257, 49.791779571567268 ], [ 18.509554685822266, 49.805127540016066 ], [ 18.509281798460691, 49.832117659239124 ], [ 18.545291302429241, 49.845760089665013 ], [ 18.581554173496606, 49.832401091574148 ], [ 18.581786873444688, 49.805410703393115 ], [ 18.545796890487257, 49.791779571567268 ] ] ] } },
{ "type": "Feature", "properties": { "hex_id": "regional-0102", "hex_level": "regional", "hex_edge_m": 3000, "line_count": 71, "line_length_m": 45007.9, "major_line_count": 20, "minor_line_count": 47, "cable_count": 4, "node_count": 403, "substation_count": 1, "transformer_count": 2, "generator_count": 1, "plant_count": 0, "support_count": 399, "switchgear_count": 0, "nearest_power_node_m": 461.8, "neighbor_ids": [ "regional-0081", "regional-0082", "regional-0101", "regional-0103", "regional-0123", "regional-0124" ], "has_infrastructure": true, "operational_status": "operational", "operational_status_note": "Infrastructure present; no failure simulation is active.", "connected_hex_ids": [ "regional-0081", "regional-0082", "regional-0101", "regional-0103", "regional-0123", "regional-0124" ], "connected_hex_count": 6, "confidence_score": 0.85, "confidence_label": "high", "data_quality_note": "OSM vector lines and power nodes in hex.", "source_mode": "osm_vector_derived", "kiut_role": "visual_reference_only", "infrastructure_score": 100.0 }, "geometry": { "type": "Polygon", "coordinates": [ [ [ 18.618009556006228, 49.792040102537676 ], [ 18.581786873444688, 49.805410703393115 ], [ 18.581554173496606, 49.832401091574148 ], [ 18.617584344960797, 49.846021115795203 ], [ 18.653827603918977, 49.832639463317733 ], [ 18.65402011438692, 49.805648848935739 ], [ 18.618009556006228, 49.792040102537676 ] ] ] } },
{ "type": "Feature", "properties": { "hex_id": "regional-0103", "hex_level": "regional", "hex_edge_m": 3000, "line_count": 36, "line_length_m": 32952.2, "major_line_count": 1, "minor_line_count": 31, "cable_count": 4, "node_count": 328, "substation_count": 3, "transformer_count": 0, "generator_count": 0, "plant_count": 0, "support_count": 319, "switchgear_count": 6, "nearest_power_node_m": 119.0, "neighbor_ids": [ "regional-0082", "regional-0083", "regional-0102", "regional-0104", "regional-0124", "regional-0125" ], "has_infrastructure": true, "operational_status": "operational", "operational_status_note": "Infrastructure present; no failure simulation is active.", "connected_hex_ids": [ "regional-0082", "regional-0083", "regional-0102", "regional-0104", "regional-0124", "regional-0125" ], "connected_hex_count": 6, "confidence_score": 0.85, "confidence_label": "high", "data_quality_note": "OSM vector lines and power nodes in hex.", "source_mode": "osm_vector_derived", "kiut_role": "visual_reference_only", "infrastructure_score": 100.0 }, "geometry": { "type": "Polygon", "coordinates": [ [ [ 18.690223182950977, 49.792255636278099 ], [ 18.65402011438692, 49.805648848935739 ], [ 18.653827603918977, 49.832639463317733 ], [ 18.68987835269456, 49.846237059178634 ], [ 18.72610190746342, 49.832832773021572 ], [ 18.726254226741457, 49.805841975198248 ], [ 18.690223182950977, 49.792255636278099 ] ] ] } },
{ "type": "Feature", "properties": { "hex_id": "regional-0104", "hex_level": "regional", "hex_edge_m": 3000, "line_count": 56, "line_length_m": 40841.0, "major_line_count": 7, "minor_line_count": 44, "cable_count": 5, "node_count": 383, "substation_count": 4, "transformer_count": 0, "generator_count": 0, "plant_count": 0, "support_count": 373, "switchgear_count": 6, "nearest_power_node_m": 494.6, "neighbor_ids": [ "regional-0083", "regional-0084", "regional-0103", "regional-0105", "regional-0125", "regional-0126" ], "has_infrastructure": true, "operational_status": "operational", "operational_status_note": "Infrastructure present; no failure simulation is active.", "connected_hex_ids": [ "regional-0083", "regional-0084", "regional-0103", "regional-0105", "regional-0125", "regional-0126" ], "connected_hex_count": 6, "confidence_score": 0.85, "confidence_label": "high", "data_quality_note": "OSM vector lines and power nodes in hex.", "source_mode": "osm_vector_derived", "kiut_role": "visual_reference_only", "infrastructure_score": 100.0 }, "geometry": { "type": "Polygon", "coordinates": [ [ [ 18.762437589584799, 49.792426171480699 ], [ 18.72625422674146, 49.805841975198248 ], [ 18.726101907463423, 49.832832773021572 ], [ 18.762173143180032, 49.846407918502678 ], [ 18.798376901851668, 49.832981019511109 ], [ 18.798489028586943, 49.80599008100824 ], [ 18.762437589584799, 49.792426171480699 ] ] ] } },
{ "type": "Feature", "properties": { "hex_id": "regional-0105", "hex_level": "regional", "hex_edge_m": 3000, "line_count": 56, "line_length_m": 54940.1, "major_line_count": 5, "minor_line_count": 45, "cable_count": 6, "node_count": 437, "substation_count": 2, "transformer_count": 0, "generator_count": 5, "plant_count": 0, "support_count": 429, "switchgear_count": 1, "nearest_power_node_m": 260.1, "neighbor_ids": [ "regional-0084", "regional-0085", "regional-0104", "regional-0106", "regional-0126", "regional-0127" ], "has_infrastructure": true, "operational_status": "operational", "operational_status_note": "Infrastructure present; no failure simulation is active.", "connected_hex_ids": [ "regional-0084", "regional-0085", "regional-0104", "regional-0106", "regional-0126", "regional-0127" ], "connected_hex_count": 6, "confidence_score": 0.85, "confidence_label": "high", "data_quality_note": "OSM vector lines and power nodes in hex.", "source_mode": "osm_vector_derived", "kiut_role": "visual_reference_only", "infrastructure_score": 100.0 }, "geometry": { "type": "Polygon", "coordinates": [ [ [ 18.834652594158602, 49.79255170711064 ], [ 18.798489028586943, 49.80599008100824 ], [ 18.798376901851668, 49.832981019511109 ], [ 18.834468533954237, 49.846533692728755 ], [ 18.870652404794438, 49.833084201885612 ], [ 18.870724337991057, 49.806093165466585 ], [ 18.834652594158602, 49.79255170711064 ] ] ] } },
{ "type": "Feature", "properties": { "hex_id": "regional-0106", "hex_level": "regional", "hex_edge_m": 3000, "line_count": 67, "line_length_m": 50081.8, "major_line_count": 4, "minor_line_count": 48, "cable_count": 15, "node_count": 451, "substation_count": 2, "transformer_count": 0, "generator_count": 5, "plant_count": 0, "support_count": 435, "switchgear_count": 9, "nearest_power_node_m": 416.2, "neighbor_ids": [ "regional-0085", "regional-0086", "regional-0105", "regional-0107", "regional-0127", "regional-0128" ], "has_infrastructure": true, "operational_status": "operational", "operational_status_note": "Infrastructure present; no failure simulation is active.", "connected_hex_ids": [ "regional-0085", "regional-0086", "regional-0105", "regional-0107", "regional-0127", "regional-0128" ], "connected_hex_count": 6, "confidence_score": 0.85, "confidence_label": "high", "data_quality_note": "OSM vector lines and power nodes in hex.", "source_mode": "osm_vector_derived", "kiut_role": "visual_reference_only", "infrastructure_score": 100.0 }, "geometry": { "type": "Polygon", "coordinates": [ [ [ 18.90686801491379, 49.792632242406157 ], [ 18.870724337991057, 49.806093165466585 ], [ 18.870652404794438, 49.833084201885612 ], [ 18.906764342544644, 49.846614381092287 ], [ 18.942928233994355, 49.83314231951811 ], [ 18.942959973013412, 49.806151227947474 ], [ 18.90686801491379, 49.792632242406157 ] ] ] } },
{ "type": "Feature", "properties": { "hex_id": "regional-0107", "hex_level": "regional", "hex_edge_m": 3000, "line_count": 78, "line_length_m": 37678.1, "major_line_count": 19, "minor_line_count": 41, "cable_count": 18, "node_count": 341, "substation_count": 28, "transformer_count": 5, "generator_count": 1, "plant_count": 1, "support_count": 295, "switchgear_count": 11, "nearest_power_node_m": 122.7, "neighbor_ids": [ "regional-0086", "regional-0087", "regional-0106", "regional-0108", "regional-0128", "regional-0129" ], "has_infrastructure": true, "operational_status": "operational", "operational_status_note": "Infrastructure present; no failure simulation is active.", "connected_hex_ids": [ "regional-0086", "regional-0087", "regional-0106", "regional-0108", "regional-0128", "regional-0129" ], "connected_hex_count": 6, "confidence_score": 0.85, "confidence_label": "high", "data_quality_note": "OSM vector lines and power nodes in hex.", "source_mode": "osm_vector_derived", "kiut_role": "visual_reference_only", "infrastructure_score": 100.0 }, "geometry": { "type": "Polygon", "coordinates": [ [ [ 18.979083670085167, 49.792667776878517 ], [ 18.942959973013412, 49.806151227947474 ], [ 18.942928233994355, 49.83314231951811 ], [ 18.979060386472057, 49.846649983102786 ], [ 19.015204207148855, 49.833155372055458 ], [ 19.01519575170844, 49.806164268098399 ], [ 18.979083670085167, 49.792667776878517 ] ] ] } },
{ "type": "Feature", "properties": { "hex_id": "regional-0108", "hex_level": "regional", "hex_edge_m": 3000, "line_count": 88, "line_length_m": 33892.7, "major_line_count": 37, "minor_line_count": 19, "cable_count": 32, "node_count": 378, "substation_count": 138, "transformer_count": 7, "generator_count": 55, "plant_count": 1, "support_count": 172, "switchgear_count": 5, "nearest_power_node_m": 254.5, "neighbor_ids": [ "regional-0087", "regional-0088", "regional-0107", "regional-0109", "regional-0129", "regional-0130" ], "has_infrastructure": true, "operational_status": "operational", "operational_status_note": "Infrastructure present; no failure simulation is active.", "connected_hex_ids": [ "regional-0087", "regional-0088", "regional-0107", "regional-0109", "regional-0129", "regional-0130" ], "connected_hex_count": 6, "confidence_score": 0.85, "confidence_label": "high", "data_quality_note": "OSM vector lines and power nodes in hex.", "source_mode": "osm_vector_derived", "kiut_role": "visual_reference_only", "infrastructure_score": 100.0 }, "geometry": { "type": "Polygon", "coordinates": [ [ [ 19.051299377903803, 49.792658310312092 ], [ 19.01519575170844, 49.806164268098399 ], [ 19.015204207148855, 49.833155372055458 ], [ 19.051356483253528, 49.846640498543849 ], [ 19.087480141953076, 49.833123359418352 ], [ 19.087431492128292, 49.806132285840206 ], [ 19.051299377903803, 49.792658310312092 ] ] ] } },
{ "type": "Feature", "properties": { "hex_id": "regional-0109", "hex_level": "regional", "hex_edge_m": 3000, "line_count": 49, "line_length_m": 21238.8, "major_line_count": 1, "minor_line_count": 36, "cable_count": 12, "node_count": 194, "substation_count": 4, "transformer_count": 0, "generator_count": 0, "plant_count": 0, "support_count": 189, "switchgear_count": 1, "nearest_power_node_m": 205.5, "neighbor_ids": [ "regional-0088", "regional-0089", "regional-0108", "regional-0110", "regional-0130", "regional-0131" ], "has_infrastructure": true, "operational_status": "operational", "operational_status_note": "Infrastructure present; no failure simulation is active.", "connected_hex_ids": [ "regional-0088", "regional-0089", "regional-0108", "regional-0110", "regional-0130", "regional-0131" ], "connected_hex_count": 6, "confidence_score": 0.85, "confidence_label": "high", "data_quality_note": "OSM vector lines and power nodes in hex.", "source_mode": "osm_vector_derived", "kiut_role": "visual_reference_only", "infrastructure_score": 100.0 }, "geometry": { "type": "Polygon", "coordinates": [ [ [ 19.123514956599927, 49.792603842764329 ], [ 19.087431492128296, 49.806132285840206 ], [ 19.087480141953076, 49.833123359418352 ], [ 19.123652450405284, 49.846585927473122 ], [ 19.15975585610277, 49.833046281801309 ], [ 19.159667012325727, 49.806055281367065 ], [ 19.123514956599927, 49.792603842764329 ] ] ] } },
{ "type": "Feature", "properties": { "hex_id": "regional-0110", "hex_level": "regional", "hex_edge_m": 3000, "line_count": 74, "line_length_m": 47223.9, "major_line_count": 3, "minor_line_count": 47, "cable_count": 24, "node_count": 359, "substation_count": 9, "transformer_count": 0, "generator_count": 1, "plant_count": 1, "support_count": 348, "switchgear_count": 0, "nearest_power_node_m": 497.9, "neighbor_ids": [ "regional-0089", "regional-0090", "regional-0109", "regional-0111", "regional-0131", "regional-0132" ], "has_infrastructure": true, "operational_status": "operational", "operational_status_note": "Infrastructure present; no failure simulation is active.", "connected_hex_ids": [ "regional-0089", "regional-0090", "regional-0109", "regional-0111", "regional-0131", "regional-0132" ], "connected_hex_count": 6, "confidence_score": 0.85, "confidence_label": "high", "data_quality_note": "OSM vector lines and power nodes in hex.", "source_mode": "osm_vector_derived", "kiut_role": "visual_reference_only", "infrastructure_score": 100.0 }, "geometry": { "type": "Polygon", "coordinates": [ [ [ 19.195730224405828, 49.79250437456578 ], [ 19.159667012325727, 49.806055281367065 ], [ 19.15975585610277, 49.833046281801309 ], [ 19.195948105445598, 49.846486270222329 ], [ 19.232031167297198, 49.832924139672684 ], [ 19.231902130357, 49.805933255146435 ], [ 19.195730224405828, 49.79250437456578 ] ] ] } },
{ "type": "Feature", "properties": { "hex_id": "regional-0111", "hex_level": "regional", "hex_edge_m": 3000, "line_count": 10, "line_length_m": 4279.7, "major_line_count": 0, "minor_line_count": 7, "cable_count": 3, "node_count": 55, "substation_count": 1, "transformer_count": 0, "generator_count": 9, "plant_count": 0, "support_count": 45, "switchgear_count": 0, "nearest_power_node_m": 620.0, "neighbor_ids": [ "regional-0090", "regional-0110", "regional-0132", "regional-0133" ], "has_infrastructure": true, "operational_status": "operational", "operational_status_note": "Infrastructure present; no failure simulation is active.", "connected_hex_ids": [ "regional-0090", "regional-0110", "regional-0132", "regional-0133" ], "connected_hex_count": 4, "confidence_score": 0.85, "confidence_label": "high", "data_quality_note": "OSM vector lines and power nodes in hex.", "source_mode": "osm_vector_derived", "kiut_role": "visual_reference_only", "infrastructure_score": 88.8 }, "geometry": { "type": "Polygon", "coordinates": [ [ [ 19.231902130357, 49.805933255146435 ], [ 19.232031167297198, 49.832924139672684 ], [ 19.268243265897723, 49.846341527397264 ], [ 19.279262950298833, 49.842192471533387 ], [ 19.242577096872221, 49.802904456362612 ], [ 19.241781385280365, 49.80221470730568 ], [ 19.231902130357, 49.805933255146435 ] ] ] } },
{ "type": "Feature", "properties": { "hex_id": "regional-0112", "hex_level": "regional", "hex_edge_m": 3000, "line_count": 4, "line_length_m": 1511.4, "major_line_count": 0, "minor_line_count": 4, "cable_count": 0, "node_count": 19, "substation_count": 0, "transformer_count": 0, "generator_count": 0, "plant_count": 0, "support_count": 19, "switchgear_count": 0, "nearest_power_node_m": 1019.1, "neighbor_ids": [ "regional-0091", "regional-0113", "regional-0134", "regional-0135" ], "has_infrastructure": true, "operational_status": "operational", "operational_status_note": "Infrastructure present; no failure simulation is active.", "connected_hex_ids": [ "regional-0091", "regional-0113", "regional-0134", "regional-0135" ], "connected_hex_count": 4, "confidence_score": 0.62, "confidence_label": "medium", "data_quality_note": "OSM vector feature present; topology is inferred.", "source_mode": "osm_vector_derived", "kiut_role": "visual_reference_only", "infrastructure_score": 13.7 }, "geometry": { "type": "Polygon", "coordinates": [ [ [ 17.7853039774783, 49.880775276447771 ], [ 17.821798106556635, 49.867655995386521 ], [ 17.822454087613163, 49.840670761930518 ], [ 17.816516390272486, 49.838372281937517 ], [ 17.812538169590507, 49.842514780300256 ], [ 17.783814424679356, 49.880198540509973 ], [ 17.7853039774783, 49.880775276447771 ] ] ] } },
{ "type": "Feature", "properties": { "hex_id": "regional-0113", "hex_level": "regional", "hex_edge_m": 3000, "line_count": 24, "line_length_m": 15122.2, "major_line_count": 0, "minor_line_count": 23, "cable_count": 1, "node_count": 171, "substation_count": 0, "transformer_count": 0, "generator_count": 1, "plant_count": 0, "support_count": 170, "switchgear_count": 0, "nearest_power_node_m": 555.8, "neighbor_ids": [ "regional-0091", "regional-0092", "regional-0112", "regional-0114", "regional-0135", "regional-0136" ], "has_infrastructure": true, "operational_status": "operational", "operational_status_note": "Infrastructure present; no failure simulation is active.", "connected_hex_ids": [ "regional-0091", "regional-0092", "regional-0112", "regional-0114", "regional-0135", "regional-0136" ], "connected_hex_count": 6, "confidence_score": 0.85, "confidence_label": "high", "data_quality_note": "OSM vector lines and power nodes in hex.", "source_mode": "osm_vector_derived", "kiut_role": "visual_reference_only", "infrastructure_score": 57.8 }, "geometry": { "type": "Polygon", "coordinates": [ [ [ 17.858907978537026, 49.827539416048694 ], [ 17.822454087613163, 49.840670761930518 ], [ 17.821798106556635, 49.867655995386521 ], [ 17.857636255551792, 49.881510569701234 ], [ 17.894111708121319, 49.868368392574212 ], [ 17.894727448165483, 49.84138248307346 ], [ 17.858907978537026, 49.827539416048694 ] ] ] } },
{ "type": "Feature", "properties": { "hex_id": "regional-0114", "hex_level": "regional", "hex_edge_m": 3000, "line_count": 8, "line_length_m": 6055.8, "major_line_count": 0, "minor_line_count": 8, "cable_count": 0, "node_count": 74, "substation_count": 0, "transformer_count": 0, "generator_count": 0, "plant_count": 0, "support_count": 74, "switchgear_count": 0, "nearest_power_node_m": 1116.7, "neighbor_ids": [ "regional-0092", "regional-0093", "regional-0113", "regional-0115", "regional-0136", "regional-0137" ], "has_infrastructure": true, "operational_status": "operational", "operational_status_note": "Infrastructure present; no failure simulation is active.", "connected_hex_ids": [ "regional-0092", "regional-0093", "regional-0113", "regional-0115", "regional-0136", "regional-0137" ], "connected_hex_count": 6, "confidence_score": 0.62, "confidence_label": "medium", "data_quality_note": "OSM vector feature present; topology is inferred.", "source_mode": "osm_vector_derived", "kiut_role": "visual_reference_only", "infrastructure_score": 26.7 }, "geometry": { "type": "Polygon", "coordinates": [ [ [ 17.931162656926844, 49.828228283379786 ], [ 17.894727448165483, 49.84138248307346 ], [ 17.894111708121319, 49.868368392574212 ], [ 17.929971421560413, 49.882200746345994 ], [ 17.96642810354335, 49.869035692426365 ], [ 17.967003597100188, 49.842049149658969 ], [ 17.931162656926844, 49.828228283379786 ] ] ] } },
{ "type": "Feature", "properties": { "hex_id": "regional-0115", "hex_level": "regional", "hex_edge_m": 3000, "line_count": 17, "line_length_m": 12426.4, "major_line_count": 0, "minor_line_count": 17, "cable_count": 0, "node_count": 160, "substation_count": 1, "transformer_count": 0, "generator_count": 0, "plant_count": 0, "support_count": 159, "switchgear_count": 0, "nearest_power_node_m": 254.3, "neighbor_ids": [ "regional-0093", "regional-0094", "regional-0114", "regional-0116", "regional-0137", "regional-0138" ], "has_infrastructure": true, "operational_status": "operational", "operational_status_note": "Infrastructure present; no failure simulation is active.", "connected_hex_ids": [ "regional-0093", "regional-0094", "regional-0114", "regional-0116", "regional-0137", "regional-0138" ], "connected_hex_count": 6, "confidence_score": 0.85, "confidence_label": "high", "data_quality_note": "OSM vector lines and power nodes in hex.", "source_mode": "osm_vector_derived", "kiut_role": "visual_reference_only", "infrastructure_score": 57.8 }, "geometry": { "type": "Polygon", "coordinates": [ [ [ 18.003420029978592, 49.828872115467156 ], [ 17.967003597100188, 49.842049149658969 ], [ 17.96642810354335, 49.869035692426365 ], [ 18.00230929282354, 49.882845802183326 ], [ 18.038747110299241, 49.869657890885044 ], [ 18.039282352251181, 49.842670757636476 ], [ 18.003420029978592, 49.828872115467156 ] ] ] } },
{ "type": "Feature", "properties": { "hex_id": "regional-0116", "hex_level": "regional", "hex_edge_m": 3000, "line_count": 28, "line_length_m": 30108.1, "major_line_count": 5, "minor_line_count": 22, "cable_count": 1, "node_count": 269, "substation_count": 4, "transformer_count": 1, "generator_count": 1, "plant_count": 0, "support_count": 263, "switchgear_count": 0, "nearest_power_node_m": 146.5, "neighbor_ids": [ "regional-0094", "regional-0095", "regional-0115", "regional-0117", "regional-0138", "regional-0139" ], "has_infrastructure": true, "operational_status": "operational", "operational_status_note": "Infrastructure present; no failure simulation is active.", "connected_hex_ids": [ "regional-0094", "regional-0095", "regional-0115", "regional-0117", "regional-0138", "regional-0139" ], "connected_hex_count": 6, "confidence_score": 0.85, "confidence_label": "high", "data_quality_note": "OSM vector lines and power nodes in hex.", "source_mode": "osm_vector_derived", "kiut_role": "visual_reference_only", "infrastructure_score": 100.0 }, "geometry": { "type": "Polygon", "coordinates": [ [ [ 18.075679915683448, 49.829470908400559 ], [ 18.039282352251181, 49.842670757636476 ], [ 18.038747110299241, 49.869657890885044 ], [ 18.074649686617409, 49.883445733288696 ], [ 18.111068545823855, 49.870234984166331 ], [ 18.111563531410876, 49.843247303228949 ], [ 18.075679915683448, 49.829470908400559 ] ] ] } },
{ "type": "Feature", "properties": { "hex_id": "regional-0117", "hex_level": "regional", "hex_edge_m": 3000, "line_count": 26, "line_length_m": 26517.7, "major_line_count": 1, "minor_line_count": 25, "cable_count": 0, "node_count": 244, "substation_count": 2, "transformer_count": 1, "generator_count": 0, "plant_count": 0, "support_count": 239, "switchgear_count": 2, "nearest_power_node_m": 131.0, "neighbor_ids": [ "regional-0095", "regional-0096", "regional-0116", "regional-0118", "regional-0139", "regional-0140" ], "has_infrastructure": true, "operational_status": "operational", "operational_status_note": "Infrastructure present; no failure simulation is active.", "connected_hex_ids": [ "regional-0095", "regional-0096", "regional-0116", "regional-0118", "regional-0139", "regional-0140" ], "connected_hex_count": 6, "confidence_score": 0.85, "confidence_label": "high", "data_quality_note": "OSM vector lines and power nodes in hex.", "source_mode": "osm_vector_derived", "kiut_role": "visual_reference_only", "infrastructure_score": 100.0 }, "geometry": { "type": "Polygon", "coordinates": [ [ [ 18.147942131992593, 49.830024658543046 ], [ 18.111563531410876, 49.843247303228949 ], [ 18.111068545823858, 49.870234984166331 ], [ 18.146992420178005, 49.884000536011897 ], [ 18.183392227513352, 49.870766968760393 ], [ 18.183846952333088, 49.843778782932937 ], [ 18.147942131992593, 49.830024658543046 ] ] ] } },
{ "type": "Feature", "properties": { "hex_id": "regional-0118", "hex_level": "regional", "hex_edge_m": 3000, "line_count": 71, "line_length_m": 64339.1, "major_line_count": 17, "minor_line_count": 54, "cable_count": 0, "node_count": 507, "substation_count": 3, "transformer_count": 0, "generator_count": 2, "plant_count": 0, "support_count": 502, "switchgear_count": 0, "nearest_power_node_m": 69.0, "neighbor_ids": [ "regional-0096", "regional-0097", "regional-0117", "regional-0119", "regional-0140", "regional-0141" ], "has_infrastructure": true, "operational_status": "operational", "operational_status_note": "Infrastructure present; no failure simulation is active.", "connected_hex_ids": [ "regional-0096", "regional-0097", "regional-0117", "regional-0119", "regional-0140", "regional-0141" ], "connected_hex_count": 6, "confidence_score": 0.85, "confidence_label": "high", "data_quality_note": "OSM vector lines and power nodes in hex.", "source_mode": "osm_vector_derived", "kiut_role": "visual_reference_only", "infrastructure_score": 100.0 }, "geometry": { "type": "Polygon", "coordinates": [ [ [ 18.220206496820136, 49.830533362531057 ], [ 18.183846952333088, 49.843778782932937 ], [ 18.183392227513352, 49.870766968760393 ], [ 18.219337310703978, 49.884510206977119 ], [ 18.255717972728068, 49.871253841431553 ], [ 18.256132432735939, 49.844265193518652 ], [ 18.220206496820136, 49.830533362531057 ] ] ] } },
{ "type": "Feature", "properties": { "hex_id": "regional-0119", "hex_level": "regional", "hex_edge_m": 3000, "line_count": 85, "line_length_m": 47529.2, "major_line_count": 10, "minor_line_count": 75, "cable_count": 0, "node_count": 450, "substation_count": 5, "transformer_count": 8, "generator_count": 0, "plant_count": 0, "support_count": 436, "switchgear_count": 1, "nearest_power_node_m": 142.9, "neighbor_ids": [ "regional-0097", "regional-0098", "regional-0118", "regional-0120", "regional-0141", "regional-0142" ], "has_infrastructure": true, "operational_status": "operational", "operational_status_note": "Infrastructure present; no failure simulation is active.", "connected_hex_ids": [ "regional-0097", "regional-0098", "regional-0118", "regional-0120", "regional-0141", "regional-0142" ], "connected_hex_count": 6, "confidence_score": 0.85, "confidence_label": "high", "data_quality_note": "OSM vector lines and power nodes in hex.", "source_mode": "osm_vector_derived", "kiut_role": "visual_reference_only", "infrastructure_score": 100.0 }, "geometry": { "type": "Polygon", "coordinates": [ [ [ 18.292472828046002, 49.830997017274477 ], [ 18.256132432735939, 49.844265193518652 ], [ 18.255717972728068, 49.871253841431553 ], [ 18.291684175359567, 49.884974743082942 ], [ 18.328045598795427, 49.871695599218384 ], [ 18.328419790304757, 49.84470653203006 ], [ 18.292472828046002, 49.830997017274477 ] ] ] } },
{ "type": "Feature", "properties": { "hex_id": "regional-0120", "hex_level": "regional", "hex_edge_m": 3000, "line_count": 42, "line_length_m": 35882.4, "major_line_count": 5, "minor_line_count": 37, "cable_count": 0, "node_count": 296, "substation_count": 0, "transformer_count": 0, "generator_count": 0, "plant_count": 0, "support_count": 296, "switchgear_count": 0, "nearest_power_node_m": 91.0, "neighbor_ids": [ "regional-0098", "regional-0099", "regional-0119", "regional-0121", "regional-0142", "regional-0143" ], "has_infrastructure": true, "operational_status": "operational", "operational_status_note": "Infrastructure present; no failure simulation is active.", "connected_hex_ids": [ "regional-0098", "regional-0099", "regional-0119", "regional-0121", "regional-0142", "regional-0143" ], "connected_hex_count": 6, "confidence_score": 0.62, "confidence_label": "medium", "data_quality_note": "OSM vector feature present; topology is inferred.", "source_mode": "osm_vector_derived", "kiut_role": "visual_reference_only", "infrastructure_score": 98.9 }, "geometry": { "type": "Polygon", "coordinates": [ [ [ 18.364740943518811, 49.831415619956708 ], [ 18.328419790304757, 49.84470653203006 ], [ 18.32804559879543, 49.871695599218384 ], [ 18.364032831277498, 49.88539414150253 ], [ 18.400374923012876, 49.872092239433726 ], [ 18.400708842694975, 49.845102795784889 ], [ 18.364740943518811, 49.831415619956708 ] ] ] } },
{ "type": "Feature", "properties": { "hex_id": "regional-0121", "hex_level": "regional", "hex_edge_m": 3000, "line_count": 23, "line_length_m": 24927.9, "major_line_count": 16, "minor_line_count": 6, "cable_count": 1, "node_count": 137, "substation_count": 2, "transformer_count": 0, "generator_count": 2, "plant_count": 4, "support_count": 129, "switchgear_count": 0, "nearest_power_node_m": 870.2, "neighbor_ids": [ "regional-0099", "regional-0100", "regional-0120", "regional-0122", "regional-0143", "regional-0144" ], "has_infrastructure": true, "operational_status": "operational", "operational_status_note": "Infrastructure present; no failure simulation is active.", "connected_hex_ids": [ "regional-0099", "regional-0100", "regional-0120", "regional-0122", "regional-0143", "regional-0144" ], "connected_hex_count": 6, "confidence_score": 0.85, "confidence_label": "high", "data_quality_note": "OSM vector lines and power nodes in hex.", "source_mode": "osm_vector_derived", "kiut_role": "visual_reference_only", "infrastructure_score": 100.0 }, "geometry": { "type": "Polygon", "coordinates": [ [ [ 18.4370106610588, 49.831789168034732 ], [ 18.400708842694975, 49.845102795784889 ], [ 18.400374923012876, 49.872092239433726 ], [ 18.436383095561926, 49.885768399683542 ], [ 18.472705762650751, 49.872443759664797 ], [ 18.472999407535017, 49.845453982374714 ], [ 18.4370106610588, 49.831789168034732 ] ] ] } },
{ "type": "Feature", "properties": { "hex_id": "regional-0122", "hex_level": "regional", "hex_edge_m": 3000, "line_count": 5, "line_length_m": 12853.9, "major_line_count": 4, "minor_line_count": 1, "cable_count": 0, "node_count": 58, "substation_count": 1, "transformer_count": 0, "generator_count": 0, "plant_count": 0, "support_count": 57, "switchgear_count": 0, "nearest_power_node_m": 444.1, "neighbor_ids": [ "regional-0100", "regional-0101", "regional-0121", "regional-0123", "regional-0144", "regional-0145" ], "has_infrastructure": true, "operational_status": "operational", "operational_status_note": "Infrastructure present; no failure simulation is active.", "connected_hex_ids": [ "regional-0100", "regional-0101", "regional-0121", "regional-0123", "regional-0144", "regional-0145" ], "connected_hex_count": 6, "confidence_score": 0.85, "confidence_label": "high", "data_quality_note": "OSM vector lines and power nodes in hex.", "source_mode": "osm_vector_derived", "kiut_role": "visual_reference_only", "infrastructure_score": 50.3 }, "geometry": { "type": "Polygon", "coordinates": [ [ [ 18.509281798460691, 49.832117659239124 ], [ 18.472999407535017, 49.845453982374714 ], [ 18.472705762650751, 49.872443759664797 ], [ 18.508734785291306, 49.886097515348297 ], [ 18.545037934955236, 49.87275015777314 ], [ 18.545291302429241, 49.845760089665013 ], [ 18.509281798460691, 49.832117659239124 ] ] ] } },
{ "type": "Feature", "properties": { "hex_id": "regional-0123", "hex_level": "regional", "hex_edge_m": 3000, "line_count": 43, "line_length_m": 27210.1, "major_line_count": 3, "minor_line_count": 39, "cable_count": 1, "node_count": 241, "substation_count": 1, "transformer_count": 0, "generator_count": 3, "plant_count": 0, "support_count": 236, "switchgear_count": 1, "nearest_power_node_m": 477.5, "neighbor_ids": [ "regional-0101", "regional-0102", "regional-0122", "regional-0124", "regional-0145", "regional-0146" ], "has_infrastructure": true, "operational_status": "operational", "operational_status_note": "Infrastructure present; no failure simulation is active.", "connected_hex_ids": [ "regional-0101", "regional-0102", "regional-0122", "regional-0124", "regional-0145", "regional-0146" ], "connected_hex_count": 6, "confidence_score": 0.85, "confidence_label": "high", "data_quality_note": "OSM vector lines and power nodes in hex.", "source_mode": "osm_vector_derived", "kiut_role": "visual_reference_only", "infrastructure_score": 100.0 }, "geometry": { "type": "Polygon", "coordinates": [ [ [ 18.581554173496606, 49.832401091574148 ], [ 18.545291302429241, 49.845760089665013 ], [ 18.545037934955236, 49.87275015777314 ], [ 18.581087717521367, 49.886381486493782 ], [ 18.617371257151252, 49.873011431894795 ], [ 18.617584344960797, 49.846021115795203 ], [ 18.581554173496606, 49.832401091574148 ] ] ] } },
{ "type": "Feature", "properties": { "hex_id": "regional-0124", "hex_level": "regional", "hex_edge_m": 3000, "line_count": 121, "line_length_m": 64153.8, "major_line_count": 5, "minor_line_count": 113, "cable_count": 3, "node_count": 698, "substation_count": 3, "transformer_count": 0, "generator_count": 0, "plant_count": 0, "support_count": 680, "switchgear_count": 15, "nearest_power_node_m": 116.8, "neighbor_ids": [ "regional-0102", "regional-0103", "regional-0123", "regional-0125", "regional-0146", "regional-0147" ], "has_infrastructure": true, "operational_status": "operational", "operational_status_note": "Infrastructure present; no failure simulation is active.", "connected_hex_ids": [ "regional-0102", "regional-0103", "regional-0123", "regional-0125", "regional-0146", "regional-0147" ], "connected_hex_count": 6, "confidence_score": 0.85, "confidence_label": "high", "data_quality_note": "OSM vector lines and power nodes in hex.", "source_mode": "osm_vector_derived", "kiut_role": "visual_reference_only", "infrastructure_score": 100.0 }, "geometry": { "type": "Polygon", "coordinates": [ [ [ 18.653827603918977, 49.832639463317733 ], [ 18.617584344960797, 49.846021115795203 ], [ 18.617371257151252, 49.873011431894795 ], [ 18.653441709287996, 49.886620311391638 ], [ 18.689705546445371, 49.873227580440243 ], [ 18.68987835269456, 49.846237059178634 ], [ 18.653827603918977, 49.832639463317733 ] ] ] } },
{ "type": "Feature", "properties": { "hex_id": "regional-0125", "hex_level": "regional", "hex_edge_m": 3000, "line_count": 42, "line_length_m": 40218.1, "major_line_count": 5, "minor_line_count": 31, "cable_count": 6, "node_count": 279, "substation_count": 3, "transformer_count": 0, "generator_count": 1, "plant_count": 0, "support_count": 272, "switchgear_count": 3, "nearest_power_node_m": 174.8, "neighbor_ids": [ "regional-0103", "regional-0104", "regional-0124", "regional-0126", "regional-0147", "regional-0148" ], "has_infrastructure": true, "operational_status": "operational", "operational_status_note": "Infrastructure present; no failure simulation is active.", "connected_hex_ids": [ "regional-0103", "regional-0104", "regional-0124", "regional-0126", "regional-0147", "regional-0148" ], "connected_hex_count": 6, "confidence_score": 0.85, "confidence_label": "high", "data_quality_note": "OSM vector lines and power nodes in hex.", "source_mode": "osm_vector_derived", "kiut_role": "visual_reference_only", "infrastructure_score": 100.0 }, "geometry": { "type": "Polygon", "coordinates": [ [ [ 18.726101907463423, 49.832832773021572 ], [ 18.68987835269456, 49.846237059178634 ], [ 18.689705546445371, 49.873227580440243 ], [ 18.725796577610158, 49.886813988588287 ], [ 18.762040620028746, 49.87339860209444 ], [ 18.762173143180032, 49.846407918502678 ], [ 18.726101907463423, 49.832832773021572 ] ] ] } },
{ "type": "Feature", "properties": { "hex_id": "regional-0126", "hex_level": "regional", "hex_edge_m": 3000, "line_count": 47, "line_length_m": 36885.3, "major_line_count": 3, "minor_line_count": 40, "cable_count": 4, "node_count": 293, "substation_count": 1, "transformer_count": 0, "generator_count": 4, "plant_count": 0, "support_count": 286, "switchgear_count": 2, "nearest_power_node_m": 798.0, "neighbor_ids": [ "regional-0104", "regional-0105", "regional-0125", "regional-0127", "regional-0148", "regional-0149" ], "has_infrastructure": true, "operational_status": "operational", "operational_status_note": "Infrastructure present; no failure simulation is active.", "connected_hex_ids": [ "regional-0104", "regional-0105", "regional-0125", "regional-0127", "regional-0148", "regional-0149" ], "connected_hex_count": 6, "confidence_score": 0.85, "confidence_label": "high", "data_quality_note": "OSM vector lines and power nodes in hex.", "source_mode": "osm_vector_derived", "kiut_role": "visual_reference_only", "infrastructure_score": 100.0 }, "geometry": { "type": "Polygon", "coordinates": [ [ [ 18.798376901851668, 49.832981019511109 ], [ 18.762173143180032, 49.846407918502678 ], [ 18.762040620028746, 49.87339860209444 ], [ 18.798152139492835, 49.886962516904873 ], [ 18.834376295080006, 49.873524495816909 ], [ 18.834468533954237, 49.846533692728755 ], [ 18.798376901851668, 49.832981019511109 ] ] ] } },
{ "type": "Feature", "properties": { "hex_id": "regional-0127", "hex_level": "regional", "hex_edge_m": 3000, "line_count": 31, "line_length_m": 27672.8, "major_line_count": 2, "minor_line_count": 27, "cable_count": 2, "node_count": 260, "substation_count": 1, "transformer_count": 0, "generator_count": 3, "plant_count": 0, "support_count": 256, "switchgear_count": 0, "nearest_power_node_m": 154.3, "neighbor_ids": [ "regional-0105", "regional-0106", "regional-0126", "regional-0128", "regional-0149", "regional-0150" ], "has_infrastructure": true, "operational_status": "operational", "operational_status_note": "Infrastructure present; no failure simulation is active.", "connected_hex_ids": [ "regional-0105", "regional-0106", "regional-0126", "regional-0128", "regional-0149", "regional-0150" ], "connected_hex_count": 6, "confidence_score": 0.85, "confidence_label": "high", "data_quality_note": "OSM vector lines and power nodes in hex.", "source_mode": "osm_vector_derived", "kiut_role": "visual_reference_only", "infrastructure_score": 100.0 }, "geometry": { "type": "Polygon", "coordinates": [ [ [ 18.870652404794438, 49.833084201885612 ], [ 18.83446853395424, 49.846533692728755 ], [ 18.834376295080006, 49.873524495816909 ], [ 18.870508211929923, 49.887065895437367 ], [ 18.906712388768199, 49.873605260841707 ], [ 18.906764342544644, 49.846614381092287 ], [ 18.870652404794438, 49.833084201885612 ] ] ] } },
{ "type": "Feature", "properties": { "hex_id": "regional-0128", "hex_level": "regional", "hex_edge_m": 3000, "line_count": 41, "line_length_m": 36870.1, "major_line_count": 2, "minor_line_count": 36, "cable_count": 3, "node_count": 318, "substation_count": 1, "transformer_count": 0, "generator_count": 1, "plant_count": 0, "support_count": 312, "switchgear_count": 4, "nearest_power_node_m": 173.3, "neighbor_ids": [ "regional-0106", "regional-0107", "regional-0127", "regional-0129", "regional-0150", "regional-0151" ], "has_infrastructure": true, "operational_status": "operational", "operational_status_note": "Infrastructure present; no failure simulation is active.", "connected_hex_ids": [ "regional-0106", "regional-0107", "regional-0127", "regional-0129", "regional-0150", "regional-0151" ], "connected_hex_count": 6, "confidence_score": 0.85, "confidence_label": "high", "data_quality_note": "OSM vector lines and power nodes in hex.", "source_mode": "osm_vector_derived", "kiut_role": "visual_reference_only", "infrastructure_score": 100.0 }, "geometry": { "type": "Polygon", "coordinates": [ [ [ 18.942928233994355, 49.83314231951811 ], [ 18.906764342544644, 49.846614381092287 ], [ 18.906712388768199, 49.873605260841707 ], [ 18.942864611907179, 49.887124123556525 ], [ 18.97904871825568, 49.873640896677436 ], [ 18.979060386472057, 49.846649983102786 ], [ 18.942928233994355, 49.83314231951811 ] ] ] } },
{ "type": "Feature", "properties": { "hex_id": "regional-0129", "hex_level": "regional", "hex_edge_m": 3000, "line_count": 122, "line_length_m": 68515.6, "major_line_count": 22, "minor_line_count": 66, "cable_count": 34, "node_count": 551, "substation_count": 25, "transformer_count": 5, "generator_count": 20, "plant_count": 1, "support_count": 499, "switchgear_count": 1, "nearest_power_node_m": 404.6, "neighbor_ids": [ "regional-0107", "regional-0108", "regional-0128", "regional-0130", "regional-0151", "regional-0152" ], "has_infrastructure": true, "operational_status": "operational", "operational_status_note": "Infrastructure present; no failure simulation is active.", "connected_hex_ids": [ "regional-0107", "regional-0108", "regional-0128", "regional-0130", "regional-0151", "regional-0152" ], "connected_hex_count": 6, "confidence_score": 0.85, "confidence_label": "high", "data_quality_note": "OSM vector lines and power nodes in hex.", "source_mode": "osm_vector_derived", "kiut_role": "visual_reference_only", "infrastructure_score": 100.0 }, "geometry": { "type": "Polygon", "coordinates": [ [ [ 19.015204207148855, 49.833155372055458 ], [ 18.979060386472057, 49.846649983102786 ], [ 18.97904871825568, 49.873640896677436 ], [ 19.015221156405129, 49.887137200907915 ], [ 19.051385100701047, 49.873631403107268 ], [ 19.051356483253528, 49.846640498543849 ], [ 19.015204207148855, 49.833155372055458 ] ] ] } },
{ "type": "Feature", "properties": { "hex_id": "regional-0130", "hex_level": "regional", "hex_edge_m": 3000, "line_count": 158, "line_length_m": 65892.2, "major_line_count": 64, "minor_line_count": 62, "cable_count": 32, "node_count": 564, "substation_count": 7, "transformer_count": 4, "generator_count": 5, "plant_count": 0, "support_count": 547, "switchgear_count": 1, "nearest_power_node_m": 227.3, "neighbor_ids": [ "regional-0108", "regional-0109", "regional-0129", "regional-0131", "regional-0152", "regional-0153" ], "has_infrastructure": true, "operational_status": "operational", "operational_status_note": "Infrastructure present; no failure simulation is active.", "connected_hex_ids": [ "regional-0108", "regional-0109", "regional-0129", "regional-0131", "regional-0152", "regional-0153" ], "connected_hex_count": 6, "confidence_score": 0.85, "confidence_label": "high", "data_quality_note": "OSM vector lines and power nodes in hex.", "source_mode": "osm_vector_derived", "kiut_role": "visual_reference_only", "infrastructure_score": 100.0 }, "geometry": { "type": "Polygon", "coordinates": [ [ [ 19.087480141953076, 49.833123359418352 ], [ 19.051356483253532, 49.846640498543849 ], [ 19.051385100701047, 49.873631403107268 ], [ 19.087577662401984, 49.887105127411949 ], [ 19.123721353262056, 49.873576780188991 ], [ 19.123652450405284, 49.846585927473122 ], [ 19.087480141953076, 49.833123359418352 ] ] ] } },
{ "type": "Feature", "properties": { "hex_id": "regional-0131", "hex_level": "regional", "hex_edge_m": 3000, "line_count": 74, "line_length_m": 42635.9, "major_line_count": 2, "minor_line_count": 54, "cable_count": 18, "node_count": 361, "substation_count": 6, "transformer_count": 0, "generator_count": 3, "plant_count": 0, "support_count": 349, "switchgear_count": 3, "nearest_power_node_m": 240.9, "neighbor_ids": [ "regional-0109", "regional-0110", "regional-0130", "regional-0132", "regional-0153", "regional-0154" ], "has_infrastructure": true, "operational_status": "operational", "operational_status_note": "Infrastructure present; no failure simulation is active.", "connected_hex_ids": [ "regional-0109", "regional-0110", "regional-0130", "regional-0132", "regional-0153", "regional-0154" ], "connected_hex_count": 6, "confidence_score": 0.85, "confidence_label": "high", "data_quality_note": "OSM vector lines and power nodes in hex.", "source_mode": "osm_vector_derived", "kiut_role": "visual_reference_only", "infrastructure_score": 100.0 }, "geometry": { "type": "Polygon", "coordinates": [ [ [ 19.15975585610277, 49.833046281801309 ], [ 19.123652450405284, 49.846585927473122 ], [ 19.123721353262056, 49.873576780188991 ], [ 19.159933946876578, 49.887027903263849 ], [ 19.19605729309853, 49.873477028254932 ], [ 19.195948105445598, 49.846486270222329 ], [ 19.15975585610277, 49.833046281801309 ] ] ] } },
{ "type": "Feature", "properties": { "hex_id": "regional-0132", "hex_level": "regional", "hex_edge_m": 3000, "line_count": 163, "line_length_m": 81044.0, "major_line_count": 64, "minor_line_count": 67, "cable_count": 32, "node_count": 696, "substation_count": 46, "transformer_count": 7, "generator_count": 29, "plant_count": 1, "support_count": 610, "switchgear_count": 3, "nearest_power_node_m": 56.5, "neighbor_ids": [ "regional-0110", "regional-0111", "regional-0131", "regional-0133", "regional-0154", "regional-0155" ], "has_infrastructure": true, "operational_status": "operational", "operational_status_note": "Infrastructure present; no failure simulation is active.", "connected_hex_ids": [ "regional-0110", "regional-0111", "regional-0131", "regional-0133", "regional-0154", "regional-0155" ], "connected_hex_count": 6, "confidence_score": 0.85, "confidence_label": "high", "data_quality_note": "OSM vector lines and power nodes in hex.", "source_mode": "osm_vector_derived", "kiut_role": "visual_reference_only", "infrastructure_score": 100.0 }, "geometry": { "type": "Polygon", "coordinates": [ [ [ 19.232031167297198, 49.832924139672684 ], [ 19.195948105445598, 49.846486270222329 ], [ 19.19605729309853, 49.873477028254932 ], [ 19.232289826811275, 49.886905528933653 ], [ 19.268392737375283, 49.873332147911988 ], [ 19.268243265897723, 49.846341527397264 ], [ 19.232031167297198, 49.832924139672684 ] ] ] } },
{ "type": "Feature", "properties": { "hex_id": "regional-0133", "hex_level": "regional", "hex_edge_m": 3000, "line_count": 13, "line_length_m": 7518.9, "major_line_count": 1, "minor_line_count": 8, "cable_count": 4, "node_count": 65, "substation_count": 0, "transformer_count": 0, "generator_count": 2, "plant_count": 0, "support_count": 63, "switchgear_count": 0, "nearest_power_node_m": 164.7, "neighbor_ids": [ "regional-0111", "regional-0132", "regional-0155", "regional-0156" ], "has_infrastructure": true, "operational_status": "operational", "operational_status_note": "Infrastructure present; no failure simulation is active.", "connected_hex_ids": [ "regional-0111", "regional-0132", "regional-0155", "regional-0156" ], "connected_hex_count": 4, "confidence_score": 0.85, "confidence_label": "high", "data_quality_note": "OSM vector lines and power nodes in hex.", "source_mode": "osm_vector_derived", "kiut_role": "visual_reference_only", "infrastructure_score": 38.4 }, "geometry": { "type": "Polygon", "coordinates": [ [ [ 19.268243265897723, 49.846341527397264 ], [ 19.268392737375287, 49.873332147911988 ], [ 19.304645119194902, 49.886738005166237 ], [ 19.311475947065677, 49.884165592759359 ], [ 19.284922618119872, 49.848246848372547 ], [ 19.279262950298833, 49.842192471533387 ], [ 19.268243265897723, 49.846341527397264 ] ] ] } },
{ "type": "Feature", "properties": { "hex_id": "regional-0134", "hex_level": "regional", "hex_edge_m": 3000, "line_count": 11, "line_length_m": 7092.5, "major_line_count": 0, "minor_line_count": 11, "cable_count": 0, "node_count": 75, "substation_count": 0, "transformer_count": 0, "generator_count": 0, "plant_count": 0, "support_count": 75, "switchgear_count": 0, "nearest_power_node_m": 44.5, "neighbor_ids": [ "regional-0112", "regional-0135", "regional-0158" ], "has_infrastructure": true, "operational_status": "operational", "operational_status_note": "Infrastructure present; no failure simulation is active.", "connected_hex_ids": [ "regional-0112", "regional-0135", "regional-0158" ], "connected_hex_count": 3, "confidence_score": 0.62, "confidence_label": "medium", "data_quality_note": "OSM vector feature present; topology is inferred.", "source_mode": "osm_vector_derived", "kiut_role": "visual_reference_only", "infrastructure_score": 24.9 }, "geometry": { "type": "Polygon", "coordinates": [ [ [ 17.78462634354549, 49.907759956309647 ], [ 17.7853039774783, 49.880775276447771 ], [ 17.783814424679356, 49.880198540509973 ], [ 17.776313073119528, 49.890028843899714 ], [ 17.761046121505171, 49.916221791058021 ], [ 17.78462634354549, 49.907759956309647 ] ] ] } },
{ "type": "Feature", "properties": { "hex_id": "regional-0135", "hex_level": "regional", "hex_edge_m": 3000, "line_count": 7, "line_length_m": 6724.3, "major_line_count": 0, "minor_line_count": 7, "cable_count": 0, "node_count": 87, "substation_count": 0, "transformer_count": 0, "generator_count": 0, "plant_count": 0, "support_count": 87, "switchgear_count": 0, "nearest_power_node_m": 739.2, "neighbor_ids": [ "regional-0112", "regional-0113", "regional-0134", "regional-0136", "regional-0158", "regional-0159" ], "has_infrastructure": true, "operational_status": "operational", "operational_status_note": "Infrastructure present; no failure simulation is active.", "connected_hex_ids": [ "regional-0112", "regional-0113", "regional-0134", "regional-0136", "regional-0158", "regional-0159" ], "connected_hex_count": 6, "confidence_score": 0.62, "confidence_label": "medium", "data_quality_note": "OSM vector feature present; topology is inferred.", "source_mode": "osm_vector_derived", "kiut_role": "visual_reference_only", "infrastructure_score": 26.5 }, "geometry": { "type": "Polygon", "coordinates": [ [ [ 17.821798106556635, 49.867655995386521 ], [ 17.7853039774783, 49.880775276447771 ], [ 17.78462634354549, 49.907759956309647 ], [ 17.820483166152648, 49.921626064414234 ], [ 17.856998951032601, 49.908495948154659 ], [ 17.857636255551792, 49.881510569701234 ], [ 17.821798106556635, 49.867655995386521 ] ] ] } },
{ "type": "Feature", "properties": { "hex_id": "regional-0136", "hex_level": "regional", "hex_edge_m": 3000, "line_count": 29, "line_length_m": 32814.2, "major_line_count": 3, "minor_line_count": 26, "cable_count": 0, "node_count": 309, "substation_count": 0, "transformer_count": 0, "generator_count": 2, "plant_count": 0, "support_count": 307, "switchgear_count": 0, "nearest_power_node_m": 23.2, "neighbor_ids": [ "regional-0113", "regional-0114", "regional-0135", "regional-0137", "regional-0159", "regional-0160" ], "has_infrastructure": true, "operational_status": "operational", "operational_status_note": "Infrastructure present; no failure simulation is active.", "connected_hex_ids": [ "regional-0113", "regional-0114", "regional-0135", "regional-0137", "regional-0159", "regional-0160" ], "connected_hex_count": 6, "confidence_score": 0.85, "confidence_label": "high", "data_quality_note": "OSM vector lines and power nodes in hex.", "source_mode": "osm_vector_derived", "kiut_role": "visual_reference_only", "infrastructure_score": 92.5 }, "geometry": { "type": "Polygon", "coordinates": [ [ [ 17.894111708121319, 49.868368392574212 ], [ 17.857636255551792, 49.881510569701234 ], [ 17.856998951032601, 49.908495948154659 ], [ 17.89287743234075, 49.922339815942038 ], [ 17.929374452131455, 49.909186780545646 ], [ 17.929971421560413, 49.882200746345994 ], [ 17.894111708121319, 49.868368392574212 ] ] ] } },
{ "type": "Feature", "properties": { "hex_id": "regional-0137", "hex_level": "regional", "hex_edge_m": 3000, "line_count": 27, "line_length_m": 28816.7, "major_line_count": 3, "minor_line_count": 24, "cable_count": 0, "node_count": 270, "substation_count": 0, "transformer_count": 0, "generator_count": 1, "plant_count": 0, "support_count": 269, "switchgear_count": 0, "nearest_power_node_m": 222.2, "neighbor_ids": [ "regional-0114", "regional-0115", "regional-0136", "regional-0138", "regional-0160", "regional-0161" ], "has_infrastructure": true, "operational_status": "operational", "operational_status_note": "Infrastructure present; no failure simulation is active.", "connected_hex_ids": [ "regional-0114", "regional-0115", "regional-0136", "regional-0138", "regional-0160", "regional-0161" ], "connected_hex_count": 6, "confidence_score": 0.85, "confidence_label": "high", "data_quality_note": "OSM vector lines and power nodes in hex.", "source_mode": "osm_vector_derived", "kiut_role": "visual_reference_only", "infrastructure_score": 80.0 }, "geometry": { "type": "Polygon", "coordinates": [ [ [ 17.96642810354335, 49.869035692426365 ], [ 17.929971421560413, 49.882200746345994 ], [ 17.929374452131455, 49.909186780545646 ], [ 17.965274503380716, 49.923008384435875 ], [ 18.001752663802662, 49.909832449276223 ], [ 18.00230929282354, 49.882845802183326 ], [ 17.96642810354335, 49.869035692426365 ] ] ] } },
{ "type": "Feature", "properties": { "hex_id": "regional-0138", "hex_level": "regional", "hex_edge_m": 3000, "line_count": 20, "line_length_m": 31964.7, "major_line_count": 2, "minor_line_count": 18, "cable_count": 0, "node_count": 216, "substation_count": 0, "transformer_count": 0, "generator_count": 0, "plant_count": 0, "support_count": 216, "switchgear_count": 0, "nearest_power_node_m": 126.0, "neighbor_ids": [ "regional-0115", "regional-0116", "regional-0137", "regional-0139", "regional-0161", "regional-0162" ], "has_infrastructure": true, "operational_status": "operational", "operational_status_note": "Infrastructure present; no failure simulation is active.", "connected_hex_ids": [ "regional-0115", "regional-0116", "regional-0137", "regional-0139", "regional-0161", "regional-0162" ], "connected_hex_count": 6, "confidence_score": 0.62, "confidence_label": "medium", "data_quality_note": "OSM vector feature present; topology is inferred.", "source_mode": "osm_vector_derived", "kiut_role": "visual_reference_only", "infrastructure_score": 69.5 }, "geometry": { "type": "Polygon", "coordinates": [ [ [ 18.038747110299241, 49.869657890885044 ], [ 18.00230929282354, 49.882845802183326 ], [ 18.001752663802666, 49.909832449276223 ], [ 18.03767419603134, 49.923631765822968 ], [ 18.074133402963525, 49.910432950414688 ], [ 18.074649686617409, 49.883445733288696 ], [ 18.038747110299241, 49.869657890885044 ] ] ] } },
{ "type": "Feature", "properties": { "hex_id": "regional-0139", "hex_level": "regional", "hex_edge_m": 3000, "line_count": 34, "line_length_m": 43170.6, "major_line_count": 4, "minor_line_count": 30, "cable_count": 0, "node_count": 358, "substation_count": 0, "transformer_count": 0, "generator_count": 1, "plant_count": 0, "support_count": 357, "switchgear_count": 0, "nearest_power_node_m": 176.0, "neighbor_ids": [ "regional-0116", "regional-0117", "regional-0138", "regional-0140", "regional-0162", "regional-0163" ], "has_infrastructure": true, "operational_status": "operational", "operational_status_note": "Infrastructure present; no failure simulation is active.", "connected_hex_ids": [ "regional-0116", "regional-0117", "regional-0138", "regional-0140", "regional-0162", "regional-0163" ], "connected_hex_count": 6, "confidence_score": 0.85, "confidence_label": "high", "data_quality_note": "OSM vector lines and power nodes in hex.", "source_mode": "osm_vector_derived", "kiut_role": "visual_reference_only", "infrastructure_score": 100.0 }, "geometry": { "type": "Polygon", "coordinates": [ [ [ 18.111068545823855, 49.870234984166331 ], [ 18.074649686617409, 49.883445733288696 ], [ 18.074133402963529, 49.910432950414688 ], [ 18.110076327009519, 49.924209956305582 ], [ 18.146516486490981, 49.910988280304203 ], [ 18.146992420178005, 49.884000536011897 ], [ 18.111068545823855, 49.870234984166331 ] ] ] } },
{ "type": "Feature", "properties": { "hex_id": "regional-0140", "hex_level": "regional", "hex_edge_m": 3000, "line_count": 35, "line_length_m": 33021.5, "major_line_count": 0, "minor_line_count": 35, "cable_count": 0, "node_count": 363, "substation_count": 3, "transformer_count": 0, "generator_count": 0, "plant_count": 0, "support_count": 360, "switchgear_count": 0, "nearest_power_node_m": 299.2, "neighbor_ids": [ "regional-0117", "regional-0118", "regional-0139", "regional-0141", "regional-0163", "regional-0164" ], "has_infrastructure": true, "operational_status": "operational", "operational_status_note": "Infrastructure present; no failure simulation is active.", "connected_hex_ids": [ "regional-0117", "regional-0118", "regional-0139", "regional-0141", "regional-0163", "regional-0164" ], "connected_hex_count": 6, "confidence_score": 0.85, "confidence_label": "high", "data_quality_note": "OSM vector lines and power nodes in hex.", "source_mode": "osm_vector_derived", "kiut_role": "visual_reference_only", "infrastructure_score": 100.0 }, "geometry": { "type": "Polygon", "coordinates": [ [ [ 18.183392227513352, 49.870766968760393 ], [ 18.146992420178005, 49.884000536011897 ], [ 18.146516486490981, 49.910988280304203 ], [ 18.182480712993158, 49.924742952361072 ], [ 18.218901731224491, 49.91149843556277 ], [ 18.219337310703978, 49.884510206977119 ], [ 18.183392227513352, 49.870766968760393 ] ] ] } },
{ "type": "Feature", "properties": { "hex_id": "regional-0141", "hex_level": "regional", "hex_edge_m": 3000, "line_count": 43, "line_length_m": 33531.7, "major_line_count": 1, "minor_line_count": 42, "cable_count": 0, "node_count": 385, "substation_count": 1, "transformer_count": 0, "generator_count": 0, "plant_count": 0, "support_count": 383, "switchgear_count": 1, "nearest_power_node_m": 841.8, "neighbor_ids": [ "regional-0118", "regional-0119", "regional-0140", "regional-0142", "regional-0164", "regional-0165" ], "has_infrastructure": true, "operational_status": "operational", "operational_status_note": "Infrastructure present; no failure simulation is active.", "connected_hex_ids": [ "regional-0118", "regional-0119", "regional-0140", "regional-0142", "regional-0164", "regional-0165" ], "connected_hex_count": 6, "confidence_score": 0.85, "confidence_label": "high", "data_quality_note": "OSM vector lines and power nodes in hex.", "source_mode": "osm_vector_derived", "kiut_role": "visual_reference_only", "infrastructure_score": 100.0 }, "geometry": { "type": "Polygon", "coordinates": [ [ [ 18.255717972728068, 49.871253841431553 ], [ 18.219337310703978, 49.884510206977119 ], [ 18.218901731224491, 49.91149843556277 ], [ 18.254887170624112, 49.925230750741953 ], [ 18.291288953968994, 49.911963413083342 ], [ 18.291684175359567, 49.884974743082942 ], [ 18.255717972728068, 49.871253841431553 ] ] ] } },
{ "type": "Feature", "properties": { "hex_id": "regional-0142", "hex_level": "regional", "hex_edge_m": 3000, "line_count": 41, "line_length_m": 45260.3, "major_line_count": 13, "minor_line_count": 28, "cable_count": 0, "node_count": 360, "substation_count": 3, "transformer_count": 2, "generator_count": 0, "plant_count": 0, "support_count": 355, "switchgear_count": 0, "nearest_power_node_m": 673.7, "neighbor_ids": [ "regional-0119", "regional-0120", "regional-0141", "regional-0143", "regional-0165", "regional-0166" ], "has_infrastructure": true, "operational_status": "operational", "operational_status_note": "Infrastructure present; no failure simulation is active.", "connected_hex_ids": [ "regional-0119", "regional-0120", "regional-0141", "regional-0143", "regional-0165", "regional-0166" ], "connected_hex_count": 6, "confidence_score": 0.85, "confidence_label": "high", "data_quality_note": "OSM vector lines and power nodes in hex.", "source_mode": "osm_vector_derived", "kiut_role": "visual_reference_only", "infrastructure_score": 100.0 }, "geometry": { "type": "Polygon", "coordinates": [ [ [ 18.328045598795427, 49.871695599218384 ], [ 18.291684175359567, 49.884974743082942 ], [ 18.291288953968998, 49.911963413083342 ], [ 18.327295516511107, 49.925673348475975 ], [ 18.363677971497825, 49.912383210033902 ], [ 18.364032831277498, 49.88539414150253 ], [ 18.328045598795427, 49.871695599218384 ] ] ] } },
{ "type": "Feature", "properties": { "hex_id": "regional-0143", "hex_level": "regional", "hex_edge_m": 3000, "line_count": 13, "line_length_m": 17260.7, "major_line_count": 7, "minor_line_count": 6, "cable_count": 0, "node_count": 96, "substation_count": 0, "transformer_count": 0, "generator_count": 0, "plant_count": 0, "support_count": 96, "switchgear_count": 0, "nearest_power_node_m": 1140.3, "neighbor_ids": [ "regional-0120", "regional-0121", "regional-0142", "regional-0144", "regional-0166", "regional-0167" ], "has_infrastructure": true, "operational_status": "operational", "operational_status_note": "Infrastructure present; no failure simulation is active.", "connected_hex_ids": [ "regional-0120", "regional-0121", "regional-0142", "regional-0144", "regional-0166", "regional-0167" ], "connected_hex_count": 6, "confidence_score": 0.62, "confidence_label": "medium", "data_quality_note": "OSM vector feature present; topology is inferred.", "source_mode": "osm_vector_derived", "kiut_role": "visual_reference_only", "infrastructure_score": 51.2 }, "geometry": { "type": "Polygon", "coordinates": [ [ [ 18.400374923012876, 49.872092239433726 ], [ 18.364032831277498, 49.88539414150253 ], [ 18.363677971497829, 49.912383210033902 ], [ 18.399705567232669, 49.92607074286618 ], [ 18.436068600555625, 49.912757823857476 ], [ 18.436383095561922, 49.885768399683542 ], [ 18.400374923012876, 49.872092239433726 ] ] ] } },
{ "type": "Feature", "properties": { "hex_id": "regional-0144", "hex_level": "regional", "hex_edge_m": 3000, "line_count": 38, "line_length_m": 36810.1, "major_line_count": 20, "minor_line_count": 18, "cable_count": 0, "node_count": 234, "substation_count": 3, "transformer_count": 6, "generator_count": 4, "plant_count": 1, "support_count": 220, "switchgear_count": 0, "nearest_power_node_m": 47.2, "neighbor_ids": [ "regional-0121", "regional-0122", "regional-0143", "regional-0145", "regional-0167", "regional-0168" ], "has_infrastructure": true, "operational_status": "operational", "operational_status_note": "Infrastructure present; no failure simulation is active.", "connected_hex_ids": [ "regional-0121", "regional-0122", "regional-0143", "regional-0145", "regional-0167", "regional-0168" ], "connected_hex_count": 6, "confidence_score": 0.85, "confidence_label": "high", "data_quality_note": "OSM vector lines and power nodes in hex.", "source_mode": "osm_vector_derived", "kiut_role": "visual_reference_only", "infrastructure_score": 100.0 }, "geometry": { "type": "Polygon", "coordinates": [ [ [ 18.472705762650751, 49.872443759664797 ], [ 18.436383095561926, 49.885768399683542 ], [ 18.436068600555629, 49.912757823857476 ], [ 18.472117139340064, 49.92642293149094 ], [ 18.508460657861274, 49.91308725227222 ], [ 18.508734785291306, 49.886097515348297 ], [ 18.472705762650751, 49.872443759664797 ] ] ] } },
{ "type": "Feature", "properties": { "hex_id": "regional-0145", "hex_level": "regional", "hex_edge_m": 3000, "line_count": 12, "line_length_m": 11321.3, "major_line_count": 2, "minor_line_count": 10, "cable_count": 0, "node_count": 89, "substation_count": 2, "transformer_count": 0, "generator_count": 0, "plant_count": 1, "support_count": 86, "switchgear_count": 0, "nearest_power_node_m": 775.0, "neighbor_ids": [ "regional-0122", "regional-0123", "regional-0144", "regional-0146", "regional-0168", "regional-0169" ], "has_infrastructure": true, "operational_status": "operational", "operational_status_note": "Infrastructure present; no failure simulation is active.", "connected_hex_ids": [ "regional-0122", "regional-0123", "regional-0144", "regional-0146", "regional-0168", "regional-0169" ], "connected_hex_count": 6, "confidence_score": 0.85, "confidence_label": "high", "data_quality_note": "OSM vector lines and power nodes in hex.", "source_mode": "osm_vector_derived", "kiut_role": "visual_reference_only", "infrastructure_score": 80.6 }, "geometry": { "type": "Polygon", "coordinates": [ [ [ 18.545037934955236, 49.87275015777314 ], [ 18.508734785291306, 49.886097515348297 ], [ 18.508460657861278, 49.91308725227222 ], [ 18.544530049360219, 49.926729912204031 ], [ 18.58085396011084, 49.913371493271441 ], [ 18.581087717521367, 49.886381486493782 ], [ 18.545037934955236, 49.87275015777314 ] ] ] } },
{ "type": "Feature", "properties": { "hex_id": "regional-0146", "hex_level": "regional", "hex_edge_m": 3000, "line_count": 63, "line_length_m": 60834.9, "major_line_count": 4, "minor_line_count": 57, "cable_count": 2, "node_count": 516, "substation_count": 0, "transformer_count": 0, "generator_count": 19, "plant_count": 0, "support_count": 497, "switchgear_count": 0, "nearest_power_node_m": 98.5, "neighbor_ids": [ "regional-0123", "regional-0124", "regional-0145", "regional-0147", "regional-0169", "regional-0170" ], "has_infrastructure": true, "operational_status": "operational", "operational_status_note": "Infrastructure present; no failure simulation is active.", "connected_hex_ids": [ "regional-0123", "regional-0124", "regional-0145", "regional-0147", "regional-0169", "regional-0170" ], "connected_hex_count": 6, "confidence_score": 0.85, "confidence_label": "high", "data_quality_note": "OSM vector lines and power nodes in hex.", "source_mode": "osm_vector_derived", "kiut_role": "visual_reference_only", "infrastructure_score": 100.0 }, "geometry": { "type": "Polygon", "coordinates": [ [ [ 18.617371257151252, 49.873011431894795 ], [ 18.581087717521367, 49.886381486493782 ], [ 18.580853960110844, 49.913371493271441 ], [ 18.616944113798656, 49.926991683134659 ], [ 18.653248323980474, 49.913610545123653 ], [ 18.653441709287996, 49.886620311391638 ], [ 18.617371257151252, 49.873011431894795 ] ] ] } },
{ "type": "Feature", "properties": { "hex_id": "regional-0147", "hex_level": "regional", "hex_edge_m": 3000, "line_count": 66, "line_length_m": 88633.4, "major_line_count": 18, "minor_line_count": 40, "cable_count": 8, "node_count": 500, "substation_count": 3, "transformer_count": 2, "generator_count": 1, "plant_count": 0, "support_count": 489, "switchgear_count": 5, "nearest_power_node_m": 319.2, "neighbor_ids": [ "regional-0124", "regional-0125", "regional-0146", "regional-0148", "regional-0170", "regional-0171" ], "has_infrastructure": true, "operational_status": "operational", "operational_status_note": "Infrastructure present; no failure simulation is active.", "connected_hex_ids": [ "regional-0124", "regional-0125", "regional-0146", "regional-0148", "regional-0170", "regional-0171" ], "connected_hex_count": 6, "confidence_score": 0.85, "confidence_label": "high", "data_quality_note": "OSM vector lines and power nodes in hex.", "source_mode": "osm_vector_derived", "kiut_role": "visual_reference_only", "infrastructure_score": 100.0 }, "geometry": { "type": "Polygon", "coordinates": [ [ [ 18.689705546445371, 49.873227580440243 ], [ 18.653441709287996, 49.886620311391638 ], [ 18.653248323980474, 49.913610545123653 ], [ 18.68935914914244, 49.927208242687506 ], [ 18.725643566129353, 49.913804406372627 ], [ 18.725796577610158, 49.886813988588287 ], [ 18.689705546445371, 49.873227580440243 ] ] ] } },
{ "type": "Feature", "properties": { "hex_id": "regional-0148", "hex_level": "regional", "hex_edge_m": 3000, "line_count": 61, "line_length_m": 56652.5, "major_line_count": 9, "minor_line_count": 38, "cable_count": 14, "node_count": 426, "substation_count": 9, "transformer_count": 2, "generator_count": 0, "plant_count": 0, "support_count": 409, "switchgear_count": 6, "nearest_power_node_m": 173.8, "neighbor_ids": [ "regional-0125", "regional-0126", "regional-0147", "regional-0149", "regional-0171", "regional-0172" ], "has_infrastructure": true, "operational_status": "operational", "operational_status_note": "Infrastructure present; no failure simulation is active.", "connected_hex_ids": [ "regional-0125", "regional-0126", "regional-0147", "regional-0149", "regional-0171", "regional-0172" ], "connected_hex_count": 6, "confidence_score": 0.85, "confidence_label": "high", "data_quality_note": "OSM vector lines and power nodes in hex.", "source_mode": "osm_vector_derived", "kiut_role": "visual_reference_only", "infrastructure_score": 100.0 }, "geometry": { "type": "Polygon", "coordinates": [ [ [ 18.762040620028746, 49.87339860209444 ], [ 18.725796577610158, 49.886813988588287 ], [ 18.725643566129357, 49.913804406372627 ], [ 18.761774971863094, 49.927379589542731 ], [ 18.798039503202638, 49.913953075837341 ], [ 18.798152139492835, 49.886962516904873 ], [ 18.762040620028746, 49.87339860209444 ] ] ] } },
{ "type": "Feature", "properties": { "hex_id": "regional-0149", "hex_level": "regional", "hex_edge_m": 3000, "line_count": 39, "line_length_m": 21959.1, "major_line_count": 0, "minor_line_count": 26, "cable_count": 13, "node_count": 211, "substation_count": 5, "transformer_count": 0, "generator_count": 0, "plant_count": 0, "support_count": 202, "switchgear_count": 4, "nearest_power_node_m": 385.4, "neighbor_ids": [ "regional-0126", "regional-0127", "regional-0148", "regional-0150", "regional-0172", "regional-0173" ], "has_infrastructure": true, "operational_status": "operational", "operational_status_note": "Infrastructure present; no failure simulation is active.", "connected_hex_ids": [ "regional-0126", "regional-0127", "regional-0148", "regional-0150", "regional-0172", "regional-0173" ], "connected_hex_count": 6, "confidence_score": 0.85, "confidence_label": "high", "data_quality_note": "OSM vector lines and power nodes in hex.", "source_mode": "osm_vector_derived", "kiut_role": "visual_reference_only", "infrastructure_score": 100.0 }, "geometry": { "type": "Polygon", "coordinates": [ [ [ 18.834376295080006, 49.873524495816909 ], [ 18.798152139492835, 49.886962516904873 ], [ 18.798039503202641, 49.913953075837341 ], [ 18.834191398419552, 49.927505722656058 ], [ 18.870435951834356, 49.914056552612145 ], [ 18.87050821192992, 49.887065895437367 ], [ 18.834376295080006, 49.873524495816909 ] ] ] } },
{ "type": "Feature", "properties": { "hex_id": "regional-0150", "hex_level": "regional", "hex_edge_m": 3000, "line_count": 20, "line_length_m": 16325.4, "major_line_count": 0, "minor_line_count": 20, "cable_count": 0, "node_count": 180, "substation_count": 0, "transformer_count": 0, "generator_count": 1, "plant_count": 0, "support_count": 175, "switchgear_count": 4, "nearest_power_node_m": 786.2, "neighbor_ids": [ "regional-0127", "regional-0128", "regional-0149", "regional-0151", "regional-0173", "regional-0174" ], "has_infrastructure": true, "operational_status": "operational", "operational_status_note": "Infrastructure present; no failure simulation is active.", "connected_hex_ids": [ "regional-0127", "regional-0128", "regional-0149", "regional-0151", "regional-0173", "regional-0174" ], "connected_hex_count": 6, "confidence_score": 0.85, "confidence_label": "high", "data_quality_note": "OSM vector lines and power nodes in hex.", "source_mode": "osm_vector_derived", "kiut_role": "visual_reference_only", "infrastructure_score": 68.1 }, "geometry": { "type": "Polygon", "coordinates": [ [ [ 18.906712388768199, 49.873605260841707 ], [ 18.870508211929923, 49.887065895437367 ], [ 18.870435951834356, 49.914056552612145 ], [ 18.906608245261086, 49.927586641258713 ], [ 18.942832728650359, 49.914114836066609 ], [ 18.942864611907179, 49.887124123556525 ], [ 18.906712388768199, 49.873605260841707 ] ] ] } },
{ "type": "Feature", "properties": { "hex_id": "regional-0151", "hex_level": "regional", "hex_edge_m": 3000, "line_count": 89, "line_length_m": 50284.5, "major_line_count": 10, "minor_line_count": 57, "cable_count": 22, "node_count": 469, "substation_count": 33, "transformer_count": 2, "generator_count": 12, "plant_count": 0, "support_count": 419, "switchgear_count": 3, "nearest_power_node_m": 51.1, "neighbor_ids": [ "regional-0128", "regional-0129", "regional-0150", "regional-0152", "regional-0174", "regional-0175" ], "has_infrastructure": true, "operational_status": "operational", "operational_status_note": "Infrastructure present; no failure simulation is active.", "connected_hex_ids": [ "regional-0128", "regional-0129", "regional-0150", "regional-0152", "regional-0174", "regional-0175" ], "connected_hex_count": 6, "confidence_score": 0.85, "confidence_label": "high", "data_quality_note": "OSM vector lines and power nodes in hex.", "source_mode": "osm_vector_derived", "kiut_role": "visual_reference_only", "infrastructure_score": 100.0 }, "geometry": { "type": "Polygon", "coordinates": [ [ [ 18.97904871825568, 49.873640896677436 ], [ 18.942864611907179, 49.887124123556525 ], [ 18.942832728650359, 49.914114836066609 ], [ 18.979025328830243, 49.927622344857546 ], [ 19.015229650271262, 49.914127925845676 ], [ 19.015221156405129, 49.887137200907915 ], [ 18.97904871825568, 49.873640896677436 ] ] ] } },
{ "type": "Feature", "properties": { "hex_id": "regional-0152", "hex_level": "regional", "hex_edge_m": 3000, "line_count": 73, "line_length_m": 50340.0, "major_line_count": 6, "minor_line_count": 57, "cable_count": 10, "node_count": 453, "substation_count": 13, "transformer_count": 0, "generator_count": 2, "plant_count": 0, "support_count": 425, "switchgear_count": 13, "nearest_power_node_m": 132.7, "neighbor_ids": [ "regional-0129", "regional-0130", "regional-0151", "regional-0153", "regional-0175", "regional-0176" ], "has_infrastructure": true, "operational_status": "operational", "operational_status_note": "Infrastructure present; no failure simulation is active.", "connected_hex_ids": [ "regional-0129", "regional-0130", "regional-0151", "regional-0153", "regional-0175", "regional-0176" ], "connected_hex_count": 6, "confidence_score": 0.85, "confidence_label": "high", "data_quality_note": "OSM vector lines and power nodes in hex.", "source_mode": "osm_vector_derived", "kiut_role": "visual_reference_only", "infrastructure_score": 100.0 }, "geometry": { "type": "Polygon", "coordinates": [ [ [ 19.051385100701047, 49.873631403107268 ], [ 19.015221156405129, 49.887137200907915 ], [ 19.015229650271262, 49.914127925845676 ], [ 19.051442465565778, 49.927612833234946 ], [ 19.087626533315355, 49.914095821869616 ], [ 19.087577662401984, 49.887105127411949 ], [ 19.051385100701047, 49.873631403107268 ] ] ] } },
{ "type": "Feature", "properties": { "hex_id": "regional-0153", "hex_level": "regional", "hex_edge_m": 3000, "line_count": 65, "line_length_m": 36838.9, "major_line_count": 2, "minor_line_count": 52, "cable_count": 11, "node_count": 402, "substation_count": 5, "transformer_count": 0, "generator_count": 10, "plant_count": 0, "support_count": 384, "switchgear_count": 3, "nearest_power_node_m": 434.9, "neighbor_ids": [ "regional-0130", "regional-0131", "regional-0152", "regional-0154", "regional-0176", "regional-0177" ], "has_infrastructure": true, "operational_status": "operational", "operational_status_note": "Infrastructure present; no failure simulation is active.", "connected_hex_ids": [ "regional-0130", "regional-0131", "regional-0152", "regional-0154", "regional-0176", "regional-0177" ], "connected_hex_count": 6, "confidence_score": 0.85, "confidence_label": "high", "data_quality_note": "OSM vector lines and power nodes in hex.", "source_mode": "osm_vector_derived", "kiut_role": "visual_reference_only", "infrastructure_score": 100.0 }, "geometry": { "type": "Polygon", "coordinates": [ [ [ 19.123721353262056, 49.873576780188991 ], [ 19.087577662401984, 49.887105127411949 ], [ 19.087626533315355, 49.914095821869616 ], [ 19.123859471905604, 49.927558106448856 ], [ 19.160023194401553, 49.91401852433399 ], [ 19.159933946876578, 49.887027903263849 ], [ 19.123721353262056, 49.873576780188991 ] ] ] } },
{ "type": "Feature", "properties": { "hex_id": "regional-0154", "hex_level": "regional", "hex_edge_m": 3000, "line_count": 42, "line_length_m": 33142.5, "major_line_count": 2, "minor_line_count": 32, "cable_count": 8, "node_count": 371, "substation_count": 25, "transformer_count": 0, "generator_count": 31, "plant_count": 2, "support_count": 308, "switchgear_count": 5, "nearest_power_node_m": 467.5, "neighbor_ids": [ "regional-0131", "regional-0132", "regional-0153", "regional-0155", "regional-0177", "regional-0178" ], "has_infrastructure": true, "operational_status": "operational", "operational_status_note": "Infrastructure present; no failure simulation is active.", "connected_hex_ids": [ "regional-0131", "regional-0132", "regional-0153", "regional-0155", "regional-0177", "regional-0178" ], "connected_hex_count": 6, "confidence_score": 0.85, "confidence_label": "high", "data_quality_note": "OSM vector lines and power nodes in hex.", "source_mode": "osm_vector_derived", "kiut_role": "visual_reference_only", "infrastructure_score": 100.0 }, "geometry": { "type": "Polygon", "coordinates": [ [ [ 19.19605729309853, 49.873477028254932 ], [ 19.159933946876578, 49.887027903263849 ], [ 19.160023194401553, 49.91401852433399 ], [ 19.196276164289717, 49.927458164832863 ], [ 19.232419450152317, 49.913896033709719 ], [ 19.232289826811275, 49.886905528933653 ], [ 19.19605729309853, 49.873477028254932 ] ] ] } },
{ "type": "Feature", "properties": { "hex_id": "regional-0155", "hex_level": "regional", "hex_edge_m": 3000, "line_count": 41, "line_length_m": 42386.9, "major_line_count": 4, "minor_line_count": 31, "cable_count": 6, "node_count": 302, "substation_count": 4, "transformer_count": 0, "generator_count": 4, "plant_count": 0, "support_count": 293, "switchgear_count": 1, "nearest_power_node_m": 150.3, "neighbor_ids": [ "regional-0132", "regional-0133", "regional-0154", "regional-0156", "regional-0178", "regional-0179" ], "has_infrastructure": true, "operational_status": "operational", "operational_status_note": "Infrastructure present; no failure simulation is active.", "connected_hex_ids": [ "regional-0132", "regional-0133", "regional-0154", "regional-0156", "regional-0178", "regional-0179" ], "connected_hex_count": 6, "confidence_score": 0.85, "confidence_label": "high", "data_quality_note": "OSM vector lines and power nodes in hex.", "source_mode": "osm_vector_derived", "kiut_role": "visual_reference_only", "infrastructure_score": 100.0 }, "geometry": { "type": "Polygon", "coordinates": [ [ [ 19.268392737375283, 49.873332147911988 ], [ 19.232289826811275, 49.886905528933653 ], [ 19.232419450152317, 49.913896033709719 ], [ 19.268692359163129, 49.927313008996066 ], [ 19.304815117196583, 49.913728350743007 ], [ 19.304645119194902, 49.886738005166237 ], [ 19.268392737375283, 49.873332147911988 ] ] ] } },
{ "type": "Feature", "properties": { "hex_id": "regional-0156", "hex_level": "regional", "hex_edge_m": 3000, "line_count": 8, "line_length_m": 5884.3, "major_line_count": 0, "minor_line_count": 6, "cable_count": 2, "node_count": 67, "substation_count": 1, "transformer_count": 0, "generator_count": 0, "plant_count": 0, "support_count": 65, "switchgear_count": 1, "nearest_power_node_m": 276.3, "neighbor_ids": [ "regional-0133", "regional-0155", "regional-0179", "regional-0180" ], "has_infrastructure": true, "operational_status": "operational", "operational_status_note": "Infrastructure present; no failure simulation is active.", "connected_hex_ids": [ "regional-0133", "regional-0155", "regional-0179", "regional-0180" ], "connected_hex_count": 4, "confidence_score": 0.85, "confidence_label": "high", "data_quality_note": "OSM vector lines and power nodes in hex.", "source_mode": "osm_vector_derived", "kiut_role": "visual_reference_only", "infrastructure_score": 38.5 }, "geometry": { "type": "Polygon", "coordinates": [ [ [ 19.304645119194902, 49.886738005166237 ], [ 19.304815117196583, 49.913728350743007 ], [ 19.336841039859742, 49.925548889422075 ], [ 19.320266688468987, 49.896043684559039 ], [ 19.311475947065677, 49.884165592759359 ], [ 19.304645119194902, 49.886738005166237 ] ] ] } },
{ "type": "Feature", "properties": { "hex_id": "regional-0157", "hex_level": "regional", "hex_edge_m": 3000, "line_count": 0, "line_length_m": 0.0, "major_line_count": 0, "minor_line_count": 0, "cable_count": 0, "node_count": 0, "substation_count": 0, "transformer_count": 0, "generator_count": 0, "plant_count": 0, "support_count": 0, "switchgear_count": 0, "nearest_power_node_m": 464.2, "neighbor_ids": [ "regional-0158", "regional-0181" ], "has_infrastructure": false, "operational_status": "empty", "operational_status_note": "No OSM power infrastructure in this hex.", "connected_hex_ids": [ "regional-0158", "regional-0181" ], "connected_hex_count": 2, "confidence_score": 0.35, "confidence_label": "low", "data_quality_note": "Nearby OSM feature only; KIUT may be used as visual reference.", "source_mode": "osm_vector_derived", "kiut_role": "visual_reference_only", "infrastructure_score": 0.0 }, "geometry": { "type": "Polygon", "coordinates": [ [ [ 17.747392506790945, 49.947851248577123 ], [ 17.747615863148496, 49.939237976631006 ], [ 17.747404382516113, 49.939600211237369 ], [ 17.743374265288629, 49.949290832225131 ], [ 17.747392506790945, 49.947851248577123 ] ] ] } },
{ "type": "Feature", "properties": { "hex_id": "regional-0158", "hex_level": "regional", "hex_edge_m": 3000, "line_count": 14, "line_length_m": 16376.3, "major_line_count": 0, "minor_line_count": 14, "cable_count": 0, "node_count": 158, "substation_count": 2, "transformer_count": 0, "generator_count": 0, "plant_count": 0, "support_count": 155, "switchgear_count": 1, "nearest_power_node_m": 598.0, "neighbor_ids": [ "regional-0134", "regional-0135", "regional-0157", "regional-0159", "regional-0181", "regional-0182" ], "has_infrastructure": true, "operational_status": "operational", "operational_status_note": "Infrastructure present; no failure simulation is active.", "connected_hex_ids": [ "regional-0134", "regional-0135", "regional-0159", "regional-0181", "regional-0182" ], "connected_hex_count": 5, "confidence_score": 0.85, "confidence_label": "high", "data_quality_note": "OSM vector lines and power nodes in hex.", "source_mode": "osm_vector_derived", "kiut_role": "visual_reference_only", "infrastructure_score": 75.2 }, "geometry": { "type": "Polygon", "coordinates": [ [ [ 17.747392506790945, 49.947851248577123 ], [ 17.783267997052278, 49.961728917003775 ], [ 17.819824202901206, 49.94861090000235 ], [ 17.820483166152648, 49.921626064414234 ], [ 17.78462634354549, 49.907759956309647 ], [ 17.761046121505171, 49.916221791058021 ], [ 17.747615863148496, 49.939237976631006 ], [ 17.747392506790945, 49.947851248577123 ] ] ] } },
{ "type": "Feature", "properties": { "hex_id": "regional-0159", "hex_level": "regional", "hex_edge_m": 3000, "line_count": 45, "line_length_m": 28645.1, "major_line_count": 7, "minor_line_count": 38, "cable_count": 0, "node_count": 296, "substation_count": 2, "transformer_count": 0, "generator_count": 0, "plant_count": 1, "support_count": 293, "switchgear_count": 0, "nearest_power_node_m": 18.9, "neighbor_ids": [ "regional-0135", "regional-0136", "regional-0158", "regional-0160", "regional-0182", "regional-0183" ], "has_infrastructure": true, "operational_status": "operational", "operational_status_note": "Infrastructure present; no failure simulation is active.", "connected_hex_ids": [ "regional-0135", "regional-0136", "regional-0158", "regional-0160", "regional-0182", "regional-0183" ], "connected_hex_count": 6, "confidence_score": 0.85, "confidence_label": "high", "data_quality_note": "OSM vector lines and power nodes in hex.", "source_mode": "osm_vector_derived", "kiut_role": "visual_reference_only", "infrastructure_score": 100.0 }, "geometry": { "type": "Polygon", "coordinates": [ [ [ 17.856998951032601, 49.908495948154659 ], [ 17.820483166152648, 49.921626064414234 ], [ 17.819824202901206, 49.94861090000235 ], [ 17.85572144647999, 49.962466308360867 ], [ 17.892258892939498, 49.949325329828675 ], [ 17.89287743234075, 49.922339815942038 ], [ 17.856998951032601, 49.908495948154659 ] ] ] } },
{ "type": "Feature", "properties": { "hex_id": "regional-0160", "hex_level": "regional", "hex_edge_m": 3000, "line_count": 41, "line_length_m": 42899.9, "major_line_count": 9, "minor_line_count": 31, "cable_count": 1, "node_count": 304, "substation_count": 3, "transformer_count": 0, "generator_count": 1, "plant_count": 2, "support_count": 298, "switchgear_count": 0, "nearest_power_node_m": 308.4, "neighbor_ids": [ "regional-0136", "regional-0137", "regional-0159", "regional-0161", "regional-0183", "regional-0184" ], "has_infrastructure": true, "operational_status": "operational", "operational_status_note": "Infrastructure present; no failure simulation is active.", "connected_hex_ids": [ "regional-0136", "regional-0137", "regional-0159", "regional-0161", "regional-0183", "regional-0184" ], "connected_hex_count": 6, "confidence_score": 0.85, "confidence_label": "high", "data_quality_note": "OSM vector lines and power nodes in hex.", "source_mode": "osm_vector_derived", "kiut_role": "visual_reference_only", "infrastructure_score": 100.0 }, "geometry": { "type": "Polygon", "coordinates": [ [ [ 17.929374452131455, 49.909186780545646 ], [ 17.89287743234075, 49.922339815942038 ], [ 17.892258892939502, 49.949325329828675 ], [ 17.928177800918952, 49.963158454430619 ], [ 17.9646963933493, 49.949994533700462 ], [ 17.965274503380716, 49.923008384435875 ], [ 17.929374452131455, 49.909186780545646 ] ] ] } },
{ "type": "Feature", "properties": { "hex_id": "regional-0161", "hex_level": "regional", "hex_edge_m": 3000, "line_count": 33, "line_length_m": 27303.1, "major_line_count": 2, "minor_line_count": 31, "cable_count": 0, "node_count": 269, "substation_count": 1, "transformer_count": 1, "generator_count": 0, "plant_count": 1, "support_count": 265, "switchgear_count": 1, "nearest_power_node_m": 67.0, "neighbor_ids": [ "regional-0137", "regional-0138", "regional-0160", "regional-0162", "regional-0184", "regional-0185" ], "has_infrastructure": true, "operational_status": "operational", "operational_status_note": "Infrastructure present; no failure simulation is active.", "connected_hex_ids": [ "regional-0137", "regional-0138", "regional-0160", "regional-0162", "regional-0184", "regional-0185" ], "connected_hex_count": 6, "confidence_score": 0.85, "confidence_label": "high", "data_quality_note": "OSM vector lines and power nodes in hex.", "source_mode": "osm_vector_derived", "kiut_role": "visual_reference_only", "infrastructure_score": 100.0 }, "geometry": { "type": "Polygon", "coordinates": [ [ [ 18.001752663802666, 49.909832449276223 ], [ 17.965274503380716, 49.923008384435875 ], [ 17.964696393349303, 49.949994533700462 ], [ 18.000636876609295, 49.963805350991258 ], [ 18.037136520529099, 49.950618507537534 ], [ 18.03767419603134, 49.923631765822968 ], [ 18.001752663802666, 49.909832449276223 ] ] ] } },
{ "type": "Feature", "properties": { "hex_id": "regional-0162", "hex_level": "regional", "hex_edge_m": 3000, "line_count": 25, "line_length_m": 20739.3, "major_line_count": 0, "minor_line_count": 23, "cable_count": 2, "node_count": 192, "substation_count": 2, "transformer_count": 1, "generator_count": 1, "plant_count": 0, "support_count": 186, "switchgear_count": 2, "nearest_power_node_m": 879.4, "neighbor_ids": [ "regional-0138", "regional-0139", "regional-0161", "regional-0163", "regional-0185", "regional-0186" ], "has_infrastructure": true, "operational_status": "operational", "operational_status_note": "Infrastructure present; no failure simulation is active.", "connected_hex_ids": [ "regional-0138", "regional-0139", "regional-0161", "regional-0163", "regional-0185", "regional-0186" ], "connected_hex_count": 6, "confidence_score": 0.85, "confidence_label": "high", "data_quality_note": "OSM vector lines and power nodes in hex.", "source_mode": "osm_vector_derived", "kiut_role": "visual_reference_only", "infrastructure_score": 100.0 }, "geometry": { "type": "Polygon", "coordinates": [ [ [ 18.074133402963529, 49.910432950414688 ], [ 18.037674196031343, 49.923631765822968 ], [ 18.037136520529103, 49.950618507537534 ], [ 18.073098489747562, 49.964406994096755 ], [ 18.109579090835329, 49.951197247535184 ], [ 18.110076327009519, 49.924209956305582 ], [ 18.074133402963529, 49.910432950414688 ] ] ] } },
{ "type": "Feature", "properties": { "hex_id": "regional-0163", "hex_level": "regional", "hex_edge_m": 3000, "line_count": 29, "line_length_m": 20836.6, "major_line_count": 2, "minor_line_count": 27, "cable_count": 0, "node_count": 174, "substation_count": 1, "transformer_count": 0, "generator_count": 1, "plant_count": 0, "support_count": 172, "switchgear_count": 0, "nearest_power_node_m": 479.5, "neighbor_ids": [ "regional-0139", "regional-0140", "regional-0162", "regional-0164", "regional-0186", "regional-0187" ], "has_infrastructure": true, "operational_status": "operational", "operational_status_note": "Infrastructure present; no failure simulation is active.", "connected_hex_ids": [ "regional-0139", "regional-0140", "regional-0162", "regional-0164", "regional-0186", "regional-0187" ], "connected_hex_count": 6, "confidence_score": 0.85, "confidence_label": "high", "data_quality_note": "OSM vector lines and power nodes in hex.", "source_mode": "osm_vector_derived", "kiut_role": "visual_reference_only", "infrastructure_score": 87.2 }, "geometry": { "type": "Polygon", "coordinates": [ [ [ 18.146516486490981, 49.910988280304203 ], [ 18.110076327009519, 49.924209956305582 ], [ 18.109579090835332, 49.951197247535184 ], [ 18.145562456489635, 49.964963380076867 ], [ 18.182023920585319, 49.951730750164366 ], [ 18.182480712993158, 49.924742952361072 ], [ 18.146516486490981, 49.910988280304203 ] ] ] } },
{ "type": "Feature", "properties": { "hex_id": "regional-0164", "hex_level": "regional", "hex_edge_m": 3000, "line_count": 27, "line_length_m": 29942.3, "major_line_count": 0, "minor_line_count": 26, "cable_count": 1, "node_count": 272, "substation_count": 2, "transformer_count": 0, "generator_count": 1, "plant_count": 2, "support_count": 266, "switchgear_count": 1, "nearest_power_node_m": 34.4, "neighbor_ids": [ "regional-0140", "regional-0141", "regional-0163", "regional-0165", "regional-0187", "regional-0188" ], "has_infrastructure": true, "operational_status": "operational", "operational_status_note": "Infrastructure present; no failure simulation is active.", "connected_hex_ids": [ "regional-0140", "regional-0141", "regional-0163", "regional-0165", "regional-0187", "regional-0188" ], "connected_hex_count": 6, "confidence_score": 0.85, "confidence_label": "high", "data_quality_note": "OSM vector lines and power nodes in hex.", "source_mode": "osm_vector_derived", "kiut_role": "visual_reference_only", "infrastructure_score": 100.0 }, "geometry": { "type": "Polygon", "coordinates": [ [ [ 18.218901731224491, 49.91149843556277 ], [ 18.182480712993158, 49.924742952361072 ], [ 18.182023920585323, 49.951730750164366 ], [ 18.218028592953697, 49.96547450553723 ], [ 18.254470826060224, 49.95221901217166 ], [ 18.254887170624112, 49.925230750741953 ], [ 18.218901731224491, 49.91149843556277 ] ] ] } },
{ "type": "Feature", "properties": { "hex_id": "regional-0165", "hex_level": "regional", "hex_edge_m": 3000, "line_count": 87, "line_length_m": 47433.2, "major_line_count": 0, "minor_line_count": 83, "cable_count": 4, "node_count": 624, "substation_count": 5, "transformer_count": 1, "generator_count": 2, "plant_count": 0, "support_count": 609, "switchgear_count": 7, "nearest_power_node_m": 191.3, "neighbor_ids": [ "regional-0141", "regional-0142", "regional-0164", "regional-0166", "regional-0188", "regional-0189" ], "has_infrastructure": true, "operational_status": "operational", "operational_status_note": "Infrastructure present; no failure simulation is active.", "connected_hex_ids": [ "regional-0141", "regional-0142", "regional-0164", "regional-0166", "regional-0188", "regional-0189" ], "connected_hex_count": 6, "confidence_score": 0.85, "confidence_label": "high", "data_quality_note": "OSM vector lines and power nodes in hex.", "source_mode": "osm_vector_derived", "kiut_role": "visual_reference_only", "infrastructure_score": 100.0 }, "geometry": { "type": "Polygon", "coordinates": [ [ [ 18.291288953968998, 49.911963413083342 ], [ 18.254887170624112, 49.925230750741953 ], [ 18.254470826060224, 49.95221901217166 ], [ 18.290496715223167, 49.965940367359465 ], [ 18.326919623507941, 49.95266203057939 ], [ 18.327295516511107, 49.925673348475975 ], [ 18.291288953968998, 49.911963413083342 ] ] ] } },
{ "type": "Feature", "properties": { "hex_id": "regional-0166", "hex_level": "regional", "hex_edge_m": 3000, "line_count": 76, "line_length_m": 34911.7, "major_line_count": 4, "minor_line_count": 68, "cable_count": 4, "node_count": 391, "substation_count": 1, "transformer_count": 0, "generator_count": 4, "plant_count": 0, "support_count": 384, "switchgear_count": 2, "nearest_power_node_m": 714.4, "neighbor_ids": [ "regional-0142", "regional-0143", "regional-0165", "regional-0167", "regional-0189", "regional-0190" ], "has_infrastructure": true, "operational_status": "operational", "operational_status_note": "Infrastructure present; no failure simulation is active.", "connected_hex_ids": [ "regional-0142", "regional-0143", "regional-0165", "regional-0167", "regional-0189", "regional-0190" ], "connected_hex_count": 6, "confidence_score": 0.85, "confidence_label": "high", "data_quality_note": "OSM vector lines and power nodes in hex.", "source_mode": "osm_vector_derived", "kiut_role": "visual_reference_only", "infrastructure_score": 100.0 }, "geometry": { "type": "Polygon", "coordinates": [ [ [ 18.363677971497829, 49.912383210033902 ], [ 18.327295516511107, 49.925673348475975 ], [ 18.326919623507944, 49.95266203057939 ], [ 18.362966639349629, 49.966360962701202 ], [ 18.399370129146096, 49.953059802685658 ], [ 18.399705567232669, 49.92607074286618 ], [ 18.363677971497829, 49.912383210033902 ] ] ] } },
{ "type": "Feature", "properties": { "hex_id": "regional-0167", "hex_level": "regional", "hex_edge_m": 3000, "line_count": 136, "line_length_m": 47580.8, "major_line_count": 4, "minor_line_count": 129, "cable_count": 3, "node_count": 677, "substation_count": 4, "transformer_count": 0, "generator_count": 0, "plant_count": 0, "support_count": 673, "switchgear_count": 0, "nearest_power_node_m": 209.9, "neighbor_ids": [ "regional-0143", "regional-0144", "regional-0166", "regional-0168", "regional-0190", "regional-0191" ], "has_infrastructure": true, "operational_status": "operational", "operational_status_note": "Infrastructure present; no failure simulation is active.", "connected_hex_ids": [ "regional-0143", "regional-0144", "regional-0166", "regional-0168", "regional-0190", "regional-0191" ], "connected_hex_count": 6, "confidence_score": 0.85, "confidence_label": "high", "data_quality_note": "OSM vector lines and power nodes in hex.", "source_mode": "osm_vector_derived", "kiut_role": "visual_reference_only", "infrastructure_score": 100.0 }, "geometry": { "type": "Polygon", "coordinates": [ [ [ 18.436068600555629, 49.912757823857476 ], [ 18.399705567232669, 49.92607074286618 ], [ 18.399370129146096, 49.953059802685658 ], [ 18.435438181355803, 49.966736288996096 ], [ 18.47182215916493, 49.953412326064438 ], [ 18.472117139340064, 49.92642293149094 ], [ 18.436068600555629, 49.912757823857476 ] ] ] } },
{ "type": "Feature", "properties": { "hex_id": "regional-0168", "hex_level": "regional", "hex_edge_m": 3000, "line_count": 56, "line_length_m": 33719.9, "major_line_count": 0, "minor_line_count": 52, "cable_count": 4, "node_count": 408, "substation_count": 0, "transformer_count": 1, "generator_count": 2, "plant_count": 0, "support_count": 405, "switchgear_count": 0, "nearest_power_node_m": 69.4, "neighbor_ids": [ "regional-0144", "regional-0145", "regional-0167", "regional-0169", "regional-0191", "regional-0192" ], "has_infrastructure": true, "operational_status": "operational", "operational_status_note": "Infrastructure present; no failure simulation is active.", "connected_hex_ids": [ "regional-0144", "regional-0145", "regional-0167", "regional-0169", "regional-0191", "regional-0192" ], "connected_hex_count": 6, "confidence_score": 0.85, "confidence_label": "high", "data_quality_note": "OSM vector lines and power nodes in hex.", "source_mode": "osm_vector_derived", "kiut_role": "visual_reference_only", "infrastructure_score": 100.0 }, "geometry": { "type": "Polygon", "coordinates": [ [ [ 18.508460657861278, 49.91308725227222 ], [ 18.472117139340067, 49.92642293149094 ], [ 18.47182215916493, 49.953412326064438 ], [ 18.507911157238475, 49.967066343953995 ], [ 18.544275529730285, 49.953719598565563 ], [ 18.544530049360219, 49.926729912204031 ], [ 18.508460657861278, 49.91308725227222 ] ] ] } },
{ "type": "Feature", "properties": { "hex_id": "regional-0169", "hex_level": "regional", "hex_edge_m": 3000, "line_count": 76, "line_length_m": 69684.3, "major_line_count": 26, "minor_line_count": 47, "cable_count": 3, "node_count": 519, "substation_count": 6, "transformer_count": 2, "generator_count": 21, "plant_count": 2, "support_count": 487, "switchgear_count": 1, "nearest_power_node_m": 360.1, "neighbor_ids": [ "regional-0145", "regional-0146", "regional-0168", "regional-0170", "regional-0192", "regional-0193" ], "has_infrastructure": true, "operational_status": "operational", "operational_status_note": "Infrastructure present; no failure simulation is active.", "connected_hex_ids": [ "regional-0145", "regional-0146", "regional-0168", "regional-0170", "regional-0192", "regional-0193" ], "connected_hex_count": 6, "confidence_score": 0.85, "confidence_label": "high", "data_quality_note": "OSM vector lines and power nodes in hex.", "source_mode": "osm_vector_derived", "kiut_role": "visual_reference_only", "infrastructure_score": 100.0 }, "geometry": { "type": "Polygon", "coordinates": [ [ [ 18.580853960110844, 49.913371493271441 ], [ 18.544530049360223, 49.926729912204031 ], [ 18.544275529730285, 49.953719598565563 ], [ 18.580385382971443, 49.967351125560846 ], [ 18.616730056986526, 49.953981618314849 ], [ 18.616944113798656, 49.926991683134659 ], [ 18.580853960110844, 49.913371493271441 ] ] ] } },
{ "type": "Feature", "properties": { "hex_id": "regional-0170", "hex_level": "regional", "hex_edge_m": 3000, "line_count": 70, "line_length_m": 67910.6, "major_line_count": 10, "minor_line_count": 51, "cable_count": 9, "node_count": 515, "substation_count": 3, "transformer_count": 0, "generator_count": 2, "plant_count": 0, "support_count": 499, "switchgear_count": 11, "nearest_power_node_m": 520.1, "neighbor_ids": [ "regional-0146", "regional-0147", "regional-0169", "regional-0171", "regional-0193", "regional-0194" ], "has_infrastructure": true, "operational_status": "operational", "operational_status_note": "Infrastructure present; no failure simulation is active.", "connected_hex_ids": [ "regional-0146", "regional-0147", "regional-0169", "regional-0171", "regional-0193", "regional-0194" ], "connected_hex_count": 6, "confidence_score": 0.85, "confidence_label": "high", "data_quality_note": "OSM vector lines and power nodes in hex.", "source_mode": "osm_vector_derived", "kiut_role": "visual_reference_only", "infrastructure_score": 100.0 }, "geometry": { "type": "Polygon", "coordinates": [ [ [ 18.653248323980474, 49.913610545123653 ], [ 18.61694411379866, 49.926991683134659 ], [ 18.616730056986526, 49.953981618314849 ], [ 18.652860674508474, 49.967590632078853 ], [ 18.689185557059488, 49.954198383714022 ], [ 18.68935914914244, 49.927208242687506 ], [ 18.653248323980474, 49.913610545123653 ] ] ] } },
{ "type": "Feature", "properties": { "hex_id": "regional-0171", "hex_level": "regional", "hex_edge_m": 3000, "line_count": 45, "line_length_m": 49143.5, "major_line_count": 8, "minor_line_count": 33, "cable_count": 4, "node_count": 344, "substation_count": 4, "transformer_count": 1, "generator_count": 2, "plant_count": 0, "support_count": 337, "switchgear_count": 0, "nearest_power_node_m": 807.8, "neighbor_ids": [ "regional-0147", "regional-0148", "regional-0170", "regional-0172", "regional-0194", "regional-0195" ], "has_infrastructure": true, "operational_status": "operational", "operational_status_note": "Infrastructure present; no failure simulation is active.", "connected_hex_ids": [ "regional-0147", "regional-0148", "regional-0170", "regional-0172", "regional-0194", "regional-0195" ], "connected_hex_count": 6, "confidence_score": 0.85, "confidence_label": "high", "data_quality_note": "OSM vector lines and power nodes in hex.", "source_mode": "osm_vector_derived", "kiut_role": "visual_reference_only", "infrastructure_score": 100.0 }, "geometry": { "type": "Polygon", "coordinates": [ [ [ 18.725643566129357, 49.913804406372627 ], [ 18.68935914914244, 49.927208242687506 ], [ 18.689185557059488, 49.954198383714022 ], [ 18.725336847786252, 49.967784862046429 ], [ 18.761641846059426, 49.954369893440884 ], [ 18.761774971863094, 49.927379589542731 ], [ 18.725643566129357, 49.913804406372627 ] ] ] } },
{ "type": "Feature", "properties": { "hex_id": "regional-0172", "hex_level": "regional", "hex_edge_m": 3000, "line_count": 37, "line_length_m": 42913.8, "major_line_count": 3, "minor_line_count": 30, "cable_count": 4, "node_count": 292, "substation_count": 2, "transformer_count": 0, "generator_count": 1, "plant_count": 1, "support_count": 288, "switchgear_count": 0, "nearest_power_node_m": 124.9, "neighbor_ids": [ "regional-0148", "regional-0149", "regional-0171", "regional-0173", "regional-0195", "regional-0196" ], "has_infrastructure": true, "operational_status": "operational", "operational_status_note": "Infrastructure present; no failure simulation is active.", "connected_hex_ids": [ "regional-0148", "regional-0149", "regional-0171", "regional-0173", "regional-0195", "regional-0196" ], "connected_hex_count": 6, "confidence_score": 0.85, "confidence_label": "high", "data_quality_note": "OSM vector lines and power nodes in hex.", "source_mode": "osm_vector_derived", "kiut_role": "visual_reference_only", "infrastructure_score": 100.0 }, "geometry": { "type": "Polygon", "coordinates": [ [ [ 18.798039503202641, 49.913953075837341 ], [ 18.761774971863094, 49.927379589542731 ], [ 18.761641846059426, 49.954369893440884 ], [ 18.797813718727326, 49.967933814278275 ], [ 18.834098740083949, 49.954496146449202 ], [ 18.834191398419552, 49.927505722656058 ], [ 18.798039503202641, 49.913953075837341 ] ] ] } },
{ "type": "Feature", "properties": { "hex_id": "regional-0173", "hex_level": "regional", "hex_edge_m": 3000, "line_count": 26, "line_length_m": 18778.3, "major_line_count": 0, "minor_line_count": 26, "cable_count": 0, "node_count": 160, "substation_count": 0, "transformer_count": 0, "generator_count": 3, "plant_count": 0, "support_count": 157, "switchgear_count": 0, "nearest_power_node_m": 997.7, "neighbor_ids": [ "regional-0149", "regional-0150", "regional-0172", "regional-0174", "regional-0196", "regional-0197" ], "has_infrastructure": true, "operational_status": "operational", "operational_status_note": "Infrastructure present; no failure simulation is active.", "connected_hex_ids": [ "regional-0149", "regional-0150", "regional-0172", "regional-0174", "regional-0196", "regional-0197" ], "connected_hex_count": 6, "confidence_score": 0.85, "confidence_label": "high", "data_quality_note": "OSM vector lines and power nodes in hex.", "source_mode": "osm_vector_derived", "kiut_role": "visual_reference_only", "infrastructure_score": 76.9 }, "geometry": { "type": "Polygon", "coordinates": [ [ [ 18.870435951834356, 49.914056552612145 ], [ 18.834191398419556, 49.927505722656058 ], [ 18.834098740083949, 49.954496146449202 ], [ 18.870291103243055, 49.968037487865395 ], [ 18.906556055220978, 49.954577141968848 ], [ 18.906608245261086, 49.927586641258713 ], [ 18.870435951834356, 49.914056552612145 ] ] ] } },
{ "type": "Feature", "properties": { "hex_id": "regional-0174", "hex_level": "regional", "hex_edge_m": 3000, "line_count": 63, "line_length_m": 43355.7, "major_line_count": 7, "minor_line_count": 40, "cable_count": 16, "node_count": 345, "substation_count": 20, "transformer_count": 2, "generator_count": 4, "plant_count": 0, "support_count": 317, "switchgear_count": 2, "nearest_power_node_m": 117.7, "neighbor_ids": [ "regional-0150", "regional-0151", "regional-0173", "regional-0175", "regional-0197", "regional-0198" ], "has_infrastructure": true, "operational_status": "operational", "operational_status_note": "Infrastructure present; no failure simulation is active.", "connected_hex_ids": [ "regional-0150", "regional-0151", "regional-0173", "regional-0175", "regional-0197", "regional-0198" ], "connected_hex_count": 6, "confidence_score": 0.85, "confidence_label": "high", "data_quality_note": "OSM vector lines and power nodes in hex.", "source_mode": "osm_vector_derived", "kiut_role": "visual_reference_only", "infrastructure_score": 100.0 }, "geometry": { "type": "Polygon", "coordinates": [ [ [ 18.942832728650359, 49.914114836066609 ], [ 18.906608245261086, 49.927586641258713 ], [ 18.906556055220978, 49.954577141968848 ], [ 18.942768817236569, 49.968095882175085 ], [ 18.979013607551682, 49.954612879505724 ], [ 18.979025328830243, 49.927622344857546 ], [ 18.942832728650359, 49.914114836066609 ] ] ] } },
{ "type": "Feature", "properties": { "hex_id": "regional-0175", "hex_level": "regional", "hex_edge_m": 3000, "line_count": 71, "line_length_m": 45251.0, "major_line_count": 7, "minor_line_count": 52, "cable_count": 12, "node_count": 449, "substation_count": 13, "transformer_count": 0, "generator_count": 16, "plant_count": 0, "support_count": 418, "switchgear_count": 2, "nearest_power_node_m": 168.4, "neighbor_ids": [ "regional-0151", "regional-0152", "regional-0174", "regional-0176", "regional-0198", "regional-0199" ], "has_infrastructure": true, "operational_status": "operational", "operational_status_note": "Infrastructure present; no failure simulation is active.", "connected_hex_ids": [ "regional-0151", "regional-0152", "regional-0174", "regional-0176", "regional-0198", "regional-0199" ], "connected_hex_count": 6, "confidence_score": 0.85, "confidence_label": "high", "data_quality_note": "OSM vector lines and power nodes in hex.", "source_mode": "osm_vector_derived", "kiut_role": "visual_reference_only", "infrastructure_score": 100.0 }, "geometry": { "type": "Polygon", "coordinates": [ [ [ 19.015229650271262, 49.914127925845676 ], [ 18.979025328830243, 49.927622344857546 ], [ 18.979013607551686, 49.954612879505724 ], [ 19.01524667660571, 49.96810899685098 ], [ 19.051471213153444, 49.954603358841844 ], [ 19.051442465565778, 49.927612833234946 ], [ 19.015229650271262, 49.914127925845676 ] ] ] } },
{ "type": "Feature", "properties": { "hex_id": "regional-0176", "hex_level": "regional", "hex_edge_m": 3000, "line_count": 51, "line_length_m": 43219.1, "major_line_count": 2, "minor_line_count": 43, "cable_count": 6, "node_count": 436, "substation_count": 0, "transformer_count": 0, "generator_count": 3, "plant_count": 0, "support_count": 433, "switchgear_count": 0, "nearest_power_node_m": 139.7, "neighbor_ids": [ "regional-0152", "regional-0153", "regional-0175", "regional-0177", "regional-0199", "regional-0200" ], "has_infrastructure": true, "operational_status": "operational", "operational_status_note": "Infrastructure present; no failure simulation is active.", "connected_hex_ids": [ "regional-0152", "regional-0153", "regional-0175", "regional-0177", "regional-0199", "regional-0200" ], "connected_hex_count": 6, "confidence_score": 0.85, "confidence_label": "high", "data_quality_note": "OSM vector lines and power nodes in hex.", "source_mode": "osm_vector_derived", "kiut_role": "visual_reference_only", "infrastructure_score": 100.0 }, "geometry": { "type": "Polygon", "coordinates": [ [ [ 19.087626533315355, 49.914095821869616 ], [ 19.051442465565778, 49.927612833234946 ], [ 19.051471213153444, 49.954603358841844 ], [ 19.087724497246001, 49.968076831813029 ], [ 19.123928688102776, 49.954548580035265 ], [ 19.123859471905604, 49.927558106448856 ], [ 19.087626533315355, 49.914095821869616 ] ] ] } },
{ "type": "Feature", "properties": { "hex_id": "regional-0177", "hex_level": "regional", "hex_edge_m": 3000, "line_count": 34, "line_length_m": 38028.7, "major_line_count": 4, "minor_line_count": 27, "cable_count": 3, "node_count": 315, "substation_count": 3, "transformer_count": 0, "generator_count": 12, "plant_count": 0, "support_count": 298, "switchgear_count": 2, "nearest_power_node_m": 311.6, "neighbor_ids": [ "regional-0153", "regional-0154", "regional-0176", "regional-0178", "regional-0200", "regional-0201" ], "has_infrastructure": true, "operational_status": "operational", "operational_status_note": "Infrastructure present; no failure simulation is active.", "connected_hex_ids": [ "regional-0153", "regional-0154", "regional-0176", "regional-0178", "regional-0200", "regional-0201" ], "connected_hex_count": 6, "confidence_score": 0.85, "confidence_label": "high", "data_quality_note": "OSM vector lines and power nodes in hex.", "source_mode": "osm_vector_derived", "kiut_role": "visual_reference_only", "infrastructure_score": 100.0 }, "geometry": { "type": "Polygon", "coordinates": [ [ [ 19.160023194401553, 49.91401852433399 ], [ 19.123859471905604, 49.927558106448856 ], [ 19.123928688102776, 49.954548580035265 ], [ 19.16020209505357, 49.967999387257542 ], [ 19.196385848478297, 49.95444854342017 ], [ 19.196276164289717, 49.927458164832863 ], [ 19.160023194401553, 49.91401852433399 ] ] ] } },
{ "type": "Feature", "properties": { "hex_id": "regional-0178", "hex_level": "regional", "hex_edge_m": 3000, "line_count": 55, "line_length_m": 49702.4, "major_line_count": 4, "minor_line_count": 43, "cable_count": 8, "node_count": 443, "substation_count": 5, "transformer_count": 0, "generator_count": 17, "plant_count": 0, "support_count": 418, "switchgear_count": 3, "nearest_power_node_m": 357.5, "neighbor_ids": [ "regional-0154", "regional-0155", "regional-0177", "regional-0179", "regional-0201", "regional-0202" ], "has_infrastructure": true, "operational_status": "operational", "operational_status_note": "Infrastructure present; no failure simulation is active.", "connected_hex_ids": [ "regional-0154", "regional-0155", "regional-0177", "regional-0179", "regional-0201", "regional-0202" ], "connected_hex_count": 6, "confidence_score": 0.85, "confidence_label": "high", "data_quality_note": "OSM vector lines and power nodes in hex.", "source_mode": "osm_vector_derived", "kiut_role": "visual_reference_only", "infrastructure_score": 100.0 }, "geometry": { "type": "Polygon", "coordinates": [ [ [ 19.232419450152317, 49.913896033709719 ], [ 19.196276164289717, 49.927458164832863 ], [ 19.196385848478297, 49.95444854342017 ], [ 19.232679285928135, 49.967876663657158 ], [ 19.268842510363655, 49.95430324960676 ], [ 19.268692359163129, 49.927313008996066 ], [ 19.232419450152317, 49.913896033709719 ] ] ] } },
{ "type": "Feature", "properties": { "hex_id": "regional-0179", "hex_level": "regional", "hex_edge_m": 3000, "line_count": 35, "line_length_m": 35745.4, "major_line_count": 4, "minor_line_count": 28, "cable_count": 3, "node_count": 325, "substation_count": 2, "transformer_count": 1, "generator_count": 3, "plant_count": 0, "support_count": 319, "switchgear_count": 0, "nearest_power_node_m": 26.1, "neighbor_ids": [ "regional-0155", "regional-0156", "regional-0178", "regional-0180", "regional-0202", "regional-0203" ], "has_infrastructure": true, "operational_status": "operational", "operational_status_note": "Infrastructure present; no failure simulation is active.", "connected_hex_ids": [ "regional-0155", "regional-0156", "regional-0178", "regional-0180", "regional-0202", "regional-0203" ], "connected_hex_count": 6, "confidence_score": 0.85, "confidence_label": "high", "data_quality_note": "OSM vector lines and power nodes in hex.", "source_mode": "osm_vector_derived", "kiut_role": "visual_reference_only", "infrastructure_score": 100.0 }, "geometry": { "type": "Polygon", "coordinates": [ [ [ 19.304815117196583, 49.913728350743007 ], [ 19.268692359163129, 49.927313008996066 ], [ 19.268842510363655, 49.95430324960676 ], [ 19.305155885775925, 49.967708661760796 ], [ 19.341298489850487, 49.954112699481357 ], [ 19.341150873479165, 49.93321479965946 ], [ 19.336841039859742, 49.925548889422075 ], [ 19.304815117196583, 49.913728350743007 ] ] ] } },
{ "type": "Feature", "properties": { "hex_id": "regional-0180", "hex_level": "regional", "hex_edge_m": 3000, "line_count": 6, "line_length_m": 2968.6, "major_line_count": 2, "minor_line_count": 4, "cable_count": 0, "node_count": 23, "substation_count": 0, "transformer_count": 0, "generator_count": 0, "plant_count": 0, "support_count": 23, "switchgear_count": 0, "nearest_power_node_m": 91.1, "neighbor_ids": [ "regional-0156", "regional-0179", "regional-0203" ], "has_infrastructure": true, "operational_status": "operational", "operational_status_note": "Infrastructure present; no failure simulation is active.", "connected_hex_ids": [ "regional-0156", "regional-0179", "regional-0203" ], "connected_hex_count": 3, "confidence_score": 0.62, "confidence_label": "medium", "data_quality_note": "OSM vector feature present; topology is inferred.", "source_mode": "osm_vector_derived", "kiut_role": "visual_reference_only", "infrastructure_score": 17.3 }, "geometry": { "type": "Polygon", "coordinates": [ [ [ 19.341298489850487, 49.954112699481357 ], [ 19.353275330886724, 49.9585262355819 ], [ 19.34825272954204, 49.945841184196347 ], [ 19.341150873479165, 49.93321479965946 ], [ 19.341298489850487, 49.954112699481357 ] ] ] } },
{ "type": "Feature", "properties": { "hex_id": "regional-0181", "hex_level": "regional", "hex_edge_m": 3000, "line_count": 12, "line_length_m": 13632.0, "major_line_count": 2, "minor_line_count": 10, "cable_count": 0, "node_count": 108, "substation_count": 1, "transformer_count": 0, "generator_count": 1, "plant_count": 0, "support_count": 105, "switchgear_count": 1, "nearest_power_node_m": 90.6, "neighbor_ids": [ "regional-0157", "regional-0158", "regional-0182", "regional-0204", "regional-0205" ], "has_infrastructure": true, "operational_status": "operational", "operational_status_note": "Infrastructure present; no failure simulation is active.", "connected_hex_ids": [ "regional-0158", "regional-0182", "regional-0204", "regional-0205" ], "connected_hex_count": 4, "confidence_score": 0.85, "confidence_label": "high", "data_quality_note": "OSM vector lines and power nodes in hex.", "source_mode": "osm_vector_derived", "kiut_role": "visual_reference_only", "infrastructure_score": 61.1 }, "geometry": { "type": "Polygon", "coordinates": [ [ [ 17.745990564819408, 50.00181907711346 ], [ 17.78258728045197, 49.988713197851013 ], [ 17.783267997052278, 49.961728917003775 ], [ 17.747392506790945, 49.947851248577123 ], [ 17.743374265288629, 49.949290832225131 ], [ 17.726109869144182, 49.990757159061019 ], [ 17.725321315156634, 49.993823427709216 ], [ 17.745990564819408, 50.00181907711346 ] ] ] } },
{ "type": "Feature", "properties": { "hex_id": "regional-0182", "hex_level": "regional", "hex_edge_m": 3000, "line_count": 30, "line_length_m": 22292.3, "major_line_count": 6, "minor_line_count": 24, "cable_count": 0, "node_count": 193, "substation_count": 1, "transformer_count": 0, "generator_count": 0, "plant_count": 1, "support_count": 189, "switchgear_count": 2, "nearest_power_node_m": 126.8, "neighbor_ids": [ "regional-0158", "regional-0159", "regional-0181", "regional-0183", "regional-0205", "regional-0206" ], "has_infrastructure": true, "operational_status": "operational", "operational_status_note": "Infrastructure present; no failure simulation is active.", "connected_hex_ids": [ "regional-0158", "regional-0159", "regional-0181", "regional-0183", "regional-0205", "regional-0206" ], "connected_hex_count": 6, "confidence_score": 0.85, "confidence_label": "high", "data_quality_note": "OSM vector lines and power nodes in hex.", "source_mode": "osm_vector_derived", "kiut_role": "visual_reference_only", "infrastructure_score": 100.0 }, "geometry": { "type": "Polygon", "coordinates": [ [ [ 17.819824202901206, 49.94861090000235 ], [ 17.783267997052278, 49.961728917003775 ], [ 17.78258728045197, 49.988713197851013 ], [ 17.818503280499698, 50.002580173368756 ], [ 17.855081242646722, 49.989451290131875 ], [ 17.85572144647999, 49.962466308360867 ], [ 17.819824202901206, 49.94861090000235 ] ] ] } },
{ "type": "Feature", "properties": { "hex_id": "regional-0183", "hex_level": "regional", "hex_edge_m": 3000, "line_count": 22, "line_length_m": 18039.5, "major_line_count": 3, "minor_line_count": 19, "cable_count": 0, "node_count": 168, "substation_count": 2, "transformer_count": 0, "generator_count": 0, "plant_count": 0, "support_count": 164, "switchgear_count": 2, "nearest_power_node_m": 1378.7, "neighbor_ids": [ "regional-0159", "regional-0160", "regional-0182", "regional-0184", "regional-0206", "regional-0207" ], "has_infrastructure": true, "operational_status": "operational", "operational_status_note": "Infrastructure present; no failure simulation is active.", "connected_hex_ids": [ "regional-0159", "regional-0160", "regional-0182", "regional-0184", "regional-0206", "regional-0207" ], "connected_hex_count": 6, "confidence_score": 0.85, "confidence_label": "high", "data_quality_note": "OSM vector lines and power nodes in hex.", "source_mode": "osm_vector_derived", "kiut_role": "visual_reference_only", "infrastructure_score": 93.0 }, "geometry": { "type": "Polygon", "coordinates": [ [ [ 17.892258892939498, 49.949325329828675 ], [ 17.85572144647999, 49.962466308360867 ], [ 17.855081242646722, 49.989451290131875 ], [ 17.891019001915609, 50.003295962056825 ], [ 17.927578115575717, 49.990144094137221 ], [ 17.928177800918952, 49.963158454430619 ], [ 17.892258892939498, 49.949325329828675 ] ] ] } },
{ "type": "Feature", "properties": { "hex_id": "regional-0184", "hex_level": "regional", "hex_edge_m": 3000, "line_count": 18, "line_length_m": 13943.1, "major_line_count": 0, "minor_line_count": 17, "cable_count": 1, "node_count": 138, "substation_count": 1, "transformer_count": 0, "generator_count": 0, "plant_count": 1, "support_count": 135, "switchgear_count": 1, "nearest_power_node_m": 98.7, "neighbor_ids": [ "regional-0160", "regional-0161", "regional-0183", "regional-0185", "regional-0207", "regional-0208" ], "has_infrastructure": true, "operational_status": "operational", "operational_status_note": "Infrastructure present; no failure simulation is active.", "connected_hex_ids": [ "regional-0160", "regional-0161", "regional-0183", "regional-0185", "regional-0207", "regional-0208" ], "connected_hex_count": 6, "confidence_score": 0.85, "confidence_label": "high", "data_quality_note": "OSM vector lines and power nodes in hex.", "source_mode": "osm_vector_derived", "kiut_role": "visual_reference_only", "infrastructure_score": 74.5 }, "geometry": { "type": "Polygon", "coordinates": [ [ [ 17.9646963933493, 49.949994533700462 ], [ 17.928177800918952, 49.963158454430619 ], [ 17.92757811557572, 49.990144094137221 ], [ 17.963537544787354, 50.003966438806117 ], [ 18.000077715117378, 49.990791605637547 ], [ 18.000636876609295, 49.963805350991258 ], [ 17.9646963933493, 49.949994533700462 ] ] ] } },
{ "type": "Feature", "properties": { "hex_id": "regional-0185", "hex_level": "regional", "hex_edge_m": 3000, "line_count": 32, "line_length_m": 29932.1, "major_line_count": 0, "minor_line_count": 31, "cable_count": 1, "node_count": 304, "substation_count": 3, "transformer_count": 1, "generator_count": 1, "plant_count": 1, "support_count": 298, "switchgear_count": 0, "nearest_power_node_m": 271.6, "neighbor_ids": [ "regional-0161", "regional-0162", "regional-0184", "regional-0186", "regional-0208", "regional-0209" ], "has_infrastructure": true, "operational_status": "operational", "operational_status_note": "Infrastructure present; no failure simulation is active.", "connected_hex_ids": [ "regional-0161", "regional-0162", "regional-0184", "regional-0186", "regional-0208", "regional-0209" ], "connected_hex_count": 6, "confidence_score": 0.85, "confidence_label": "high", "data_quality_note": "OSM vector lines and power nodes in hex.", "source_mode": "osm_vector_derived", "kiut_role": "visual_reference_only", "infrastructure_score": 100.0 }, "geometry": { "type": "Polygon", "coordinates": [ [ [ 18.037136520529099, 49.950618507537534 ], [ 18.000636876609295, 49.963805350991258 ], [ 18.000077715117381, 49.990791605637547 ], [ 18.036058724789857, 50.00459159952149 ], [ 18.072579857106394, 49.99139382067959 ], [ 18.073098489747562, 49.964406994096755 ], [ 18.037136520529099, 49.950618507537534 ] ] ] } },
{ "type": "Feature", "properties": { "hex_id": "regional-0186", "hex_level": "regional", "hex_edge_m": 3000, "line_count": 17, "line_length_m": 17516.8, "major_line_count": 0, "minor_line_count": 17, "cable_count": 0, "node_count": 151, "substation_count": 0, "transformer_count": 0, "generator_count": 0, "plant_count": 0, "support_count": 151, "switchgear_count": 0, "nearest_power_node_m": 815.8, "neighbor_ids": [ "regional-0162", "regional-0163", "regional-0185", "regional-0187", "regional-0209", "regional-0210" ], "has_infrastructure": true, "operational_status": "operational", "operational_status_note": "Infrastructure present; no failure simulation is active.", "connected_hex_ids": [ "regional-0162", "regional-0163", "regional-0185", "regional-0187", "regional-0209", "regional-0210" ], "connected_hex_count": 6, "confidence_score": 0.62, "confidence_label": "medium", "data_quality_note": "OSM vector feature present; topology is inferred.", "source_mode": "osm_vector_derived", "kiut_role": "visual_reference_only", "infrastructure_score": 48.5 }, "geometry": { "type": "Polygon", "coordinates": [ [ [ 18.109579090835329, 49.951197247535184 ], [ 18.073098489747562, 49.964406994096755 ], [ 18.072579857106394, 49.99139382067959 ], [ 18.108582357555719, 50.005171440384366 ], [ 18.14508435733666, 49.991950735586421 ], [ 18.145562456489635, 49.964963380076867 ], [ 18.109579090835329, 49.951197247535184 ] ] ] } },
{ "type": "Feature", "properties": { "hex_id": "regional-0187", "hex_level": "regional", "hex_edge_m": 3000, "line_count": 9, "line_length_m": 9091.2, "major_line_count": 0, "minor_line_count": 9, "cable_count": 0, "node_count": 76, "substation_count": 0, "transformer_count": 0, "generator_count": 0, "plant_count": 0, "support_count": 76, "switchgear_count": 0, "nearest_power_node_m": 342.0, "neighbor_ids": [ "regional-0163", "regional-0164", "regional-0186", "regional-0188", "regional-0210", "regional-0211" ], "has_infrastructure": true, "operational_status": "operational", "operational_status_note": "Infrastructure present; no failure simulation is active.", "connected_hex_ids": [ "regional-0163", "regional-0164", "regional-0186", "regional-0188", "regional-0210", "regional-0211" ], "connected_hex_count": 6, "confidence_score": 0.62, "confidence_label": "medium", "data_quality_note": "OSM vector feature present; topology is inferred.", "source_mode": "osm_vector_derived", "kiut_role": "visual_reference_only", "infrastructure_score": 31.1 }, "geometry": { "type": "Polygon", "coordinates": [ [ [ 18.182023920585319, 49.951730750164366 ], [ 18.145562456489635, 49.964963380076867 ], [ 18.14508435733666, 49.991950735586421 ], [ 18.181108258678154, 50.005705957852754 ], [ 18.217591031564247, 49.992462346957481 ], [ 18.218028592953697, 49.96547450553723 ], [ 18.182023920585319, 49.951730750164366 ] ] ] } },
{ "type": "Feature", "properties": { "hex_id": "regional-0188", "hex_level": "regional", "hex_edge_m": 3000, "line_count": 45, "line_length_m": 33243.0, "major_line_count": 0, "minor_line_count": 42, "cable_count": 3, "node_count": 406, "substation_count": 7, "transformer_count": 0, "generator_count": 2, "plant_count": 0, "support_count": 388, "switchgear_count": 9, "nearest_power_node_m": 153.0, "neighbor_ids": [ "regional-0164", "regional-0165", "regional-0187", "regional-0189", "regional-0211", "regional-0212" ], "has_infrastructure": true, "operational_status": "operational", "operational_status_note": "Infrastructure present; no failure simulation is active.", "connected_hex_ids": [ "regional-0164", "regional-0165", "regional-0187", "regional-0189", "regional-0211", "regional-0212" ], "connected_hex_count": 6, "confidence_score": 0.85, "confidence_label": "high", "data_quality_note": "OSM vector lines and power nodes in hex.", "source_mode": "osm_vector_derived", "kiut_role": "visual_reference_only", "infrastructure_score": 100.0 }, "geometry": { "type": "Polygon", "coordinates": [ [ [ 18.254470826060224, 49.95221901217166 ], [ 18.218028592953697, 49.96547450553723 ], [ 18.217591031564247, 49.992462346957481 ], [ 18.253636243713963, 50.006195148661348 ], [ 18.290099695510339, 49.992928651668684 ], [ 18.290496715223167, 49.965940367359465 ], [ 18.254470826060224, 49.95221901217166 ] ] ] } },
{ "type": "Feature", "properties": { "hex_id": "regional-0189", "hex_level": "regional", "hex_edge_m": 3000, "line_count": 62, "line_length_m": 42495.8, "major_line_count": 2, "minor_line_count": 55, "cable_count": 5, "node_count": 360, "substation_count": 3, "transformer_count": 0, "generator_count": 0, "plant_count": 0, "support_count": 356, "switchgear_count": 1, "nearest_power_node_m": 321.6, "neighbor_ids": [ "regional-0165", "regional-0166", "regional-0188", "regional-0190", "regional-0212", "regional-0213" ], "has_infrastructure": true, "operational_status": "operational", "operational_status_note": "Infrastructure present; no failure simulation is active.", "connected_hex_ids": [ "regional-0165", "regional-0166", "regional-0188", "regional-0190", "regional-0212", "regional-0213" ], "connected_hex_count": 6, "confidence_score": 0.85, "confidence_label": "high", "data_quality_note": "OSM vector lines and power nodes in hex.", "source_mode": "osm_vector_derived", "kiut_role": "visual_reference_only", "infrastructure_score": 100.0 }, "geometry": { "type": "Polygon", "coordinates": [ [ [ 18.326919623507941, 49.95266203057939 ], [ 18.290496715223167, 49.965940367359465 ], [ 18.290099695510339, 49.992928651668684 ], [ 18.326166128186482, 50.006639009821548 ], [ 18.362610164864183, 49.99334964687246 ], [ 18.362966639349629, 49.966360962701202 ], [ 18.326919623507941, 49.95266203057939 ] ] ] } },
{ "type": "Feature", "properties": { "hex_id": "regional-0190", "hex_level": "regional", "hex_edge_m": 3000, "line_count": 303, "line_length_m": 68574.4, "major_line_count": 0, "minor_line_count": 285, "cable_count": 18, "node_count": 1270, "substation_count": 10, "transformer_count": 0, "generator_count": 7, "plant_count": 0, "support_count": 1246, "switchgear_count": 7, "nearest_power_node_m": 277.5, "neighbor_ids": [ "regional-0166", "regional-0167", "regional-0189", "regional-0191", "regional-0213", "regional-0214" ], "has_infrastructure": true, "operational_status": "operational", "operational_status_note": "Infrastructure present; no failure simulation is active.", "connected_hex_ids": [ "regional-0166", "regional-0167", "regional-0189", "regional-0191", "regional-0213", "regional-0214" ], "connected_hex_count": 6, "confidence_score": 0.85, "confidence_label": "high", "data_quality_note": "OSM vector lines and power nodes in hex.", "source_mode": "osm_vector_derived", "kiut_role": "visual_reference_only", "infrastructure_score": 100.0 }, "geometry": { "type": "Polygon", "coordinates": [ [ [ 18.399370129146096, 49.953059802685658 ], [ 18.362966639349629, 49.966360962701202 ], [ 18.362610164864183, 49.99334964687246 ], [ 18.398697727588544, 50.007037538621617 ], [ 18.435122255286057, 49.993725329997787 ], [ 18.435438181355803, 49.966736288996096 ], [ 18.399370129146096, 49.953059802685658 ] ] ] } },
{ "type": "Feature", "properties": { "hex_id": "regional-0191", "hex_level": "regional", "hex_edge_m": 3000, "line_count": 255, "line_length_m": 80466.4, "major_line_count": 8, "minor_line_count": 244, "cable_count": 3, "node_count": 1283, "substation_count": 3, "transformer_count": 4, "generator_count": 24, "plant_count": 0, "support_count": 1251, "switchgear_count": 1, "nearest_power_node_m": 235.2, "neighbor_ids": [ "regional-0167", "regional-0168", "regional-0190", "regional-0192", "regional-0214", "regional-0215" ], "has_infrastructure": true, "operational_status": "operational", "operational_status_note": "Infrastructure present; no failure simulation is active.", "connected_hex_ids": [ "regional-0167", "regional-0168", "regional-0190", "regional-0192", "regional-0214", "regional-0215" ], "connected_hex_count": 6, "confidence_score": 0.85, "confidence_label": "high", "data_quality_note": "OSM vector lines and power nodes in hex.", "source_mode": "osm_vector_derived", "kiut_role": "visual_reference_only", "infrastructure_score": 100.0 }, "geometry": { "type": "Polygon", "coordinates": [ [ [ 18.47182215916493, 49.953412326064438 ], [ 18.435438181355803, 49.966736288996096 ], [ 18.435122255286057, 49.993725329997787 ], [ 18.471230857385436, 50.007390732626618 ], [ 18.50763578241023, 49.994055698750309 ], [ 18.507911157238475, 49.967066343953995 ], [ 18.47182215916493, 49.953412326064438 ] ] ] } },
{ "type": "Feature", "properties": { "hex_id": "regional-0192", "hex_level": "regional", "hex_edge_m": 3000, "line_count": 66, "line_length_m": 42387.5, "major_line_count": 5, "minor_line_count": 55, "cable_count": 6, "node_count": 479, "substation_count": 4, "transformer_count": 1, "generator_count": 3, "plant_count": 0, "support_count": 469, "switchgear_count": 2, "nearest_power_node_m": 422.9, "neighbor_ids": [ "regional-0168", "regional-0169", "regional-0191", "regional-0193", "regional-0215", "regional-0216" ], "has_infrastructure": true, "operational_status": "operational", "operational_status_note": "Infrastructure present; no failure simulation is active.", "connected_hex_ids": [ "regional-0168", "regional-0169", "regional-0191", "regional-0193", "regional-0215", "regional-0216" ], "connected_hex_count": 6, "confidence_score": 0.85, "confidence_label": "high", "data_quality_note": "OSM vector lines and power nodes in hex.", "source_mode": "osm_vector_derived", "kiut_role": "visual_reference_only", "infrastructure_score": 100.0 }, "geometry": { "type": "Polygon", "coordinates": [ [ [ 18.544275529730285, 49.953719598565563 ], [ 18.507911157238475, 49.967066343953995 ], [ 18.507635782410233, 49.994055698750309 ], [ 18.543765333017877, 50.00769858967854 ], [ 18.580150561847901, 49.994340751112297 ], [ 18.580385382971443, 49.967351125560846 ], [ 18.544275529730285, 49.953719598565563 ] ] ] } },
{ "type": "Feature", "properties": { "hex_id": "regional-0193", "hex_level": "regional", "hex_edge_m": 3000, "line_count": 62, "line_length_m": 54810.4, "major_line_count": 15, "minor_line_count": 45, "cable_count": 2, "node_count": 481, "substation_count": 6, "transformer_count": 0, "generator_count": 0, "plant_count": 1, "support_count": 473, "switchgear_count": 1, "nearest_power_node_m": 41.9, "neighbor_ids": [ "regional-0169", "regional-0170", "regional-0192", "regional-0194", "regional-0216", "regional-0217" ], "has_infrastructure": true, "operational_status": "operational", "operational_status_note": "Infrastructure present; no failure simulation is active.", "connected_hex_ids": [ "regional-0169", "regional-0170", "regional-0192", "regional-0194", "regional-0216", "regional-0217" ], "connected_hex_count": 6, "confidence_score": 0.85, "confidence_label": "high", "data_quality_note": "OSM vector lines and power nodes in hex.", "source_mode": "osm_vector_derived", "kiut_role": "visual_reference_only", "infrastructure_score": 100.0 }, "geometry": { "type": "Polygon", "coordinates": [ [ [ 18.616730056986526, 49.953981618314849 ], [ 18.580385382971443, 49.967351125560846 ], [ 18.580150561847901, 49.994340751112297 ], [ 18.616300969904952, 50.007961107896307 ], [ 18.652666409190168, 49.99458048534278 ], [ 18.652860674508474, 49.967590632078853 ], [ 18.616730056986526, 49.953981618314849 ] ] ] } },
{ "type": "Feature", "properties": { "hex_id": "regional-0194", "hex_level": "regional", "hex_edge_m": 3000, "line_count": 53, "line_length_m": 42212.5, "major_line_count": 13, "minor_line_count": 38, "cable_count": 2, "node_count": 338, "substation_count": 1, "transformer_count": 0, "generator_count": 1, "plant_count": 1, "support_count": 335, "switchgear_count": 0, "nearest_power_node_m": 239.6, "neighbor_ids": [ "regional-0170", "regional-0171", "regional-0193", "regional-0195", "regional-0217", "regional-0218" ], "has_infrastructure": true, "operational_status": "operational", "operational_status_note": "Infrastructure present; no failure simulation is active.", "connected_hex_ids": [ "regional-0170", "regional-0171", "regional-0193", "regional-0195", "regional-0217", "regional-0218" ], "connected_hex_count": 6, "confidence_score": 0.85, "confidence_label": "high", "data_quality_note": "OSM vector lines and power nodes in hex.", "source_mode": "osm_vector_derived", "kiut_role": "visual_reference_only", "infrastructure_score": 100.0 }, "geometry": { "type": "Polygon", "coordinates": [ [ [ 18.689185557059488, 49.954198383714022 ], [ 18.652860674508474, 49.967590632078853 ], [ 18.652666409190168, 49.99458048534278 ], [ 18.688837583447103, 50.008178285675847 ], [ 18.725183140010987, 49.9947748999775 ], [ 18.725336847786252, 49.967784862046429 ], [ 18.689185557059488, 49.954198383714022 ] ] ] } },
{ "type": "Feature", "properties": { "hex_id": "regional-0195", "hex_level": "regional", "hex_edge_m": 3000, "line_count": 39, "line_length_m": 31085.3, "major_line_count": 0, "minor_line_count": 37, "cable_count": 2, "node_count": 267, "substation_count": 3, "transformer_count": 0, "generator_count": 0, "plant_count": 0, "support_count": 262, "switchgear_count": 2, "nearest_power_node_m": 56.9, "neighbor_ids": [ "regional-0171", "regional-0172", "regional-0194", "regional-0196", "regional-0218", "regional-0219" ], "has_infrastructure": true, "operational_status": "operational", "operational_status_note": "Infrastructure present; no failure simulation is active.", "connected_hex_ids": [ "regional-0171", "regional-0172", "regional-0194", "regional-0196", "regional-0218", "regional-0219" ], "connected_hex_count": 6, "confidence_score": 0.85, "confidence_label": "high", "data_quality_note": "OSM vector lines and power nodes in hex.", "source_mode": "osm_vector_derived", "kiut_role": "visual_reference_only", "infrastructure_score": 100.0 }, "geometry": { "type": "Polygon", "coordinates": [ [ [ 18.761641846059426, 49.954369893440884 ], [ 18.725336847786252, 49.967784862046429 ], [ 18.725183140010987, 49.9947748999775 ], [ 18.761374989029086, 50.008350121690057 ], [ 18.79770056987013, 49.994923993829005 ], [ 18.797813718727326, 49.967933814278275 ], [ 18.761641846059426, 49.954369893440884 ] ] ] } },
{ "type": "Feature", "properties": { "hex_id": "regional-0196", "hex_level": "regional", "hex_edge_m": 3000, "line_count": 41, "line_length_m": 45391.5, "major_line_count": 3, "minor_line_count": 37, "cable_count": 1, "node_count": 304, "substation_count": 1, "transformer_count": 0, "generator_count": 1, "plant_count": 0, "support_count": 301, "switchgear_count": 1, "nearest_power_node_m": 93.3, "neighbor_ids": [ "regional-0172", "regional-0173", "regional-0195", "regional-0197", "regional-0219", "regional-0220" ], "has_infrastructure": true, "operational_status": "operational", "operational_status_note": "Infrastructure present; no failure simulation is active.", "connected_hex_ids": [ "regional-0172", "regional-0173", "regional-0195", "regional-0197", "regional-0219", "regional-0220" ], "connected_hex_count": 6, "confidence_score": 0.85, "confidence_label": "high", "data_quality_note": "OSM vector lines and power nodes in hex.", "source_mode": "osm_vector_derived", "kiut_role": "visual_reference_only", "infrastructure_score": 100.0 }, "geometry": { "type": "Polygon", "coordinates": [ [ [ 18.834098740083949, 49.954496146449202 ], [ 18.797813718727326, 49.967933814278275 ], [ 18.79770056987013, 49.994923993829005 ], [ 18.833913002022921, 50.008476614888934 ], [ 18.870218514316157, 49.995027765986599 ], [ 18.870291103243051, 49.968037487865395 ], [ 18.834098740083949, 49.954496146449202 ] ] ] } },
{ "type": "Feature", "properties": { "hex_id": "regional-0197", "hex_level": "regional", "hex_edge_m": 3000, "line_count": 60, "line_length_m": 56341.7, "major_line_count": 5, "minor_line_count": 52, "cable_count": 3, "node_count": 416, "substation_count": 6, "transformer_count": 0, "generator_count": 10, "plant_count": 0, "support_count": 395, "switchgear_count": 5, "nearest_power_node_m": 49.3, "neighbor_ids": [ "regional-0173", "regional-0174", "regional-0196", "regional-0198", "regional-0220", "regional-0221" ], "has_infrastructure": true, "operational_status": "operational", "operational_status_note": "Infrastructure present; no failure simulation is active.", "connected_hex_ids": [ "regional-0173", "regional-0174", "regional-0196", "regional-0198", "regional-0220", "regional-0221" ], "connected_hex_count": 6, "confidence_score": 0.85, "confidence_label": "high", "data_quality_note": "OSM vector lines and power nodes in hex.", "source_mode": "osm_vector_derived", "kiut_role": "visual_reference_only", "infrastructure_score": 100.0 }, "geometry": { "type": "Polygon", "coordinates": [ [ [ 18.906556055220978, 49.954577141968848 ], [ 18.870291103243055, 49.968037487865395 ], [ 18.870218514316157, 49.995027765986599 ], [ 18.906451437790874, 50.008557764499493 ], [ 18.942736788889352, 49.995086215816457 ], [ 18.942768817236566, 49.968095882175085 ], [ 18.906556055220978, 49.954577141968848 ] ] ] } },
{ "type": "Feature", "properties": { "hex_id": "regional-0198", "hex_level": "regional", "hex_edge_m": 3000, "line_count": 67, "line_length_m": 50961.8, "major_line_count": 5, "minor_line_count": 52, "cable_count": 10, "node_count": 415, "substation_count": 7, "transformer_count": 1, "generator_count": 20, "plant_count": 2, "support_count": 383, "switchgear_count": 2, "nearest_power_node_m": 59.8, "neighbor_ids": [ "regional-0174", "regional-0175", "regional-0197", "regional-0199", "regional-0221", "regional-0222" ], "has_infrastructure": true, "operational_status": "operational", "operational_status_note": "Infrastructure present; no failure simulation is active.", "connected_hex_ids": [ "regional-0174", "regional-0175", "regional-0197", "regional-0199", "regional-0221", "regional-0222" ], "connected_hex_count": 6, "confidence_score": 0.85, "confidence_label": "high", "data_quality_note": "OSM vector lines and power nodes in hex.", "source_mode": "osm_vector_derived", "kiut_role": "visual_reference_only", "infrastructure_score": 100.0 }, "geometry": { "type": "Polygon", "coordinates": [ [ [ 18.979013607551682, 49.954612879505724 ], [ 18.942768817236569, 49.968095882175085 ], [ 18.942736788889356, 49.995086215816457 ], [ 18.978990111688436, 50.008593570025859 ], [ 19.01525520912471, 49.995099342961531 ], [ 19.01524667660571, 49.96810899685098 ], [ 18.979013607551682, 49.954612879505724 ] ] ] } },
{ "type": "Feature", "properties": { "hex_id": "regional-0199", "hex_level": "regional", "hex_edge_m": 3000, "line_count": 44, "line_length_m": 45757.1, "major_line_count": 3, "minor_line_count": 38, "cable_count": 3, "node_count": 358, "substation_count": 0, "transformer_count": 0, "generator_count": 8, "plant_count": 0, "support_count": 350, "switchgear_count": 0, "nearest_power_node_m": 127.2, "neighbor_ids": [ "regional-0175", "regional-0176", "regional-0198", "regional-0200", "regional-0222", "regional-0223" ], "has_infrastructure": true, "operational_status": "operational", "operational_status_note": "Infrastructure present; no failure simulation is active.", "connected_hex_ids": [ "regional-0175", "regional-0176", "regional-0198", "regional-0200", "regional-0222", "regional-0223" ], "connected_hex_count": 6, "confidence_score": 0.85, "confidence_label": "high", "data_quality_note": "OSM vector lines and power nodes in hex.", "source_mode": "osm_vector_derived", "kiut_role": "visual_reference_only", "infrastructure_score": 100.0 }, "geometry": { "type": "Polygon", "coordinates": [ [ [ 19.051471213153444, 49.954603358841844 ], [ 19.01524667660571, 49.96810899685098 ], [ 19.01525520912471, 49.995099342961531 ], [ 19.051528839067242, 50.008584031249221 ], [ 19.087773590554878, 49.995067147341672 ], [ 19.087724497245997, 49.968076831813029 ], [ 19.051471213153444, 49.954603358841844 ] ] ] } },
{ "type": "Feature", "properties": { "hex_id": "regional-0200", "hex_level": "regional", "hex_edge_m": 3000, "line_count": 100, "line_length_m": 47154.2, "major_line_count": 24, "minor_line_count": 51, "cable_count": 25, "node_count": 441, "substation_count": 19, "transformer_count": 8, "generator_count": 6, "plant_count": 0, "support_count": 407, "switchgear_count": 1, "nearest_power_node_m": 421.2, "neighbor_ids": [ "regional-0176", "regional-0177", "regional-0199", "regional-0201", "regional-0223", "regional-0224" ], "has_infrastructure": true, "operational_status": "operational", "operational_status_note": "Infrastructure present; no failure simulation is active.", "connected_hex_ids": [ "regional-0176", "regional-0177", "regional-0199", "regional-0201", "regional-0223", "regional-0224" ], "connected_hex_count": 6, "confidence_score": 0.85, "confidence_label": "high", "data_quality_note": "OSM vector lines and power nodes in hex.", "source_mode": "osm_vector_derived", "kiut_role": "visual_reference_only", "infrastructure_score": 100.0 }, "geometry": { "type": "Polygon", "coordinates": [ [ [ 19.123928688102776, 49.954548580035265 ], [ 19.087724497246001, 49.968076831813029 ], [ 19.087773590554878, 49.995067147341672 ], [ 19.124067435278093, 50.008529148227858 ], [ 19.160291748713135, 49.994989629153508 ], [ 19.16020209505357, 49.967999387257542 ], [ 19.123928688102776, 49.954548580035265 ] ] ] } },
{ "type": "Feature", "properties": { "hex_id": "regional-0201", "hex_level": "regional", "hex_edge_m": 3000, "line_count": 59, "line_length_m": 46408.7, "major_line_count": 11, "minor_line_count": 35, "cable_count": 13, "node_count": 320, "substation_count": 5, "transformer_count": 1, "generator_count": 8, "plant_count": 0, "support_count": 306, "switchgear_count": 0, "nearest_power_node_m": 31.6, "neighbor_ids": [ "regional-0177", "regional-0178", "regional-0200", "regional-0202", "regional-0224", "regional-0225" ], "has_infrastructure": true, "operational_status": "operational", "operational_status_note": "Infrastructure present; no failure simulation is active.", "connected_hex_ids": [ "regional-0177", "regional-0178", "regional-0200", "regional-0202", "regional-0224", "regional-0225" ], "connected_hex_count": 6, "confidence_score": 0.85, "confidence_label": "high", "data_quality_note": "OSM vector lines and power nodes in hex.", "source_mode": "osm_vector_derived", "kiut_role": "visual_reference_only", "infrastructure_score": 100.0 }, "geometry": { "type": "Polygon", "coordinates": [ [ [ 19.196385848478297, 49.95444854342017 ], [ 19.16020209505357, 49.967999387257542 ], [ 19.160291748713135, 49.994989629153508 ], [ 19.196605715673886, 50.008428921297167 ], [ 19.232809499136337, 49.994866788870546 ], [ 19.232679285928135, 49.967876663657158 ], [ 19.196385848478297, 49.95444854342017 ] ] ] } },
{ "type": "Feature", "properties": { "hex_id": "regional-0202", "hex_level": "regional", "hex_edge_m": 3000, "line_count": 66, "line_length_m": 51115.8, "major_line_count": 32, "minor_line_count": 29, "cable_count": 5, "node_count": 360, "substation_count": 3, "transformer_count": 1, "generator_count": 8, "plant_count": 0, "support_count": 347, "switchgear_count": 1, "nearest_power_node_m": 668.6, "neighbor_ids": [ "regional-0178", "regional-0179", "regional-0201", "regional-0203", "regional-0225", "regional-0226" ], "has_infrastructure": true, "operational_status": "operational", "operational_status_note": "Infrastructure present; no failure simulation is active.", "connected_hex_ids": [ "regional-0178", "regional-0179", "regional-0201", "regional-0203", "regional-0225", "regional-0226" ], "connected_hex_count": 6, "confidence_score": 0.85, "confidence_label": "high", "data_quality_note": "OSM vector lines and power nodes in hex.", "source_mode": "osm_vector_derived", "kiut_role": "visual_reference_only", "infrastructure_score": 100.0 }, "geometry": { "type": "Polygon", "coordinates": [ [ [ 19.268842510363655, 49.95430324960676 ], [ 19.232679285928135, 49.967876663657158 ], [ 19.232809499136337, 49.994866788870546 ], [ 19.269143495612589, 50.008283351069615 ], [ 19.305326657367896, 49.994698627243103 ], [ 19.305155885775925, 49.967708661760796 ], [ 19.268842510363655, 49.95430324960676 ] ] ] } },
{ "type": "Feature", "properties": { "hex_id": "regional-0203", "hex_level": "regional", "hex_edge_m": 3000, "line_count": 23, "line_length_m": 18040.9, "major_line_count": 2, "minor_line_count": 20, "cable_count": 1, "node_count": 211, "substation_count": 1, "transformer_count": 0, "generator_count": 24, "plant_count": 0, "support_count": 185, "switchgear_count": 1, "nearest_power_node_m": 333.7, "neighbor_ids": [ "regional-0179", "regional-0180", "regional-0202", "regional-0226", "regional-0227" ], "has_infrastructure": true, "operational_status": "operational", "operational_status_note": "Infrastructure present; no failure simulation is active.", "connected_hex_ids": [ "regional-0179", "regional-0180", "regional-0202", "regional-0226", "regional-0227" ], "connected_hex_count": 5, "confidence_score": 0.85, "confidence_label": "high", "data_quality_note": "OSM vector lines and power nodes in hex.", "source_mode": "osm_vector_derived", "kiut_role": "visual_reference_only", "infrastructure_score": 100.0 }, "geometry": { "type": "Polygon", "coordinates": [ [ [ 19.341298489850487, 49.954112699481357 ], [ 19.305155885775925, 49.967708661760796 ], [ 19.305326657367896, 49.994698627243103 ], [ 19.341680590460221, 50.008092438434737 ], [ 19.368766646358132, 49.997902213867036 ], [ 19.368591279373749, 49.997165185141462 ], [ 19.353275330886724, 49.9585262355819 ], [ 19.341298489850487, 49.954112699481357 ] ] ] } },
{ "type": "Feature", "properties": { "hex_id": "regional-0204", "hex_level": "regional", "hex_edge_m": 3000, "line_count": 4, "line_length_m": 5310.3, "major_line_count": 1, "minor_line_count": 3, "cable_count": 0, "node_count": 41, "substation_count": 0, "transformer_count": 0, "generator_count": 0, "plant_count": 0, "support_count": 41, "switchgear_count": 0, "nearest_power_node_m": 32.1, "neighbor_ids": [ "regional-0181", "regional-0205", "regional-0228" ], "has_infrastructure": true, "operational_status": "operational", "operational_status_note": "Infrastructure present; no failure simulation is active.", "connected_hex_ids": [ "regional-0181", "regional-0205", "regional-0228" ], "connected_hex_count": 3, "confidence_score": 0.62, "confidence_label": "medium", "data_quality_note": "OSM vector feature present; topology is inferred.", "source_mode": "osm_vector_derived", "kiut_role": "visual_reference_only", "infrastructure_score": 16.9 }, "geometry": { "type": "Polygon", "coordinates": [ [ [ 17.745287999892842, 50.028802791286338 ], [ 17.745990564819408, 50.00181907711346 ], [ 17.725321315156634, 49.993823427709216 ], [ 17.713379789658791, 50.04020743123916 ], [ 17.745287999892842, 50.028802791286338 ] ] ] } },
{ "type": "Feature", "properties": { "hex_id": "regional-0205", "hex_level": "regional", "hex_edge_m": 3000, "line_count": 19, "line_length_m": 21956.2, "major_line_count": 3, "minor_line_count": 16, "cable_count": 0, "node_count": 199, "substation_count": 1, "transformer_count": 0, "generator_count": 0, "plant_count": 0, "support_count": 196, "switchgear_count": 2, "nearest_power_node_m": 17.3, "neighbor_ids": [ "regional-0181", "regional-0182", "regional-0204", "regional-0206", "regional-0228", "regional-0229" ], "has_infrastructure": true, "operational_status": "operational", "operational_status_note": "Infrastructure present; no failure simulation is active.", "connected_hex_ids": [ "regional-0181", "regional-0182", "regional-0204", "regional-0206", "regional-0228", "regional-0229" ], "connected_hex_count": 6, "confidence_score": 0.85, "confidence_label": "high", "data_quality_note": "OSM vector lines and power nodes in hex.", "source_mode": "osm_vector_derived", "kiut_role": "visual_reference_only", "infrastructure_score": 79.4 }, "geometry": { "type": "Polygon", "coordinates": [ [ [ 17.78258728045197, 49.988713197851013 ], [ 17.745990564819408, 50.00181907711346 ], [ 17.745287999892842, 50.028802791286338 ], [ 17.781222750403007, 50.042681360583913 ], [ 17.817841317413762, 50.02956461116392 ], [ 17.818503280499698, 50.002580173368756 ], [ 17.78258728045197, 49.988713197851013 ] ] ] } },
{ "type": "Feature", "properties": { "hex_id": "regional-0206", "hex_level": "regional", "hex_edge_m": 3000, "line_count": 11, "line_length_m": 11287.7, "major_line_count": 0, "minor_line_count": 11, "cable_count": 0, "node_count": 114, "substation_count": 7, "transformer_count": 0, "generator_count": 0, "plant_count": 0, "support_count": 99, "switchgear_count": 8, "nearest_power_node_m": 619.6, "neighbor_ids": [ "regional-0182", "regional-0183", "regional-0205", "regional-0207", "regional-0229", "regional-0230" ], "has_infrastructure": true, "operational_status": "operational", "operational_status_note": "Infrastructure present; no failure simulation is active.", "connected_hex_ids": [ "regional-0182", "regional-0183", "regional-0205", "regional-0207", "regional-0229", "regional-0230" ], "connected_hex_count": 6, "confidence_score": 0.85, "confidence_label": "high", "data_quality_note": "OSM vector lines and power nodes in hex.", "source_mode": "osm_vector_derived", "kiut_role": "visual_reference_only", "infrastructure_score": 100.0 }, "geometry": { "type": "Polygon", "coordinates": [ [ [ 17.855081242646722, 49.989451290131875 ], [ 17.818503280499698, 50.002580173368756 ], [ 17.817841317413762, 50.02956461116392 ], [ 17.853797922327903, 50.043420857055921 ], [ 17.890397646598185, 50.030281080418376 ], [ 17.891019001915609, 50.003295962056825 ], [ 17.855081242646722, 49.989451290131875 ] ] ] } },
{ "type": "Feature", "properties": { "hex_id": "regional-0207", "hex_level": "regional", "hex_edge_m": 3000, "line_count": 15, "line_length_m": 16385.8, "major_line_count": 0, "minor_line_count": 11, "cable_count": 4, "node_count": 151, "substation_count": 2, "transformer_count": 0, "generator_count": 0, "plant_count": 0, "support_count": 147, "switchgear_count": 2, "nearest_power_node_m": 145.5, "neighbor_ids": [ "regional-0183", "regional-0184", "regional-0206", "regional-0208", "regional-0230", "regional-0231" ], "has_infrastructure": true, "operational_status": "operational", "operational_status_note": "Infrastructure present; no failure simulation is active.", "connected_hex_ids": [ "regional-0183", "regional-0184", "regional-0206", "regional-0208", "regional-0230", "regional-0231" ], "connected_hex_count": 6, "confidence_score": 0.85, "confidence_label": "high", "data_quality_note": "OSM vector lines and power nodes in hex.", "source_mode": "osm_vector_derived", "kiut_role": "visual_reference_only", "infrastructure_score": 77.2 }, "geometry": { "type": "Polygon", "coordinates": [ [ [ 17.92757811557572, 49.990144094137221 ], [ 17.891019001915613, 50.003295962056825 ], [ 17.890397646598185, 50.030281080418376 ], [ 17.926376016479765, 50.044114979132452 ], [ 17.962956802803216, 50.030952194670142 ], [ 17.963537544787354, 50.003966438806117 ], [ 17.92757811557572, 49.990144094137221 ] ] ] } },
{ "type": "Feature", "properties": { "hex_id": "regional-0208", "hex_level": "regional", "hex_edge_m": 3000, "line_count": 16, "line_length_m": 12852.2, "major_line_count": 0, "minor_line_count": 14, "cable_count": 2, "node_count": 142, "substation_count": 3, "transformer_count": 0, "generator_count": 1, "plant_count": 0, "support_count": 136, "switchgear_count": 2, "nearest_power_node_m": 349.3, "neighbor_ids": [ "regional-0184", "regional-0185", "regional-0207", "regional-0209", "regional-0231", "regional-0232" ], "has_infrastructure": true, "operational_status": "operational", "operational_status_note": "Infrastructure present; no failure simulation is active.", "connected_hex_ids": [ "regional-0184", "regional-0185", "regional-0207", "regional-0209", "regional-0231", "regional-0232" ], "connected_hex_count": 6, "confidence_score": 0.85, "confidence_label": "high", "data_quality_note": "OSM vector lines and power nodes in hex.", "source_mode": "osm_vector_derived", "kiut_role": "visual_reference_only", "infrastructure_score": 97.3 }, "geometry": { "type": "Polygon", "coordinates": [ [ [ 18.000077715117381, 49.990791605637547 ], [ 17.963537544787354, 50.003966438806117 ], [ 17.96295680280322, 50.030952194670142 ], [ 17.998956848010639, 50.044763722568526 ], [ 18.035518601340542, 50.031577949816615 ], [ 18.036058724789857, 50.00459159952149 ], [ 18.000077715117381, 49.990791605637547 ] ] ] } },
{ "type": "Feature", "properties": { "hex_id": "regional-0209", "hex_level": "regional", "hex_edge_m": 3000, "line_count": 12, "line_length_m": 12019.8, "major_line_count": 0, "minor_line_count": 12, "cable_count": 0, "node_count": 133, "substation_count": 0, "transformer_count": 4, "generator_count": 0, "plant_count": 0, "support_count": 129, "switchgear_count": 0, "nearest_power_node_m": 64.4, "neighbor_ids": [ "regional-0185", "regional-0186", "regional-0208", "regional-0210", "regional-0232", "regional-0233" ], "has_infrastructure": true, "operational_status": "operational", "operational_status_note": "Infrastructure present; no failure simulation is active.", "connected_hex_ids": [ "regional-0185", "regional-0186", "regional-0208", "regional-0210", "regional-0232", "regional-0233" ], "connected_hex_count": 6, "confidence_score": 0.85, "confidence_label": "high", "data_quality_note": "OSM vector lines and power nodes in hex.", "source_mode": "osm_vector_derived", "kiut_role": "visual_reference_only", "infrastructure_score": 69.4 }, "geometry": { "type": "Polygon", "coordinates": [ [ [ 18.072579857106394, 49.99139382067959 ], [ 18.036058724789861, 50.00459159952149 ], [ 18.035518601340542, 50.031577949816615 ], [ 18.071540232028571, 50.045367083396407 ], [ 18.108082857479346, 50.032158342032211 ], [ 18.108582357555719, 50.005171440384366 ], [ 18.072579857106394, 49.99139382067959 ] ] ] } },
{ "type": "Feature", "properties": { "hex_id": "regional-0210", "hex_level": "regional", "hex_edge_m": 3000, "line_count": 38, "line_length_m": 27220.5, "major_line_count": 0, "minor_line_count": 35, "cable_count": 3, "node_count": 300, "substation_count": 3, "transformer_count": 14, "generator_count": 0, "plant_count": 0, "support_count": 279, "switchgear_count": 4, "nearest_power_node_m": 537.8, "neighbor_ids": [ "regional-0186", "regional-0187", "regional-0209", "regional-0211", "regional-0233", "regional-0234" ], "has_infrastructure": true, "operational_status": "operational", "operational_status_note": "Infrastructure present; no failure simulation is active.", "connected_hex_ids": [ "regional-0186", "regional-0187", "regional-0209", "regional-0211", "regional-0233", "regional-0234" ], "connected_hex_count": 6, "confidence_score": 0.85, "confidence_label": "high", "data_quality_note": "OSM vector lines and power nodes in hex.", "source_mode": "osm_vector_derived", "kiut_role": "visual_reference_only", "infrastructure_score": 100.0 }, "geometry": { "type": "Polygon", "coordinates": [ [ [ 18.14508435733666, 49.991950735586421 ], [ 18.108582357555719, 50.005171440384366 ], [ 18.108082857479346, 50.032158342032211 ], [ 18.144125983600528, 50.045925057925686 ], [ 18.180649386449325, 50.032693367768466 ], [ 18.181108258678154, 50.005705957852754 ], [ 18.14508435733666, 49.991950735586421 ] ] ] } },
{ "type": "Feature", "properties": { "hex_id": "regional-0211", "hex_level": "regional", "hex_edge_m": 3000, "line_count": 116, "line_length_m": 47579.9, "major_line_count": 0, "minor_line_count": 107, "cable_count": 9, "node_count": 789, "substation_count": 2, "transformer_count": 2, "generator_count": 0, "plant_count": 0, "support_count": 783, "switchgear_count": 2, "nearest_power_node_m": 155.4, "neighbor_ids": [ "regional-0187", "regional-0188", "regional-0210", "regional-0212", "regional-0234", "regional-0235" ], "has_infrastructure": true, "operational_status": "operational", "operational_status_note": "Infrastructure present; no failure simulation is active.", "connected_hex_ids": [ "regional-0187", "regional-0188", "regional-0210", "regional-0212", "regional-0234", "regional-0235" ], "connected_hex_count": 6, "confidence_score": 0.85, "confidence_label": "high", "data_quality_note": "OSM vector lines and power nodes in hex.", "source_mode": "osm_vector_derived", "kiut_role": "visual_reference_only", "infrastructure_score": 100.0 }, "geometry": { "type": "Polygon", "coordinates": [ [ [ 18.217591031564247, 49.992462346957481 ], [ 18.181108258678154, 50.005705957852754 ], [ 18.180649386449325, 50.032693367768466 ], [ 18.216713917755381, 50.046437642743363 ], [ 18.253218003443621, 50.033183023754091 ], [ 18.253636243713963, 50.006195148661348 ], [ 18.217591031564247, 49.992462346957481 ] ] ] } },
{ "type": "Feature", "properties": { "hex_id": "regional-0212", "hex_level": "regional", "hex_edge_m": 3000, "line_count": 51, "line_length_m": 33344.7, "major_line_count": 2, "minor_line_count": 45, "cable_count": 4, "node_count": 312, "substation_count": 1, "transformer_count": 2, "generator_count": 0, "plant_count": 0, "support_count": 309, "switchgear_count": 0, "nearest_power_node_m": 135.3, "neighbor_ids": [ "regional-0188", "regional-0189", "regional-0211", "regional-0213", "regional-0235", "regional-0236" ], "has_infrastructure": true, "operational_status": "operational", "operational_status_note": "Infrastructure present; no failure simulation is active.", "connected_hex_ids": [ "regional-0188", "regional-0189", "regional-0211", "regional-0213", "regional-0235", "regional-0236" ], "connected_hex_count": 6, "confidence_score": 0.85, "confidence_label": "high", "data_quality_note": "OSM vector lines and power nodes in hex.", "source_mode": "osm_vector_derived", "kiut_role": "visual_reference_only", "infrastructure_score": 100.0 }, "geometry": { "type": "Polygon", "coordinates": [ [ [ 18.290099695510339, 49.992928651668684 ], [ 18.253636243713963, 50.006195148661348 ], [ 18.253218003443621, 50.033183023754091 ], [ 18.289303849486899, 50.046904834713914 ], [ 18.325788523621807, 50.033627306995044 ], [ 18.326166128186482, 50.006639009821548 ], [ 18.290099695510339, 49.992928651668684 ] ] ] } },
{ "type": "Feature", "properties": { "hex_id": "regional-0213", "hex_level": "regional", "hex_edge_m": 3000, "line_count": 69, "line_length_m": 44225.7, "major_line_count": 2, "minor_line_count": 51, "cable_count": 16, "node_count": 384, "substation_count": 11, "transformer_count": 4, "generator_count": 16, "plant_count": 2, "support_count": 351, "switchgear_count": 0, "nearest_power_node_m": 63.1, "neighbor_ids": [ "regional-0189", "regional-0190", "regional-0212", "regional-0214", "regional-0236", "regional-0237" ], "has_infrastructure": true, "operational_status": "operational", "operational_status_note": "Infrastructure present; no failure simulation is active.", "connected_hex_ids": [ "regional-0189", "regional-0190", "regional-0212", "regional-0214", "regional-0236", "regional-0237" ], "connected_hex_count": 6, "confidence_score": 0.85, "confidence_label": "high", "data_quality_note": "OSM vector lines and power nodes in hex.", "source_mode": "osm_vector_derived", "kiut_role": "visual_reference_only", "infrastructure_score": 100.0 }, "geometry": { "type": "Polygon", "coordinates": [ [ [ 18.362610164864183, 49.99334964687246 ], [ 18.326166128186482, 50.006639009821548 ], [ 18.325788523621807, 50.033627306995044 ], [ 18.361895593756696, 50.04732663097932 ], [ 18.398360762112848, 50.034026214774592 ], [ 18.398697727588544, 50.007037538621617 ], [ 18.362610164864183, 49.99334964687246 ] ] ] } },
{ "type": "Feature", "properties": { "hex_id": "regional-0214", "hex_level": "regional", "hex_edge_m": 3000, "line_count": 80, "line_length_m": 51207.6, "major_line_count": 11, "minor_line_count": 61, "cable_count": 8, "node_count": 513, "substation_count": 3, "transformer_count": 2, "generator_count": 13, "plant_count": 0, "support_count": 491, "switchgear_count": 4, "nearest_power_node_m": 119.7, "neighbor_ids": [ "regional-0190", "regional-0191", "regional-0213", "regional-0215", "regional-0237", "regional-0238" ], "has_infrastructure": true, "operational_status": "operational", "operational_status_note": "Infrastructure present; no failure simulation is active.", "connected_hex_ids": [ "regional-0190", "regional-0191", "regional-0213", "regional-0215", "regional-0237", "regional-0238" ], "connected_hex_count": 6, "confidence_score": 0.85, "confidence_label": "high", "data_quality_note": "OSM vector lines and power nodes in hex.", "source_mode": "osm_vector_derived", "kiut_role": "visual_reference_only", "infrastructure_score": 100.0 }, "geometry": { "type": "Polygon", "coordinates": [ [ [ 18.435122255286057, 49.993725329997787 ], [ 18.398697727588544, 50.007037538621617 ], [ 18.398360762112848, 50.034026214774592 ], [ 18.434488965497213, 50.047703028959162 ], [ 18.47093453401807, 50.034379744653364 ], [ 18.471230857385436, 50.007390732626618 ], [ 18.435122255286057, 49.993725329997787 ] ] ] } },
{ "type": "Feature", "properties": { "hex_id": "regional-0215", "hex_level": "regional", "hex_edge_m": 3000, "line_count": 77, "line_length_m": 41936.5, "major_line_count": 7, "minor_line_count": 66, "cable_count": 4, "node_count": 460, "substation_count": 7, "transformer_count": 3, "generator_count": 21, "plant_count": 0, "support_count": 422, "switchgear_count": 7, "nearest_power_node_m": 107.4, "neighbor_ids": [ "regional-0191", "regional-0192", "regional-0214", "regional-0216", "regional-0238", "regional-0239" ], "has_infrastructure": true, "operational_status": "operational", "operational_status_note": "Infrastructure present; no failure simulation is active.", "connected_hex_ids": [ "regional-0191", "regional-0192", "regional-0214", "regional-0216", "regional-0238", "regional-0239" ], "connected_hex_count": 6, "confidence_score": 0.85, "confidence_label": "high", "data_quality_note": "OSM vector lines and power nodes in hex.", "source_mode": "osm_vector_derived", "kiut_role": "visual_reference_only", "infrastructure_score": 100.0 }, "geometry": { "type": "Polygon", "coordinates": [ [ [ 18.507635782410233, 49.994055698750309 ], [ 18.471230857385439, 50.007390732626618 ], [ 18.470934534018074, 50.034379744653364 ], [ 18.507083779614717, 50.048034026350649 ], [ 18.543509654414148, 50.034687894469393 ], [ 18.543765333017877, 50.00769858967854 ], [ 18.507635782410233, 49.994055698750309 ] ] ] } },
{ "type": "Feature", "properties": { "hex_id": "regional-0216", "hex_level": "regional", "hex_edge_m": 3000, "line_count": 71, "line_length_m": 45508.8, "major_line_count": 7, "minor_line_count": 55, "cable_count": 9, "node_count": 491, "substation_count": 4, "transformer_count": 0, "generator_count": 47, "plant_count": 1, "support_count": 437, "switchgear_count": 2, "nearest_power_node_m": 37.9, "neighbor_ids": [ "regional-0192", "regional-0193", "regional-0215", "regional-0217", "regional-0239", "regional-0240" ], "has_infrastructure": true, "operational_status": "operational", "operational_status_note": "Infrastructure present; no failure simulation is active.", "connected_hex_ids": [ "regional-0192", "regional-0193", "regional-0215", "regional-0217", "regional-0239", "regional-0240" ], "connected_hex_count": 6, "confidence_score": 0.85, "confidence_label": "high", "data_quality_note": "OSM vector lines and power nodes in hex.", "source_mode": "osm_vector_derived", "kiut_role": "visual_reference_only", "infrastructure_score": 100.0 }, "geometry": { "type": "Polygon", "coordinates": [ [ [ 18.580150561847901, 49.994340751112297 ], [ 18.543765333017877, 50.00769858967854 ], [ 18.543509654414148, 50.034687894469393 ], [ 18.579679850992235, 50.048319621128705 ], [ 18.616085938356051, 50.034950662338161 ], [ 18.616300969904952, 50.007961107896307 ], [ 18.580150561847901, 49.994340751112297 ] ] ] } },
{ "type": "Feature", "properties": { "hex_id": "regional-0217", "hex_level": "regional", "hex_edge_m": 3000, "line_count": 67, "line_length_m": 47650.6, "major_line_count": 2, "minor_line_count": 58, "cable_count": 7, "node_count": 432, "substation_count": 2, "transformer_count": 0, "generator_count": 15, "plant_count": 0, "support_count": 413, "switchgear_count": 2, "nearest_power_node_m": 796.5, "neighbor_ids": [ "regional-0193", "regional-0194", "regional-0216", "regional-0218", "regional-0240", "regional-0241" ], "has_infrastructure": true, "operational_status": "operational", "operational_status_note": "Infrastructure present; no failure simulation is active.", "connected_hex_ids": [ "regional-0193", "regional-0194", "regional-0216", "regional-0218", "regional-0240", "regional-0241" ], "connected_hex_count": 6, "confidence_score": 0.85, "confidence_label": "high", "data_quality_note": "OSM vector lines and power nodes in hex.", "source_mode": "osm_vector_derived", "kiut_role": "visual_reference_only", "infrastructure_score": 100.0 }, "geometry": { "type": "Polygon", "coordinates": [ [ [ 18.652666409190168, 49.99458048534278 ], [ 18.616300969904952, 50.007961107896307 ], [ 18.616085938356054, 50.034950662338161 ], [ 18.652276994492578, 50.048559811545957 ], [ 18.688663200880047, 50.035168046652657 ], [ 18.688837583447103, 50.008178285675847 ], [ 18.652666409190168, 49.99458048534278 ] ] ] } },
{ "type": "Feature", "properties": { "hex_id": "regional-0218", "hex_level": "regional", "hex_edge_m": 3000, "line_count": 54, "line_length_m": 42705.2, "major_line_count": 7, "minor_line_count": 43, "cable_count": 4, "node_count": 356, "substation_count": 19, "transformer_count": 0, "generator_count": 1, "plant_count": 0, "support_count": 335, "switchgear_count": 1, "nearest_power_node_m": 594.5, "neighbor_ids": [ "regional-0194", "regional-0195", "regional-0217", "regional-0219", "regional-0241", "regional-0242" ], "has_infrastructure": true, "operational_status": "operational", "operational_status_note": "Infrastructure present; no failure simulation is active.", "connected_hex_ids": [ "regional-0194", "regional-0195", "regional-0217", "regional-0219", "regional-0241", "regional-0242" ], "connected_hex_count": 6, "confidence_score": 0.85, "confidence_label": "high", "data_quality_note": "OSM vector lines and power nodes in hex.", "source_mode": "osm_vector_derived", "kiut_role": "visual_reference_only", "infrastructure_score": 100.0 }, "geometry": { "type": "Polygon", "coordinates": [ [ [ 18.725183140010987, 49.9947748999775 ], [ 18.688837583447103, 50.008178285675847 ], [ 18.68866320088005, 50.035168046652657 ], [ 18.724875024961285, 50.048754596132781 ], [ 18.761241257006656, 50.035340046083363 ], [ 18.761374989029086, 50.008350121690057 ], [ 18.725183140010987, 49.9947748999775 ] ] ] } },
{ "type": "Feature", "properties": { "hex_id": "regional-0219", "hex_level": "regional", "hex_edge_m": 3000, "line_count": 41, "line_length_m": 40953.3, "major_line_count": 0, "minor_line_count": 40, "cable_count": 1, "node_count": 340, "substation_count": 2, "transformer_count": 0, "generator_count": 0, "plant_count": 0, "support_count": 335, "switchgear_count": 3, "nearest_power_node_m": 193.1, "neighbor_ids": [ "regional-0195", "regional-0196", "regional-0218", "regional-0220", "regional-0242", "regional-0243" ], "has_infrastructure": true, "operational_status": "operational", "operational_status_note": "Infrastructure present; no failure simulation is active.", "connected_hex_ids": [ "regional-0195", "regional-0196", "regional-0218", "regional-0220", "regional-0242", "regional-0243" ], "connected_hex_count": 6, "confidence_score": 0.85, "confidence_label": "high", "data_quality_note": "OSM vector lines and power nodes in hex.", "source_mode": "osm_vector_derived", "kiut_role": "visual_reference_only", "infrastructure_score": 100.0 }, "geometry": { "type": "Polygon", "coordinates": [ [ [ 18.79770056987013, 49.994923993829005 ], [ 18.761374989029086, 50.008350121690057 ], [ 18.761241257006656, 50.035340046083363 ], [ 18.797473757229618, 50.048903973697385 ], [ 18.833819921743622, 50.035466659578347 ], [ 18.833913002022921, 50.008476614888934 ], [ 18.79770056987013, 49.994923993829005 ] ] ] } },
{ "type": "Feature", "properties": { "hex_id": "regional-0220", "hex_level": "regional", "hex_edge_m": 3000, "line_count": 40, "line_length_m": 34695.3, "major_line_count": 2, "minor_line_count": 38, "cable_count": 0, "node_count": 282, "substation_count": 0, "transformer_count": 0, "generator_count": 4, "plant_count": 0, "support_count": 278, "switchgear_count": 0, "nearest_power_node_m": 258.2, "neighbor_ids": [ "regional-0196", "regional-0197", "regional-0219", "regional-0221", "regional-0243", "regional-0244" ], "has_infrastructure": true, "operational_status": "operational", "operational_status_note": "Infrastructure present; no failure simulation is active.", "connected_hex_ids": [ "regional-0196", "regional-0197", "regional-0219", "regional-0221", "regional-0243", "regional-0244" ], "connected_hex_count": 6, "confidence_score": 0.85, "confidence_label": "high", "data_quality_note": "OSM vector lines and power nodes in hex.", "source_mode": "osm_vector_derived", "kiut_role": "visual_reference_only", "infrastructure_score": 100.0 }, "geometry": { "type": "Polygon", "coordinates": [ [ [ 18.870218514316157, 49.995027765986599 ], [ 18.833913002022921, 50.008476614888934 ], [ 18.833819921743622, 50.035466659578347 ], [ 18.870073006117551, 50.049007943325734 ], [ 18.906399010088915, 50.035547886363204 ], [ 18.906451437790874, 50.008557764499493 ], [ 18.870218514316157, 49.995027765986599 ] ] ] } },
{ "type": "Feature", "properties": { "hex_id": "regional-0221", "hex_level": "regional", "hex_edge_m": 3000, "line_count": 71, "line_length_m": 31298.7, "major_line_count": 3, "minor_line_count": 63, "cable_count": 5, "node_count": 352, "substation_count": 5, "transformer_count": 0, "generator_count": 7, "plant_count": 0, "support_count": 333, "switchgear_count": 7, "nearest_power_node_m": 319.6, "neighbor_ids": [ "regional-0197", "regional-0198", "regional-0220", "regional-0222", "regional-0244", "regional-0245" ], "has_infrastructure": true, "operational_status": "operational", "operational_status_note": "Infrastructure present; no failure simulation is active.", "connected_hex_ids": [ "regional-0197", "regional-0198", "regional-0220", "regional-0222", "regional-0244", "regional-0245" ], "connected_hex_count": 6, "confidence_score": 0.85, "confidence_label": "high", "data_quality_note": "OSM vector lines and power nodes in hex.", "source_mode": "osm_vector_derived", "kiut_role": "visual_reference_only", "infrastructure_score": 100.0 }, "geometry": { "type": "Polygon", "coordinates": [ [ [ 18.942736788889356, 49.995086215816457 ], [ 18.906451437790878, 50.008557764499493 ], [ 18.906399010088915, 50.035547886363204 ], [ 18.942672586436732, 50.049066504381678 ], [ 18.978978337033677, 50.035583725941159 ], [ 18.978990111688436, 50.008593570025859 ], [ 18.942736788889356, 49.995086215816457 ] ] ] } },
{ "type": "Feature", "properties": { "hex_id": "regional-0222", "hex_level": "regional", "hex_edge_m": 3000, "line_count": 23, "line_length_m": 8078.0, "major_line_count": 0, "minor_line_count": 22, "cable_count": 1, "node_count": 87, "substation_count": 0, "transformer_count": 0, "generator_count": 0, "plant_count": 0, "support_count": 87, "switchgear_count": 0, "nearest_power_node_m": 1514.0, "neighbor_ids": [ "regional-0198", "regional-0199", "regional-0221", "regional-0223", "regional-0245", "regional-0246" ], "has_infrastructure": true, "operational_status": "operational", "operational_status_note": "Infrastructure present; no failure simulation is active.", "connected_hex_ids": [ "regional-0198", "regional-0199", "regional-0221", "regional-0223", "regional-0245", "regional-0246" ], "connected_hex_count": 6, "confidence_score": 0.62, "confidence_label": "medium", "data_quality_note": "OSM vector feature present; topology is inferred.", "source_mode": "osm_vector_derived", "kiut_role": "visual_reference_only", "infrastructure_score": 43.0 }, "geometry": { "type": "Polygon", "coordinates": [ [ [ 19.01525520912471, 49.995099342961531 ], [ 18.978990111688436, 50.008593570025859 ], [ 18.978978337033677, 50.035583725941159 ], [ 19.015272312993478, 50.049079656506876 ], [ 19.051557717565217, 50.035574178093 ], [ 19.051528839067242, 50.008584031249221 ], [ 19.01525520912471, 49.995099342961531 ] ] ] } },
{ "type": "Feature", "properties": { "hex_id": "regional-0223", "hex_level": "regional", "hex_edge_m": 3000, "line_count": 58, "line_length_m": 37918.0, "major_line_count": 12, "minor_line_count": 30, "cable_count": 16, "node_count": 276, "substation_count": 13, "transformer_count": 4, "generator_count": 7, "plant_count": 0, "support_count": 252, "switchgear_count": 0, "nearest_power_node_m": 469.8, "neighbor_ids": [ "regional-0199", "regional-0200", "regional-0222", "regional-0224", "regional-0246", "regional-0247" ], "has_infrastructure": true, "operational_status": "operational", "operational_status_note": "Infrastructure present; no failure simulation is active.", "connected_hex_ids": [ "regional-0199", "regional-0200", "regional-0222", "regional-0224", "regional-0246", "regional-0247" ], "connected_hex_count": 6, "confidence_score": 0.85, "confidence_label": "high", "data_quality_note": "OSM vector lines and power nodes in hex.", "source_mode": "osm_vector_derived", "kiut_role": "visual_reference_only", "infrastructure_score": 100.0 }, "geometry": { "type": "Polygon", "coordinates": [ [ [ 19.087773590554878, 49.995067147341672 ], [ 19.051528839067242, 50.008584031249221 ], [ 19.051557717565217, 50.035574178093 ], [ 19.087872000591741, 50.049047399620846 ], [ 19.124136966669983, 50.035519242877115 ], [ 19.124067435278093, 50.008529148227858 ], [ 19.087773590554878, 49.995067147341672 ] ] ] } },
{ "type": "Feature", "properties": { "hex_id": "regional-0224", "hex_level": "regional", "hex_edge_m": 3000, "line_count": 47, "line_length_m": 44921.7, "major_line_count": 5, "minor_line_count": 29, "cable_count": 13, "node_count": 372, "substation_count": 13, "transformer_count": 0, "generator_count": 27, "plant_count": 0, "support_count": 332, "switchgear_count": 0, "nearest_power_node_m": 121.4, "neighbor_ids": [ "regional-0200", "regional-0201", "regional-0223", "regional-0225", "regional-0247", "regional-0248" ], "has_infrastructure": true, "operational_status": "operational", "operational_status_note": "Infrastructure present; no failure simulation is active.", "connected_hex_ids": [ "regional-0200", "regional-0201", "regional-0223", "regional-0225", "regional-0247", "regional-0248" ], "connected_hex_count": 6, "confidence_score": 0.85, "confidence_label": "high", "data_quality_note": "OSM vector lines and power nodes in hex.", "source_mode": "osm_vector_derived", "kiut_role": "visual_reference_only", "infrastructure_score": 100.0 }, "geometry": { "type": "Polygon", "coordinates": [ [ [ 19.160291748713135, 49.994989629153508 ], [ 19.124067435278093, 50.008529148227858 ], [ 19.124136966669987, 50.035519242877115 ], [ 19.160471464036117, 50.048969733920977 ], [ 19.196715899336535, 50.035418920629496 ], [ 19.196605715673886, 50.008428921297167 ], [ 19.160291748713135, 49.994989629153508 ] ] ] } },
{ "type": "Feature", "properties": { "hex_id": "regional-0225", "hex_level": "regional", "hex_edge_m": 3000, "line_count": 57, "line_length_m": 21356.5, "major_line_count": 12, "minor_line_count": 27, "cable_count": 18, "node_count": 264, "substation_count": 33, "transformer_count": 4, "generator_count": 54, "plant_count": 0, "support_count": 171, "switchgear_count": 2, "nearest_power_node_m": 404.3, "neighbor_ids": [ "regional-0201", "regional-0202", "regional-0224", "regional-0226", "regional-0248", "regional-0249" ], "has_infrastructure": true, "operational_status": "operational", "operational_status_note": "Infrastructure present; no failure simulation is active.", "connected_hex_ids": [ "regional-0201", "regional-0202", "regional-0224", "regional-0226", "regional-0248", "regional-0249" ], "connected_hex_count": 6, "confidence_score": 0.85, "confidence_label": "high", "data_quality_note": "OSM vector lines and power nodes in hex.", "source_mode": "osm_vector_derived", "kiut_role": "visual_reference_only", "infrastructure_score": 100.0 }, "geometry": { "type": "Polygon", "coordinates": [ [ [ 19.232809499136337, 49.994866788870546 ], [ 19.196605715673886, 50.008428921297167 ], [ 19.196715899336535, 50.035418920629496 ], [ 19.233070518134799, 50.048846659882479 ], [ 19.269294330558523, 50.035273211963762 ], [ 19.269143495612589, 50.008283351069615 ], [ 19.232809499136337, 49.994866788870546 ] ] ] } },
{ "type": "Feature", "properties": { "hex_id": "regional-0226", "hex_level": "regional", "hex_edge_m": 3000, "line_count": 39, "line_length_m": 46357.8, "major_line_count": 4, "minor_line_count": 25, "cable_count": 10, "node_count": 380, "substation_count": 2, "transformer_count": 0, "generator_count": 33, "plant_count": 2, "support_count": 342, "switchgear_count": 1, "nearest_power_node_m": 144.2, "neighbor_ids": [ "regional-0202", "regional-0203", "regional-0225", "regional-0227", "regional-0249", "regional-0250" ], "has_infrastructure": true, "operational_status": "operational", "operational_status_note": "Infrastructure present; no failure simulation is active.", "connected_hex_ids": [ "regional-0202", "regional-0203", "regional-0225", "regional-0227", "regional-0249", "regional-0250" ], "connected_hex_count": 6, "confidence_score": 0.85, "confidence_label": "high", "data_quality_note": "OSM vector lines and power nodes in hex.", "source_mode": "osm_vector_derived", "kiut_role": "visual_reference_only", "infrastructure_score": 100.0 }, "geometry": { "type": "Polygon", "coordinates": [ [ [ 19.3053266573679, 49.994698627243103 ], [ 19.269143495612592, 50.008283351069615 ], [ 19.269294330558523, 50.035273211963762 ], [ 19.305668977702574, 50.048678178258449 ], [ 19.341872075337662, 50.035082117771033 ], [ 19.341680590460221, 50.008092438434737 ], [ 19.3053266573679, 49.994698627243103 ] ] ] } },
{ "type": "Feature", "properties": { "hex_id": "regional-0227", "hex_level": "regional", "hex_edge_m": 3000, "line_count": 15, "line_length_m": 17752.5, "major_line_count": 3, "minor_line_count": 10, "cable_count": 2, "node_count": 127, "substation_count": 1, "transformer_count": 0, "generator_count": 7, "plant_count": 0, "support_count": 119, "switchgear_count": 0, "nearest_power_node_m": 111.3, "neighbor_ids": [ "regional-0203", "regional-0226", "regional-0250", "regional-0251" ], "has_infrastructure": true, "operational_status": "operational", "operational_status_note": "Infrastructure present; no failure simulation is active.", "connected_hex_ids": [ "regional-0203", "regional-0226", "regional-0250", "regional-0251" ], "connected_hex_count": 4, "confidence_score": 0.85, "confidence_label": "high", "data_quality_note": "OSM vector lines and power nodes in hex.", "source_mode": "osm_vector_derived", "kiut_role": "visual_reference_only", "infrastructure_score": 100.0 }, "geometry": { "type": "Polygon", "coordinates": [ [ [ 19.341680590460221, 50.008092438434737 ], [ 19.341872075337662, 50.035082117771033 ], [ 19.378266657563799, 50.04846429007975 ], [ 19.380601068792462, 50.047586213978896 ], [ 19.368766646358132, 49.997902213867036 ], [ 19.341680590460221, 50.008092438434737 ] ] ] } },
{ "type": "Feature", "properties": { "hex_id": "regional-0228", "hex_level": "regional", "hex_edge_m": 3000, "line_count": 14, "line_length_m": 12987.8, "major_line_count": 0, "minor_line_count": 13, "cable_count": 1, "node_count": 136, "substation_count": 2, "transformer_count": 0, "generator_count": 0, "plant_count": 0, "support_count": 130, "switchgear_count": 4, "nearest_power_node_m": 269.2, "neighbor_ids": [ "regional-0204", "regional-0205", "regional-0229", "regional-0252", "regional-0253" ], "has_infrastructure": true, "operational_status": "operational", "operational_status_note": "Infrastructure present; no failure simulation is active.", "connected_hex_ids": [ "regional-0204", "regional-0205", "regional-0229", "regional-0252", "regional-0253" ], "connected_hex_count": 5, "confidence_score": 0.85, "confidence_label": "high", "data_quality_note": "OSM vector lines and power nodes in hex.", "source_mode": "osm_vector_derived", "kiut_role": "visual_reference_only", "infrastructure_score": 79.4 }, "geometry": { "type": "Polygon", "coordinates": [ [ [ 17.743879671673358, 50.082769819475814 ], [ 17.780538932881413, 50.069665242485009 ], [ 17.781222750403007, 50.042681360583913 ], [ 17.745287999892842, 50.028802791286338 ], [ 17.713379789658791, 50.04020743123916 ], [ 17.712657130382095, 50.043011405143019 ], [ 17.709908906310407, 50.069646130177503 ], [ 17.743879671673358, 50.082769819475814 ] ] ] } },
{ "type": "Feature", "properties": { "hex_id": "regional-0229", "hex_level": "regional", "hex_edge_m": 3000, "line_count": 17, "line_length_m": 16527.7, "major_line_count": 0, "minor_line_count": 15, "cable_count": 2, "node_count": 167, "substation_count": 9, "transformer_count": 0, "generator_count": 0, "plant_count": 0, "support_count": 145, "switchgear_count": 13, "nearest_power_node_m": 884.1, "neighbor_ids": [ "regional-0205", "regional-0206", "regional-0228", "regional-0230", "regional-0253", "regional-0254" ], "has_infrastructure": true, "operational_status": "operational", "operational_status_note": "Infrastructure present; no failure simulation is active.", "connected_hex_ids": [ "regional-0205", "regional-0206", "regional-0228", "regional-0230", "regional-0253", "regional-0254" ], "connected_hex_count": 6, "confidence_score": 0.85, "confidence_label": "high", "data_quality_note": "OSM vector lines and power nodes in hex.", "source_mode": "osm_vector_derived", "kiut_role": "visual_reference_only", "infrastructure_score": 100.0 }, "geometry": { "type": "Polygon", "coordinates": [ [ [ 17.817841317413762, 50.02956461116392 ], [ 17.781222750403007, 50.042681360583913 ], [ 17.780538932881413, 50.069665242485009 ], [ 17.816514377591659, 50.083533089020897 ], [ 17.853154802011435, 50.070405442227653 ], [ 17.853797922327903, 50.043420857055921 ], [ 17.817841317413762, 50.02956461116392 ] ] ] } },
{ "type": "Feature", "properties": { "hex_id": "regional-0230", "hex_level": "regional", "hex_edge_m": 3000, "line_count": 12, "line_length_m": 14758.2, "major_line_count": 0, "minor_line_count": 11, "cable_count": 1, "node_count": 142, "substation_count": 6, "transformer_count": 0, "generator_count": 0, "plant_count": 0, "support_count": 129, "switchgear_count": 7, "nearest_power_node_m": 687.6, "neighbor_ids": [ "regional-0206", "regional-0207", "regional-0229", "regional-0231", "regional-0254", "regional-0255" ], "has_infrastructure": true, "operational_status": "operational", "operational_status_note": "Infrastructure present; no failure simulation is active.", "connected_hex_ids": [ "regional-0206", "regional-0207", "regional-0229", "regional-0231", "regional-0254", "regional-0255" ], "connected_hex_count": 6, "confidence_score": 0.85, "confidence_label": "high", "data_quality_note": "OSM vector lines and power nodes in hex.", "source_mode": "osm_vector_derived", "kiut_role": "visual_reference_only", "infrastructure_score": 100.0 }, "geometry": { "type": "Polygon", "coordinates": [ [ [ 17.890397646598185, 50.030281080418376 ], [ 17.853797922327903, 50.043420857055921 ], [ 17.853154802011435, 50.070405442227653 ], [ 17.889152107077685, 50.084250921687065 ], [ 17.925773599138246, 50.071100224442858 ], [ 17.926376016479761, 50.044114979132452 ], [ 17.890397646598185, 50.030281080418376 ] ] ] } },
{ "type": "Feature", "properties": { "hex_id": "regional-0231", "hex_level": "regional", "hex_edge_m": 3000, "line_count": 15, "line_length_m": 21043.5, "major_line_count": 0, "minor_line_count": 13, "cable_count": 2, "node_count": 182, "substation_count": 5, "transformer_count": 0, "generator_count": 0, "plant_count": 0, "support_count": 171, "switchgear_count": 6, "nearest_power_node_m": 105.7, "neighbor_ids": [ "regional-0207", "regional-0208", "regional-0230", "regional-0232", "regional-0255", "regional-0256" ], "has_infrastructure": true, "operational_status": "operational", "operational_status_note": "Infrastructure present; no failure simulation is active.", "connected_hex_ids": [ "regional-0207", "regional-0208", "regional-0230", "regional-0232", "regional-0255", "regional-0256" ], "connected_hex_count": 6, "confidence_score": 0.85, "confidence_label": "high", "data_quality_note": "OSM vector lines and power nodes in hex.", "source_mode": "osm_vector_derived", "kiut_role": "visual_reference_only", "infrastructure_score": 100.0 }, "geometry": { "type": "Polygon", "coordinates": [ [ [ 17.962956802803216, 50.030952194670142 ], [ 17.926376016479765, 50.044114979132452 ], [ 17.925773599138246, 50.071100224442858 ], [ 17.96179267475938, 50.08492331307869 ], [ 17.998395139049247, 50.071749584877864 ], [ 17.998956848010639, 50.044763722568526 ], [ 17.962956802803216, 50.030952194670142 ] ] ] } },
{ "type": "Feature", "properties": { "hex_id": "regional-0232", "hex_level": "regional", "hex_edge_m": 3000, "line_count": 17, "line_length_m": 16613.5, "major_line_count": 1, "minor_line_count": 15, "cable_count": 1, "node_count": 183, "substation_count": 6, "transformer_count": 1, "generator_count": 0, "plant_count": 0, "support_count": 165, "switchgear_count": 11, "nearest_power_node_m": 812.9, "neighbor_ids": [ "regional-0208", "regional-0209", "regional-0231", "regional-0233", "regional-0256", "regional-0257" ], "has_infrastructure": true, "operational_status": "operational", "operational_status_note": "Infrastructure present; no failure simulation is active.", "connected_hex_ids": [ "regional-0208", "regional-0209", "regional-0231", "regional-0233", "regional-0256", "regional-0257" ], "connected_hex_count": 6, "confidence_score": 0.85, "confidence_label": "high", "data_quality_note": "OSM vector lines and power nodes in hex.", "source_mode": "osm_vector_derived", "kiut_role": "visual_reference_only", "infrastructure_score": 100.0 }, "geometry": { "type": "Polygon", "coordinates": [ [ [ 18.035518601340542, 50.031577949816615 ], [ 17.998956848010639, 50.044763722568526 ], [ 17.998395139049247, 50.071749584877864 ], [ 18.034435895218927, 50.085550259078154 ], [ 18.071019236487658, 50.07235351955768 ], [ 18.071540232028571, 50.045367083396407 ], [ 18.035518601340542, 50.031577949816615 ] ] ] } },
{ "type": "Feature", "properties": { "hex_id": "regional-0233", "hex_level": "regional", "hex_edge_m": 3000, "line_count": 22, "line_length_m": 21544.0, "major_line_count": 1, "minor_line_count": 20, "cable_count": 1, "node_count": 188, "substation_count": 1, "transformer_count": 10, "generator_count": 5, "plant_count": 0, "support_count": 169, "switchgear_count": 3, "nearest_power_node_m": 661.1, "neighbor_ids": [ "regional-0209", "regional-0210", "regional-0232", "regional-0234", "regional-0257", "regional-0258" ], "has_infrastructure": true, "operational_status": "operational", "operational_status_note": "Infrastructure present; no failure simulation is active.", "connected_hex_ids": [ "regional-0209", "regional-0210", "regional-0232", "regional-0234", "regional-0257", "regional-0258" ], "connected_hex_count": 6, "confidence_score": 0.85, "confidence_label": "high", "data_quality_note": "OSM vector lines and power nodes in hex.", "source_mode": "osm_vector_derived", "kiut_role": "visual_reference_only", "infrastructure_score": 100.0 }, "geometry": { "type": "Polygon", "coordinates": [ [ [ 18.108082857479346, 50.032158342032211 ], [ 18.071540232028571, 50.045367083396407 ], [ 18.071019236487658, 50.07235351955768 ], [ 18.107081582995772, 50.08613175584582 ], [ 18.1436457061555, 50.072912024785147 ], [ 18.144125983600528, 50.045925057925686 ], [ 18.108082857479346, 50.032158342032211 ] ] ] } },
{ "type": "Feature", "properties": { "hex_id": "regional-0234", "hex_level": "regional", "hex_edge_m": 3000, "line_count": 51, "line_length_m": 38636.7, "major_line_count": 13, "minor_line_count": 31, "cable_count": 7, "node_count": 369, "substation_count": 9, "transformer_count": 5, "generator_count": 3, "plant_count": 1, "support_count": 346, "switchgear_count": 5, "nearest_power_node_m": 338.0, "neighbor_ids": [ "regional-0210", "regional-0211", "regional-0233", "regional-0235", "regional-0258", "regional-0259" ], "has_infrastructure": true, "operational_status": "operational", "operational_status_note": "Infrastructure present; no failure simulation is active.", "connected_hex_ids": [ "regional-0210", "regional-0211", "regional-0233", "regional-0235", "regional-0258", "regional-0259" ], "connected_hex_count": 6, "confidence_score": 0.85, "confidence_label": "high", "data_quality_note": "OSM vector lines and power nodes in hex.", "source_mode": "osm_vector_derived", "kiut_role": "visual_reference_only", "infrastructure_score": 100.0 }, "geometry": { "type": "Polygon", "coordinates": [ [ [ 18.180649386449325, 50.032693367768466 ], [ 18.144125983600528, 50.045925057925686 ], [ 18.1436457061555, 50.072912024785147 ], [ 18.179729552589567, 50.086667799820241 ], [ 18.216274362716572, 50.073425097141019 ], [ 18.216713917755381, 50.046437642743363 ], [ 18.180649386449325, 50.032693367768466 ] ] ] } },
{ "type": "Feature", "properties": { "hex_id": "regional-0235", "hex_level": "regional", "hex_edge_m": 3000, "line_count": 28, "line_length_m": 18431.2, "major_line_count": 3, "minor_line_count": 21, "cable_count": 4, "node_count": 195, "substation_count": 2, "transformer_count": 1, "generator_count": 1, "plant_count": 0, "support_count": 187, "switchgear_count": 4, "nearest_power_node_m": 582.9, "neighbor_ids": [ "regional-0211", "regional-0212", "regional-0234", "regional-0236", "regional-0259", "regional-0260" ], "has_infrastructure": true, "operational_status": "operational", "operational_status_note": "Infrastructure present; no failure simulation is active.", "connected_hex_ids": [ "regional-0211", "regional-0212", "regional-0234", "regional-0236", "regional-0259", "regional-0260" ], "connected_hex_count": 6, "confidence_score": 0.85, "confidence_label": "high", "data_quality_note": "OSM vector lines and power nodes in hex.", "source_mode": "osm_vector_derived", "kiut_role": "visual_reference_only", "infrastructure_score": 100.0 }, "geometry": { "type": "Polygon", "coordinates": [ [ [ 18.253218003443621, 50.033183023754091 ], [ 18.216713917755381, 50.046437642743363 ], [ 18.216274362716572, 50.073425097141019 ], [ 18.252379618463181, 50.087158387718119 ], [ 18.288905020799437, 50.073892733483994 ], [ 18.289303849486899, 50.046904834713914 ], [ 18.253218003443621, 50.033183023754091 ] ] ] } },
{ "type": "Feature", "properties": { "hex_id": "regional-0236", "hex_level": "regional", "hex_edge_m": 3000, "line_count": 49, "line_length_m": 47809.3, "major_line_count": 3, "minor_line_count": 46, "cable_count": 0, "node_count": 414, "substation_count": 0, "transformer_count": 0, "generator_count": 0, "plant_count": 0, "support_count": 414, "switchgear_count": 0, "nearest_power_node_m": 198.5, "neighbor_ids": [ "regional-0212", "regional-0213", "regional-0235", "regional-0237", "regional-0260", "regional-0261" ], "has_infrastructure": true, "operational_status": "operational", "operational_status_note": "Infrastructure present; no failure simulation is active.", "connected_hex_ids": [ "regional-0212", "regional-0213", "regional-0235", "regional-0237", "regional-0260", "regional-0261" ], "connected_hex_count": 6, "confidence_score": 0.62, "confidence_label": "medium", "data_quality_note": "OSM vector feature present; topology is inferred.", "source_mode": "osm_vector_derived", "kiut_role": "visual_reference_only", "infrastructure_score": 100.0 }, "geometry": { "type": "Polygon", "coordinates": [ [ [ 18.325788523621807, 50.033627306995044 ], [ 18.289303849486899, 50.046904834713914 ], [ 18.288905020799437, 50.073892733483994 ], [ 18.325031595045687, 50.087603516534458 ], [ 18.361537495000412, 50.074314930950855 ], [ 18.361895593756692, 50.04732663097932 ], [ 18.325788523621807, 50.033627306995044 ] ] ] } },
{ "type": "Feature", "properties": { "hex_id": "regional-0237", "hex_level": "regional", "hex_edge_m": 3000, "line_count": 97, "line_length_m": 46003.2, "major_line_count": 28, "minor_line_count": 57, "cable_count": 12, "node_count": 440, "substation_count": 16, "transformer_count": 0, "generator_count": 8, "plant_count": 0, "support_count": 411, "switchgear_count": 5, "nearest_power_node_m": 56.2, "neighbor_ids": [ "regional-0213", "regional-0214", "regional-0236", "regional-0238", "regional-0261", "regional-0262" ], "has_infrastructure": true, "operational_status": "operational", "operational_status_note": "Infrastructure present; no failure simulation is active.", "connected_hex_ids": [ "regional-0213", "regional-0214", "regional-0236", "regional-0238", "regional-0261", "regional-0262" ], "connected_hex_count": 6, "confidence_score": 0.85, "confidence_label": "high", "data_quality_note": "OSM vector lines and power nodes in hex.", "source_mode": "osm_vector_derived", "kiut_role": "visual_reference_only", "infrastructure_score": 100.0 }, "geometry": { "type": "Polygon", "coordinates": [ [ [ 18.398360762112848, 50.034026214774592 ], [ 18.361895593756696, 50.04732663097932 ], [ 18.361537495000416, 50.074314930950855 ], [ 18.397685296735332, 50.088003183542533 ], [ 18.434171599886547, 50.074691686956434 ], [ 18.434488965497213, 50.047703028959162 ], [ 18.398360762112848, 50.034026214774592 ] ] ] } },
{ "type": "Feature", "properties": { "hex_id": "regional-0238", "hex_level": "regional", "hex_edge_m": 3000, "line_count": 94, "line_length_m": 49079.8, "major_line_count": 7, "minor_line_count": 77, "cable_count": 10, "node_count": 492, "substation_count": 3, "transformer_count": 1, "generator_count": 5, "plant_count": 0, "support_count": 477, "switchgear_count": 6, "nearest_power_node_m": 85.3, "neighbor_ids": [ "regional-0214", "regional-0215", "regional-0237", "regional-0239", "regional-0262", "regional-0263" ], "has_infrastructure": true, "operational_status": "operational", "operational_status_note": "Infrastructure present; no failure simulation is active.", "connected_hex_ids": [ "regional-0214", "regional-0215", "regional-0237", "regional-0239", "regional-0262", "regional-0263" ], "connected_hex_count": 6, "confidence_score": 0.85, "confidence_label": "high", "data_quality_note": "OSM vector lines and power nodes in hex.", "source_mode": "osm_vector_derived", "kiut_role": "visual_reference_only", "infrastructure_score": 100.0 }, "geometry": { "type": "Polygon", "coordinates": [ [ [ 18.47093453401807, 50.034379744653364 ], [ 18.434488965497213, 50.047703028959162 ], [ 18.434171599886547, 50.074691686956434 ], [ 18.470340537902558, 50.088357386294064 ], [ 18.506807149998593, 50.075022999193756 ], [ 18.507083779614717, 50.048034026350649 ], [ 18.47093453401807, 50.034379744653364 ] ] ] } },
{ "type": "Feature", "properties": { "hex_id": "regional-0239", "hex_level": "regional", "hex_edge_m": 3000, "line_count": 76, "line_length_m": 47127.1, "major_line_count": 7, "minor_line_count": 64, "cable_count": 5, "node_count": 473, "substation_count": 5, "transformer_count": 2, "generator_count": 6, "plant_count": 0, "support_count": 460, "switchgear_count": 0, "nearest_power_node_m": 127.3, "neighbor_ids": [ "regional-0215", "regional-0216", "regional-0238", "regional-0240", "regional-0263", "regional-0264" ], "has_infrastructure": true, "operational_status": "operational", "operational_status_note": "Infrastructure present; no failure simulation is active.", "connected_hex_ids": [ "regional-0215", "regional-0216", "regional-0238", "regional-0240", "regional-0263", "regional-0264" ], "connected_hex_count": 6, "confidence_score": 0.85, "confidence_label": "high", "data_quality_note": "OSM vector lines and power nodes in hex.", "source_mode": "osm_vector_derived", "kiut_role": "visual_reference_only", "infrastructure_score": 100.0 }, "geometry": { "type": "Polygon", "coordinates": [ [ [ 18.543509654414148, 50.034687894469393 ], [ 18.507083779614717, 50.048034026350649 ], [ 18.506807149998597, 50.075022999193756 ], [ 18.542997132892967, 50.088666122619131 ], [ 18.579443959854029, 50.075308865633993 ], [ 18.579679850992235, 50.048319621128705 ], [ 18.543509654414148, 50.034687894469393 ] ] ] } },
{ "type": "Feature", "properties": { "hex_id": "regional-0240", "hex_level": "regional", "hex_edge_m": 3000, "line_count": 61, "line_length_m": 45437.5, "major_line_count": 4, "minor_line_count": 54, "cable_count": 3, "node_count": 464, "substation_count": 1, "transformer_count": 0, "generator_count": 47, "plant_count": 0, "support_count": 416, "switchgear_count": 0, "nearest_power_node_m": 440.2, "neighbor_ids": [ "regional-0216", "regional-0217", "regional-0239", "regional-0241", "regional-0264", "regional-0265" ], "has_infrastructure": true, "operational_status": "operational", "operational_status_note": "Infrastructure present; no failure simulation is active.", "connected_hex_ids": [ "regional-0216", "regional-0217", "regional-0239", "regional-0241", "regional-0264", "regional-0265" ], "connected_hex_count": 6, "confidence_score": 0.85, "confidence_label": "high", "data_quality_note": "OSM vector lines and power nodes in hex.", "source_mode": "osm_vector_derived", "kiut_role": "visual_reference_only", "infrastructure_score": 100.0 }, "geometry": { "type": "Polygon", "coordinates": [ [ [ 18.616085938356051, 50.034950662338161 ], [ 18.579679850992235, 50.048319621128705 ], [ 18.579443959854032, 50.075308865633993 ], [ 18.615654896030328, 50.088929390626326 ], [ 18.652081843950022, 50.075549284526602 ], [ 18.652276994492578, 50.048559811545957 ], [ 18.616085938356051, 50.034950662338161 ] ] ] } },
{ "type": "Feature", "properties": { "hex_id": "regional-0241", "hex_level": "regional", "hex_edge_m": 3000, "line_count": 48, "line_length_m": 30816.5, "major_line_count": 5, "minor_line_count": 38, "cable_count": 5, "node_count": 266, "substation_count": 8, "transformer_count": 0, "generator_count": 22, "plant_count": 0, "support_count": 230, "switchgear_count": 6, "nearest_power_node_m": 139.7, "neighbor_ids": [ "regional-0217", "regional-0218", "regional-0240", "regional-0242", "regional-0265", "regional-0266" ], "has_infrastructure": true, "operational_status": "operational", "operational_status_note": "Infrastructure present; no failure simulation is active.", "connected_hex_ids": [ "regional-0217", "regional-0218", "regional-0240", "regional-0242", "regional-0265", "regional-0266" ], "connected_hex_count": 6, "confidence_score": 0.85, "confidence_label": "high", "data_quality_note": "OSM vector lines and power nodes in hex.", "source_mode": "osm_vector_derived", "kiut_role": "visual_reference_only", "infrastructure_score": 100.0 }, "geometry": { "type": "Polygon", "coordinates": [ [ [ 18.688663200880047, 50.035168046652657 ], [ 18.652276994492578, 50.048559811545957 ], [ 18.652081843950022, 50.075549284526602 ], [ 18.688313641619562, 50.089147188702725 ], [ 18.724720616766412, 50.075744254399254 ], [ 18.724875024961282, 50.048754596132781 ], [ 18.688663200880047, 50.035168046652657 ] ] ] } },
{ "type": "Feature", "properties": { "hex_id": "regional-0242", "hex_level": "regional", "hex_edge_m": 3000, "line_count": 43, "line_length_m": 27633.3, "major_line_count": 13, "minor_line_count": 24, "cable_count": 6, "node_count": 201, "substation_count": 6, "transformer_count": 0, "generator_count": 1, "plant_count": 1, "support_count": 192, "switchgear_count": 1, "nearest_power_node_m": 1167.9, "neighbor_ids": [ "regional-0218", "regional-0219", "regional-0241", "regional-0243", "regional-0266", "regional-0267" ], "has_infrastructure": true, "operational_status": "operational", "operational_status_note": "Infrastructure present; no failure simulation is active.", "connected_hex_ids": [ "regional-0218", "regional-0219", "regional-0241", "regional-0243", "regional-0266", "regional-0267" ], "connected_hex_count": 6, "confidence_score": 0.85, "confidence_label": "high", "data_quality_note": "OSM vector lines and power nodes in hex.", "source_mode": "osm_vector_derived", "kiut_role": "visual_reference_only", "infrastructure_score": 100.0 }, "geometry": { "type": "Polygon", "coordinates": [ [ [ 18.761241257006656, 50.035340046083363 ], [ 18.724875024961285, 50.048754596132781 ], [ 18.724720616766412, 50.075744254399254 ], [ 18.760973183949751, 50.089319515513942 ], [ 18.797360092768724, 50.07589377405796 ], [ 18.797473757229618, 50.048903973697385 ], [ 18.761241257006656, 50.035340046083363 ] ] ] } },
{ "type": "Feature", "properties": { "hex_id": "regional-0243", "hex_level": "regional", "hex_edge_m": 3000, "line_count": 17, "line_length_m": 13756.7, "major_line_count": 2, "minor_line_count": 15, "cable_count": 0, "node_count": 98, "substation_count": 0, "transformer_count": 0, "generator_count": 0, "plant_count": 0, "support_count": 98, "switchgear_count": 0, "nearest_power_node_m": 1174.5, "neighbor_ids": [ "regional-0219", "regional-0220", "regional-0242", "regional-0244", "regional-0267", "regional-0268" ], "has_infrastructure": true, "operational_status": "operational", "operational_status_note": "Infrastructure present; no failure simulation is active.", "connected_hex_ids": [ "regional-0219", "regional-0220", "regional-0242", "regional-0244", "regional-0267", "regional-0268" ], "connected_hex_count": 6, "confidence_score": 0.62, "confidence_label": "medium", "data_quality_note": "OSM vector feature present; topology is inferred.", "source_mode": "osm_vector_derived", "kiut_role": "visual_reference_only", "infrastructure_score": 46.3 }, "geometry": { "type": "Polygon", "coordinates": [ [ [ 18.833819921743622, 50.035466659578347 ], [ 18.797473757229618, 50.048903973697385 ], [ 18.797360092768724, 50.07589377405796 ], [ 18.833633337297123, 50.08944637000419 ], [ 18.870000086411149, 50.075997842587043 ], [ 18.870073006117551, 50.049007943325734 ], [ 18.833819921743622, 50.035466659578347 ] ] ] } },
{ "type": "Feature", "properties": { "hex_id": "regional-0244", "hex_level": "regional", "hex_edge_m": 3000, "line_count": 24, "line_length_m": 10903.0, "major_line_count": 1, "minor_line_count": 20, "cable_count": 3, "node_count": 147, "substation_count": 4, "transformer_count": 16, "generator_count": 2, "plant_count": 0, "support_count": 122, "switchgear_count": 3, "nearest_power_node_m": 320.3, "neighbor_ids": [ "regional-0220", "regional-0221", "regional-0243", "regional-0245", "regional-0268", "regional-0269" ], "has_infrastructure": true, "operational_status": "operational", "operational_status_note": "Infrastructure present; no failure simulation is active.", "connected_hex_ids": [ "regional-0220", "regional-0221", "regional-0243", "regional-0245", "regional-0268", "regional-0269" ], "connected_hex_count": 6, "confidence_score": 0.85, "confidence_label": "high", "data_quality_note": "OSM vector lines and power nodes in hex.", "source_mode": "osm_vector_derived", "kiut_role": "visual_reference_only", "infrastructure_score": 100.0 }, "geometry": { "type": "Polygon", "coordinates": [ [ [ 18.906399010088915, 50.035547886363204 ], [ 18.870073006117551, 50.049007943325734 ], [ 18.870000086411149, 50.075997842587043 ], [ 18.906293915928043, 50.089527751396233 ], [ 18.942640412139525, 50.076056459349168 ], [ 18.942672586436732, 50.049066504381678 ], [ 18.906399010088915, 50.035547886363204 ] ] ] } },
{ "type": "Feature", "properties": { "hex_id": "regional-0245", "hex_level": "regional", "hex_edge_m": 3000, "line_count": 14, "line_length_m": 7060.0, "major_line_count": 0, "minor_line_count": 13, "cable_count": 1, "node_count": 78, "substation_count": 1, "transformer_count": 6, "generator_count": 0, "plant_count": 0, "support_count": 71, "switchgear_count": 0, "nearest_power_node_m": 1250.3, "neighbor_ids": [ "regional-0221", "regional-0222", "regional-0244", "regional-0246", "regional-0269", "regional-0270" ], "has_infrastructure": true, "operational_status": "operational", "operational_status_note": "Infrastructure present; no failure simulation is active.", "connected_hex_ids": [ "regional-0221", "regional-0222", "regional-0244", "regional-0246", "regional-0269", "regional-0270" ], "connected_hex_count": 6, "confidence_score": 0.85, "confidence_label": "high", "data_quality_note": "OSM vector lines and power nodes in hex.", "source_mode": "osm_vector_derived", "kiut_role": "visual_reference_only", "infrastructure_score": 95.8 }, "geometry": { "type": "Polygon", "coordinates": [ [ [ 18.978978337033677, 50.035583725941159 ], [ 18.942672586436732, 50.049066504381678 ], [ 18.942640412139525, 50.076056459349168 ], [ 18.978954734102015, 50.089563659191448 ], [ 19.01528088439434, 50.076069623985326 ], [ 19.015272312993474, 50.049079656506876 ], [ 18.978978337033677, 50.035583725941159 ] ] ] } },
{ "type": "Feature", "properties": { "hex_id": "regional-0246", "hex_level": "regional", "hex_edge_m": 3000, "line_count": 38, "line_length_m": 17766.2, "major_line_count": 0, "minor_line_count": 31, "cable_count": 7, "node_count": 178, "substation_count": 2, "transformer_count": 1, "generator_count": 11, "plant_count": 0, "support_count": 163, "switchgear_count": 1, "nearest_power_node_m": 152.7, "neighbor_ids": [ "regional-0222", "regional-0223", "regional-0245", "regional-0247", "regional-0270", "regional-0271" ], "has_infrastructure": true, "operational_status": "operational", "operational_status_note": "Infrastructure present; no failure simulation is active.", "connected_hex_ids": [ "regional-0222", "regional-0223", "regional-0245", "regional-0247", "regional-0270", "regional-0271" ], "connected_hex_count": 6, "confidence_score": 0.85, "confidence_label": "high", "data_quality_note": "OSM vector lines and power nodes in hex.", "source_mode": "osm_vector_derived", "kiut_role": "visual_reference_only", "infrastructure_score": 100.0 }, "geometry": { "type": "Polygon", "coordinates": [ [ [ 19.051557717565217, 50.035574178093 ], [ 19.015272312993478, 50.049079656506876 ], [ 19.015280884394343, 50.076069623985326 ], [ 19.051615606074687, 50.089554093169845 ], [ 19.087921317613716, 50.076037336414913 ], [ 19.087872000591741, 50.049047399620846 ], [ 19.051557717565217, 50.035574178093 ] ] ] } },
{ "type": "Feature", "properties": { "hex_id": "regional-0247", "hex_level": "regional", "hex_edge_m": 3000, "line_count": 71, "line_length_m": 42321.2, "major_line_count": 2, "minor_line_count": 53, "cable_count": 16, "node_count": 358, "substation_count": 6, "transformer_count": 1, "generator_count": 22, "plant_count": 0, "support_count": 329, "switchgear_count": 0, "nearest_power_node_m": 284.5, "neighbor_ids": [ "regional-0223", "regional-0224", "regional-0246", "regional-0248", "regional-0271", "regional-0272" ], "has_infrastructure": true, "operational_status": "operational", "operational_status_note": "Infrastructure present; no failure simulation is active.", "connected_hex_ids": [ "regional-0223", "regional-0224", "regional-0246", "regional-0248", "regional-0271", "regional-0272" ], "connected_hex_count": 6, "confidence_score": 0.85, "confidence_label": "high", "data_quality_note": "OSM vector lines and power nodes in hex.", "source_mode": "osm_vector_derived", "kiut_role": "visual_reference_only", "infrastructure_score": 100.0 }, "geometry": { "type": "Polygon", "coordinates": [ [ [ 19.124136966669983, 50.035519242877115 ], [ 19.087872000591741, 50.049047399620846 ], [ 19.087921317613716, 50.076037336414913 ], [ 19.124276346100828, 50.089499053390021 ], [ 19.160561526236414, 50.075959596835673 ], [ 19.160471464036114, 50.048969733920977 ], [ 19.124136966669983, 50.035519242877115 ] ] ] } },
{ "type": "Feature", "properties": { "hex_id": "regional-0248", "hex_level": "regional", "hex_edge_m": 3000, "line_count": 49, "line_length_m": 40257.8, "major_line_count": 8, "minor_line_count": 36, "cable_count": 5, "node_count": 431, "substation_count": 17, "transformer_count": 4, "generator_count": 89, "plant_count": 0, "support_count": 316, "switchgear_count": 5, "nearest_power_node_m": 158.3, "neighbor_ids": [ "regional-0224", "regional-0225", "regional-0247", "regional-0249", "regional-0272", "regional-0273" ], "has_infrastructure": true, "operational_status": "operational", "operational_status_note": "Infrastructure present; no failure simulation is active.", "connected_hex_ids": [ "regional-0224", "regional-0225", "regional-0247", "regional-0249", "regional-0272", "regional-0273" ], "connected_hex_count": 6, "confidence_score": 0.85, "confidence_label": "high", "data_quality_note": "OSM vector lines and power nodes in hex.", "source_mode": "osm_vector_derived", "kiut_role": "visual_reference_only", "infrastructure_score": 100.0 }, "geometry": { "type": "Polygon", "coordinates": [ [ [ 19.196715899336535, 50.035418920629496 ], [ 19.160471464036117, 50.048969733920977 ], [ 19.160561526236418, 50.075959596835673 ], [ 19.196936768437354, 50.089398540189208 ], [ 19.233201324704812, 50.075836405723685 ], [ 19.233070518134799, 50.048846659882479 ], [ 19.196715899336535, 50.035418920629496 ] ] ] } },
{ "type": "Feature", "properties": { "hex_id": "regional-0249", "hex_level": "regional", "hex_edge_m": 3000, "line_count": 88, "line_length_m": 53199.4, "major_line_count": 40, "minor_line_count": 37, "cable_count": 11, "node_count": 434, "substation_count": 14, "transformer_count": 3, "generator_count": 52, "plant_count": 1, "support_count": 360, "switchgear_count": 4, "nearest_power_node_m": 526.6, "neighbor_ids": [ "regional-0225", "regional-0226", "regional-0248", "regional-0250", "regional-0273", "regional-0274" ], "has_infrastructure": true, "operational_status": "operational", "operational_status_note": "Infrastructure present; no failure simulation is active.", "connected_hex_ids": [ "regional-0225", "regional-0226", "regional-0248", "regional-0250", "regional-0273", "regional-0274" ], "connected_hex_count": 6, "confidence_score": 0.85, "confidence_label": "high", "data_quality_note": "OSM vector lines and power nodes in hex.", "source_mode": "osm_vector_derived", "kiut_role": "visual_reference_only", "infrastructure_score": 100.0 }, "geometry": { "type": "Polygon", "coordinates": [ [ [ 19.269294330558523, 50.035273211963762 ], [ 19.233070518134799, 50.048846659882479 ], [ 19.233201324704812, 50.075836405723685 ], [ 19.269596687346276, 50.08925255418324 ], [ 19.305840527467883, 50.075667763833415 ], [ 19.305668977702574, 50.048678178258449 ], [ 19.269294330558523, 50.035273211963762 ] ] ] } },
{ "type": "Feature", "properties": { "hex_id": "regional-0250", "hex_level": "regional", "hex_edge_m": 3000, "line_count": 28, "line_length_m": 27531.0, "major_line_count": 5, "minor_line_count": 17, "cable_count": 6, "node_count": 202, "substation_count": 3, "transformer_count": 0, "generator_count": 19, "plant_count": 0, "support_count": 179, "switchgear_count": 1, "nearest_power_node_m": 626.0, "neighbor_ids": [ "regional-0226", "regional-0227", "regional-0249", "regional-0251", "regional-0274", "regional-0275" ], "has_infrastructure": true, "operational_status": "operational", "operational_status_note": "Infrastructure present; no failure simulation is active.", "connected_hex_ids": [ "regional-0226", "regional-0227", "regional-0249", "regional-0251", "regional-0274", "regional-0275" ], "connected_hex_count": 6, "confidence_score": 0.85, "confidence_label": "high", "data_quality_note": "OSM vector lines and power nodes in hex.", "source_mode": "osm_vector_derived", "kiut_role": "visual_reference_only", "infrastructure_score": 100.0 }, "geometry": { "type": "Polygon", "coordinates": [ [ [ 19.341872075337662, 50.035082117771033 ], [ 19.305668977702574, 50.048678178258449 ], [ 19.305840527467883, 50.075667763833415 ], [ 19.342255917097756, 50.089061096266541 ], [ 19.378478948984231, 50.075453672197625 ], [ 19.378266657563799, 50.04846429007975 ], [ 19.341872075337662, 50.035082117771033 ] ] ] } },
{ "type": "Feature", "properties": { "hex_id": "regional-0251", "hex_level": "regional", "hex_edge_m": 3000, "line_count": 3, "line_length_m": 339.6, "major_line_count": 0, "minor_line_count": 3, "cable_count": 0, "node_count": 6, "substation_count": 0, "transformer_count": 0, "generator_count": 2, "plant_count": 0, "support_count": 4, "switchgear_count": 0, "nearest_power_node_m": 899.7, "neighbor_ids": [ "regional-0227", "regional-0250", "regional-0275" ], "has_infrastructure": true, "operational_status": "operational", "operational_status_note": "Infrastructure present; no failure simulation is active.", "connected_hex_ids": [ "regional-0227", "regional-0250", "regional-0275" ], "connected_hex_count": 3, "confidence_score": 0.62, "confidence_label": "medium", "data_quality_note": "OSM vector feature present; topology is inferred.", "source_mode": "osm_vector_derived", "kiut_role": "visual_reference_only", "infrastructure_score": 21.4 }, "geometry": { "type": "Polygon", "coordinates": [ [ [ 19.378266657563799, 50.04846429007975 ], [ 19.378478948984231, 50.075453672197625 ], [ 19.383401177943913, 50.077261065308498 ], [ 19.381063502623462, 50.049525494632576 ], [ 19.380601068792462, 50.047586213978896 ], [ 19.378266657563799, 50.04846429007975 ] ] ] } },
{ "type": "Feature", "properties": { "hex_id": "regional-0252", "hex_level": "regional", "hex_edge_m": 3000, "line_count": 25, "line_length_m": 10907.9, "major_line_count": 0, "minor_line_count": 25, "cable_count": 0, "node_count": 145, "substation_count": 1, "transformer_count": 0, "generator_count": 0, "plant_count": 0, "support_count": 142, "switchgear_count": 2, "nearest_power_node_m": 416.5, "neighbor_ids": [ "regional-0228", "regional-0253", "regional-0276" ], "has_infrastructure": true, "operational_status": "operational", "operational_status_note": "Infrastructure present; no failure simulation is active.", "connected_hex_ids": [ "regional-0228", "regional-0253", "regional-0276" ], "connected_hex_count": 3, "confidence_score": 0.85, "confidence_label": "high", "data_quality_note": "OSM vector lines and power nodes in hex.", "source_mode": "osm_vector_derived", "kiut_role": "visual_reference_only", "infrastructure_score": 64.1 }, "geometry": { "type": "Polygon", "coordinates": [ [ [ 17.743173904169407, 50.109753133506388 ], [ 17.743879671673358, 50.082769819475814 ], [ 17.709908906310407, 50.069646130177503 ], [ 17.707200568893438, 50.095862631451986 ], [ 17.708498832737028, 50.122123602657183 ], [ 17.743173904169407, 50.109753133506388 ] ] ] } },
{ "type": "Feature", "properties": { "hex_id": "regional-0253", "hex_level": "regional", "hex_edge_m": 3000, "line_count": 11, "line_length_m": 9562.9, "major_line_count": 0, "minor_line_count": 7, "cable_count": 4, "node_count": 82, "substation_count": 4, "transformer_count": 0, "generator_count": 1, "plant_count": 1, "support_count": 74, "switchgear_count": 2, "nearest_power_node_m": 627.2, "neighbor_ids": [ "regional-0228", "regional-0229", "regional-0252", "regional-0254", "regional-0276", "regional-0277" ], "has_infrastructure": true, "operational_status": "operational", "operational_status_note": "Infrastructure present; no failure simulation is active.", "connected_hex_ids": [ "regional-0228", "regional-0229", "regional-0252", "regional-0254", "regional-0276", "regional-0277" ], "connected_hex_count": 6, "confidence_score": 0.85, "confidence_label": "high", "data_quality_note": "OSM vector lines and power nodes in hex.", "source_mode": "osm_vector_derived", "kiut_role": "visual_reference_only", "infrastructure_score": 100.0 }, "geometry": { "type": "Polygon", "coordinates": [ [ [ 17.780538932881413, 50.069665242485009 ], [ 17.743879671673358, 50.082769819475814 ], [ 17.743173904169407, 50.109753133506388 ], [ 17.779168182620069, 50.123632607395706 ], [ 17.815849396887412, 50.110517129100053 ], [ 17.816514377591659, 50.083533089020897 ], [ 17.780538932881413, 50.069665242485009 ] ] ] } },
{ "type": "Feature", "properties": { "hex_id": "regional-0254", "hex_level": "regional", "hex_edge_m": 3000, "line_count": 15, "line_length_m": 14928.1, "major_line_count": 0, "minor_line_count": 13, "cable_count": 2, "node_count": 146, "substation_count": 4, "transformer_count": 0, "generator_count": 4, "plant_count": 0, "support_count": 133, "switchgear_count": 5, "nearest_power_node_m": 748.6, "neighbor_ids": [ "regional-0229", "regional-0230", "regional-0253", "regional-0255", "regional-0277", "regional-0278" ], "has_infrastructure": true, "operational_status": "operational", "operational_status_note": "Infrastructure present; no failure simulation is active.", "connected_hex_ids": [ "regional-0229", "regional-0230", "regional-0253", "regional-0255", "regional-0277", "regional-0278" ], "connected_hex_count": 6, "confidence_score": 0.85, "confidence_label": "high", "data_quality_note": "OSM vector lines and power nodes in hex.", "source_mode": "osm_vector_derived", "kiut_role": "visual_reference_only", "infrastructure_score": 100.0 }, "geometry": { "type": "Polygon", "coordinates": [ [ [ 17.853154802011435, 50.070405442227653 ], [ 17.816514377591659, 50.083533089020897 ], [ 17.815849396887412, 50.110517129100053 ], [ 17.851865631447939, 50.124374216037907 ], [ 17.888527919149588, 50.111235644614723 ], [ 17.889152107077685, 50.084250921687065 ], [ 17.853154802011435, 50.070405442227653 ] ] ] } },
{ "type": "Feature", "properties": { "hex_id": "regional-0255", "hex_level": "regional", "hex_edge_m": 3000, "line_count": 16, "line_length_m": 11156.4, "major_line_count": 0, "minor_line_count": 12, "cable_count": 4, "node_count": 101, "substation_count": 2, "transformer_count": 0, "generator_count": 0, "plant_count": 0, "support_count": 97, "switchgear_count": 2, "nearest_power_node_m": 70.8, "neighbor_ids": [ "regional-0230", "regional-0231", "regional-0254", "regional-0256", "regional-0278", "regional-0279" ], "has_infrastructure": true, "operational_status": "operational", "operational_status_note": "Infrastructure present; no failure simulation is active.", "connected_hex_ids": [ "regional-0230", "regional-0231", "regional-0254", "regional-0256", "regional-0278", "regional-0279" ], "connected_hex_count": 6, "confidence_score": 0.85, "confidence_label": "high", "data_quality_note": "OSM vector lines and power nodes in hex.", "source_mode": "osm_vector_derived", "kiut_role": "visual_reference_only", "infrastructure_score": 72.4 }, "geometry": { "type": "Polygon", "coordinates": [ [ [ 17.925773599138246, 50.071100224442858 ], [ 17.889152107077685, 50.084250921687065 ], [ 17.888527919149588, 50.111235644614723 ], [ 17.924566019859476, 50.1250703207443 ], [ 17.961209285217802, 50.111908675646688 ], [ 17.96179267475938, 50.08492331307869 ], [ 17.925773599138246, 50.071100224442858 ] ] ] } },
{ "type": "Feature", "properties": { "hex_id": "regional-0256", "hex_level": "regional", "hex_edge_m": 3000, "line_count": 25, "line_length_m": 26459.0, "major_line_count": 5, "minor_line_count": 20, "cable_count": 0, "node_count": 235, "substation_count": 8, "transformer_count": 2, "generator_count": 2, "plant_count": 0, "support_count": 218, "switchgear_count": 5, "nearest_power_node_m": 275.2, "neighbor_ids": [ "regional-0231", "regional-0232", "regional-0255", "regional-0257", "regional-0279", "regional-0280" ], "has_infrastructure": true, "operational_status": "operational", "operational_status_note": "Infrastructure present; no failure simulation is active.", "connected_hex_ids": [ "regional-0231", "regional-0232", "regional-0255", "regional-0257", "regional-0279", "regional-0280" ], "connected_hex_count": 6, "confidence_score": 0.85, "confidence_label": "high", "data_quality_note": "OSM vector lines and power nodes in hex.", "source_mode": "osm_vector_derived", "kiut_role": "visual_reference_only", "infrastructure_score": 100.0 }, "geometry": { "type": "Polygon", "coordinates": [ [ [ 17.998395139049247, 50.071749584877864 ], [ 17.96179267475938, 50.08492331307869 ], [ 17.961209285217802, 50.111908675646688 ], [ 17.997269161909767, 50.125720917246483 ], [ 18.033893309308016, 50.112536218070794 ], [ 18.034435895218927, 50.085550259078154 ], [ 17.998395139049247, 50.071749584877864 ] ] ] } },
{ "type": "Feature", "properties": { "hex_id": "regional-0257", "hex_level": "regional", "hex_edge_m": 3000, "line_count": 22, "line_length_m": 20723.4, "major_line_count": 1, "minor_line_count": 18, "cable_count": 3, "node_count": 177, "substation_count": 1, "transformer_count": 8, "generator_count": 1, "plant_count": 0, "support_count": 166, "switchgear_count": 1, "nearest_power_node_m": 991.7, "neighbor_ids": [ "regional-0232", "regional-0233", "regional-0256", "regional-0258", "regional-0280", "regional-0281" ], "has_infrastructure": true, "operational_status": "operational", "operational_status_note": "Infrastructure present; no failure simulation is active.", "connected_hex_ids": [ "regional-0232", "regional-0233", "regional-0256", "regional-0258", "regional-0280", "regional-0281" ], "connected_hex_count": 6, "confidence_score": 0.85, "confidence_label": "high", "data_quality_note": "OSM vector lines and power nodes in hex.", "source_mode": "osm_vector_derived", "kiut_role": "visual_reference_only", "infrastructure_score": 100.0 }, "geometry": { "type": "Polygon", "coordinates": [ [ [ 18.071019236487658, 50.07235351955768 ], [ 18.03443589521893, 50.085550259078154 ], [ 18.033893309308016, 50.112536218070794 ], [ 18.069974871609432, 50.126326001554929 ], [ 18.106579805593299, 50.113118268040402 ], [ 18.107081582995772, 50.08613175584582 ], [ 18.071019236487658, 50.07235351955768 ] ] ] } },
{ "type": "Feature", "properties": { "hex_id": "regional-0258", "hex_level": "regional", "hex_edge_m": 3000, "line_count": 26, "line_length_m": 23195.4, "major_line_count": 2, "minor_line_count": 22, "cable_count": 2, "node_count": 224, "substation_count": 3, "transformer_count": 4, "generator_count": 9, "plant_count": 2, "support_count": 201, "switchgear_count": 5, "nearest_power_node_m": 98.1, "neighbor_ids": [ "regional-0233", "regional-0234", "regional-0257", "regional-0259", "regional-0281", "regional-0282" ], "has_infrastructure": true, "operational_status": "operational", "operational_status_note": "Infrastructure present; no failure simulation is active.", "connected_hex_ids": [ "regional-0233", "regional-0234", "regional-0257", "regional-0259", "regional-0281", "regional-0282" ], "connected_hex_count": 6, "confidence_score": 0.85, "confidence_label": "high", "data_quality_note": "OSM vector lines and power nodes in hex.", "source_mode": "osm_vector_derived", "kiut_role": "visual_reference_only", "infrastructure_score": 100.0 }, "geometry": { "type": "Polygon", "coordinates": [ [ [ 18.1436457061555, 50.072912024785147 ], [ 18.107081582995772, 50.08613175584582 ], [ 18.106579805593299, 50.113118268040402 ], [ 18.142682962927601, 50.126885569958873 ], [ 18.179268588206796, 50.113654821987488 ], [ 18.179729552589567, 50.086667799820241 ], [ 18.1436457061555, 50.072912024785147 ] ] ] } },
{ "type": "Feature", "properties": { "hex_id": "regional-0259", "hex_level": "regional", "hex_edge_m": 3000, "line_count": 32, "line_length_m": 16887.7, "major_line_count": 12, "minor_line_count": 13, "cable_count": 7, "node_count": 152, "substation_count": 9, "transformer_count": 1, "generator_count": 0, "plant_count": 0, "support_count": 137, "switchgear_count": 5, "nearest_power_node_m": 529.1, "neighbor_ids": [ "regional-0234", "regional-0235", "regional-0258", "regional-0260", "regional-0282", "regional-0283" ], "has_infrastructure": true, "operational_status": "operational", "operational_status_note": "Infrastructure present; no failure simulation is active.", "connected_hex_ids": [ "regional-0234", "regional-0235", "regional-0258", "regional-0260", "regional-0282", "regional-0283" ], "connected_hex_count": 6, "confidence_score": 0.85, "confidence_label": "high", "data_quality_note": "OSM vector lines and power nodes in hex.", "source_mode": "osm_vector_derived", "kiut_role": "visual_reference_only", "infrastructure_score": 100.0 }, "geometry": { "type": "Polygon", "coordinates": [ [ [ 18.216274362716572, 50.073425097141019 ], [ 18.179729552589567, 50.086667799820241 ], [ 18.179268588206796, 50.113654821987488 ], [ 18.215393249794936, 50.127399619026527 ], [ 18.251959471244746, 50.114145876622771 ], [ 18.252379618463181, 50.087158387718119 ], [ 18.216274362716572, 50.073425097141019 ] ] ] } },
{ "type": "Feature", "properties": { "hex_id": "regional-0260", "hex_level": "regional", "hex_edge_m": 3000, "line_count": 62, "line_length_m": 45684.4, "major_line_count": 6, "minor_line_count": 47, "cable_count": 9, "node_count": 351, "substation_count": 8, "transformer_count": 1, "generator_count": 0, "plant_count": 0, "support_count": 339, "switchgear_count": 3, "nearest_power_node_m": 171.9, "neighbor_ids": [ "regional-0235", "regional-0236", "regional-0259", "regional-0261", "regional-0283", "regional-0284" ], "has_infrastructure": true, "operational_status": "operational", "operational_status_note": "Infrastructure present; no failure simulation is active.", "connected_hex_ids": [ "regional-0235", "regional-0236", "regional-0259", "regional-0261", "regional-0283", "regional-0284" ], "connected_hex_count": 6, "confidence_score": 0.85, "confidence_label": "high", "data_quality_note": "OSM vector lines and power nodes in hex.", "source_mode": "osm_vector_derived", "kiut_role": "visual_reference_only", "infrastructure_score": 100.0 }, "geometry": { "type": "Polygon", "coordinates": [ [ [ 18.288905020799437, 50.073892733483994 ], [ 18.252379618463181, 50.087158387718119 ], [ 18.251959471244746, 50.114145876622771 ], [ 18.288105546106628, 50.127868145605078 ], [ 18.324652268769473, 50.114591428935711 ], [ 18.325031595045687, 50.087603516534458 ], [ 18.288905020799437, 50.073892733483994 ] ] ] } },
{ "type": "Feature", "properties": { "hex_id": "regional-0261", "hex_level": "regional", "hex_edge_m": 3000, "line_count": 44, "line_length_m": 52502.4, "major_line_count": 10, "minor_line_count": 34, "cable_count": 0, "node_count": 369, "substation_count": 0, "transformer_count": 0, "generator_count": 14, "plant_count": 0, "support_count": 354, "switchgear_count": 1, "nearest_power_node_m": 314.6, "neighbor_ids": [ "regional-0236", "regional-0237", "regional-0260", "regional-0262", "regional-0284", "regional-0285" ], "has_infrastructure": true, "operational_status": "operational", "operational_status_note": "Infrastructure present; no failure simulation is active.", "connected_hex_ids": [ "regional-0236", "regional-0237", "regional-0260", "regional-0262", "regional-0284", "regional-0285" ], "connected_hex_count": 6, "confidence_score": 0.85, "confidence_label": "high", "data_quality_note": "OSM vector lines and power nodes in hex.", "source_mode": "osm_vector_derived", "kiut_role": "visual_reference_only", "infrastructure_score": 100.0 }, "geometry": { "type": "Polygon", "coordinates": [ [ [ 18.361537495000416, 50.074314930950855 ], [ 18.32503159504569, 50.087603516534458 ], [ 18.324652268769473, 50.114591428935711 ], [ 18.360819665725387, 50.1282911468208 ], [ 18.397346794812382, 50.114991476194618 ], [ 18.397685296735332, 50.088003183542533 ], [ 18.361537495000416, 50.074314930950855 ] ] ] } },
{ "type": "Feature", "properties": { "hex_id": "regional-0262", "hex_level": "regional", "hex_edge_m": 3000, "line_count": 77, "line_length_m": 50916.4, "major_line_count": 3, "minor_line_count": 72, "cable_count": 2, "node_count": 624, "substation_count": 2, "transformer_count": 0, "generator_count": 12, "plant_count": 0, "support_count": 607, "switchgear_count": 3, "nearest_power_node_m": 33.7, "neighbor_ids": [ "regional-0237", "regional-0238", "regional-0261", "regional-0263", "regional-0285", "regional-0286" ], "has_infrastructure": true, "operational_status": "operational", "operational_status_note": "Infrastructure present; no failure simulation is active.", "connected_hex_ids": [ "regional-0237", "regional-0238", "regional-0261", "regional-0263", "regional-0285", "regional-0286" ], "connected_hex_count": 6, "confidence_score": 0.85, "confidence_label": "high", "data_quality_note": "OSM vector lines and power nodes in hex.", "source_mode": "osm_vector_derived", "kiut_role": "visual_reference_only", "infrastructure_score": 100.0 }, "geometry": { "type": "Polygon", "coordinates": [ [ [ 18.434171599886547, 50.074691686956434 ], [ 18.397685296735336, 50.088003183542533 ], [ 18.397346794812382, 50.114991476194618 ], [ 18.433535422484468, 50.128668620079026 ], [ 18.470042863376964, 50.115346015946706 ], [ 18.470340537902558, 50.088357386294064 ], [ 18.434171599886547, 50.074691686956434 ] ] ] } },
{ "type": "Feature", "properties": { "hex_id": "regional-0263", "hex_level": "regional", "hex_edge_m": 3000, "line_count": 69, "line_length_m": 43668.1, "major_line_count": 9, "minor_line_count": 54, "cable_count": 6, "node_count": 440, "substation_count": 9, "transformer_count": 2, "generator_count": 9, "plant_count": 0, "support_count": 418, "switchgear_count": 2, "nearest_power_node_m": 336.1, "neighbor_ids": [ "regional-0238", "regional-0239", "regional-0262", "regional-0264", "regional-0286", "regional-0287" ], "has_infrastructure": true, "operational_status": "operational", "operational_status_note": "Infrastructure present; no failure simulation is active.", "connected_hex_ids": [ "regional-0238", "regional-0239", "regional-0262", "regional-0264", "regional-0286", "regional-0287" ], "connected_hex_count": 6, "confidence_score": 0.85, "confidence_label": "high", "data_quality_note": "OSM vector lines and power nodes in hex.", "source_mode": "osm_vector_derived", "kiut_role": "visual_reference_only", "infrastructure_score": 100.0 }, "geometry": { "type": "Polygon", "coordinates": [ [ [ 18.506807149998597, 50.075022999193756 ], [ 18.470340537902558, 50.088357386294064 ], [ 18.470042863376968, 50.115346015946706 ], [ 18.506252630190659, 50.129000563064324 ], [ 18.542740288441806, 50.11565504601807 ], [ 18.542997132892967, 50.088666122619131 ], [ 18.506807149998597, 50.075022999193756 ] ] ] } },
{ "type": "Feature", "properties": { "hex_id": "regional-0264", "hex_level": "regional", "hex_edge_m": 3000, "line_count": 45, "line_length_m": 37873.2, "major_line_count": 18, "minor_line_count": 27, "cable_count": 0, "node_count": 377, "substation_count": 6, "transformer_count": 4, "generator_count": 98, "plant_count": 0, "support_count": 269, "switchgear_count": 0, "nearest_power_node_m": 251.8, "neighbor_ids": [ "regional-0239", "regional-0240", "regional-0263", "regional-0265", "regional-0287", "regional-0288" ], "has_infrastructure": true, "operational_status": "operational", "operational_status_note": "Infrastructure present; no failure simulation is active.", "connected_hex_ids": [ "regional-0239", "regional-0240", "regional-0263", "regional-0265", "regional-0287", "regional-0288" ], "connected_hex_count": 6, "confidence_score": 0.85, "confidence_label": "high", "data_quality_note": "OSM vector lines and power nodes in hex.", "source_mode": "osm_vector_derived", "kiut_role": "visual_reference_only", "infrastructure_score": 100.0 }, "geometry": { "type": "Polygon", "coordinates": [ [ [ 18.579443959854032, 50.075308865633993 ], [ 18.542997132892967, 50.088666122619131 ], [ 18.542740288441806, 50.11565504601807 ], [ 18.57897110262731, 50.129286973740413 ], [ 18.615438883963566, 50.115918564513848 ], [ 18.615654896030328, 50.088929390626326 ], [ 18.579443959854032, 50.075308865633993 ] ] ] } },
{ "type": "Feature", "properties": { "hex_id": "regional-0265", "hex_level": "regional", "hex_edge_m": 3000, "line_count": 30, "line_length_m": 21816.5, "major_line_count": 7, "minor_line_count": 19, "cable_count": 4, "node_count": 147, "substation_count": 1, "transformer_count": 0, "generator_count": 1, "plant_count": 0, "support_count": 144, "switchgear_count": 1, "nearest_power_node_m": 1361.3, "neighbor_ids": [ "regional-0240", "regional-0241", "regional-0264", "regional-0266", "regional-0288", "regional-0289" ], "has_infrastructure": true, "operational_status": "operational", "operational_status_note": "Infrastructure present; no failure simulation is active.", "connected_hex_ids": [ "regional-0240", "regional-0241", "regional-0264", "regional-0266", "regional-0288", "regional-0289" ], "connected_hex_count": 6, "confidence_score": 0.85, "confidence_label": "high", "data_quality_note": "OSM vector lines and power nodes in hex.", "source_mode": "osm_vector_derived", "kiut_role": "visual_reference_only", "infrastructure_score": 93.2 }, "geometry": { "type": "Polygon", "coordinates": [ [ [ 18.652081843950022, 50.075549284526602 ], [ 18.615654896030328, 50.088929390626326 ], [ 18.615438883963566, 50.115918564513848 ], [ 18.651690653557306, 50.129527850350314 ], [ 18.688138463880012, 50.116136569818153 ], [ 18.688313641619562, 50.089147188702725 ], [ 18.652081843950022, 50.075549284526602 ] ] ] } },
{ "type": "Feature", "properties": { "hex_id": "regional-0266", "hex_level": "regional", "hex_edge_m": 3000, "line_count": 44, "line_length_m": 30521.9, "major_line_count": 2, "minor_line_count": 33, "cable_count": 9, "node_count": 270, "substation_count": 4, "transformer_count": 0, "generator_count": 0, "plant_count": 0, "support_count": 263, "switchgear_count": 3, "nearest_power_node_m": 39.8, "neighbor_ids": [ "regional-0241", "regional-0242", "regional-0265", "regional-0267", "regional-0289", "regional-0290" ], "has_infrastructure": true, "operational_status": "operational", "operational_status_note": "Infrastructure present; no failure simulation is active.", "connected_hex_ids": [ "regional-0241", "regional-0242", "regional-0265", "regional-0267", "regional-0289", "regional-0290" ], "connected_hex_count": 6, "confidence_score": 0.85, "confidence_label": "high", "data_quality_note": "OSM vector lines and power nodes in hex.", "source_mode": "osm_vector_derived", "kiut_role": "visual_reference_only", "infrastructure_score": 100.0 }, "geometry": { "type": "Polygon", "coordinates": [ [ [ 18.724720616766412, 50.075744254399254 ], [ 18.688313641619562, 50.089147188702725 ], [ 18.688138463880012, 50.116136569818153 ], [ 18.724411096726126, 50.129723191416318 ], [ 18.760838842113003, 50.116309060594162 ], [ 18.760973183949751, 50.089319515513942 ], [ 18.724720616766412, 50.075744254399254 ] ] ] } },
{ "type": "Feature", "properties": { "hex_id": "regional-0267", "hex_level": "regional", "hex_edge_m": 3000, "line_count": 55, "line_length_m": 53299.5, "major_line_count": 4, "minor_line_count": 37, "cable_count": 14, "node_count": 389, "substation_count": 14, "transformer_count": 0, "generator_count": 0, "plant_count": 0, "support_count": 368, "switchgear_count": 7, "nearest_power_node_m": 115.4, "neighbor_ids": [ "regional-0242", "regional-0243", "regional-0266", "regional-0268", "regional-0290", "regional-0291" ], "has_infrastructure": true, "operational_status": "operational", "operational_status_note": "Infrastructure present; no failure simulation is active.", "connected_hex_ids": [ "regional-0242", "regional-0243", "regional-0266", "regional-0268", "regional-0290", "regional-0291" ], "connected_hex_count": 6, "confidence_score": 0.85, "confidence_label": "high", "data_quality_note": "OSM vector lines and power nodes in hex.", "source_mode": "osm_vector_derived", "kiut_role": "visual_reference_only", "infrastructure_score": 100.0 }, "geometry": { "type": "Polygon", "coordinates": [ [ [ 18.797360092768724, 50.07589377405796 ], [ 18.760973183949751, 50.089319515513942 ], [ 18.760838842113003, 50.116309060594162 ], [ 18.797132245864802, 50.129872995740037 ], [ 18.83353983257151, 50.116436035784133 ], [ 18.833633337297123, 50.08944637000419 ], [ 18.797360092768724, 50.07589377405796 ] ] ] } },
{ "type": "Feature", "properties": { "hex_id": "regional-0268", "hex_level": "regional", "hex_edge_m": 3000, "line_count": 32, "line_length_m": 33232.2, "major_line_count": 3, "minor_line_count": 27, "cable_count": 2, "node_count": 275, "substation_count": 6, "transformer_count": 0, "generator_count": 0, "plant_count": 0, "support_count": 263, "switchgear_count": 6, "nearest_power_node_m": 320.7, "neighbor_ids": [ "regional-0243", "regional-0244", "regional-0267", "regional-0269", "regional-0291", "regional-0292" ], "has_infrastructure": true, "operational_status": "operational", "operational_status_note": "Infrastructure present; no failure simulation is active.", "connected_hex_ids": [ "regional-0243", "regional-0244", "regional-0267", "regional-0269", "regional-0291", "regional-0292" ], "connected_hex_count": 6, "confidence_score": 0.85, "confidence_label": "high", "data_quality_note": "OSM vector lines and power nodes in hex.", "source_mode": "osm_vector_derived", "kiut_role": "visual_reference_only", "infrastructure_score": 100.0 }, "geometry": { "type": "Polygon", "coordinates": [ [ [ 18.870000086411149, 50.075997842587043 ], [ 18.833633337297123, 50.08944637000419 ], [ 18.83353983257151, 50.116436035784133 ], [ 18.869853914692971, 50.129977262402427 ], [ 18.906241249154601, 50.116517494609411 ], [ 18.906293915928043, 50.089527751396233 ], [ 18.870000086411149, 50.075997842587043 ] ] ] } },
{ "type": "Feature", "properties": { "hex_id": "regional-0269", "hex_level": "regional", "hex_edge_m": 3000, "line_count": 16, "line_length_m": 13798.2, "major_line_count": 14, "minor_line_count": 2, "cable_count": 0, "node_count": 80, "substation_count": 11, "transformer_count": 0, "generator_count": 0, "plant_count": 0, "support_count": 67, "switchgear_count": 2, "nearest_power_node_m": 347.4, "neighbor_ids": [ "regional-0244", "regional-0245", "regional-0268", "regional-0270", "regional-0292", "regional-0293" ], "has_infrastructure": true, "operational_status": "operational", "operational_status_note": "Infrastructure present; no failure simulation is active.", "connected_hex_ids": [ "regional-0244", "regional-0245", "regional-0268", "regional-0270", "regional-0292", "regional-0293" ], "connected_hex_count": 6, "confidence_score": 0.85, "confidence_label": "high", "data_quality_note": "OSM vector lines and power nodes in hex.", "source_mode": "osm_vector_derived", "kiut_role": "visual_reference_only", "infrastructure_score": 100.0 }, "geometry": { "type": "Polygon", "coordinates": [ [ [ 18.942640412139525, 50.076056459349168 ], [ 18.906293915928043, 50.089527751396233 ], [ 18.906241249154604, 50.116517494609411 ], [ 18.942575916921857, 50.130035990763815 ], [ 18.978942905754472, 50.116553436570484 ], [ 18.978954734102015, 50.089563659191448 ], [ 18.942640412139525, 50.076056459349168 ] ] ] } },
{ "type": "Feature", "properties": { "hex_id": "regional-0270", "hex_level": "regional", "hex_edge_m": 3000, "line_count": 48, "line_length_m": 30085.7, "major_line_count": 10, "minor_line_count": 26, "cable_count": 12, "node_count": 284, "substation_count": 28, "transformer_count": 0, "generator_count": 26, "plant_count": 3, "support_count": 220, "switchgear_count": 7, "nearest_power_node_m": 123.8, "neighbor_ids": [ "regional-0245", "regional-0246", "regional-0269", "regional-0271", "regional-0293", "regional-0294" ], "has_infrastructure": true, "operational_status": "operational", "operational_status_note": "Infrastructure present; no failure simulation is active.", "connected_hex_ids": [ "regional-0245", "regional-0246", "regional-0269", "regional-0271", "regional-0293", "regional-0294" ], "connected_hex_count": 6, "confidence_score": 0.85, "confidence_label": "high", "data_quality_note": "OSM vector lines and power nodes in hex.", "source_mode": "osm_vector_derived", "kiut_role": "visual_reference_only", "infrastructure_score": 100.0 }, "geometry": { "type": "Polygon", "coordinates": [ [ [ 19.015280884394343, 50.076069623985326 ], [ 18.978954734102015, 50.089563659191448 ], [ 18.978942905754472, 50.116553436570484 ], [ 19.015298066257298, 50.130049180463914 ], [ 19.051644616259431, 50.116543861446907 ], [ 19.051615606074687, 50.089554093169845 ], [ 19.015280884394343, 50.076069623985326 ] ] ] } },
{ "type": "Feature", "properties": { "hex_id": "regional-0271", "hex_level": "regional", "hex_edge_m": 3000, "line_count": 71, "line_length_m": 41487.1, "major_line_count": 19, "minor_line_count": 34, "cable_count": 18, "node_count": 384, "substation_count": 30, "transformer_count": 4, "generator_count": 50, "plant_count": 2, "support_count": 287, "switchgear_count": 11, "nearest_power_node_m": 268.9, "neighbor_ids": [ "regional-0246", "regional-0247", "regional-0270", "regional-0272", "regional-0294", "regional-0295" ], "has_infrastructure": true, "operational_status": "operational", "operational_status_note": "Infrastructure present; no failure simulation is active.", "connected_hex_ids": [ "regional-0246", "regional-0247", "regional-0270", "regional-0272", "regional-0294", "regional-0295" ], "connected_hex_count": 6, "confidence_score": 0.85, "confidence_label": "high", "data_quality_note": "OSM vector lines and power nodes in hex.", "source_mode": "osm_vector_derived", "kiut_role": "visual_reference_only", "infrastructure_score": 100.0 }, "geometry": { "type": "Polygon", "coordinates": [ [ [ 19.087921317613716, 50.076037336414913 ], [ 19.051615606074687, 50.089554093169845 ], [ 19.051644616259431, 50.116543861446907 ], [ 19.088020176402761, 50.13001683142177 ], [ 19.124346194556924, 50.116488769297426 ], [ 19.124276346100828, 50.089499053390021 ], [ 19.087921317613716, 50.076037336414913 ] ] ] } },
{ "type": "Feature", "properties": { "hex_id": "regional-0272", "hex_level": "regional", "hex_edge_m": 3000, "line_count": 73, "line_length_m": 48655.3, "major_line_count": 39, "minor_line_count": 29, "cable_count": 5, "node_count": 412, "substation_count": 12, "transformer_count": 5, "generator_count": 56, "plant_count": 0, "support_count": 333, "switchgear_count": 6, "nearest_power_node_m": 313.6, "neighbor_ids": [ "regional-0247", "regional-0248", "regional-0271", "regional-0273", "regional-0295", "regional-0296" ], "has_infrastructure": true, "operational_status": "operational", "operational_status_note": "Infrastructure present; no failure simulation is active.", "connected_hex_ids": [ "regional-0247", "regional-0248", "regional-0271", "regional-0273", "regional-0295", "regional-0296" ], "connected_hex_count": 6, "confidence_score": 0.85, "confidence_label": "high", "data_quality_note": "OSM vector lines and power nodes in hex.", "source_mode": "osm_vector_derived", "kiut_role": "visual_reference_only", "infrastructure_score": 100.0 }, "geometry": { "type": "Polygon", "coordinates": [ [ [ 19.160561526236418, 50.075959596835673 ], [ 19.124276346100832, 50.089499053390021 ], [ 19.124346194556924, 50.116488769297426 ], [ 19.160742061062333, 50.129938943835882 ], [ 19.197047454536531, 50.116388160459884 ], [ 19.196936768437354, 50.089398540189208 ], [ 19.160561526236418, 50.075959596835673 ] ] ] } },
{ "type": "Feature", "properties": { "hex_id": "regional-0273", "hex_level": "regional", "hex_edge_m": 3000, "line_count": 62, "line_length_m": 47235.5, "major_line_count": 21, "minor_line_count": 35, "cable_count": 6, "node_count": 443, "substation_count": 21, "transformer_count": 3, "generator_count": 71, "plant_count": 0, "support_count": 345, "switchgear_count": 3, "nearest_power_node_m": 114.5, "neighbor_ids": [ "regional-0248", "regional-0249", "regional-0272", "regional-0274", "regional-0296", "regional-0297" ], "has_infrastructure": true, "operational_status": "operational", "operational_status_note": "Infrastructure present; no failure simulation is active.", "connected_hex_ids": [ "regional-0248", "regional-0249", "regional-0272", "regional-0274", "regional-0296", "regional-0297" ], "connected_hex_count": 6, "confidence_score": 0.85, "confidence_label": "high", "data_quality_note": "OSM vector lines and power nodes in hex.", "source_mode": "osm_vector_derived", "kiut_role": "visual_reference_only", "infrastructure_score": 100.0 }, "geometry": { "type": "Polygon", "coordinates": [ [ [ 19.233201324704812, 50.075836405723685 ], [ 19.196936768437354, 50.089398540189208 ], [ 19.197047454536531, 50.116388160459884 ], [ 19.233463533943752, 50.129815518184074 ], [ 19.26974821009297, 50.116242035551224 ], [ 19.269596687346276, 50.08925255418324 ], [ 19.233201324704812, 50.075836405723685 ] ] ] } },
{ "type": "Feature", "properties": { "hex_id": "regional-0274", "hex_level": "regional", "hex_edge_m": 3000, "line_count": 60, "line_length_m": 54645.9, "major_line_count": 17, "minor_line_count": 28, "cable_count": 15, "node_count": 509, "substation_count": 14, "transformer_count": 7, "generator_count": 142, "plant_count": 1, "support_count": 345, "switchgear_count": 0, "nearest_power_node_m": 328.2, "neighbor_ids": [ "regional-0249", "regional-0250", "regional-0273", "regional-0275", "regional-0297", "regional-0298" ], "has_infrastructure": true, "operational_status": "operational", "operational_status_note": "Infrastructure present; no failure simulation is active.", "connected_hex_ids": [ "regional-0249", "regional-0250", "regional-0273", "regional-0275", "regional-0297", "regional-0298" ], "connected_hex_count": 6, "confidence_score": 0.85, "confidence_label": "high", "data_quality_note": "OSM vector lines and power nodes in hex.", "source_mode": "osm_vector_derived", "kiut_role": "visual_reference_only", "infrastructure_score": 100.0 }, "geometry": { "type": "Polygon", "coordinates": [ [ [ 19.305840527467886, 50.075667763833415 ], [ 19.269596687346279, 50.08925255418324 ], [ 19.26974821009297, 50.116242035551224 ], [ 19.306184408761425, 50.129646555223573 ], [ 19.342448275129108, 50.116050395467553 ], [ 19.342255917097756, 50.089061096266541 ], [ 19.305840527467886, 50.075667763833415 ] ] ] } },
{ "type": "Feature", "properties": { "hex_id": "regional-0275", "hex_level": "regional", "hex_edge_m": 3000, "line_count": 26, "line_length_m": 23513.1, "major_line_count": 3, "minor_line_count": 18, "cable_count": 5, "node_count": 212, "substation_count": 7, "transformer_count": 2, "generator_count": 31, "plant_count": 0, "support_count": 172, "switchgear_count": 0, "nearest_power_node_m": 118.8, "neighbor_ids": [ "regional-0250", "regional-0251", "regional-0274", "regional-0298", "regional-0299" ], "has_infrastructure": true, "operational_status": "operational", "operational_status_note": "Infrastructure present; no failure simulation is active.", "connected_hex_ids": [ "regional-0250", "regional-0251", "regional-0274", "regional-0298", "regional-0299" ], "connected_hex_count": 5, "confidence_score": 0.85, "confidence_label": "high", "data_quality_note": "OSM vector lines and power nodes in hex.", "source_mode": "osm_vector_derived", "kiut_role": "visual_reference_only", "infrastructure_score": 100.0 }, "geometry": { "type": "Polygon", "coordinates": [ [ [ 19.378478948984231, 50.075453672197625 ], [ 19.342255917097756, 50.089061096266541 ], [ 19.342448275129108, 50.116050395467553 ], [ 19.378904499239404, 50.129432055990925 ], [ 19.383803121351008, 50.127592440968016 ], [ 19.38552414546756, 50.102420442022506 ], [ 19.383401177943913, 50.077261065308498 ], [ 19.378478948984231, 50.075453672197625 ] ] ] } },
{ "type": "Feature", "properties": { "hex_id": "regional-0276", "hex_level": "regional", "hex_edge_m": 3000, "line_count": 8, "line_length_m": 9229.6, "major_line_count": 0, "minor_line_count": 8, "cable_count": 0, "node_count": 94, "substation_count": 4, "transformer_count": 0, "generator_count": 1, "plant_count": 0, "support_count": 83, "switchgear_count": 6, "nearest_power_node_m": 1511.9, "neighbor_ids": [ "regional-0252", "regional-0253", "regional-0277", "regional-0300", "regional-0301" ], "has_infrastructure": true, "operational_status": "operational", "operational_status_note": "Infrastructure present; no failure simulation is active.", "connected_hex_ids": [ "regional-0252", "regional-0253", "regional-0277", "regional-0300", "regional-0301" ], "connected_hex_count": 5, "confidence_score": 0.85, "confidence_label": "high", "data_quality_note": "OSM vector lines and power nodes in hex.", "source_mode": "osm_vector_derived", "kiut_role": "visual_reference_only", "infrastructure_score": 100.0 }, "geometry": { "type": "Polygon", "coordinates": [ [ [ 17.74175915180243, 50.16371936147462 ], [ 17.778481245774014, 50.150616090421181 ], [ 17.779168182620069, 50.123632607395706 ], [ 17.743173904169407, 50.109753133506388 ], [ 17.708498832737028, 50.122123602657183 ], [ 17.709818976015505, 50.148803176895612 ], [ 17.71039230471705, 50.151621483844998 ], [ 17.74175915180243, 50.16371936147462 ] ] ] } },
{ "type": "Feature", "properties": { "hex_id": "regional-0277", "hex_level": "regional", "hex_edge_m": 3000, "line_count": 11, "line_length_m": 14669.8, "major_line_count": 0, "minor_line_count": 9, "cable_count": 2, "node_count": 146, "substation_count": 3, "transformer_count": 0, "generator_count": 5, "plant_count": 0, "support_count": 133, "switchgear_count": 5, "nearest_power_node_m": 512.2, "neighbor_ids": [ "regional-0253", "regional-0254", "regional-0276", "regional-0278", "regional-0301", "regional-0302" ], "has_infrastructure": true, "operational_status": "operational", "operational_status_note": "Infrastructure present; no failure simulation is active.", "connected_hex_ids": [ "regional-0253", "regional-0254", "regional-0276", "regional-0278", "regional-0301", "regional-0302" ], "connected_hex_count": 6, "confidence_score": 0.85, "confidence_label": "high", "data_quality_note": "OSM vector lines and power nodes in hex.", "source_mode": "osm_vector_derived", "kiut_role": "visual_reference_only", "infrastructure_score": 100.0 }, "geometry": { "type": "Polygon", "coordinates": [ [ [ 17.815849396887412, 50.110517129100053 ], [ 17.779168182620069, 50.123632607395706 ], [ 17.778481245774014, 50.150616090421181 ], [ 17.814516403931723, 50.164484811603593 ], [ 17.851219577338611, 50.151358404695614 ], [ 17.851865631447939, 50.124374216037907 ], [ 17.815849396887412, 50.110517129100053 ] ] ] } },
{ "type": "Feature", "properties": { "hex_id": "regional-0278", "hex_level": "regional", "hex_edge_m": 3000, "line_count": 7, "line_length_m": 6251.2, "major_line_count": 1, "minor_line_count": 5, "cable_count": 1, "node_count": 68, "substation_count": 2, "transformer_count": 0, "generator_count": 0, "plant_count": 0, "support_count": 64, "switchgear_count": 2, "nearest_power_node_m": 1255.4, "neighbor_ids": [ "regional-0254", "regional-0255", "regional-0277", "regional-0279", "regional-0302", "regional-0303" ], "has_infrastructure": true, "operational_status": "operational", "operational_status_note": "Infrastructure present; no failure simulation is active.", "connected_hex_ids": [ "regional-0254", "regional-0255", "regional-0277", "regional-0279", "regional-0302", "regional-0303" ], "connected_hex_count": 6, "confidence_score": 0.85, "confidence_label": "high", "data_quality_note": "OSM vector lines and power nodes in hex.", "source_mode": "osm_vector_derived", "kiut_role": "visual_reference_only", "infrastructure_score": 61.9 }, "geometry": { "type": "Polygon", "coordinates": [ [ [ 17.888527919149588, 50.111235644614723 ], [ 17.851865631447939, 50.124374216037907 ], [ 17.851219577338611, 50.151358404695614 ], [ 17.887276697607028, 50.165204695108486 ], [ 17.923960854304024, 50.152055171757596 ], [ 17.924566019859476, 50.1250703207443 ], [ 17.888527919149588, 50.111235644614723 ] ] ] } },
{ "type": "Feature", "properties": { "hex_id": "regional-0279", "hex_level": "regional", "hex_edge_m": 3000, "line_count": 14, "line_length_m": 14279.7, "major_line_count": 1, "minor_line_count": 13, "cable_count": 0, "node_count": 130, "substation_count": 3, "transformer_count": 0, "generator_count": 0, "plant_count": 0, "support_count": 124, "switchgear_count": 3, "nearest_power_node_m": 441.1, "neighbor_ids": [ "regional-0255", "regional-0256", "regional-0278", "regional-0280", "regional-0303", "regional-0304" ], "has_infrastructure": true, "operational_status": "operational", "operational_status_note": "Infrastructure present; no failure simulation is active.", "connected_hex_ids": [ "regional-0255", "regional-0256", "regional-0278", "regional-0280", "regional-0303", "regional-0304" ], "connected_hex_count": 6, "confidence_score": 0.85, "confidence_label": "high", "data_quality_note": "OSM vector lines and power nodes in hex.", "source_mode": "osm_vector_derived", "kiut_role": "visual_reference_only", "infrastructure_score": 96.9 }, "geometry": { "type": "Polygon", "coordinates": [ [ [ 17.961209285217802, 50.111908675646688 ], [ 17.924566019859476, 50.1250703207443 ], [ 17.923960854304024, 50.152055171757596 ], [ 17.960039846355059, 50.165879007569472 ], [ 17.996704890357684, 50.152706387330923 ], [ 17.997269161909767, 50.125720917246483 ], [ 17.961209285217802, 50.111908675646688 ] ] ] } },
{ "type": "Feature", "properties": { "hex_id": "regional-0280", "hex_level": "regional", "hex_edge_m": 3000, "line_count": 9, "line_length_m": 6352.9, "major_line_count": 0, "minor_line_count": 9, "cable_count": 0, "node_count": 68, "substation_count": 3, "transformer_count": 0, "generator_count": 0, "plant_count": 0, "support_count": 61, "switchgear_count": 4, "nearest_power_node_m": 1275.0, "neighbor_ids": [ "regional-0256", "regional-0257", "regional-0279", "regional-0281", "regional-0304", "regional-0305" ], "has_infrastructure": true, "operational_status": "operational", "operational_status_note": "Infrastructure present; no failure simulation is active.", "connected_hex_ids": [ "regional-0256", "regional-0257", "regional-0279", "regional-0281", "regional-0304", "regional-0305" ], "connected_hex_count": 6, "confidence_score": 0.85, "confidence_label": "high", "data_quality_note": "OSM vector lines and power nodes in hex.", "source_mode": "osm_vector_derived", "kiut_role": "visual_reference_only", "infrastructure_score": 85.1 }, "geometry": { "type": "Polygon", "coordinates": [ [ [ 18.033893309308016, 50.112536218070794 ], [ 17.997269161909767, 50.125720917246483 ], [ 17.996704890357687, 50.152706387330923 ], [ 18.032805663656337, 50.166507744846186 ], [ 18.069451499142417, 50.153312047418723 ], [ 18.069974871609428, 50.126326001554929 ], [ 18.033893309308016, 50.112536218070794 ] ] ] } },
{ "type": "Feature", "properties": { "hex_id": "regional-0281", "hex_level": "regional", "hex_edge_m": 3000, "line_count": 22, "line_length_m": 16861.3, "major_line_count": 1, "minor_line_count": 16, "cable_count": 5, "node_count": 168, "substation_count": 4, "transformer_count": 0, "generator_count": 9, "plant_count": 0, "support_count": 151, "switchgear_count": 4, "nearest_power_node_m": 684.3, "neighbor_ids": [ "regional-0257", "regional-0258", "regional-0280", "regional-0282", "regional-0305", "regional-0306" ], "has_infrastructure": true, "operational_status": "operational", "operational_status_note": "Infrastructure present; no failure simulation is active.", "connected_hex_ids": [ "regional-0257", "regional-0258", "regional-0280", "regional-0282", "regional-0305", "regional-0306" ], "connected_hex_count": 6, "confidence_score": 0.85, "confidence_label": "high", "data_quality_note": "OSM vector lines and power nodes in hex.", "source_mode": "osm_vector_derived", "kiut_role": "visual_reference_only", "infrastructure_score": 100.0 }, "geometry": { "type": "Polygon", "coordinates": [ [ [ 18.106579805593299, 50.113118268040402 ], [ 18.069974871609432, 50.126326001554929 ], [ 18.069451499142417, 50.153312047418723 ], [ 18.105573962948178, 50.167090903077884 ], [ 18.142200494259406, 50.153872148303442 ], [ 18.142682962927601, 50.126885569958873 ], [ 18.106579805593299, 50.113118268040402 ] ] ] } },
{ "type": "Feature", "properties": { "hex_id": "regional-0282", "hex_level": "regional", "hex_edge_m": 3000, "line_count": 25, "line_length_m": 30078.8, "major_line_count": 4, "minor_line_count": 20, "cable_count": 1, "node_count": 241, "substation_count": 1, "transformer_count": 3, "generator_count": 0, "plant_count": 0, "support_count": 237, "switchgear_count": 0, "nearest_power_node_m": 570.6, "neighbor_ids": [ "regional-0258", "regional-0259", "regional-0281", "regional-0283", "regional-0306", "regional-0307" ], "has_infrastructure": true, "operational_status": "operational", "operational_status_note": "Infrastructure present; no failure simulation is active.", "connected_hex_ids": [ "regional-0258", "regional-0259", "regional-0281", "regional-0283", "regional-0306", "regional-0307" ], "connected_hex_count": 6, "confidence_score": 0.85, "confidence_label": "high", "data_quality_note": "OSM vector lines and power nodes in hex.", "source_mode": "osm_vector_derived", "kiut_role": "visual_reference_only", "infrastructure_score": 100.0 }, "geometry": { "type": "Polygon", "coordinates": [ [ [ 18.179268588206796, 50.113654821987488 ], [ 18.142682962927601, 50.126885569958873 ], [ 18.142200494259406, 50.153872148303442 ], [ 18.178344557627714, 50.167628478683447 ], [ 18.214951689271253, 50.154386686546985 ], [ 18.215393249794936, 50.127399619026527 ], [ 18.179268588206796, 50.113654821987488 ] ] ] } },
{ "type": "Feature", "properties": { "hex_id": "regional-0283", "hex_level": "regional", "hex_edge_m": 3000, "line_count": 33, "line_length_m": 29632.8, "major_line_count": 4, "minor_line_count": 27, "cable_count": 2, "node_count": 222, "substation_count": 3, "transformer_count": 0, "generator_count": 0, "plant_count": 0, "support_count": 215, "switchgear_count": 4, "nearest_power_node_m": 494.4, "neighbor_ids": [ "regional-0259", "regional-0260", "regional-0282", "regional-0284", "regional-0307", "regional-0308" ], "has_infrastructure": true, "operational_status": "operational", "operational_status_note": "Infrastructure present; no failure simulation is active.", "connected_hex_ids": [ "regional-0259", "regional-0260", "regional-0282", "regional-0284", "regional-0307", "regional-0308" ], "connected_hex_count": 6, "confidence_score": 0.85, "confidence_label": "high", "data_quality_note": "OSM vector lines and power nodes in hex.", "source_mode": "osm_vector_derived", "kiut_role": "visual_reference_only", "infrastructure_score": 100.0 }, "geometry": { "type": "Polygon", "coordinates": [ [ [ 18.251959471244746, 50.114145876622771 ], [ 18.215393249794936, 50.127399619026527 ], [ 18.214951689271253, 50.154386686546985 ], [ 18.251117261054926, 50.168120468361494 ], [ 18.287704897704945, 50.154855658990776 ], [ 18.288105546106625, 50.127868145605078 ], [ 18.251959471244746, 50.114145876622771 ] ] ] } },
{ "type": "Feature", "properties": { "hex_id": "regional-0284", "hex_level": "regional", "hex_edge_m": 3000, "line_count": 50, "line_length_m": 30514.6, "major_line_count": 2, "minor_line_count": 40, "cable_count": 8, "node_count": 305, "substation_count": 6, "transformer_count": 2, "generator_count": 0, "plant_count": 0, "support_count": 286, "switchgear_count": 11, "nearest_power_node_m": 691.6, "neighbor_ids": [ "regional-0260", "regional-0261", "regional-0283", "regional-0285", "regional-0308", "regional-0309" ], "has_infrastructure": true, "operational_status": "operational", "operational_status_note": "Infrastructure present; no failure simulation is active.", "connected_hex_ids": [ "regional-0260", "regional-0261", "regional-0283", "regional-0285", "regional-0308", "regional-0309" ], "connected_hex_count": 6, "confidence_score": 0.85, "confidence_label": "high", "data_quality_note": "OSM vector lines and power nodes in hex.", "source_mode": "osm_vector_derived", "kiut_role": "visual_reference_only", "infrastructure_score": 100.0 }, "geometry": { "type": "Polygon", "coordinates": [ [ [ 18.324652268769473, 50.114591428935711 ], [ 18.288105546106628, 50.127868145605078 ], [ 18.287704897704945, 50.154855658990776 ], [ 18.323891886555639, 50.168566869090441 ], [ 18.360459933054905, 50.15527906275576 ], [ 18.360819665725387, 50.1282911468208 ], [ 18.324652268769473, 50.114591428935711 ] ] ] } },
{ "type": "Feature", "properties": { "hex_id": "regional-0285", "hex_level": "regional", "hex_edge_m": 3000, "line_count": 70, "line_length_m": 27472.9, "major_line_count": 1, "minor_line_count": 67, "cable_count": 2, "node_count": 332, "substation_count": 0, "transformer_count": 0, "generator_count": 7, "plant_count": 0, "support_count": 325, "switchgear_count": 0, "nearest_power_node_m": 107.8, "neighbor_ids": [ "regional-0261", "regional-0262", "regional-0284", "regional-0286", "regional-0309", "regional-0310" ], "has_infrastructure": true, "operational_status": "operational", "operational_status_note": "Infrastructure present; no failure simulation is active.", "connected_hex_ids": [ "regional-0261", "regional-0262", "regional-0284", "regional-0286", "regional-0309", "regional-0310" ], "connected_hex_count": 6, "confidence_score": 0.85, "confidence_label": "high", "data_quality_note": "OSM vector lines and power nodes in hex.", "source_mode": "osm_vector_derived", "kiut_role": "visual_reference_only", "infrastructure_score": 100.0 }, "geometry": { "type": "Polygon", "coordinates": [ [ [ 18.397346794812382, 50.114991476194618 ], [ 18.360819665725387, 50.1282911468208 ], [ 18.360459933054909, 50.15527906275576 ], [ 18.396668247424564, 50.168967678128567 ], [ 18.433216608785987, 50.155656895242572 ], [ 18.433535422484464, 50.128668620079026 ], [ 18.397346794812382, 50.114991476194618 ] ] ] } },
{ "type": "Feature", "properties": { "hex_id": "regional-0286", "hex_level": "regional", "hex_edge_m": 3000, "line_count": 36, "line_length_m": 24211.9, "major_line_count": 1, "minor_line_count": 34, "cable_count": 1, "node_count": 253, "substation_count": 1, "transformer_count": 0, "generator_count": 0, "plant_count": 1, "support_count": 250, "switchgear_count": 1, "nearest_power_node_m": 85.3, "neighbor_ids": [ "regional-0262", "regional-0263", "regional-0285", "regional-0287", "regional-0310", "regional-0311" ], "has_infrastructure": true, "operational_status": "operational", "operational_status_note": "Infrastructure present; no failure simulation is active.", "connected_hex_ids": [ "regional-0262", "regional-0263", "regional-0285", "regional-0287", "regional-0310", "regional-0311" ], "connected_hex_count": 6, "confidence_score": 0.85, "confidence_label": "high", "data_quality_note": "OSM vector lines and power nodes in hex.", "source_mode": "osm_vector_derived", "kiut_role": "visual_reference_only", "infrastructure_score": 100.0 }, "geometry": { "type": "Polygon", "coordinates": [ [ [ 18.470042863376964, 50.115346015946706 ], [ 18.433535422484468, 50.128668620079026 ], [ 18.433216608785987, 50.155656895242572 ], [ 18.469446156928299, 50.169322893014048 ], [ 18.505974738336487, 50.155989154131476 ], [ 18.506252630190659, 50.129000563064324 ], [ 18.470042863376964, 50.115346015946706 ] ] ] } },
{ "type": "Feature", "properties": { "hex_id": "regional-0287", "hex_level": "regional", "hex_edge_m": 3000, "line_count": 152, "line_length_m": 85571.0, "major_line_count": 114, "minor_line_count": 35, "cable_count": 3, "node_count": 481, "substation_count": 4, "transformer_count": 5, "generator_count": 14, "plant_count": 1, "support_count": 453, "switchgear_count": 4, "nearest_power_node_m": 197.4, "neighbor_ids": [ "regional-0263", "regional-0264", "regional-0286", "regional-0288", "regional-0311", "regional-0312" ], "has_infrastructure": true, "operational_status": "operational", "operational_status_note": "Infrastructure present; no failure simulation is active.", "connected_hex_ids": [ "regional-0263", "regional-0264", "regional-0286", "regional-0288", "regional-0311", "regional-0312" ], "connected_hex_count": 6, "confidence_score": 0.85, "confidence_label": "high", "data_quality_note": "OSM vector lines and power nodes in hex.", "source_mode": "osm_vector_derived", "kiut_role": "visual_reference_only", "infrastructure_score": 100.0 }, "geometry": { "type": "Polygon", "coordinates": [ [ [ 18.542740288441806, 50.11565504601807 ], [ 18.506252630190659, 50.129000563064324 ], [ 18.505974738336487, 50.155989154131476 ], [ 18.542225428308363, 50.169632511565005 ], [ 18.578734135121184, 50.156275837382502 ], [ 18.578971102627307, 50.129286973740413 ], [ 18.542740288441806, 50.11565504601807 ] ] ] } },
{ "type": "Feature", "properties": { "hex_id": "regional-0288", "hex_level": "regional", "hex_edge_m": 3000, "line_count": 62, "line_length_m": 38689.0, "major_line_count": 9, "minor_line_count": 51, "cable_count": 2, "node_count": 381, "substation_count": 10, "transformer_count": 2, "generator_count": 7, "plant_count": 0, "support_count": 354, "switchgear_count": 8, "nearest_power_node_m": 45.9, "neighbor_ids": [ "regional-0264", "regional-0265", "regional-0287", "regional-0289", "regional-0312", "regional-0313" ], "has_infrastructure": true, "operational_status": "operational", "operational_status_note": "Infrastructure present; no failure simulation is active.", "connected_hex_ids": [ "regional-0264", "regional-0265", "regional-0287", "regional-0289", "regional-0312", "regional-0313" ], "connected_hex_count": 6, "confidence_score": 0.85, "confidence_label": "high", "data_quality_note": "OSM vector lines and power nodes in hex.", "source_mode": "osm_vector_derived", "kiut_role": "visual_reference_only", "infrastructure_score": 100.0 }, "geometry": { "type": "Polygon", "coordinates": [ [ [ 18.615438883963566, 50.115918564513848 ], [ 18.57897110262731, 50.129286973740413 ], [ 18.578734135121188, 50.156275837382502 ], [ 18.615005874784224, 50.169896531879616 ], [ 18.651494612534343, 50.156516943235424 ], [ 18.651690653557306, 50.129527850350314 ], [ 18.615438883963566, 50.115918564513848 ] ] ] } },
{ "type": "Feature", "properties": { "hex_id": "regional-0289", "hex_level": "regional", "hex_edge_m": 3000, "line_count": 73, "line_length_m": 42575.6, "major_line_count": 3, "minor_line_count": 61, "cable_count": 9, "node_count": 409, "substation_count": 11, "transformer_count": 0, "generator_count": 2, "plant_count": 0, "support_count": 391, "switchgear_count": 5, "nearest_power_node_m": 85.0, "neighbor_ids": [ "regional-0265", "regional-0266", "regional-0288", "regional-0290", "regional-0313", "regional-0314" ], "has_infrastructure": true, "operational_status": "operational", "operational_status_note": "Infrastructure present; no failure simulation is active.", "connected_hex_ids": [ "regional-0265", "regional-0266", "regional-0288", "regional-0290", "regional-0313", "regional-0314" ], "connected_hex_count": 6, "confidence_score": 0.85, "confidence_label": "high", "data_quality_note": "OSM vector lines and power nodes in hex.", "source_mode": "osm_vector_derived", "kiut_role": "visual_reference_only", "infrastructure_score": 100.0 }, "geometry": { "type": "Polygon", "coordinates": [ [ [ 18.688138463880012, 50.116136569818153 ], [ 18.651690653557306, 50.129527850350314 ], [ 18.651494612534343, 50.156516943235424 ], [ 18.687787309556303, 50.170114952336064 ], [ 18.724255983952727, 50.156712470209804 ], [ 18.724411096726126, 50.129723191416318 ], [ 18.688138463880012, 50.116136569818153 ] ] ] } },
{ "type": "Feature", "properties": { "hex_id": "regional-0290", "hex_level": "regional", "hex_edge_m": 3000, "line_count": 65, "line_length_m": 37645.6, "major_line_count": 11, "minor_line_count": 48, "cable_count": 6, "node_count": 310, "substation_count": 25, "transformer_count": 2, "generator_count": 0, "plant_count": 0, "support_count": 274, "switchgear_count": 9, "nearest_power_node_m": 171.7, "neighbor_ids": [ "regional-0266", "regional-0267", "regional-0289", "regional-0291", "regional-0314", "regional-0315" ], "has_infrastructure": true, "operational_status": "operational", "operational_status_note": "Infrastructure present; no failure simulation is active.", "connected_hex_ids": [ "regional-0266", "regional-0267", "regional-0289", "regional-0291", "regional-0314", "regional-0315" ], "connected_hex_count": 6, "confidence_score": 0.85, "confidence_label": "high", "data_quality_note": "OSM vector lines and power nodes in hex.", "source_mode": "osm_vector_derived", "kiut_role": "visual_reference_only", "infrastructure_score": 100.0 }, "geometry": { "type": "Polygon", "coordinates": [ [ [ 18.760838842113003, 50.116309060594162 ], [ 18.724411096726126, 50.129723191416318 ], [ 18.72425598395273, 50.156712470209804 ], [ 18.760569545809023, 50.170287771592598 ], [ 18.797018062738644, 50.156862417105096 ], [ 18.797132245864802, 50.129872995740037 ], [ 18.760838842113003, 50.116309060594162 ] ] ] } },
{ "type": "Feature", "properties": { "hex_id": "regional-0291", "hex_level": "regional", "hex_edge_m": 3000, "line_count": 140, "line_length_m": 78681.5, "major_line_count": 68, "minor_line_count": 39, "cable_count": 33, "node_count": 686, "substation_count": 26, "transformer_count": 8, "generator_count": 3, "plant_count": 2, "support_count": 626, "switchgear_count": 21, "nearest_power_node_m": 75.7, "neighbor_ids": [ "regional-0267", "regional-0268", "regional-0290", "regional-0292", "regional-0315", "regional-0316" ], "has_infrastructure": true, "operational_status": "operational", "operational_status_note": "Infrastructure present; no failure simulation is active.", "connected_hex_ids": [ "regional-0267", "regional-0268", "regional-0290", "regional-0292", "regional-0315", "regional-0316" ], "connected_hex_count": 6, "confidence_score": 0.85, "confidence_label": "high", "data_quality_note": "OSM vector lines and power nodes in hex.", "source_mode": "osm_vector_derived", "kiut_role": "visual_reference_only", "infrastructure_score": 100.0 }, "geometry": { "type": "Polygon", "coordinates": [ [ [ 18.83353983257151, 50.116436035784133 ], [ 18.797132245864802, 50.129872995740037 ], [ 18.797018062738644, 50.156862417105096 ], [ 18.833352396713821, 50.170414988587616 ], [ 18.869780662242935, 50.156966783000549 ], [ 18.869853914692971, 50.129977262402427 ], [ 18.83353983257151, 50.116436035784133 ] ] ] } },
{ "type": "Feature", "properties": { "hex_id": "regional-0292", "hex_level": "regional", "hex_edge_m": 3000, "line_count": 56, "line_length_m": 35449.6, "major_line_count": 4, "minor_line_count": 31, "cable_count": 21, "node_count": 282, "substation_count": 23, "transformer_count": 2, "generator_count": 5, "plant_count": 1, "support_count": 244, "switchgear_count": 7, "nearest_power_node_m": 106.3, "neighbor_ids": [ "regional-0268", "regional-0269", "regional-0291", "regional-0293", "regional-0316", "regional-0317" ], "has_infrastructure": true, "operational_status": "operational", "operational_status_note": "Infrastructure present; no failure simulation is active.", "connected_hex_ids": [ "regional-0268", "regional-0269", "regional-0291", "regional-0293", "regional-0316", "regional-0317" ], "connected_hex_count": 6, "confidence_score": 0.85, "confidence_label": "high", "data_quality_note": "OSM vector lines and power nodes in hex.", "source_mode": "osm_vector_derived", "kiut_role": "visual_reference_only", "infrastructure_score": 100.0 }, "geometry": { "type": "Polygon", "coordinates": [ [ [ 18.906241249154601, 50.116517494609411 ], [ 18.869853914692971, 50.129977262402427 ], [ 18.869780662242935, 50.156966783000549 ], [ 18.906135675432175, 50.170496602539586 ], [ 18.942543595808019, 50.157025567255303 ], [ 18.942575916921854, 50.130035990763815 ], [ 18.906241249154601, 50.116517494609411 ] ] ] } },
{ "type": "Feature", "properties": { "hex_id": "regional-0293", "hex_level": "regional", "hex_edge_m": 3000, "line_count": 37, "line_length_m": 19354.2, "major_line_count": 7, "minor_line_count": 24, "cable_count": 6, "node_count": 186, "substation_count": 13, "transformer_count": 3, "generator_count": 1, "plant_count": 0, "support_count": 164, "switchgear_count": 5, "nearest_power_node_m": 238.5, "neighbor_ids": [ "regional-0269", "regional-0270", "regional-0292", "regional-0294", "regional-0317", "regional-0318" ], "has_infrastructure": true, "operational_status": "operational", "operational_status_note": "Infrastructure present; no failure simulation is active.", "connected_hex_ids": [ "regional-0269", "regional-0270", "regional-0292", "regional-0294", "regional-0317", "regional-0318" ], "connected_hex_count": 6, "confidence_score": 0.85, "confidence_label": "high", "data_quality_note": "OSM vector lines and power nodes in hex.", "source_mode": "osm_vector_derived", "kiut_role": "visual_reference_only", "infrastructure_score": 100.0 }, "geometry": { "type": "Polygon", "coordinates": [ [ [ 18.978942905754472, 50.116553436570484 ], [ 18.942575916921857, 50.130035990763815 ], [ 18.942543595808019, 50.157025567255303 ], [ 18.978919195118632, 50.170532612947135 ], [ 19.015306676770908, 50.157038769508389 ], [ 19.015298066257298, 50.130049180463914 ], [ 18.978942905754472, 50.116553436570484 ] ] ] } },
{ "type": "Feature", "properties": { "hex_id": "regional-0294", "hex_level": "regional", "hex_edge_m": 3000, "line_count": 33, "line_length_m": 18458.3, "major_line_count": 10, "minor_line_count": 17, "cable_count": 6, "node_count": 133, "substation_count": 5, "transformer_count": 0, "generator_count": 0, "plant_count": 1, "support_count": 124, "switchgear_count": 3, "nearest_power_node_m": 989.8, "neighbor_ids": [ "regional-0270", "regional-0271", "regional-0293", "regional-0295", "regional-0318", "regional-0319" ], "has_infrastructure": true, "operational_status": "operational", "operational_status_note": "Infrastructure present; no failure simulation is active.", "connected_hex_ids": [ "regional-0270", "regional-0271", "regional-0293", "regional-0295", "regional-0318", "regional-0319" ], "connected_hex_count": 6, "confidence_score": 0.85, "confidence_label": "high", "data_quality_note": "OSM vector lines and power nodes in hex.", "source_mode": "osm_vector_derived", "kiut_role": "visual_reference_only", "infrastructure_score": 100.0 }, "geometry": { "type": "Polygon", "coordinates": [ [ [ 19.051644616259431, 50.116543861446907 ], [ 19.015298066257298, 50.130049180463914 ], [ 19.015306676770908, 50.157038769508389 ], [ 19.051702768923843, 50.170523019589062 ], [ 19.088069718466226, 50.15700638967877 ], [ 19.088020176402757, 50.13001683142177 ], [ 19.051644616259431, 50.116543861446907 ] ] ] } },
{ "type": "Feature", "properties": { "hex_id": "regional-0295", "hex_level": "regional", "hex_edge_m": 3000, "line_count": 46, "line_length_m": 31134.0, "major_line_count": 10, "minor_line_count": 28, "cable_count": 8, "node_count": 301, "substation_count": 20, "transformer_count": 6, "generator_count": 12, "plant_count": 0, "support_count": 257, "switchgear_count": 6, "nearest_power_node_m": 330.5, "neighbor_ids": [ "regional-0271", "regional-0272", "regional-0294", "regional-0296", "regional-0319", "regional-0320" ], "has_infrastructure": true, "operational_status": "operational", "operational_status_note": "Infrastructure present; no failure simulation is active.", "connected_hex_ids": [ "regional-0271", "regional-0272", "regional-0294", "regional-0296", "regional-0319", "regional-0320" ], "connected_hex_count": 6, "confidence_score": 0.85, "confidence_label": "high", "data_quality_note": "OSM vector lines and power nodes in hex.", "source_mode": "osm_vector_derived", "kiut_role": "visual_reference_only", "infrastructure_score": 100.0 }, "geometry": { "type": "Polygon", "coordinates": [ [ [ 19.124346194556924, 50.116488769297426 ], [ 19.088020176402761, 50.13001683142177 ], [ 19.088069718466226, 50.15700638967877 ], [ 19.124486209997567, 50.170467822524287 ], [ 19.160832534229229, 50.156928427965269 ], [ 19.160742061062329, 50.129938943835882 ], [ 19.124346194556924, 50.116488769297426 ] ] ] } },
{ "type": "Feature", "properties": { "hex_id": "regional-0296", "hex_level": "regional", "hex_edge_m": 3000, "line_count": 58, "line_length_m": 53710.4, "major_line_count": 18, "minor_line_count": 36, "cable_count": 4, "node_count": 522, "substation_count": 16, "transformer_count": 2, "generator_count": 103, "plant_count": 1, "support_count": 390, "switchgear_count": 10, "nearest_power_node_m": 18.0, "neighbor_ids": [ "regional-0272", "regional-0273", "regional-0295", "regional-0297", "regional-0320", "regional-0321" ], "has_infrastructure": true, "operational_status": "operational", "operational_status_note": "Infrastructure present; no failure simulation is active.", "connected_hex_ids": [ "regional-0272", "regional-0273", "regional-0295", "regional-0297", "regional-0320", "regional-0321" ], "connected_hex_count": 6, "confidence_score": 0.85, "confidence_label": "high", "data_quality_note": "OSM vector lines and power nodes in hex.", "source_mode": "osm_vector_derived", "kiut_role": "visual_reference_only", "infrastructure_score": 100.0 }, "geometry": { "type": "Polygon", "coordinates": [ [ [ 19.197047454536531, 50.116388160459884 ], [ 19.160742061062333, 50.129938943835882 ], [ 19.160832534229229, 50.156928427965269 ], [ 19.197269331491725, 50.170367022091909 ], [ 19.233594937398834, 50.156804884846565 ], [ 19.233463533943752, 50.129815518184074 ], [ 19.197047454536531, 50.116388160459884 ] ] ] } },
{ "type": "Feature", "properties": { "hex_id": "regional-0297", "hex_level": "regional", "hex_edge_m": 3000, "line_count": 25, "line_length_m": 38050.1, "major_line_count": 18, "minor_line_count": 7, "cable_count": 0, "node_count": 170, "substation_count": 4, "transformer_count": 2, "generator_count": 19, "plant_count": 0, "support_count": 143, "switchgear_count": 2, "nearest_power_node_m": 151.3, "neighbor_ids": [ "regional-0273", "regional-0274", "regional-0296", "regional-0298", "regional-0321", "regional-0322" ], "has_infrastructure": true, "operational_status": "operational", "operational_status_note": "Infrastructure present; no failure simulation is active.", "connected_hex_ids": [ "regional-0273", "regional-0274", "regional-0296", "regional-0298", "regional-0321", "regional-0322" ], "connected_hex_count": 6, "confidence_score": 0.85, "confidence_label": "high", "data_quality_note": "OSM vector lines and power nodes in hex.", "source_mode": "osm_vector_derived", "kiut_role": "visual_reference_only", "infrastructure_score": 100.0 }, "geometry": { "type": "Polygon", "coordinates": [ [ [ 19.26974821009297, 50.116242035551224 ], [ 19.233463533943752, 50.129815518184074 ], [ 19.233594937398834, 50.156804884846565 ], [ 19.270051946563417, 50.170220618911138 ], [ 19.306356741320641, 50.156635761081318 ], [ 19.306184408761421, 50.129646555223573 ], [ 19.26974821009297, 50.116242035551224 ] ] ] } },
{ "type": "Feature", "properties": { "hex_id": "regional-0298", "hex_level": "regional", "hex_edge_m": 3000, "line_count": 16, "line_length_m": 8993.3, "major_line_count": 1, "minor_line_count": 12, "cable_count": 3, "node_count": 123, "substation_count": 5, "transformer_count": 6, "generator_count": 33, "plant_count": 0, "support_count": 79, "switchgear_count": 0, "nearest_power_node_m": 803.5, "neighbor_ids": [ "regional-0274", "regional-0275", "regional-0297", "regional-0299", "regional-0322", "regional-0323" ], "has_infrastructure": true, "operational_status": "operational", "operational_status_note": "Infrastructure present; no failure simulation is active.", "connected_hex_ids": [ "regional-0274", "regional-0275", "regional-0297", "regional-0299", "regional-0322", "regional-0323" ], "connected_hex_count": 6, "confidence_score": 0.85, "confidence_label": "high", "data_quality_note": "OSM vector lines and power nodes in hex.", "source_mode": "osm_vector_derived", "kiut_role": "visual_reference_only", "infrastructure_score": 100.0 }, "geometry": { "type": "Polygon", "coordinates": [ [ [ 19.342448275129108, 50.116050395467553 ], [ 19.306184408761421, 50.129646555223573 ], [ 19.306356741320641, 50.156635761081318 ], [ 19.342833868377934, 50.170028613881357 ], [ 19.379117759349946, 50.156421057707966 ], [ 19.378904499239404, 50.129432055990925 ], [ 19.342448275129108, 50.116050395467553 ] ] ] } },
{ "type": "Feature", "properties": { "hex_id": "regional-0299", "hex_level": "regional", "hex_edge_m": 3000, "line_count": 4, "line_length_m": 1084.2, "major_line_count": 0, "minor_line_count": 3, "cable_count": 1, "node_count": 14, "substation_count": 2, "transformer_count": 0, "generator_count": 2, "plant_count": 0, "support_count": 10, "switchgear_count": 0, "nearest_power_node_m": 232.3, "neighbor_ids": [ "regional-0275", "regional-0298", "regional-0323" ], "has_infrastructure": true, "operational_status": "operational", "operational_status_note": "Infrastructure present; no failure simulation is active.", "connected_hex_ids": [ "regional-0275", "regional-0298", "regional-0323" ], "connected_hex_count": 3, "confidence_score": 0.85, "confidence_label": "high", "data_quality_note": "OSM vector lines and power nodes in hex.", "source_mode": "osm_vector_derived", "kiut_role": "visual_reference_only", "infrastructure_score": 52.2 }, "geometry": { "type": "Polygon", "coordinates": [ [ [ 19.378904499239404, 50.129432055990925 ], [ 19.379117759349946, 50.156421057707966 ], [ 19.381471247410076, 50.157283780574055 ], [ 19.381903877271942, 50.155341596979589 ], [ 19.383803121351008, 50.127592440968016 ], [ 19.378904499239404, 50.129432055990925 ] ] ] } },
{ "type": "Feature", "properties": { "hex_id": "regional-0300", "hex_level": "regional", "hex_edge_m": 3000, "line_count": 5, "line_length_m": 3645.7, "major_line_count": 0, "minor_line_count": 5, "cable_count": 0, "node_count": 40, "substation_count": 1, "transformer_count": 0, "generator_count": 0, "plant_count": 0, "support_count": 36, "switchgear_count": 3, "nearest_power_node_m": 617.9, "neighbor_ids": [ "regional-0276", "regional-0301", "regional-0324" ], "has_infrastructure": true, "operational_status": "operational", "operational_status_note": "Infrastructure present; no failure simulation is active.", "connected_hex_ids": [ "regional-0276", "regional-0301", "regional-0324" ], "connected_hex_count": 3, "confidence_score": 0.85, "confidence_label": "high", "data_quality_note": "OSM vector lines and power nodes in hex.", "source_mode": "osm_vector_derived", "kiut_role": "visual_reference_only", "infrastructure_score": 39.1 }, "geometry": { "type": "Polygon", "coordinates": [ [ [ 17.741050162693842, 50.190702275426666 ], [ 17.74175915180243, 50.16371936147462 ], [ 17.71039230471705, 50.151621483844998 ], [ 17.719885601063616, 50.198241113383702 ], [ 17.741050162693842, 50.190702275426666 ] ] ] } },
{ "type": "Feature", "properties": { "hex_id": "regional-0301", "hex_level": "regional", "hex_edge_m": 3000, "line_count": 17, "line_length_m": 9563.0, "major_line_count": 0, "minor_line_count": 14, "cable_count": 3, "node_count": 105, "substation_count": 5, "transformer_count": 0, "generator_count": 9, "plant_count": 0, "support_count": 85, "switchgear_count": 6, "nearest_power_node_m": 1001.6, "neighbor_ids": [ "regional-0276", "regional-0277", "regional-0300", "regional-0302", "regional-0324", "regional-0325" ], "has_infrastructure": true, "operational_status": "operational", "operational_status_note": "Infrastructure present; no failure simulation is active.", "connected_hex_ids": [ "regional-0276", "regional-0277", "regional-0300", "regional-0302", "regional-0324", "regional-0325" ], "connected_hex_count": 6, "confidence_score": 0.85, "confidence_label": "high", "data_quality_note": "OSM vector lines and power nodes in hex.", "source_mode": "osm_vector_derived", "kiut_role": "visual_reference_only", "infrastructure_score": 100.0 }, "geometry": { "type": "Polygon", "coordinates": [ [ [ 17.778481245774014, 50.150616090421181 ], [ 17.74175915180243, 50.16371936147462 ], [ 17.741050162693842, 50.190702275426666 ], [ 17.777104238343362, 50.204582657652679 ], [ 17.813848387679659, 50.191468454045754 ], [ 17.814516403931723, 50.164484811603593 ], [ 17.778481245774014, 50.150616090421181 ] ] ] } },
{ "type": "Feature", "properties": { "hex_id": "regional-0302", "hex_level": "regional", "hex_edge_m": 3000, "line_count": 25, "line_length_m": 25097.1, "major_line_count": 1, "minor_line_count": 20, "cable_count": 4, "node_count": 240, "substation_count": 6, "transformer_count": 0, "generator_count": 0, "plant_count": 0, "support_count": 230, "switchgear_count": 4, "nearest_power_node_m": 647.3, "neighbor_ids": [ "regional-0277", "regional-0278", "regional-0301", "regional-0303", "regional-0325", "regional-0326" ], "has_infrastructure": true, "operational_status": "operational", "operational_status_note": "Infrastructure present; no failure simulation is active.", "connected_hex_ids": [ "regional-0277", "regional-0278", "regional-0301", "regional-0303", "regional-0325", "regional-0326" ], "connected_hex_count": 6, "confidence_score": 0.85, "confidence_label": "high", "data_quality_note": "OSM vector lines and power nodes in hex.", "source_mode": "osm_vector_derived", "kiut_role": "visual_reference_only", "infrastructure_score": 100.0 }, "geometry": { "type": "Polygon", "coordinates": [ [ [ 17.851219577338611, 50.151358404695614 ], [ 17.814516403931723, 50.164484811603593 ], [ 17.813848387679659, 50.191468454045754 ], [ 17.849924521769509, 50.205326385564668 ], [ 17.886649660236987, 50.192189022695601 ], [ 17.887276697607028, 50.165204695108486 ], [ 17.851219577338611, 50.151358404695614 ] ] ] } },
{ "type": "Feature", "properties": { "hex_id": "regional-0303", "hex_level": "regional", "hex_edge_m": 3000, "line_count": 12, "line_length_m": 19137.5, "major_line_count": 1, "minor_line_count": 10, "cable_count": 1, "node_count": 173, "substation_count": 2, "transformer_count": 0, "generator_count": 0, "plant_count": 0, "support_count": 167, "switchgear_count": 4, "nearest_power_node_m": 741.1, "neighbor_ids": [ "regional-0278", "regional-0279", "regional-0302", "regional-0304", "regional-0326", "regional-0327" ], "has_infrastructure": true, "operational_status": "operational", "operational_status_note": "Infrastructure present; no failure simulation is active.", "connected_hex_ids": [ "regional-0278", "regional-0279", "regional-0302", "regional-0304", "regional-0326", "regional-0327" ], "connected_hex_count": 6, "confidence_score": 0.85, "confidence_label": "high", "data_quality_note": "OSM vector lines and power nodes in hex.", "source_mode": "osm_vector_derived", "kiut_role": "visual_reference_only", "infrastructure_score": 87.3 }, "geometry": { "type": "Polygon", "coordinates": [ [ [ 17.923960854304024, 50.152055171757596 ], [ 17.887276697607028, 50.165204695108486 ], [ 17.886649660236987, 50.192189022695601 ], [ 17.922747762278448, 50.206024479565599 ], [ 17.959453793523469, 50.192863976948217 ], [ 17.960039846355059, 50.165879007569472 ], [ 17.923960854304024, 50.152055171757596 ] ] ] } },
{ "type": "Feature", "properties": { "hex_id": "regional-0304", "hex_level": "regional", "hex_edge_m": 3000, "line_count": 13, "line_length_m": 7493.9, "major_line_count": 0, "minor_line_count": 11, "cable_count": 2, "node_count": 76, "substation_count": 2, "transformer_count": 0, "generator_count": 1, "plant_count": 0, "support_count": 67, "switchgear_count": 6, "nearest_power_node_m": 1949.0, "neighbor_ids": [ "regional-0279", "regional-0280", "regional-0303", "regional-0305", "regional-0327", "regional-0328" ], "has_infrastructure": true, "operational_status": "operational", "operational_status_note": "Infrastructure present; no failure simulation is active.", "connected_hex_ids": [ "regional-0279", "regional-0280", "regional-0303", "regional-0305", "regional-0327", "regional-0328" ], "connected_hex_count": 6, "confidence_score": 0.85, "confidence_label": "high", "data_quality_note": "OSM vector lines and power nodes in hex.", "source_mode": "osm_vector_derived", "kiut_role": "visual_reference_only", "infrastructure_score": 85.3 }, "geometry": { "type": "Polygon", "coordinates": [ [ [ 17.996704890357687, 50.152706387330923 ], [ 17.960039846355059, 50.165879007569472 ], [ 17.959453793523473, 50.192863976948217 ], [ 17.995573772819306, 50.206676935363532 ], [ 18.032260600650392, 50.193493312655697 ], [ 18.032805663656337, 50.166507744846186 ], [ 17.996704890357687, 50.152706387330923 ] ] ] } },
{ "type": "Feature", "properties": { "hex_id": "regional-0305", "hex_level": "regional", "hex_edge_m": 3000, "line_count": 15, "line_length_m": 12441.2, "major_line_count": 0, "minor_line_count": 14, "cable_count": 1, "node_count": 124, "substation_count": 3, "transformer_count": 0, "generator_count": 0, "plant_count": 0, "support_count": 116, "switchgear_count": 5, "nearest_power_node_m": 50.7, "neighbor_ids": [ "regional-0280", "regional-0281", "regional-0304", "regional-0306", "regional-0328", "regional-0329" ], "has_infrastructure": true, "operational_status": "operational", "operational_status_note": "Infrastructure present; no failure simulation is active.", "connected_hex_ids": [ "regional-0280", "regional-0281", "regional-0304", "regional-0306", "regional-0328", "regional-0329" ], "connected_hex_count": 6, "confidence_score": 0.85, "confidence_label": "high", "data_quality_note": "OSM vector lines and power nodes in hex.", "source_mode": "osm_vector_derived", "kiut_role": "visual_reference_only", "infrastructure_score": 99.8 }, "geometry": { "type": "Polygon", "coordinates": [ [ [ 18.069451499142417, 50.153312047418723 ], [ 18.032805663656337, 50.166507744846186 ], [ 18.032260600650396, 50.193493312655697 ], [ 18.06840236629629, 50.207283748946892 ], [ 18.105069894685691, 50.194077025950158 ], [ 18.105573962948178, 50.167090903077884 ], [ 18.069451499142417, 50.153312047418723 ] ] ] } },
{ "type": "Feature", "properties": { "hex_id": "regional-0306", "hex_level": "regional", "hex_edge_m": 3000, "line_count": 27, "line_length_m": 34073.8, "major_line_count": 4, "minor_line_count": 21, "cable_count": 2, "node_count": 258, "substation_count": 5, "transformer_count": 0, "generator_count": 0, "plant_count": 0, "support_count": 245, "switchgear_count": 8, "nearest_power_node_m": 532.8, "neighbor_ids": [ "regional-0281", "regional-0282", "regional-0305", "regional-0307", "regional-0329", "regional-0330" ], "has_infrastructure": true, "operational_status": "operational", "operational_status_note": "Infrastructure present; no failure simulation is active.", "connected_hex_ids": [ "regional-0281", "regional-0282", "regional-0305", "regional-0307", "regional-0329", "regional-0330" ], "connected_hex_count": 6, "confidence_score": 0.85, "confidence_label": "high", "data_quality_note": "OSM vector lines and power nodes in hex.", "source_mode": "osm_vector_derived", "kiut_role": "visual_reference_only", "infrastructure_score": 100.0 }, "geometry": { "type": "Polygon", "coordinates": [ [ [ 18.142200494259406, 50.153872148303442 ], [ 18.105573962948178, 50.167090903077884 ], [ 18.105069894685691, 50.194077025950158 ], [ 18.141233355571696, 50.207844916584463 ], [ 18.17788148865699, 50.194615113243913 ], [ 18.178344557627714, 50.167628478683447 ], [ 18.142200494259406, 50.153872148303442 ] ] ] } },
{ "type": "Feature", "properties": { "hex_id": "regional-0307", "hex_level": "regional", "hex_edge_m": 3000, "line_count": 26, "line_length_m": 33853.4, "major_line_count": 3, "minor_line_count": 23, "cable_count": 0, "node_count": 268, "substation_count": 4, "transformer_count": 0, "generator_count": 10, "plant_count": 0, "support_count": 245, "switchgear_count": 9, "nearest_power_node_m": 206.6, "neighbor_ids": [ "regional-0282", "regional-0283", "regional-0306", "regional-0308", "regional-0330", "regional-0331" ], "has_infrastructure": true, "operational_status": "operational", "operational_status_note": "Infrastructure present; no failure simulation is active.", "connected_hex_ids": [ "regional-0282", "regional-0283", "regional-0306", "regional-0308", "regional-0330", "regional-0331" ], "connected_hex_count": 6, "confidence_score": 0.85, "confidence_label": "high", "data_quality_note": "OSM vector lines and power nodes in hex.", "source_mode": "osm_vector_derived", "kiut_role": "visual_reference_only", "infrastructure_score": 100.0 }, "geometry": { "type": "Polygon", "coordinates": [ [ [ 18.214951689271253, 50.154386686546985 ], [ 18.178344557627714, 50.167628478683447 ], [ 18.17788148865699, 50.194615113243913 ], [ 18.214066553468957, 50.208360434825508 ], [ 18.250695195554627, 50.195107571229521 ], [ 18.251117261054926, 50.168120468361494 ], [ 18.214951689271253, 50.154386686546985 ] ] ] } },
{ "type": "Feature", "properties": { "hex_id": "regional-0308", "hex_level": "regional", "hex_edge_m": 3000, "line_count": 53, "line_length_m": 54579.7, "major_line_count": 3, "minor_line_count": 47, "cable_count": 3, "node_count": 542, "substation_count": 10, "transformer_count": 0, "generator_count": 10, "plant_count": 0, "support_count": 509, "switchgear_count": 13, "nearest_power_node_m": 62.8, "neighbor_ids": [ "regional-0283", "regional-0284", "regional-0307", "regional-0309", "regional-0331", "regional-0332" ], "has_infrastructure": true, "operational_status": "operational", "operational_status_note": "Infrastructure present; no failure simulation is active.", "connected_hex_ids": [ "regional-0283", "regional-0284", "regional-0307", "regional-0309", "regional-0331", "regional-0332" ], "connected_hex_count": 6, "confidence_score": 0.85, "confidence_label": "high", "data_quality_note": "OSM vector lines and power nodes in hex.", "source_mode": "osm_vector_derived", "kiut_role": "visual_reference_only", "infrastructure_score": 100.0 }, "geometry": { "type": "Polygon", "coordinates": [ [ [ 18.287704897704945, 50.154855658990776 ], [ 18.251117261054926, 50.168120468361494 ], [ 18.250695195554627, 50.195107571229521 ], [ 18.286901772775682, 50.20883030049982 ], [ 18.323510828334673, 50.195554396879849 ], [ 18.323891886555639, 50.168566869090441 ], [ 18.287704897704945, 50.154855658990776 ] ] ] } },
{ "type": "Feature", "properties": { "hex_id": "regional-0309", "hex_level": "regional", "hex_edge_m": 3000, "line_count": 5, "line_length_m": 6475.8, "major_line_count": 0, "minor_line_count": 2, "cable_count": 3, "node_count": 27, "substation_count": 1, "transformer_count": 0, "generator_count": 0, "plant_count": 0, "support_count": 26, "switchgear_count": 0, "nearest_power_node_m": 2321.4, "neighbor_ids": [ "regional-0284", "regional-0285", "regional-0308", "regional-0310", "regional-0332", "regional-0333" ], "has_infrastructure": true, "operational_status": "operational", "operational_status_note": "Infrastructure present; no failure simulation is active.", "connected_hex_ids": [ "regional-0284", "regional-0285", "regional-0308", "regional-0310", "regional-0332", "regional-0333" ], "connected_hex_count": 6, "confidence_score": 0.85, "confidence_label": "high", "data_quality_note": "OSM vector lines and power nodes in hex.", "source_mode": "osm_vector_derived", "kiut_role": "visual_reference_only", "infrastructure_score": 36.2 }, "geometry": { "type": "Polygon", "coordinates": [ [ [ 18.360459933054909, 50.15527906275576 ], [ 18.323891886555643, 50.168566869090441 ], [ 18.323510828334673, 50.195554396879849 ], [ 18.359738826246662, 50.209254510717784 ], [ 18.396328199921982, 50.19595558744814 ], [ 18.396668247424564, 50.168967678128567 ], [ 18.360459933054909, 50.15527906275576 ] ] ] } },
{ "type": "Feature", "properties": { "hex_id": "regional-0310", "hex_level": "regional", "hex_edge_m": 3000, "line_count": 38, "line_length_m": 20539.6, "major_line_count": 0, "minor_line_count": 30, "cable_count": 8, "node_count": 201, "substation_count": 3, "transformer_count": 0, "generator_count": 1, "plant_count": 0, "support_count": 192, "switchgear_count": 5, "nearest_power_node_m": 266.7, "neighbor_ids": [ "regional-0285", "regional-0286", "regional-0309", "regional-0311", "regional-0333", "regional-0334" ], "has_infrastructure": true, "operational_status": "operational", "operational_status_note": "Infrastructure present; no failure simulation is active.", "connected_hex_ids": [ "regional-0285", "regional-0286", "regional-0309", "regional-0311", "regional-0333", "regional-0334" ], "connected_hex_count": 6, "confidence_score": 0.85, "confidence_label": "high", "data_quality_note": "OSM vector lines and power nodes in hex.", "source_mode": "osm_vector_derived", "kiut_role": "visual_reference_only", "infrastructure_score": 100.0 }, "geometry": { "type": "Polygon", "coordinates": [ [ [ 18.433216608785987, 50.155656895242572 ], [ 18.396668247424564, 50.168967678128567 ], [ 18.396328199921982, 50.19595558744814 ], [ 18.432577526606934, 50.209633062870459 ], [ 18.46914712321319, 50.196311140468033 ], [ 18.469446156928299, 50.169322893014048 ], [ 18.433216608785987, 50.155656895242572 ] ] ] } },
{ "type": "Feature", "properties": { "hex_id": "regional-0311", "hex_level": "regional", "hex_edge_m": 3000, "line_count": 20, "line_length_m": 21914.7, "major_line_count": 4, "minor_line_count": 13, "cable_count": 3, "node_count": 119, "substation_count": 2, "transformer_count": 0, "generator_count": 1, "plant_count": 0, "support_count": 115, "switchgear_count": 1, "nearest_power_node_m": 1498.9, "neighbor_ids": [ "regional-0286", "regional-0287", "regional-0310", "regional-0312", "regional-0334", "regional-0335" ], "has_infrastructure": true, "operational_status": "operational", "operational_status_note": "Infrastructure present; no failure simulation is active.", "connected_hex_ids": [ "regional-0286", "regional-0287", "regional-0310", "regional-0312", "regional-0334", "regional-0335" ], "connected_hex_count": 6, "confidence_score": 0.85, "confidence_label": "high", "data_quality_note": "OSM vector lines and power nodes in hex.", "source_mode": "osm_vector_derived", "kiut_role": "visual_reference_only", "infrastructure_score": 96.3 }, "geometry": { "type": "Polygon", "coordinates": [ [ [ 18.505974738336487, 50.155989154131476 ], [ 18.469446156928299, 50.169322893014048 ], [ 18.46914712321319, 50.196311140468033 ], [ 18.505417686554804, 50.209965954629595 ], [ 18.541967411079789, 50.196621053753674 ], [ 18.542225428308363, 50.169632511565005 ], [ 18.505974738336487, 50.155989154131476 ] ] ] } },
{ "type": "Feature", "properties": { "hex_id": "regional-0312", "hex_level": "regional", "hex_edge_m": 3000, "line_count": 35, "line_length_m": 39507.5, "major_line_count": 11, "minor_line_count": 23, "cable_count": 1, "node_count": 226, "substation_count": 3, "transformer_count": 0, "generator_count": 0, "plant_count": 0, "support_count": 220, "switchgear_count": 3, "nearest_power_node_m": 685.4, "neighbor_ids": [ "regional-0287", "regional-0288", "regional-0311", "regional-0313", "regional-0335", "regional-0336" ], "has_infrastructure": true, "operational_status": "operational", "operational_status_note": "Infrastructure present; no failure simulation is active.", "connected_hex_ids": [ "regional-0287", "regional-0288", "regional-0311", "regional-0313", "regional-0335", "regional-0336" ], "connected_hex_count": 6, "confidence_score": 0.85, "confidence_label": "high", "data_quality_note": "OSM vector lines and power nodes in hex.", "source_mode": "osm_vector_derived", "kiut_role": "visual_reference_only", "infrastructure_score": 100.0 }, "geometry": { "type": "Polygon", "coordinates": [ [ [ 18.578734135121188, 50.156275837382502 ], [ 18.542225428308363, 50.169632511565005 ], [ 18.541967411079789, 50.196621053753674 ], [ 18.57825911876489, 50.210253183947692 ], [ 18.614788876371122, 50.196885325399727 ], [ 18.615005874784224, 50.169896531879616 ], [ 18.578734135121188, 50.156275837382502 ] ] ] } },
{ "type": "Feature", "properties": { "hex_id": "regional-0313", "hex_level": "regional", "hex_edge_m": 3000, "line_count": 57, "line_length_m": 40261.6, "major_line_count": 15, "minor_line_count": 41, "cable_count": 1, "node_count": 476, "substation_count": 8, "transformer_count": 3, "generator_count": 1, "plant_count": 0, "support_count": 457, "switchgear_count": 7, "nearest_power_node_m": 32.5, "neighbor_ids": [ "regional-0288", "regional-0289", "regional-0312", "regional-0314", "regional-0336", "regional-0337" ], "has_infrastructure": true, "operational_status": "operational", "operational_status_note": "Infrastructure present; no failure simulation is active.", "connected_hex_ids": [ "regional-0288", "regional-0289", "regional-0312", "regional-0314", "regional-0336", "regional-0337" ], "connected_hex_count": 6, "confidence_score": 0.85, "confidence_label": "high", "data_quality_note": "OSM vector lines and power nodes in hex.", "source_mode": "osm_vector_derived", "kiut_role": "visual_reference_only", "infrastructure_score": 100.0 }, "geometry": { "type": "Polygon", "coordinates": [ [ [ 18.651494612534343, 50.156516943235424 ], [ 18.615005874784224, 50.169896531879616 ], [ 18.614788876371122, 50.196885325399727 ], [ 18.651101635891159, 50.210494749058071 ], [ 18.687611331917442, 50.197103953781372 ], [ 18.687787309556303, 50.170114952336064 ], [ 18.651494612534343, 50.156516943235424 ] ] ] } },
{ "type": "Feature", "properties": { "hex_id": "regional-0314", "hex_level": "regional", "hex_edge_m": 3000, "line_count": 59, "line_length_m": 33975.4, "major_line_count": 15, "minor_line_count": 35, "cable_count": 9, "node_count": 291, "substation_count": 7, "transformer_count": 4, "generator_count": 0, "plant_count": 0, "support_count": 276, "switchgear_count": 4, "nearest_power_node_m": 214.0, "neighbor_ids": [ "regional-0289", "regional-0290", "regional-0313", "regional-0315", "regional-0337", "regional-0338" ], "has_infrastructure": true, "operational_status": "operational", "operational_status_note": "Infrastructure present; no failure simulation is active.", "connected_hex_ids": [ "regional-0289", "regional-0290", "regional-0313", "regional-0315", "regional-0337", "regional-0338" ], "connected_hex_count": 6, "confidence_score": 0.85, "confidence_label": "high", "data_quality_note": "OSM vector lines and power nodes in hex.", "source_mode": "osm_vector_derived", "kiut_role": "visual_reference_only", "infrastructure_score": 100.0 }, "geometry": { "type": "Polygon", "coordinates": [ [ [ 18.72425598395273, 50.156712470209804 ], [ 18.687787309556303, 50.170114952336064 ], [ 18.687611331917442, 50.197103953781372 ], [ 18.723945050569974, 50.210690648474852 ], [ 18.760434590532928, 50.197276937554442 ], [ 18.760569545809023, 50.170287771592598 ], [ 18.72425598395273, 50.156712470209804 ] ] ] } },
{ "type": "Feature", "properties": { "hex_id": "regional-0315", "hex_level": "regional", "hex_edge_m": 3000, "line_count": 53, "line_length_m": 33831.3, "major_line_count": 8, "minor_line_count": 32, "cable_count": 13, "node_count": 297, "substation_count": 12, "transformer_count": 0, "generator_count": 2, "plant_count": 0, "support_count": 274, "switchgear_count": 9, "nearest_power_node_m": 11.3, "neighbor_ids": [ "regional-0290", "regional-0291", "regional-0314", "regional-0316", "regional-0338", "regional-0339" ], "has_infrastructure": true, "operational_status": "operational", "operational_status_note": "Infrastructure present; no failure simulation is active.", "connected_hex_ids": [ "regional-0290", "regional-0291", "regional-0314", "regional-0316", "regional-0338", "regional-0339" ], "connected_hex_count": 6, "confidence_score": 0.85, "confidence_label": "high", "data_quality_note": "OSM vector lines and power nodes in hex.", "source_mode": "osm_vector_derived", "kiut_role": "visual_reference_only", "infrastructure_score": 100.0 }, "geometry": { "type": "Polygon", "coordinates": [ [ [ 18.797018062738644, 50.156862417105096 ], [ 18.760569545809023, 50.170287771592598 ], [ 18.760434590532931, 50.197276937554442 ], [ 18.796789175423115, 50.210840880993032 ], [ 18.833258465018755, 50.197404275655337 ], [ 18.833352396713821, 50.170414988587616 ], [ 18.797018062738644, 50.156862417105096 ] ] ] } },
{ "type": "Feature", "properties": { "hex_id": "regional-0316", "hex_level": "regional", "hex_edge_m": 3000, "line_count": 87, "line_length_m": 48407.6, "major_line_count": 16, "minor_line_count": 68, "cable_count": 3, "node_count": 588, "substation_count": 22, "transformer_count": 3, "generator_count": 5, "plant_count": 0, "support_count": 552, "switchgear_count": 6, "nearest_power_node_m": 39.3, "neighbor_ids": [ "regional-0291", "regional-0292", "regional-0315", "regional-0317", "regional-0339", "regional-0340" ], "has_infrastructure": true, "operational_status": "operational", "operational_status_note": "Infrastructure present; no failure simulation is active.", "connected_hex_ids": [ "regional-0291", "regional-0292", "regional-0315", "regional-0317", "regional-0339", "regional-0340" ], "connected_hex_count": 6, "confidence_score": 0.85, "confidence_label": "high", "data_quality_note": "OSM vector lines and power nodes in hex.", "source_mode": "osm_vector_derived", "kiut_role": "visual_reference_only", "infrastructure_score": 100.0 }, "geometry": { "type": "Polygon", "coordinates": [ [ [ 18.869780662242935, 50.156966783000549 ], [ 18.833352396713824, 50.170414988587616 ], [ 18.833258465018755, 50.197404275655337 ], [ 18.869633823060841, 50.21094544568853 ], [ 18.90608276816608, 50.197485967301112 ], [ 18.906135675432175, 50.170496602539586 ], [ 18.869780662242935, 50.156966783000549 ] ] ] } },
{ "type": "Feature", "properties": { "hex_id": "regional-0317", "hex_level": "regional", "hex_edge_m": 3000, "line_count": 86, "line_length_m": 30955.5, "major_line_count": 2, "minor_line_count": 65, "cable_count": 19, "node_count": 395, "substation_count": 12, "transformer_count": 0, "generator_count": 44, "plant_count": 0, "support_count": 334, "switchgear_count": 5, "nearest_power_node_m": 127.8, "neighbor_ids": [ "regional-0292", "regional-0293", "regional-0316", "regional-0318", "regional-0340", "regional-0341" ], "has_infrastructure": true, "operational_status": "operational", "operational_status_note": "Infrastructure present; no failure simulation is active.", "connected_hex_ids": [ "regional-0292", "regional-0293", "regional-0316", "regional-0318", "regional-0340", "regional-0341" ], "connected_hex_count": 6, "confidence_score": 0.85, "confidence_label": "high", "data_quality_note": "OSM vector lines and power nodes in hex.", "source_mode": "osm_vector_derived", "kiut_role": "visual_reference_only", "infrastructure_score": 100.0 }, "geometry": { "type": "Polygon", "coordinates": [ [ [ 18.942543595808019, 50.157025567255303 ], [ 18.906135675432175, 50.170496602539586 ], [ 18.90608276816608, 50.197485967301112 ], [ 18.942478806084932, 50.211004341918105 ], [ 18.978907312759123, 50.197522011989477 ], [ 18.978919195118632, 50.170532612947135 ], [ 18.942543595808019, 50.157025567255303 ] ] ] } },
{ "type": "Feature", "properties": { "hex_id": "regional-0318", "hex_level": "regional", "hex_edge_m": 3000, "line_count": 52, "line_length_m": 25175.4, "major_line_count": 8, "minor_line_count": 35, "cable_count": 9, "node_count": 247, "substation_count": 21, "transformer_count": 3, "generator_count": 2, "plant_count": 0, "support_count": 210, "switchgear_count": 11, "nearest_power_node_m": 499.2, "neighbor_ids": [ "regional-0293", "regional-0294", "regional-0317", "regional-0319", "regional-0341", "regional-0342" ], "has_infrastructure": true, "operational_status": "operational", "operational_status_note": "Infrastructure present; no failure simulation is active.", "connected_hex_ids": [ "regional-0293", "regional-0294", "regional-0317", "regional-0319", "regional-0341", "regional-0342" ], "connected_hex_count": 6, "confidence_score": 0.85, "confidence_label": "high", "data_quality_note": "OSM vector lines and power nodes in hex.", "source_mode": "osm_vector_derived", "kiut_role": "visual_reference_only", "infrastructure_score": 100.0 }, "geometry": { "type": "Polygon", "coordinates": [ [ [ 19.015306676770908, 50.157038769508389 ], [ 18.978919195118635, 50.170532612947135 ], [ 18.978907312759123, 50.197522011989477 ], [ 19.015323937091704, 50.211017569319466 ], [ 19.05173191157818, 50.197512409498813 ], [ 19.051702768923843, 50.170523019589062 ], [ 19.015306676770908, 50.157038769508389 ] ] ] } },
{ "type": "Feature", "properties": { "hex_id": "regional-0319", "hex_level": "regional", "hex_edge_m": 3000, "line_count": 46, "line_length_m": 34101.3, "major_line_count": 27, "minor_line_count": 14, "cable_count": 5, "node_count": 209, "substation_count": 7, "transformer_count": 7, "generator_count": 0, "plant_count": 1, "support_count": 190, "switchgear_count": 4, "nearest_power_node_m": 379.9, "neighbor_ids": [ "regional-0294", "regional-0295", "regional-0318", "regional-0320", "regional-0342", "regional-0343" ], "has_infrastructure": true, "operational_status": "operational", "operational_status_note": "Infrastructure present; no failure simulation is active.", "connected_hex_ids": [ "regional-0294", "regional-0295", "regional-0318", "regional-0320", "regional-0342", "regional-0343" ], "connected_hex_count": 6, "confidence_score": 0.85, "confidence_label": "high", "data_quality_note": "OSM vector lines and power nodes in hex.", "source_mode": "osm_vector_derived", "kiut_role": "visual_reference_only", "infrastructure_score": 100.0 }, "geometry": { "type": "Polygon", "coordinates": [ [ [ 19.088069718466226, 50.15700638967877 ], [ 19.051702768923843, 50.170523019589062 ], [ 19.05173191157818, 50.197512409498813 ], [ 19.08816902867509, 50.210985127811256 ], [ 19.124556377402676, 50.197457159888152 ], [ 19.124486209997567, 50.170467822524287 ], [ 19.088069718466226, 50.15700638967877 ] ] ] } },
{ "type": "Feature", "properties": { "hex_id": "regional-0320", "hex_level": "regional", "hex_edge_m": 3000, "line_count": 56, "line_length_m": 37451.4, "major_line_count": 19, "minor_line_count": 28, "cable_count": 9, "node_count": 299, "substation_count": 13, "transformer_count": 2, "generator_count": 9, "plant_count": 1, "support_count": 265, "switchgear_count": 9, "nearest_power_node_m": 236.3, "neighbor_ids": [ "regional-0295", "regional-0296", "regional-0319", "regional-0321", "regional-0343", "regional-0344" ], "has_infrastructure": true, "operational_status": "operational", "operational_status_note": "Infrastructure present; no failure simulation is active.", "connected_hex_ids": [ "regional-0295", "regional-0296", "regional-0319", "regional-0321", "regional-0343", "regional-0344" ], "connected_hex_count": 6, "confidence_score": 0.85, "confidence_label": "high", "data_quality_note": "OSM vector lines and power nodes in hex.", "source_mode": "osm_vector_derived", "kiut_role": "visual_reference_only", "infrastructure_score": 100.0 }, "geometry": { "type": "Polygon", "coordinates": [ [ [ 19.160832534229229, 50.156928427965269 ], [ 19.124486209997567, 50.170467822524287 ], [ 19.124556377402676, 50.197457159888152 ], [ 19.161013893429654, 50.210907017593051 ], [ 19.197380523014179, 50.197356263497213 ], [ 19.197269331491725, 50.170367022091909 ], [ 19.160832534229229, 50.156928427965269 ] ] ] } },
{ "type": "Feature", "properties": { "hex_id": "regional-0321", "hex_level": "regional", "hex_edge_m": 3000, "line_count": 42, "line_length_m": 51303.1, "major_line_count": 21, "minor_line_count": 18, "cable_count": 3, "node_count": 297, "substation_count": 8, "transformer_count": 4, "generator_count": 11, "plant_count": 1, "support_count": 270, "switchgear_count": 3, "nearest_power_node_m": 200.8, "neighbor_ids": [ "regional-0296", "regional-0297", "regional-0320", "regional-0322", "regional-0344", "regional-0345" ], "has_infrastructure": true, "operational_status": "operational", "operational_status_note": "Infrastructure present; no failure simulation is active.", "connected_hex_ids": [ "regional-0296", "regional-0297", "regional-0320", "regional-0322", "regional-0344", "regional-0345" ], "connected_hex_count": 6, "confidence_score": 0.85, "confidence_label": "high", "data_quality_note": "OSM vector lines and power nodes in hex.", "source_mode": "osm_vector_derived", "kiut_role": "visual_reference_only", "infrastructure_score": 100.0 }, "geometry": { "type": "Polygon", "coordinates": [ [ [ 19.233594937398834, 50.156804884846565 ], [ 19.197269331491725, 50.170367022091909 ], [ 19.197380523014179, 50.197356263497213 ], [ 19.233858343953639, 50.210783239145293 ], [ 19.270204161199462, 50.197209720946361 ], [ 19.270051946563417, 50.170220618911138 ], [ 19.233594937398834, 50.156804884846565 ] ] ] } },
{ "type": "Feature", "properties": { "hex_id": "regional-0322", "hex_level": "regional", "hex_edge_m": 3000, "line_count": 123, "line_length_m": 71148.5, "major_line_count": 54, "minor_line_count": 39, "cable_count": 30, "node_count": 465, "substation_count": 8, "transformer_count": 4, "generator_count": 45, "plant_count": 2, "support_count": 400, "switchgear_count": 6, "nearest_power_node_m": 194.3, "neighbor_ids": [ "regional-0297", "regional-0298", "regional-0321", "regional-0323", "regional-0345", "regional-0346" ], "has_infrastructure": true, "operational_status": "operational", "operational_status_note": "Infrastructure present; no failure simulation is active.", "connected_hex_ids": [ "regional-0297", "regional-0298", "regional-0321", "regional-0323", "regional-0345", "regional-0346" ], "connected_hex_count": 6, "confidence_score": 0.85, "confidence_label": "high", "data_quality_note": "OSM vector lines and power nodes in hex.", "source_mode": "osm_vector_derived", "kiut_role": "visual_reference_only", "infrastructure_score": 100.0 }, "geometry": { "type": "Polygon", "coordinates": [ [ [ 19.306356741320645, 50.156635761081318 ], [ 19.270051946563417, 50.170220618911138 ], [ 19.270204161199466, 50.197209720946361 ], [ 19.306702192852022, 50.21061379322942 ], [ 19.343027104753538, 50.197017533136616 ], [ 19.342833868377937, 50.170028613881357 ], [ 19.306356741320645, 50.156635761081318 ] ] ] } },
{ "type": "Feature", "properties": { "hex_id": "regional-0323", "hex_level": "regional", "hex_edge_m": 3000, "line_count": 11, "line_length_m": 13759.9, "major_line_count": 2, "minor_line_count": 9, "cable_count": 0, "node_count": 102, "substation_count": 0, "transformer_count": 0, "generator_count": 2, "plant_count": 0, "support_count": 100, "switchgear_count": 0, "nearest_power_node_m": 119.0, "neighbor_ids": [ "regional-0298", "regional-0299", "regional-0322", "regional-0346" ], "has_infrastructure": true, "operational_status": "operational", "operational_status_note": "Infrastructure present; no failure simulation is active.", "connected_hex_ids": [ "regional-0298", "regional-0299", "regional-0322", "regional-0346" ], "connected_hex_count": 4, "confidence_score": 0.85, "confidence_label": "high", "data_quality_note": "OSM vector lines and power nodes in hex.", "source_mode": "osm_vector_derived", "kiut_role": "visual_reference_only", "infrastructure_score": 48.3 }, "geometry": { "type": "Polygon", "coordinates": [ [ [ 19.379117759349949, 50.156421057707966 ], [ 19.342833868377937, 50.170028613881357 ], [ 19.343027104753538, 50.197017533136616 ], [ 19.370375725740836, 50.207040528860709 ], [ 19.381471247410076, 50.157283780574055 ], [ 19.379117759349949, 50.156421057707966 ] ] ] } },
{ "type": "Feature", "properties": { "hex_id": "regional-0324", "hex_level": "regional", "hex_edge_m": 3000, "line_count": 7, "line_length_m": 7462.8, "major_line_count": 0, "minor_line_count": 7, "cable_count": 0, "node_count": 86, "substation_count": 0, "transformer_count": 0, "generator_count": 0, "plant_count": 0, "support_count": 86, "switchgear_count": 0, "nearest_power_node_m": 1190.9, "neighbor_ids": [ "regional-0300", "regional-0301", "regional-0325", "regional-0347", "regional-0348" ], "has_infrastructure": true, "operational_status": "operational", "operational_status_note": "Infrastructure present; no failure simulation is active.", "connected_hex_ids": [ "regional-0300", "regional-0301", "regional-0325", "regional-0348" ], "connected_hex_count": 4, "confidence_score": 0.62, "confidence_label": "medium", "data_quality_note": "OSM vector feature present; topology is inferred.", "source_mode": "osm_vector_derived", "kiut_role": "visual_reference_only", "infrastructure_score": 23.3 }, "geometry": { "type": "Polygon", "coordinates": [ [ [ 17.739628947969063, 50.244667703303094 ], [ 17.776414163618767, 50.231565741875016 ], [ 17.777104238343362, 50.204582657652679 ], [ 17.741050162693842, 50.190702275426666 ], [ 17.719885601063616, 50.198241113383702 ], [ 17.720513775947907, 50.201322860394789 ], [ 17.735663863158795, 50.243141648326457 ], [ 17.739628947969063, 50.244667703303094 ] ] ] } },
{ "type": "Feature", "properties": { "hex_id": "regional-0325", "hex_level": "regional", "hex_edge_m": 3000, "line_count": 35, "line_length_m": 35231.0, "major_line_count": 10, "minor_line_count": 21, "cable_count": 4, "node_count": 363, "substation_count": 13, "transformer_count": 3, "generator_count": 8, "plant_count": 0, "support_count": 335, "switchgear_count": 4, "nearest_power_node_m": 299.7, "neighbor_ids": [ "regional-0301", "regional-0302", "regional-0324", "regional-0326", "regional-0348", "regional-0349" ], "has_infrastructure": true, "operational_status": "operational", "operational_status_note": "Infrastructure present; no failure simulation is active.", "connected_hex_ids": [ "regional-0301", "regional-0302", "regional-0324", "regional-0326", "regional-0348", "regional-0349" ], "connected_hex_count": 6, "confidence_score": 0.85, "confidence_label": "high", "data_quality_note": "OSM vector lines and power nodes in hex.", "source_mode": "osm_vector_derived", "kiut_role": "visual_reference_only", "infrastructure_score": 100.0 }, "geometry": { "type": "Polygon", "coordinates": [ [ [ 17.813848387679659, 50.191468454045754 ], [ 17.777104238343362, 50.204582657652679 ], [ 17.776414163618767, 50.231565741875016 ], [ 17.812509305584534, 50.245435341355922 ], [ 17.849275516415727, 50.232310177795689 ], [ 17.849924521769509, 50.205326385564668 ], [ 17.813848387679659, 50.191468454045754 ] ] ] } },
{ "type": "Feature", "properties": { "hex_id": "regional-0326", "hex_level": "regional", "hex_edge_m": 3000, "line_count": 8, "line_length_m": 9731.3, "major_line_count": 0, "minor_line_count": 8, "cable_count": 0, "node_count": 116, "substation_count": 4, "transformer_count": 0, "generator_count": 1, "plant_count": 0, "support_count": 107, "switchgear_count": 4, "nearest_power_node_m": 502.7, "neighbor_ids": [ "regional-0302", "regional-0303", "regional-0325", "regional-0327", "regional-0349", "regional-0350" ], "has_infrastructure": true, "operational_status": "operational", "operational_status_note": "Infrastructure present; no failure simulation is active.", "connected_hex_ids": [ "regional-0302", "regional-0303", "regional-0325", "regional-0327", "regional-0349", "regional-0350" ], "connected_hex_count": 6, "confidence_score": 0.85, "confidence_label": "high", "data_quality_note": "OSM vector lines and power nodes in hex.", "source_mode": "osm_vector_derived", "kiut_role": "visual_reference_only", "infrastructure_score": 100.0 }, "geometry": { "type": "Polygon", "coordinates": [ [ [ 17.886649660236987, 50.192189022695601 ], [ 17.849924521769509, 50.205326385564668 ], [ 17.849275516415727, 50.232310177795689 ], [ 17.885392722871963, 50.246157282603328 ], [ 17.922139832160422, 50.233008936383087 ], [ 17.922747762278448, 50.206024479565599 ], [ 17.886649660236987, 50.192189022695601 ] ] ] } },
{ "type": "Feature", "properties": { "hex_id": "regional-0327", "hex_level": "regional", "hex_edge_m": 3000, "line_count": 15, "line_length_m": 10681.5, "major_line_count": 0, "minor_line_count": 13, "cable_count": 2, "node_count": 118, "substation_count": 4, "transformer_count": 0, "generator_count": 0, "plant_count": 0, "support_count": 107, "switchgear_count": 7, "nearest_power_node_m": 1230.5, "neighbor_ids": [ "regional-0303", "regional-0304", "regional-0326", "regional-0328", "regional-0350", "regional-0351" ], "has_infrastructure": true, "operational_status": "operational", "operational_status_note": "Infrastructure present; no failure simulation is active.", "connected_hex_ids": [ "regional-0303", "regional-0304", "regional-0326", "regional-0328", "regional-0350", "regional-0351" ], "connected_hex_count": 6, "confidence_score": 0.85, "confidence_label": "high", "data_quality_note": "OSM vector lines and power nodes in hex.", "source_mode": "osm_vector_derived", "kiut_role": "visual_reference_only", "infrastructure_score": 100.0 }, "geometry": { "type": "Polygon", "coordinates": [ [ [ 17.959453793523469, 50.192863976948217 ], [ 17.922747762278448, 50.206024479565599 ], [ 17.922139832160422, 50.233008936383087 ], [ 17.958279012247818, 50.246833522601072 ], [ 17.995006923431308, 50.23366201333738 ], [ 17.995573772819306, 50.206676935363532 ], [ 17.959453793523469, 50.192863976948217 ] ] ] } },
{ "type": "Feature", "properties": { "hex_id": "regional-0328", "hex_level": "regional", "hex_edge_m": 3000, "line_count": 21, "line_length_m": 16690.8, "major_line_count": 0, "minor_line_count": 18, "cable_count": 3, "node_count": 169, "substation_count": 5, "transformer_count": 0, "generator_count": 2, "plant_count": 0, "support_count": 151, "switchgear_count": 11, "nearest_power_node_m": 844.5, "neighbor_ids": [ "regional-0304", "regional-0305", "regional-0327", "regional-0329", "regional-0351", "regional-0352" ], "has_infrastructure": true, "operational_status": "operational", "operational_status_note": "Infrastructure present; no failure simulation is active.", "connected_hex_ids": [ "regional-0304", "regional-0305", "regional-0327", "regional-0329", "regional-0351", "regional-0352" ], "connected_hex_count": 6, "confidence_score": 0.85, "confidence_label": "high", "data_quality_note": "OSM vector lines and power nodes in hex.", "source_mode": "osm_vector_derived", "kiut_role": "visual_reference_only", "infrastructure_score": 100.0 }, "geometry": { "type": "Polygon", "coordinates": [ [ [ 18.032260600650392, 50.193493312655697 ], [ 17.995573772819306, 50.206676935363532 ], [ 17.995006923431308, 50.23366201333738 ], [ 18.031167986081886, 50.247464057185958 ], [ 18.067876602761778, 50.234269404639647 ], [ 18.068402366296286, 50.207283748946892 ], [ 18.032260600650392, 50.193493312655697 ] ] ] } },
{ "type": "Feature", "properties": { "hex_id": "regional-0329", "hex_level": "regional", "hex_edge_m": 3000, "line_count": 29, "line_length_m": 25750.4, "major_line_count": 3, "minor_line_count": 25, "cable_count": 1, "node_count": 288, "substation_count": 8, "transformer_count": 0, "generator_count": 0, "plant_count": 0, "support_count": 275, "switchgear_count": 5, "nearest_power_node_m": 721.7, "neighbor_ids": [ "regional-0305", "regional-0306", "regional-0328", "regional-0330", "regional-0352", "regional-0353" ], "has_infrastructure": true, "operational_status": "operational", "operational_status_note": "Infrastructure present; no failure simulation is active.", "connected_hex_ids": [ "regional-0305", "regional-0306", "regional-0328", "regional-0330", "regional-0352", "regional-0353" ], "connected_hex_count": 6, "confidence_score": 0.85, "confidence_label": "high", "data_quality_note": "OSM vector lines and power nodes in hex.", "source_mode": "osm_vector_derived", "kiut_role": "visual_reference_only", "infrastructure_score": 100.0 }, "geometry": { "type": "Polygon", "coordinates": [ [ [ 18.105069894685691, 50.194077025950158 ], [ 18.06840236629629, 50.207283748946892 ], [ 18.067876602761778, 50.234269404639647 ], [ 18.104059456700327, 50.248048882475878 ], [ 18.14074868264316, 50.234831106551795 ], [ 18.141233355571696, 50.207844916584463 ], [ 18.105069894685691, 50.194077025950158 ] ] ] } },
{ "type": "Feature", "properties": { "hex_id": "regional-0330", "hex_level": "regional", "hex_edge_m": 3000, "line_count": 39, "line_length_m": 40671.8, "major_line_count": 6, "minor_line_count": 31, "cable_count": 2, "node_count": 310, "substation_count": 5, "transformer_count": 0, "generator_count": 0, "plant_count": 0, "support_count": 296, "switchgear_count": 9, "nearest_power_node_m": 1156.0, "neighbor_ids": [ "regional-0306", "regional-0307", "regional-0329", "regional-0331", "regional-0353", "regional-0354" ], "has_infrastructure": true, "operational_status": "operational", "operational_status_note": "Infrastructure present; no failure simulation is active.", "connected_hex_ids": [ "regional-0306", "regional-0307", "regional-0329", "regional-0331", "regional-0353", "regional-0354" ], "connected_hex_count": 6, "confidence_score": 0.85, "confidence_label": "high", "data_quality_note": "OSM vector lines and power nodes in hex.", "source_mode": "osm_vector_derived", "kiut_role": "visual_reference_only", "infrastructure_score": 100.0 }, "geometry": { "type": "Polygon", "coordinates": [ [ [ 18.17788148865699, 50.194615113243913 ], [ 18.141233355571696, 50.207844916584463 ], [ 18.14074868264316, 50.234831106551795 ], [ 18.176953236388698, 50.248587994869951 ], [ 18.213622975527805, 50.235347115616754 ], [ 18.214066553468957, 50.208360434825508 ], [ 18.17788148865699, 50.194615113243913 ] ] ] } },
{ "type": "Feature", "properties": { "hex_id": "regional-0331", "hex_level": "regional", "hex_edge_m": 3000, "line_count": 29, "line_length_m": 32901.7, "major_line_count": 2, "minor_line_count": 25, "cable_count": 2, "node_count": 302, "substation_count": 6, "transformer_count": 0, "generator_count": 3, "plant_count": 0, "support_count": 279, "switchgear_count": 14, "nearest_power_node_m": 180.4, "neighbor_ids": [ "regional-0307", "regional-0308", "regional-0330", "regional-0332", "regional-0354", "regional-0355" ], "has_infrastructure": true, "operational_status": "operational", "operational_status_note": "Infrastructure present; no failure simulation is active.", "connected_hex_ids": [ "regional-0307", "regional-0308", "regional-0330", "regional-0332", "regional-0354", "regional-0355" ], "connected_hex_count": 6, "confidence_score": 0.85, "confidence_label": "high", "data_quality_note": "OSM vector lines and power nodes in hex.", "source_mode": "osm_vector_derived", "kiut_role": "visual_reference_only", "infrastructure_score": 100.0 }, "geometry": { "type": "Polygon", "coordinates": [ [ [ 18.250695195554627, 50.195107571229521 ], [ 18.214066553468957, 50.208360434825508 ], [ 18.213622975527805, 50.235347115616754 ], [ 18.249849137395035, 50.249081391048541 ], [ 18.28649929383209, 50.23581742865845 ], [ 18.286901772775682, 50.20883030049982 ], [ 18.250695195554627, 50.195107571229521 ] ] ] } },
{ "type": "Feature", "properties": { "hex_id": "regional-0332", "hex_level": "regional", "hex_edge_m": 3000, "line_count": 21, "line_length_m": 15844.5, "major_line_count": 0, "minor_line_count": 18, "cable_count": 3, "node_count": 163, "substation_count": 1, "transformer_count": 0, "generator_count": 0, "plant_count": 0, "support_count": 159, "switchgear_count": 3, "nearest_power_node_m": 1371.4, "neighbor_ids": [ "regional-0308", "regional-0309", "regional-0331", "regional-0333", "regional-0355", "regional-0356" ], "has_infrastructure": true, "operational_status": "operational", "operational_status_note": "Infrastructure present; no failure simulation is active.", "connected_hex_ids": [ "regional-0308", "regional-0309", "regional-0331", "regional-0333", "regional-0355", "regional-0356" ], "connected_hex_count": 6, "confidence_score": 0.85, "confidence_label": "high", "data_quality_note": "OSM vector lines and power nodes in hex.", "source_mode": "osm_vector_derived", "kiut_role": "visual_reference_only", "infrastructure_score": 71.6 }, "geometry": { "type": "Polygon", "coordinates": [ [ [ 18.323510828334673, 50.195554396879849 ], [ 18.286901772775682, 50.20883030049982 ], [ 18.28649929383209, 50.23581742865845 ], [ 18.322746971932865, 50.249529067973377 ], [ 18.359377449939494, 50.236242042782031 ], [ 18.359738826246659, 50.209254510717784 ], [ 18.323510828334673, 50.195554396879849 ] ] ] } },
{ "type": "Feature", "properties": { "hex_id": "regional-0333", "hex_level": "regional", "hex_edge_m": 3000, "line_count": 3, "line_length_m": 2927.8, "major_line_count": 0, "minor_line_count": 3, "cable_count": 0, "node_count": 28, "substation_count": 0, "transformer_count": 0, "generator_count": 0, "plant_count": 0, "support_count": 28, "switchgear_count": 0, "nearest_power_node_m": 1950.9, "neighbor_ids": [ "regional-0309", "regional-0310", "regional-0332", "regional-0334", "regional-0356", "regional-0357" ], "has_infrastructure": true, "operational_status": "operational", "operational_status_note": "Infrastructure present; no failure simulation is active.", "connected_hex_ids": [ "regional-0309", "regional-0310", "regional-0332", "regional-0334", "regional-0356", "regional-0357" ], "connected_hex_count": 6, "confidence_score": 0.62, "confidence_label": "medium", "data_quality_note": "OSM vector feature present; topology is inferred.", "source_mode": "osm_vector_derived", "kiut_role": "visual_reference_only", "infrastructure_score": 18.3 }, "geometry": { "type": "Polygon", "coordinates": [ [ [ 18.396328199921982, 50.19595558744814 ], [ 18.359738826246662, 50.209254510717784 ], [ 18.359377449939494, 50.236242042782031 ], [ 18.395646552184278, 50.249931022887587 ], [ 18.432257256203627, 50.236620955373681 ], [ 18.432577526606931, 50.209633062870459 ], [ 18.396328199921982, 50.19595558744814 ] ] ] } },
{ "type": "Feature", "properties": { "hex_id": "regional-0334", "hex_level": "regional", "hex_edge_m": 3000, "line_count": 13, "line_length_m": 25351.3, "major_line_count": 3, "minor_line_count": 8, "cable_count": 2, "node_count": 117, "substation_count": 1, "transformer_count": 0, "generator_count": 0, "plant_count": 0, "support_count": 116, "switchgear_count": 0, "nearest_power_node_m": 106.1, "neighbor_ids": [ "regional-0310", "regional-0311", "regional-0333", "regional-0335", "regional-0357", "regional-0358" ], "has_infrastructure": true, "operational_status": "operational", "operational_status_note": "Infrastructure present; no failure simulation is active.", "connected_hex_ids": [ "regional-0310", "regional-0311", "regional-0333", "regional-0335", "regional-0357", "regional-0358" ], "connected_hex_count": 6, "confidence_score": 0.85, "confidence_label": "high", "data_quality_note": "OSM vector lines and power nodes in hex.", "source_mode": "osm_vector_derived", "kiut_role": "visual_reference_only", "infrastructure_score": 69.2 }, "geometry": { "type": "Polygon", "coordinates": [ [ [ 18.46914712321319, 50.196311140468033 ], [ 18.432577526606934, 50.209633062870459 ], [ 18.432257256203627, 50.236620955373681 ], [ 18.468547690302984, 50.250287253315754 ], [ 18.505138524951278, 50.236954164100887 ], [ 18.505417686554804, 50.209965954629595 ], [ 18.46914712321319, 50.196311140468033 ] ] ] } },
{ "type": "Feature", "properties": { "hex_id": "regional-0335", "hex_level": "regional", "hex_edge_m": 3000, "line_count": 18, "line_length_m": 23961.5, "major_line_count": 2, "minor_line_count": 14, "cable_count": 2, "node_count": 152, "substation_count": 5, "transformer_count": 0, "generator_count": 0, "plant_count": 0, "support_count": 143, "switchgear_count": 4, "nearest_power_node_m": 304.4, "neighbor_ids": [ "regional-0311", "regional-0312", "regional-0334", "regional-0336", "regional-0358", "regional-0359" ], "has_infrastructure": true, "operational_status": "operational", "operational_status_note": "Infrastructure present; no failure simulation is active.", "connected_hex_ids": [ "regional-0311", "regional-0312", "regional-0334", "regional-0336", "regional-0358", "regional-0359" ], "connected_hex_count": 6, "confidence_score": 0.85, "confidence_label": "high", "data_quality_note": "OSM vector lines and power nodes in hex.", "source_mode": "osm_vector_derived", "kiut_role": "visual_reference_only", "infrastructure_score": 100.0 }, "geometry": { "type": "Polygon", "coordinates": [ [ [ 18.541967411079789, 50.196621053753674 ], [ 18.505417686554804, 50.209965954629595 ], [ 18.505138524951278, 50.236954164100887 ], [ 18.541450198417344, 50.25059775706395 ], [ 18.578021068485469, 50.237241666912425 ], [ 18.57825911876489, 50.210253183947692 ], [ 18.541967411079789, 50.196621053753674 ] ] ] } },
{ "type": "Feature", "properties": { "hex_id": "regional-0336", "hex_level": "regional", "hex_edge_m": 3000, "line_count": 52, "line_length_m": 33139.1, "major_line_count": 12, "minor_line_count": 35, "cable_count": 5, "node_count": 331, "substation_count": 12, "transformer_count": 5, "generator_count": 20, "plant_count": 0, "support_count": 287, "switchgear_count": 7, "nearest_power_node_m": 35.9, "neighbor_ids": [ "regional-0312", "regional-0313", "regional-0335", "regional-0337", "regional-0359", "regional-0360" ], "has_infrastructure": true, "operational_status": "operational", "operational_status_note": "Infrastructure present; no failure simulation is active.", "connected_hex_ids": [ "regional-0312", "regional-0313", "regional-0335", "regional-0337", "regional-0359", "regional-0360" ], "connected_hex_count": 6, "confidence_score": 0.85, "confidence_label": "high", "data_quality_note": "OSM vector lines and power nodes in hex.", "source_mode": "osm_vector_derived", "kiut_role": "visual_reference_only", "infrastructure_score": 100.0 }, "geometry": { "type": "Polygon", "coordinates": [ [ [ 18.614788876371122, 50.196885325399727 ], [ 18.57825911876489, 50.210253183947692 ], [ 18.578021068485469, 50.237241666912425 ], [ 18.614353888633442, 50.250862532219827 ], [ 18.650904699088503, 50.237483462038306 ], [ 18.651101635891159, 50.210494749058071 ], [ 18.614788876371122, 50.196885325399727 ] ] ] } },
{ "type": "Feature", "properties": { "hex_id": "regional-0337", "hex_level": "regional", "hex_edge_m": 3000, "line_count": 48, "line_length_m": 17838.4, "major_line_count": 24, "minor_line_count": 19, "cable_count": 5, "node_count": 206, "substation_count": 12, "transformer_count": 7, "generator_count": 16, "plant_count": 1, "support_count": 169, "switchgear_count": 1, "nearest_power_node_m": 211.4, "neighbor_ids": [ "regional-0313", "regional-0314", "regional-0336", "regional-0338", "regional-0360", "regional-0361" ], "has_infrastructure": true, "operational_status": "operational", "operational_status_note": "Infrastructure present; no failure simulation is active.", "connected_hex_ids": [ "regional-0313", "regional-0314", "regional-0336", "regional-0338", "regional-0360", "regional-0361" ], "connected_hex_count": 6, "confidence_score": 0.85, "confidence_label": "high", "data_quality_note": "OSM vector lines and power nodes in hex.", "source_mode": "osm_vector_derived", "kiut_role": "visual_reference_only", "infrastructure_score": 100.0 }, "geometry": { "type": "Polygon", "coordinates": [ [ [ 18.687611331917442, 50.197103953781372 ], [ 18.651101635891159, 50.210494749058071 ], [ 18.650904699088507, 50.237483462038306 ], [ 18.687258573038136, 50.251081577152625 ], [ 18.723789229025009, 50.237679547989963 ], [ 18.723945050569974, 50.210690648474852 ], [ 18.687611331917442, 50.197103953781372 ] ] ] } },
{ "type": "Feature", "properties": { "hex_id": "regional-0338", "hex_level": "regional", "hex_edge_m": 3000, "line_count": 64, "line_length_m": 42457.7, "major_line_count": 12, "minor_line_count": 51, "cable_count": 1, "node_count": 427, "substation_count": 6, "transformer_count": 2, "generator_count": 7, "plant_count": 0, "support_count": 412, "switchgear_count": 0, "nearest_power_node_m": 665.7, "neighbor_ids": [ "regional-0314", "regional-0315", "regional-0337", "regional-0339", "regional-0361", "regional-0362" ], "has_infrastructure": true, "operational_status": "operational", "operational_status_note": "Infrastructure present; no failure simulation is active.", "connected_hex_ids": [ "regional-0314", "regional-0315", "regional-0337", "regional-0339", "regional-0361", "regional-0362" ], "connected_hex_count": 6, "confidence_score": 0.85, "confidence_label": "high", "data_quality_note": "OSM vector lines and power nodes in hex.", "source_mode": "osm_vector_derived", "kiut_role": "visual_reference_only", "infrastructure_score": 100.0 }, "geometry": { "type": "Polygon", "coordinates": [ [ [ 18.760434590532928, 50.197276937554442 ], [ 18.723945050569974, 50.210690648474852 ], [ 18.723789229025009, 50.237679547989963 ], [ 18.760164063702106, 50.251254890513167 ], [ 18.796674470545003, 50.237829923560163 ], [ 18.796789175423115, 50.210840880993032 ], [ 18.760434590532928, 50.197276937554442 ] ] ] } },
{ "type": "Feature", "properties": { "hex_id": "regional-0339", "hex_level": "regional", "hex_edge_m": 3000, "line_count": 78, "line_length_m": 74089.5, "major_line_count": 44, "minor_line_count": 30, "cable_count": 4, "node_count": 538, "substation_count": 48, "transformer_count": 5, "generator_count": 9, "plant_count": 0, "support_count": 471, "switchgear_count": 5, "nearest_power_node_m": 238.0, "neighbor_ids": [ "regional-0315", "regional-0316", "regional-0338", "regional-0340", "regional-0362", "regional-0363" ], "has_infrastructure": true, "operational_status": "operational", "operational_status_note": "Infrastructure present; no failure simulation is active.", "connected_hex_ids": [ "regional-0315", "regional-0316", "regional-0338", "regional-0340", "regional-0362", "regional-0363" ], "connected_hex_count": 6, "confidence_score": 0.85, "confidence_label": "high", "data_quality_note": "OSM vector lines and power nodes in hex.", "source_mode": "osm_vector_derived", "kiut_role": "visual_reference_only", "infrastructure_score": 100.0 }, "geometry": { "type": "Polygon", "coordinates": [ [ [ 18.833258465018755, 50.197404275655337 ], [ 18.796789175423115, 50.210840880993032 ], [ 18.796674470545003, 50.237829923560163 ], [ 18.833070172682923, 50.251382471233967 ], [ 18.869560235886929, 50.237934587823119 ], [ 18.869633823060841, 50.21094544568853 ], [ 18.833258465018755, 50.197404275655337 ] ] ] } },
{ "type": "Feature", "properties": { "hex_id": "regional-0340", "hex_level": "regional", "hex_edge_m": 3000, "line_count": 15, "line_length_m": 16119.6, "major_line_count": 10, "minor_line_count": 4, "cable_count": 1, "node_count": 106, "substation_count": 3, "transformer_count": 1, "generator_count": 7, "plant_count": 1, "support_count": 93, "switchgear_count": 1, "nearest_power_node_m": 347.3, "neighbor_ids": [ "regional-0316", "regional-0317", "regional-0339", "regional-0341", "regional-0363", "regional-0364" ], "has_infrastructure": true, "operational_status": "operational", "operational_status_note": "Infrastructure present; no failure simulation is active.", "connected_hex_ids": [ "regional-0316", "regional-0317", "regional-0339", "regional-0341", "regional-0363", "regional-0364" ], "connected_hex_count": 6, "confidence_score": 0.85, "confidence_label": "high", "data_quality_note": "OSM vector lines and power nodes in hex.", "source_mode": "osm_vector_derived", "kiut_role": "visual_reference_only", "infrastructure_score": 100.0 }, "geometry": { "type": "Polygon", "coordinates": [ [ [ 18.90608276816608, 50.197485967301112 ], [ 18.869633823060841, 50.21094544568853 ], [ 18.869560235886929, 50.237934587823119 ], [ 18.905976712028092, 50.251464318529202 ], [ 18.942446337280714, 50.237993540134418 ], [ 18.942478806084928, 50.211004341918105 ], [ 18.90608276816608, 50.197485967301112 ] ] ] } },
{ "type": "Feature", "properties": { "hex_id": "regional-0341", "hex_level": "regional", "hex_edge_m": 3000, "line_count": 58, "line_length_m": 21155.1, "major_line_count": 56, "minor_line_count": 1, "cable_count": 1, "node_count": 212, "substation_count": 51, "transformer_count": 10, "generator_count": 3, "plant_count": 0, "support_count": 137, "switchgear_count": 11, "nearest_power_node_m": 428.3, "neighbor_ids": [ "regional-0317", "regional-0318", "regional-0340", "regional-0342", "regional-0364", "regional-0365" ], "has_infrastructure": true, "operational_status": "operational", "operational_status_note": "Infrastructure present; no failure simulation is active.", "connected_hex_ids": [ "regional-0317", "regional-0318", "regional-0340", "regional-0342", "regional-0364", "regional-0365" ], "connected_hex_count": 6, "confidence_score": 0.85, "confidence_label": "high", "data_quality_note": "OSM vector lines and power nodes in hex.", "source_mode": "osm_vector_derived", "kiut_role": "visual_reference_only", "infrastructure_score": 100.0 }, "geometry": { "type": "Polygon", "coordinates": [ [ [ 18.978907312759123, 50.197522011989477 ], [ 18.942478806084932, 50.211004341918105 ], [ 18.942446337280717, 50.237993540134418 ], [ 18.978883493778131, 50.251500431894726 ], [ 19.01533258695083, 50.238006780131094 ], [ 19.015323937091704, 50.211017569319466 ], [ 18.978907312759123, 50.197522011989477 ] ] ] } },
{ "type": "Feature", "properties": { "hex_id": "regional-0342", "hex_level": "regional", "hex_edge_m": 3000, "line_count": 21, "line_length_m": 23608.7, "major_line_count": 21, "minor_line_count": 0, "cable_count": 0, "node_count": 163, "substation_count": 31, "transformer_count": 9, "generator_count": 1, "plant_count": 0, "support_count": 119, "switchgear_count": 3, "nearest_power_node_m": 516.3, "neighbor_ids": [ "regional-0318", "regional-0319", "regional-0341", "regional-0343", "regional-0365", "regional-0366" ], "has_infrastructure": true, "operational_status": "operational", "operational_status_note": "Infrastructure present; no failure simulation is active.", "connected_hex_ids": [ "regional-0318", "regional-0319", "regional-0341", "regional-0343", "regional-0365", "regional-0366" ], "connected_hex_count": 6, "confidence_score": 0.85, "confidence_label": "high", "data_quality_note": "OSM vector lines and power nodes in hex.", "source_mode": "osm_vector_derived", "kiut_role": "visual_reference_only", "infrastructure_score": 100.0 }, "geometry": { "type": "Polygon", "coordinates": [ [ [ 19.05173191157818, 50.197512409498813 ], [ 19.015323937091704, 50.211017569319466 ], [ 19.01533258695083, 50.238006780131094 ], [ 19.051790329969595, 50.251490811108098 ], [ 19.088218797119328, 50.237974307731648 ], [ 19.08816902867509, 50.210985127811256 ], [ 19.05173191157818, 50.197512409498813 ] ] ] } },
{ "type": "Feature", "properties": { "hex_id": "regional-0343", "hex_level": "regional", "hex_edge_m": 3000, "line_count": 22, "line_length_m": 17015.9, "major_line_count": 17, "minor_line_count": 5, "cable_count": 0, "node_count": 117, "substation_count": 5, "transformer_count": 1, "generator_count": 27, "plant_count": 0, "support_count": 84, "switchgear_count": 0, "nearest_power_node_m": 1036.9, "neighbor_ids": [ "regional-0319", "regional-0320", "regional-0342", "regional-0344", "regional-0366", "regional-0367" ], "has_infrastructure": true, "operational_status": "operational", "operational_status_note": "Infrastructure present; no failure simulation is active.", "connected_hex_ids": [ "regional-0319", "regional-0320", "regional-0342", "regional-0344", "regional-0366", "regional-0367" ], "connected_hex_count": 6, "confidence_score": 0.85, "confidence_label": "high", "data_quality_note": "OSM vector lines and power nodes in hex.", "source_mode": "osm_vector_derived", "kiut_role": "visual_reference_only", "infrastructure_score": 100.0 }, "geometry": { "type": "Polygon", "coordinates": [ [ [ 19.124556377402676, 50.197457159888152 ], [ 19.08816902867509, 50.210985127811256 ], [ 19.088218797119328, 50.237974307731648 ], [ 19.124697032638174, 50.251435456228599 ], [ 19.161104780008909, 50.237896123136004 ], [ 19.161013893429651, 50.210907017593051 ], [ 19.124556377402676, 50.197457159888152 ] ] ] } },
{ "type": "Feature", "properties": { "hex_id": "regional-0344", "hex_level": "regional", "hex_edge_m": 3000, "line_count": 98, "line_length_m": 53753.1, "major_line_count": 78, "minor_line_count": 12, "cable_count": 8, "node_count": 373, "substation_count": 8, "transformer_count": 23, "generator_count": 13, "plant_count": 1, "support_count": 308, "switchgear_count": 20, "nearest_power_node_m": 22.1, "neighbor_ids": [ "regional-0320", "regional-0321", "regional-0343", "regional-0345", "regional-0367", "regional-0368" ], "has_infrastructure": true, "operational_status": "operational", "operational_status_note": "Infrastructure present; no failure simulation is active.", "connected_hex_ids": [ "regional-0320", "regional-0321", "regional-0343", "regional-0345", "regional-0367", "regional-0368" ], "connected_hex_count": 6, "confidence_score": 0.85, "confidence_label": "high", "data_quality_note": "OSM vector lines and power nodes in hex.", "source_mode": "osm_vector_derived", "kiut_role": "visual_reference_only", "infrastructure_score": 100.0 }, "geometry": { "type": "Polygon", "coordinates": [ [ [ 19.197380523014179, 50.197356263497213 ], [ 19.161013893429654, 50.210907017593051 ], [ 19.161104780008909, 50.237896123136004 ], [ 19.197603413821714, 50.251334367597138 ], [ 19.233990347845964, 50.237772226825527 ], [ 19.233858343953639, 50.210783239145293 ], [ 19.197380523014179, 50.197356263497213 ] ] ] } },
{ "type": "Feature", "properties": { "hex_id": "regional-0345", "hex_level": "regional", "hex_edge_m": 3000, "line_count": 39, "line_length_m": 46846.2, "major_line_count": 21, "minor_line_count": 16, "cable_count": 2, "node_count": 274, "substation_count": 16, "transformer_count": 5, "generator_count": 24, "plant_count": 0, "support_count": 222, "switchgear_count": 7, "nearest_power_node_m": 286.7, "neighbor_ids": [ "regional-0321", "regional-0322", "regional-0344", "regional-0346", "regional-0368", "regional-0369" ], "has_infrastructure": true, "operational_status": "operational", "operational_status_note": "Infrastructure present; no failure simulation is active.", "connected_hex_ids": [ "regional-0321", "regional-0322", "regional-0344", "regional-0346", "regional-0368", "regional-0369" ], "connected_hex_count": 6, "confidence_score": 0.85, "confidence_label": "high", "data_quality_note": "OSM vector lines and power nodes in hex.", "source_mode": "osm_vector_derived", "kiut_role": "visual_reference_only", "infrastructure_score": 100.0 }, "geometry": { "type": "Polygon", "coordinates": [ [ [ 19.270204161199462, 50.197209720946361 ], [ 19.233858343953639, 50.210783239145293 ], [ 19.233990347845964, 50.237772226825527 ], [ 19.270509285563296, 50.251187545836416 ], [ 19.306875312863635, 50.237602619562999 ], [ 19.306702192852018, 50.21061379322942 ], [ 19.270204161199462, 50.197209720946361 ] ] ] } },
{ "type": "Feature", "properties": { "hex_id": "regional-0346", "hex_level": "regional", "hex_edge_m": 3000, "line_count": 26, "line_length_m": 13295.1, "major_line_count": 0, "minor_line_count": 18, "cable_count": 8, "node_count": 161, "substation_count": 3, "transformer_count": 3, "generator_count": 36, "plant_count": 0, "support_count": 118, "switchgear_count": 1, "nearest_power_node_m": 146.5, "neighbor_ids": [ "regional-0322", "regional-0323", "regional-0345", "regional-0369", "regional-0370" ], "has_infrastructure": true, "operational_status": "operational", "operational_status_note": "Infrastructure present; no failure simulation is active.", "connected_hex_ids": [ "regional-0322", "regional-0323", "regional-0345", "regional-0369", "regional-0370" ], "connected_hex_count": 5, "confidence_score": 0.85, "confidence_label": "high", "data_quality_note": "OSM vector lines and power nodes in hex.", "source_mode": "osm_vector_derived", "kiut_role": "visual_reference_only", "infrastructure_score": 100.0 }, "geometry": { "type": "Polygon", "coordinates": [ [ [ 19.343027104753535, 50.197017533136616 ], [ 19.306702192852018, 50.21061379322942 ], [ 19.306875312863635, 50.237602619562999 ], [ 19.343414459914296, 50.25099499185076 ], [ 19.355399706292516, 50.246509791474686 ], [ 19.370210962424032, 50.207778613220597 ], [ 19.370375725740836, 50.207040528860709 ], [ 19.343027104753535, 50.197017533136616 ] ] ] } },
{ "type": "Feature", "properties": { "hex_id": "regional-0347", "hex_level": "regional", "hex_edge_m": 3000, "line_count": 0, "line_length_m": 0.0, "major_line_count": 0, "minor_line_count": 0, "cable_count": 0, "node_count": 0, "substation_count": 0, "transformer_count": 0, "generator_count": 0, "plant_count": 0, "support_count": 0, "switchgear_count": 0, "nearest_power_node_m": 708.5, "neighbor_ids": [ "regional-0324", "regional-0348" ], "has_infrastructure": false, "operational_status": "empty", "operational_status_note": "No OSM power infrastructure in this hex.", "connected_hex_ids": [ "regional-0324", "regional-0348" ], "connected_hex_count": 2, "confidence_score": 0.35, "confidence_label": "low", "data_quality_note": "Nearby OSM feature only; KIUT may be used as visual reference.", "source_mode": "osm_vector_derived", "kiut_role": "visual_reference_only", "infrastructure_score": 0.0 }, "geometry": { "type": "Polygon", "coordinates": [ [ [ 17.739628947969063, 50.244667703303094 ], [ 17.735663863158795, 50.243141648326457 ], [ 17.739207984792667, 50.25291389165961 ], [ 17.73940172302909, 50.253280493374518 ], [ 17.739628947969063, 50.244667703303094 ] ] ] } },
{ "type": "Feature", "properties": { "hex_id": "regional-0348", "hex_level": "regional", "hex_edge_m": 3000, "line_count": 13, "line_length_m": 22355.0, "major_line_count": 2, "minor_line_count": 10, "cable_count": 1, "node_count": 193, "substation_count": 3, "transformer_count": 0, "generator_count": 0, "plant_count": 0, "support_count": 185, "switchgear_count": 5, "nearest_power_node_m": 888.6, "neighbor_ids": [ "regional-0324", "regional-0325", "regional-0347", "regional-0349", "regional-0371", "regional-0372" ], "has_infrastructure": true, "operational_status": "operational", "operational_status_note": "Infrastructure present; no failure simulation is active.", "connected_hex_ids": [ "regional-0324", "regional-0325", "regional-0349", "regional-0371", "regional-0372" ], "connected_hex_count": 5, "confidence_score": 0.85, "confidence_label": "high", "data_quality_note": "OSM vector lines and power nodes in hex.", "source_mode": "osm_vector_derived", "kiut_role": "visual_reference_only", "infrastructure_score": 100.0 }, "geometry": { "type": "Polygon", "coordinates": [ [ [ 17.775030861758562, 50.285531511574256 ], [ 17.811838235707985, 50.272418586242146 ], [ 17.812509305584534, 50.245435341355922 ], [ 17.776414163618767, 50.231565741875016 ], [ 17.739628947969063, 50.244667703303094 ], [ 17.73940172302909, 50.253280493374518 ], [ 17.751717276615494, 50.276572603112974 ], [ 17.775030861758562, 50.285531511574256 ] ] ] } },
{ "type": "Feature", "properties": { "hex_id": "regional-0349", "hex_level": "regional", "hex_edge_m": 3000, "line_count": 18, "line_length_m": 32590.7, "major_line_count": 2, "minor_line_count": 16, "cable_count": 0, "node_count": 326, "substation_count": 5, "transformer_count": 0, "generator_count": 0, "plant_count": 0, "support_count": 309, "switchgear_count": 12, "nearest_power_node_m": 248.9, "neighbor_ids": [ "regional-0325", "regional-0326", "regional-0348", "regional-0350", "regional-0372", "regional-0373" ], "has_infrastructure": true, "operational_status": "operational", "operational_status_note": "Infrastructure present; no failure simulation is active.", "connected_hex_ids": [ "regional-0325", "regional-0326", "regional-0348", "regional-0350", "regional-0372", "regional-0373" ], "connected_hex_count": 6, "confidence_score": 0.85, "confidence_label": "high", "data_quality_note": "OSM vector lines and power nodes in hex.", "source_mode": "osm_vector_derived", "kiut_role": "visual_reference_only", "infrastructure_score": 100.0 }, "geometry": { "type": "Polygon", "coordinates": [ [ [ 17.849275516415727, 50.232310177795689 ], [ 17.812509305584534, 50.245435341355922 ], [ 17.811838235707985, 50.272418586242146 ], [ 17.847974540794748, 50.286277365900361 ], [ 17.884762819090547, 50.273141214945419 ], [ 17.885392722871963, 50.246157282603328 ], [ 17.849275516415727, 50.232310177795689 ] ] ] } },
{ "type": "Feature", "properties": { "hex_id": "regional-0350", "hex_level": "regional", "hex_edge_m": 3000, "line_count": 14, "line_length_m": 24724.7, "major_line_count": 0, "minor_line_count": 13, "cable_count": 1, "node_count": 241, "substation_count": 4, "transformer_count": 0, "generator_count": 0, "plant_count": 0, "support_count": 231, "switchgear_count": 6, "nearest_power_node_m": 159.9, "neighbor_ids": [ "regional-0326", "regional-0327", "regional-0349", "regional-0351", "regional-0373", "regional-0374" ], "has_infrastructure": true, "operational_status": "operational", "operational_status_note": "Infrastructure present; no failure simulation is active.", "connected_hex_ids": [ "regional-0326", "regional-0327", "regional-0349", "regional-0351", "regional-0373", "regional-0374" ], "connected_hex_count": 6, "confidence_score": 0.85, "confidence_label": "high", "data_quality_note": "OSM vector lines and power nodes in hex.", "source_mode": "osm_vector_derived", "kiut_role": "visual_reference_only", "infrastructure_score": 100.0 }, "geometry": { "type": "Polygon", "coordinates": [ [ [ 17.922139832160422, 50.233008936383087 ], [ 17.885392722871966, 50.246157282603328 ], [ 17.884762819090547, 50.273141214945419 ], [ 17.920921194556726, 50.28697745590248 ], [ 17.957690280264487, 50.273818098899667 ], [ 17.958279012247818, 50.246833522601072 ], [ 17.922139832160422, 50.233008936383087 ] ] ] } },
{ "type": "Feature", "properties": { "hex_id": "regional-0351", "hex_level": "regional", "hex_edge_m": 3000, "line_count": 24, "line_length_m": 23160.7, "major_line_count": 0, "minor_line_count": 22, "cable_count": 2, "node_count": 200, "substation_count": 4, "transformer_count": 0, "generator_count": 0, "plant_count": 0, "support_count": 185, "switchgear_count": 11, "nearest_power_node_m": 342.1, "neighbor_ids": [ "regional-0327", "regional-0328", "regional-0350", "regional-0352", "regional-0374", "regional-0375" ], "has_infrastructure": true, "operational_status": "operational", "operational_status_note": "Infrastructure present; no failure simulation is active.", "connected_hex_ids": [ "regional-0327", "regional-0328", "regional-0350", "regional-0352", "regional-0374", "regional-0375" ], "connected_hex_count": 6, "confidence_score": 0.85, "confidence_label": "high", "data_quality_note": "OSM vector lines and power nodes in hex.", "source_mode": "osm_vector_derived", "kiut_role": "visual_reference_only", "infrastructure_score": 100.0 }, "geometry": { "type": "Polygon", "coordinates": [ [ [ 17.995006923431308, 50.23366201333738 ], [ 17.958279012247818, 50.246833522601072 ], [ 17.957690280264487, 50.273818098899667 ], [ 17.993870634878576, 50.287631777264977 ], [ 18.03062043122732, 50.274449233934028 ], [ 18.031167986081886, 50.247464057185958 ], [ 17.995006923431308, 50.23366201333738 ] ] ] } },
{ "type": "Feature", "properties": { "hex_id": "regional-0352", "hex_level": "regional", "hex_edge_m": 3000, "line_count": 27, "line_length_m": 15267.0, "major_line_count": 2, "minor_line_count": 25, "cable_count": 0, "node_count": 175, "substation_count": 7, "transformer_count": 0, "generator_count": 0, "plant_count": 0, "support_count": 154, "switchgear_count": 14, "nearest_power_node_m": 392.1, "neighbor_ids": [ "regional-0328", "regional-0329", "regional-0351", "regional-0353", "regional-0375", "regional-0376" ], "has_infrastructure": true, "operational_status": "operational", "operational_status_note": "Infrastructure present; no failure simulation is active.", "connected_hex_ids": [ "regional-0328", "regional-0329", "regional-0351", "regional-0353", "regional-0375", "regional-0376" ], "connected_hex_count": 6, "confidence_score": 0.85, "confidence_label": "high", "data_quality_note": "OSM vector lines and power nodes in hex.", "source_mode": "osm_vector_derived", "kiut_role": "visual_reference_only", "infrastructure_score": 100.0 }, "geometry": { "type": "Polygon", "coordinates": [ [ [ 18.067876602761778, 50.234269404639647 ], [ 18.031167986081886, 50.247464057185958 ], [ 18.03062043122732, 50.274449233934028 ], [ 18.066822673549005, 50.288240325954092 ], [ 18.103553083932791, 50.275034616159253 ], [ 18.104059456700327, 50.248048882475878 ], [ 18.067876602761778, 50.234269404639647 ] ] ] } },
{ "type": "Feature", "properties": { "hex_id": "regional-0353", "hex_level": "regional", "hex_edge_m": 3000, "line_count": 31, "line_length_m": 47492.5, "major_line_count": 5, "minor_line_count": 23, "cable_count": 3, "node_count": 314, "substation_count": 6, "transformer_count": 0, "generator_count": 0, "plant_count": 0, "support_count": 292, "switchgear_count": 16, "nearest_power_node_m": 865.8, "neighbor_ids": [ "regional-0329", "regional-0330", "regional-0352", "regional-0354", "regional-0376", "regional-0377" ], "has_infrastructure": true, "operational_status": "operational", "operational_status_note": "Infrastructure present; no failure simulation is active.", "connected_hex_ids": [ "regional-0329", "regional-0330", "regional-0352", "regional-0354", "regional-0376", "regional-0377" ], "connected_hex_count": 6, "confidence_score": 0.85, "confidence_label": "high", "data_quality_note": "OSM vector lines and power nodes in hex.", "source_mode": "osm_vector_derived", "kiut_role": "visual_reference_only", "infrastructure_score": 100.0 }, "geometry": { "type": "Polygon", "coordinates": [ [ [ 18.14074868264316, 50.234831106551795 ], [ 18.104059456700327, 50.248048882475878 ], [ 18.103553083932795, 50.275034616159253 ], [ 18.139777122314378, 50.28880309821799 ], [ 18.176488050293916, 50.275574241967846 ], [ 18.176953236388698, 50.248587994869951 ], [ 18.14074868264316, 50.234831106551795 ] ] ] } },
{ "type": "Feature", "properties": { "hex_id": "regional-0354", "hex_level": "regional", "hex_edge_m": 3000, "line_count": 24, "line_length_m": 19049.4, "major_line_count": 0, "minor_line_count": 23, "cable_count": 1, "node_count": 203, "substation_count": 5, "transformer_count": 0, "generator_count": 0, "plant_count": 0, "support_count": 190, "switchgear_count": 8, "nearest_power_node_m": 100.1, "neighbor_ids": [ "regional-0330", "regional-0331", "regional-0353", "regional-0355", "regional-0377", "regional-0378" ], "has_infrastructure": true, "operational_status": "operational", "operational_status_note": "Infrastructure present; no failure simulation is active.", "connected_hex_ids": [ "regional-0330", "regional-0331", "regional-0353", "regional-0355", "regional-0377", "regional-0378" ], "connected_hex_count": 6, "confidence_score": 0.85, "confidence_label": "high", "data_quality_note": "OSM vector lines and power nodes in hex.", "source_mode": "osm_vector_derived", "kiut_role": "visual_reference_only", "infrastructure_score": 100.0 }, "geometry": { "type": "Polygon", "coordinates": [ [ [ 18.213622975527805, 50.235347115616754 ], [ 18.176953236388702, 50.248587994869951 ], [ 18.176488050293916, 50.275574241967846 ], [ 18.212733792881803, 50.289320090586834 ], [ 18.249425142186041, 50.27606810803406 ], [ 18.249849137395035, 50.249081391048541 ], [ 18.213622975527805, 50.235347115616754 ] ] ] } },
{ "type": "Feature", "properties": { "hex_id": "regional-0355", "hex_level": "regional", "hex_edge_m": 3000, "line_count": 57, "line_length_m": 59451.2, "major_line_count": 7, "minor_line_count": 40, "cable_count": 10, "node_count": 413, "substation_count": 4, "transformer_count": 1, "generator_count": 0, "plant_count": 0, "support_count": 401, "switchgear_count": 7, "nearest_power_node_m": 150.4, "neighbor_ids": [ "regional-0331", "regional-0332", "regional-0354", "regional-0356", "regional-0378", "regional-0379" ], "has_infrastructure": true, "operational_status": "operational", "operational_status_note": "Infrastructure present; no failure simulation is active.", "connected_hex_ids": [ "regional-0331", "regional-0332", "regional-0354", "regional-0356", "regional-0378", "regional-0379" ], "connected_hex_count": 6, "confidence_score": 0.85, "confidence_label": "high", "data_quality_note": "OSM vector lines and power nodes in hex.", "source_mode": "osm_vector_derived", "kiut_role": "visual_reference_only", "infrastructure_score": 100.0 }, "geometry": { "type": "Polygon", "coordinates": [ [ [ 18.28649929383209, 50.23581742865845 ], [ 18.249849137395035, 50.249081391048541 ], [ 18.249425142186041, 50.27606810803406 ], [ 18.285692496922199, 50.289791299872903 ], [ 18.322364171449905, 50.276516211314025 ], [ 18.322746971932865, 50.249529067973377 ], [ 18.28649929383209, 50.23581742865845 ] ] ] } },
{ "type": "Feature", "properties": { "hex_id": "regional-0356", "hex_level": "regional", "hex_edge_m": 3000, "line_count": 20, "line_length_m": 42001.1, "major_line_count": 7, "minor_line_count": 10, "cable_count": 3, "node_count": 233, "substation_count": 6, "transformer_count": 0, "generator_count": 0, "plant_count": 0, "support_count": 225, "switchgear_count": 2, "nearest_power_node_m": 1316.8, "neighbor_ids": [ "regional-0332", "regional-0333", "regional-0355", "regional-0357", "regional-0379", "regional-0380" ], "has_infrastructure": true, "operational_status": "operational", "operational_status_note": "Infrastructure present; no failure simulation is active.", "connected_hex_ids": [ "regional-0332", "regional-0333", "regional-0355", "regional-0357", "regional-0379" ], "connected_hex_count": 5, "confidence_score": 0.85, "confidence_label": "high", "data_quality_note": "OSM vector lines and power nodes in hex.", "source_mode": "osm_vector_derived", "kiut_role": "visual_reference_only", "infrastructure_score": 100.0 }, "geometry": { "type": "Polygon", "coordinates": [ [ [ 18.359377449939494, 50.236242042782031 ], [ 18.322746971932865, 50.249529067973377 ], [ 18.322364171449905, 50.276516211314025 ], [ 18.358653046073332, 50.290216723170587 ], [ 18.395304949894697, 50.276918549045796 ], [ 18.395646552184278, 50.249931022887587 ], [ 18.359377449939494, 50.236242042782031 ] ] ] } },
{ "type": "Feature", "properties": { "hex_id": "regional-0357", "hex_level": "regional", "hex_edge_m": 3000, "line_count": 15, "line_length_m": 32322.8, "major_line_count": 5, "minor_line_count": 10, "cable_count": 0, "node_count": 143, "substation_count": 3, "transformer_count": 1, "generator_count": 0, "plant_count": 0, "support_count": 136, "switchgear_count": 3, "nearest_power_node_m": 166.1, "neighbor_ids": [ "regional-0333", "regional-0334", "regional-0356", "regional-0358", "regional-0380", "regional-0381" ], "has_infrastructure": true, "operational_status": "operational", "operational_status_note": "Infrastructure present; no failure simulation is active.", "connected_hex_ids": [ "regional-0333", "regional-0334", "regional-0356", "regional-0358", "regional-0381" ], "connected_hex_count": 5, "confidence_score": 0.85, "confidence_label": "high", "data_quality_note": "OSM vector lines and power nodes in hex.", "source_mode": "osm_vector_derived", "kiut_role": "visual_reference_only", "infrastructure_score": 100.0 }, "geometry": { "type": "Polygon", "coordinates": [ [ [ 18.432257256203627, 50.236620955373681 ], [ 18.395646552184278, 50.249931022887587 ], [ 18.395304949894697, 50.276918549045796 ], [ 18.431615251942912, 50.290596357856522 ], [ 18.468247289301125, 50.277275118749401 ], [ 18.468547690302984, 50.250287253315754 ], [ 18.432257256203627, 50.236620955373681 ] ] ] } },
{ "type": "Feature", "properties": { "hex_id": "regional-0358", "hex_level": "regional", "hex_edge_m": 3000, "line_count": 24, "line_length_m": 29144.2, "major_line_count": 5, "minor_line_count": 16, "cable_count": 3, "node_count": 184, "substation_count": 6, "transformer_count": 0, "generator_count": 0, "plant_count": 0, "support_count": 173, "switchgear_count": 5, "nearest_power_node_m": 931.5, "neighbor_ids": [ "regional-0334", "regional-0335", "regional-0357", "regional-0359", "regional-0381", "regional-0382" ], "has_infrastructure": true, "operational_status": "operational", "operational_status_note": "Infrastructure present; no failure simulation is active.", "connected_hex_ids": [ "regional-0334", "regional-0335", "regional-0357", "regional-0359", "regional-0381", "regional-0382" ], "connected_hex_count": 6, "confidence_score": 0.85, "confidence_label": "high", "data_quality_note": "OSM vector lines and power nodes in hex.", "source_mode": "osm_vector_derived", "kiut_role": "visual_reference_only", "infrastructure_score": 100.0 }, "geometry": { "type": "Polygon", "coordinates": [ [ [ 18.505138524951278, 50.236954164100887 ], [ 18.468547690302987, 50.250287253315754 ], [ 18.468247289301125, 50.277275118749401 ], [ 18.504578926111641, 50.290930201589589 ], [ 18.541191001424469, 50.277585918226876 ], [ 18.541450198417344, 50.25059775706395 ], [ 18.505138524951278, 50.236954164100887 ] ] ] } },
{ "type": "Feature", "properties": { "hex_id": "regional-0359", "hex_level": "regional", "hex_edge_m": 3000, "line_count": 28, "line_length_m": 26154.2, "major_line_count": 4, "minor_line_count": 22, "cable_count": 2, "node_count": 388, "substation_count": 10, "transformer_count": 2, "generator_count": 185, "plant_count": 0, "support_count": 185, "switchgear_count": 6, "nearest_power_node_m": 60.9, "neighbor_ids": [ "regional-0335", "regional-0336", "regional-0358", "regional-0360", "regional-0382", "regional-0383" ], "has_infrastructure": true, "operational_status": "operational", "operational_status_note": "Infrastructure present; no failure simulation is active.", "connected_hex_ids": [ "regional-0335", "regional-0336", "regional-0358", "regional-0360", "regional-0382", "regional-0383" ], "connected_hex_count": 6, "confidence_score": 0.85, "confidence_label": "high", "data_quality_note": "OSM vector lines and power nodes in hex.", "source_mode": "osm_vector_derived", "kiut_role": "visual_reference_only", "infrastructure_score": 100.0 }, "geometry": { "type": "Polygon", "coordinates": [ [ [ 18.578021068485469, 50.237241666912425 ], [ 18.541450198417344, 50.25059775706395 ], [ 18.541191001424469, 50.277585918226876 ], [ 18.577543880136307, 50.291218252310948 ], [ 18.614135897997659, 50.277850945562342 ], [ 18.614353888633442, 50.250862532219827 ], [ 18.578021068485469, 50.237241666912425 ] ] ] } },
{ "type": "Feature", "properties": { "hex_id": "regional-0360", "hex_level": "regional", "hex_edge_m": 3000, "line_count": 24, "line_length_m": 34933.1, "major_line_count": 10, "minor_line_count": 10, "cable_count": 4, "node_count": 217, "substation_count": 9, "transformer_count": 3, "generator_count": 18, "plant_count": 0, "support_count": 184, "switchgear_count": 3, "nearest_power_node_m": 267.5, "neighbor_ids": [ "regional-0336", "regional-0337", "regional-0359", "regional-0361", "regional-0383", "regional-0384" ], "has_infrastructure": true, "operational_status": "operational", "operational_status_note": "Infrastructure present; no failure simulation is active.", "connected_hex_ids": [ "regional-0336", "regional-0337", "regional-0359", "regional-0361", "regional-0383", "regional-0384" ], "connected_hex_count": 6, "confidence_score": 0.85, "confidence_label": "high", "data_quality_note": "OSM vector lines and power nodes in hex.", "source_mode": "osm_vector_derived", "kiut_role": "visual_reference_only", "infrastructure_score": 100.0 }, "geometry": { "type": "Polygon", "coordinates": [ [ [ 18.650904699088507, 50.237483462038306 ], [ 18.614353888633442, 50.250862532219827 ], [ 18.614135897997659, 50.277850945562342 ], [ 18.650509925552821, 50.291460508244157 ], [ 18.687081790734318, 50.278070199122048 ], [ 18.687258573038136, 50.251081577152625 ], [ 18.650904699088507, 50.237483462038306 ] ] ] } },
{ "type": "Feature", "properties": { "hex_id": "regional-0361", "hex_level": "regional", "hex_edge_m": 3000, "line_count": 64, "line_length_m": 39645.7, "major_line_count": 28, "minor_line_count": 29, "cable_count": 7, "node_count": 313, "substation_count": 10, "transformer_count": 20, "generator_count": 10, "plant_count": 0, "support_count": 257, "switchgear_count": 16, "nearest_power_node_m": 61.9, "neighbor_ids": [ "regional-0337", "regional-0338", "regional-0360", "regional-0362", "regional-0384", "regional-0385" ], "has_infrastructure": true, "operational_status": "operational", "operational_status_note": "Infrastructure present; no failure simulation is active.", "connected_hex_ids": [ "regional-0337", "regional-0338", "regional-0360", "regional-0362", "regional-0384", "regional-0385" ], "connected_hex_count": 6, "confidence_score": 0.85, "confidence_label": "high", "data_quality_note": "OSM vector lines and power nodes in hex.", "source_mode": "osm_vector_derived", "kiut_role": "visual_reference_only", "infrastructure_score": 100.0 }, "geometry": { "type": "Polygon", "coordinates": [ [ [ 18.723789229025009, 50.237679547989963 ], [ 18.687258573038136, 50.251081577152625 ], [ 18.687081790734322, 50.278070199122048 ], [ 18.723476873879306, 50.291656967895122 ], [ 18.760028491331866, 50.278243677554315 ], [ 18.760164063702106, 50.251254890513167 ], [ 18.723789229025009, 50.237679547989963 ] ] ] } },
{ "type": "Feature", "properties": { "hex_id": "regional-0362", "hex_level": "regional", "hex_edge_m": 3000, "line_count": 18, "line_length_m": 15626.0, "major_line_count": 17, "minor_line_count": 1, "cable_count": 0, "node_count": 94, "substation_count": 6, "transformer_count": 3, "generator_count": 1, "plant_count": 1, "support_count": 81, "switchgear_count": 2, "nearest_power_node_m": 237.5, "neighbor_ids": [ "regional-0338", "regional-0339", "regional-0361", "regional-0363", "regional-0385", "regional-0386" ], "has_infrastructure": true, "operational_status": "operational", "operational_status_note": "Infrastructure present; no failure simulation is active.", "connected_hex_ids": [ "regional-0338", "regional-0339", "regional-0361", "regional-0363", "regional-0385", "regional-0386" ], "connected_hex_count": 6, "confidence_score": 0.85, "confidence_label": "high", "data_quality_note": "OSM vector lines and power nodes in hex.", "source_mode": "osm_vector_derived", "kiut_role": "visual_reference_only", "infrastructure_score": 100.0 }, "geometry": { "type": "Polygon", "coordinates": [ [ [ 18.796674470545003, 50.237829923560163 ], [ 18.760164063702106, 50.251254890513167 ], [ 18.760028491331866, 50.278243677554315 ], [ 18.796444536619177, 50.291807630052176 ], [ 18.832975811474537, 50.278371379789718 ], [ 18.833070172682923, 50.251382471233967 ], [ 18.796674470545003, 50.237829923560163 ] ] ] } },
{ "type": "Feature", "properties": { "hex_id": "regional-0363", "hex_level": "regional", "hex_edge_m": 3000, "line_count": 37, "line_length_m": 27549.2, "major_line_count": 36, "minor_line_count": 0, "cable_count": 1, "node_count": 300, "substation_count": 110, "transformer_count": 6, "generator_count": 40, "plant_count": 3, "support_count": 137, "switchgear_count": 4, "nearest_power_node_m": 236.1, "neighbor_ids": [ "regional-0339", "regional-0340", "regional-0362", "regional-0364", "regional-0386", "regional-0387" ], "has_infrastructure": true, "operational_status": "operational", "operational_status_note": "Infrastructure present; no failure simulation is active.", "connected_hex_ids": [ "regional-0339", "regional-0340", "regional-0362", "regional-0364", "regional-0386", "regional-0387" ], "connected_hex_count": 6, "confidence_score": 0.85, "confidence_label": "high", "data_quality_note": "OSM vector lines and power nodes in hex.", "source_mode": "osm_vector_derived", "kiut_role": "visual_reference_only", "infrastructure_score": 100.0 }, "geometry": { "type": "Polygon", "coordinates": [ [ [ 18.869560235886929, 50.237934587823119 ], [ 18.833070172682923, 50.251382471233967 ], [ 18.832975811474537, 50.278371379789718 ], [ 18.869412725264194, 50.291912493786086 ], [ 18.905923562836488, 50.278453305040969 ], [ 18.905976712028092, 50.251464318529202 ], [ 18.869560235886929, 50.237934587823119 ] ] ] } },
{ "type": "Feature", "properties": { "hex_id": "regional-0364", "hex_level": "regional", "hex_edge_m": 3000, "line_count": 98, "line_length_m": 26665.8, "major_line_count": 91, "minor_line_count": 4, "cable_count": 3, "node_count": 316, "substation_count": 105, "transformer_count": 13, "generator_count": 16, "plant_count": 2, "support_count": 150, "switchgear_count": 30, "nearest_power_node_m": 95.0, "neighbor_ids": [ "regional-0340", "regional-0341", "regional-0363", "regional-0365", "regional-0387", "regional-0388" ], "has_infrastructure": true, "operational_status": "operational", "operational_status_note": "Infrastructure present; no failure simulation is active.", "connected_hex_ids": [ "regional-0340", "regional-0341", "regional-0363", "regional-0365", "regional-0387", "regional-0388" ], "connected_hex_count": 6, "confidence_score": 0.85, "confidence_label": "high", "data_quality_note": "OSM vector lines and power nodes in hex.", "source_mode": "osm_vector_derived", "kiut_role": "visual_reference_only", "infrastructure_score": 100.0 }, "geometry": { "type": "Polygon", "coordinates": [ [ [ 18.942446337280717, 50.237993540134418 ], [ 18.905976712028092, 50.251464318529202 ], [ 18.905923562836488, 50.278453305040969 ], [ 18.94238125129754, 50.291971558450108 ], [ 18.978871557084847, 50.278489452803008 ], [ 18.978883493778131, 50.251500431894726 ], [ 18.942446337280717, 50.237993540134418 ] ] ] } },
{ "type": "Feature", "properties": { "hex_id": "regional-0365", "hex_level": "regional", "hex_edge_m": 3000, "line_count": 47, "line_length_m": 24757.9, "major_line_count": 39, "minor_line_count": 0, "cable_count": 8, "node_count": 323, "substation_count": 182, "transformer_count": 16, "generator_count": 5, "plant_count": 0, "support_count": 116, "switchgear_count": 4, "nearest_power_node_m": 372.2, "neighbor_ids": [ "regional-0341", "regional-0342", "regional-0364", "regional-0366", "regional-0388", "regional-0389" ], "has_infrastructure": true, "operational_status": "operational", "operational_status_note": "Infrastructure present; no failure simulation is active.", "connected_hex_ids": [ "regional-0341", "regional-0342", "regional-0364", "regional-0366", "regional-0388", "regional-0389" ], "connected_hex_count": 6, "confidence_score": 0.85, "confidence_label": "high", "data_quality_note": "OSM vector lines and power nodes in hex.", "source_mode": "osm_vector_derived", "kiut_role": "visual_reference_only", "infrastructure_score": 100.0 }, "geometry": { "type": "Polygon", "coordinates": [ [ [ 19.01533258695083, 50.238006780131094 ], [ 18.978883493778131, 50.251500431894726 ], [ 18.978871557084847, 50.278489452803008 ], [ 19.015349926196915, 50.291984823679933 ], [ 19.051819605882784, 50.278479822852965 ], [ 19.051790329969595, 50.251490811108098 ], [ 19.01533258695083, 50.238006780131094 ] ] ] } },
{ "type": "Feature", "properties": { "hex_id": "regional-0366", "hex_level": "regional", "hex_edge_m": 3000, "line_count": 80, "line_length_m": 36728.4, "major_line_count": 65, "minor_line_count": 13, "cable_count": 2, "node_count": 422, "substation_count": 65, "transformer_count": 11, "generator_count": 20, "plant_count": 0, "support_count": 272, "switchgear_count": 54, "nearest_power_node_m": 334.2, "neighbor_ids": [ "regional-0342", "regional-0343", "regional-0365", "regional-0367", "regional-0389", "regional-0390" ], "has_infrastructure": true, "operational_status": "operational", "operational_status_note": "Infrastructure present; no failure simulation is active.", "connected_hex_ids": [ "regional-0342", "regional-0343", "regional-0365", "regional-0367", "regional-0389", "regional-0390" ], "connected_hex_count": 6, "confidence_score": 0.85, "confidence_label": "high", "data_quality_note": "OSM vector lines and power nodes in hex.", "source_mode": "osm_vector_derived", "kiut_role": "visual_reference_only", "infrastructure_score": 100.0 }, "geometry": { "type": "Polygon", "coordinates": [ [ [ 19.088218797119328, 50.237974307731648 ], [ 19.051790329969599, 50.251490811108098 ], [ 19.051819605882784, 50.278479822852965 ], [ 19.088318561437575, 50.291952289393741 ], [ 19.124767520892586, 50.278424415250221 ], [ 19.124697032638174, 50.251435456228599 ], [ 19.088218797119328, 50.237974307731648 ] ] ] } },
{ "type": "Feature", "properties": { "hex_id": "regional-0367", "hex_level": "regional", "hex_edge_m": 3000, "line_count": 86, "line_length_m": 42620.1, "major_line_count": 54, "minor_line_count": 29, "cable_count": 3, "node_count": 374, "substation_count": 42, "transformer_count": 14, "generator_count": 3, "plant_count": 0, "support_count": 302, "switchgear_count": 13, "nearest_power_node_m": 353.9, "neighbor_ids": [ "regional-0343", "regional-0344", "regional-0366", "regional-0368", "regional-0390", "regional-0391" ], "has_infrastructure": true, "operational_status": "operational", "operational_status_note": "Infrastructure present; no failure simulation is active.", "connected_hex_ids": [ "regional-0343", "regional-0344", "regional-0366", "regional-0368", "regional-0390", "regional-0391" ], "connected_hex_count": 6, "confidence_score": 0.85, "confidence_label": "high", "data_quality_note": "OSM vector lines and power nodes in hex.", "source_mode": "osm_vector_derived", "kiut_role": "visual_reference_only", "infrastructure_score": 100.0 }, "geometry": { "type": "Polygon", "coordinates": [ [ [ 19.161104780008909, 50.237896123136004 ], [ 19.124697032638174, 50.251435456228599 ], [ 19.124767520892586, 50.278424415250221 ], [ 19.161286968495428, 50.291873955792205 ], [ 19.197715113778713, 50.278323230336376 ], [ 19.197603413821714, 50.251334367597138 ], [ 19.161104780008909, 50.237896123136004 ] ] ] } },
{ "type": "Feature", "properties": { "hex_id": "regional-0368", "hex_level": "regional", "hex_edge_m": 3000, "line_count": 83, "line_length_m": 63855.9, "major_line_count": 40, "minor_line_count": 35, "cable_count": 8, "node_count": 467, "substation_count": 9, "transformer_count": 5, "generator_count": 13, "plant_count": 0, "support_count": 434, "switchgear_count": 6, "nearest_power_node_m": 402.2, "neighbor_ids": [ "regional-0344", "regional-0345", "regional-0367", "regional-0369", "regional-0391", "regional-0392" ], "has_infrastructure": true, "operational_status": "operational", "operational_status_note": "Infrastructure present; no failure simulation is active.", "connected_hex_ids": [ "regional-0344", "regional-0345", "regional-0367", "regional-0369", "regional-0391", "regional-0392" ], "connected_hex_count": 6, "confidence_score": 0.85, "confidence_label": "high", "data_quality_note": "OSM vector lines and power nodes in hex.", "source_mode": "osm_vector_derived", "kiut_role": "visual_reference_only", "infrastructure_score": 100.0 }, "geometry": { "type": "Polygon", "coordinates": [ [ [ 19.233990347845964, 50.237772226825527 ], [ 19.197603413821717, 50.251334367597138 ], [ 19.197715113778713, 50.278323230336376 ], [ 19.234254958850102, 50.291749823358451 ], [ 19.270662196210878, 50.278176268735216 ], [ 19.270509285563296, 50.251187545836416 ], [ 19.233990347845964, 50.237772226825527 ] ] ] } },
{ "type": "Feature", "properties": { "hex_id": "regional-0369", "hex_level": "regional", "hex_edge_m": 3000, "line_count": 33, "line_length_m": 38567.9, "major_line_count": 10, "minor_line_count": 12, "cable_count": 11, "node_count": 206, "substation_count": 8, "transformer_count": 4, "generator_count": 0, "plant_count": 0, "support_count": 186, "switchgear_count": 8, "nearest_power_node_m": 1142.6, "neighbor_ids": [ "regional-0345", "regional-0346", "regional-0368", "regional-0370", "regional-0392", "regional-0393" ], "has_infrastructure": true, "operational_status": "operational", "operational_status_note": "Infrastructure present; no failure simulation is active.", "connected_hex_ids": [ "regional-0345", "regional-0346", "regional-0368", "regional-0370", "regional-0392", "regional-0393" ], "connected_hex_count": 6, "confidence_score": 0.85, "confidence_label": "high", "data_quality_note": "OSM vector lines and power nodes in hex.", "source_mode": "osm_vector_derived", "kiut_role": "visual_reference_only", "infrastructure_score": 100.0 }, "geometry": { "type": "Polygon", "coordinates": [ [ [ 19.343414459914296, 50.25099499185076 ], [ 19.306875312863635, 50.237602619562999 ], [ 19.2705092855633, 50.251187545836416 ], [ 19.270662196210878, 50.278176268735216 ], [ 19.307222343988023, 50.29157989285811 ], [ 19.339332877337689, 50.279582215916527 ], [ 19.34356473763469, 50.271891736782905 ], [ 19.343414459914296, 50.25099499185076 ] ] ] } },
{ "type": "Feature", "properties": { "hex_id": "regional-0370", "hex_level": "regional", "hex_edge_m": 3000, "line_count": 3, "line_length_m": 770.7, "major_line_count": 0, "minor_line_count": 2, "cable_count": 1, "node_count": 7, "substation_count": 0, "transformer_count": 0, "generator_count": 0, "plant_count": 0, "support_count": 7, "switchgear_count": 0, "nearest_power_node_m": 931.8, "neighbor_ids": [ "regional-0346", "regional-0369", "regional-0393" ], "has_infrastructure": true, "operational_status": "operational", "operational_status_note": "Infrastructure present; no failure simulation is active.", "connected_hex_ids": [ "regional-0346", "regional-0369", "regional-0393" ], "connected_hex_count": 3, "confidence_score": 0.62, "confidence_label": "medium", "data_quality_note": "OSM vector feature present; topology is inferred.", "source_mode": "osm_vector_derived", "kiut_role": "visual_reference_only", "infrastructure_score": 8.9 }, "geometry": { "type": "Polygon", "coordinates": [ [ [ 19.343414459914296, 50.25099499185076 ], [ 19.34356473763469, 50.271891736782905 ], [ 19.350532208628906, 50.259224154451644 ], [ 19.355399706292516, 50.246509791474686 ], [ 19.343414459914296, 50.25099499185076 ] ] ] } },
{ "type": "Feature", "properties": { "hex_id": "regional-0371", "hex_level": "regional", "hex_edge_m": 3000, "line_count": 9, "line_length_m": 7076.7, "major_line_count": 2, "minor_line_count": 6, "cable_count": 1, "node_count": 69, "substation_count": 1, "transformer_count": 0, "generator_count": 0, "plant_count": 0, "support_count": 63, "switchgear_count": 5, "nearest_power_node_m": 65.7, "neighbor_ids": [ "regional-0348", "regional-0372", "regional-0394" ], "has_infrastructure": true, "operational_status": "operational", "operational_status_note": "Infrastructure present; no failure simulation is active.", "connected_hex_ids": [ "regional-0348", "regional-0372", "regional-0394" ], "connected_hex_count": 3, "confidence_score": 0.85, "confidence_label": "high", "data_quality_note": "OSM vector lines and power nodes in hex.", "source_mode": "osm_vector_derived", "kiut_role": "visual_reference_only", "infrastructure_score": 53.9 }, "geometry": { "type": "Polygon", "coordinates": [ [ [ 17.774337630448905, 50.312514197067934 ], [ 17.775030861758562, 50.285531511574256 ], [ 17.751717276615494, 50.276572603112974 ], [ 17.765745934047082, 50.303075823801997 ], [ 17.772805977106284, 50.313059118466292 ], [ 17.774337630448905, 50.312514197067934 ] ] ] } },
{ "type": "Feature", "properties": { "hex_id": "regional-0372", "hex_level": "regional", "hex_edge_m": 3000, "line_count": 14, "line_length_m": 17646.0, "major_line_count": 2, "minor_line_count": 12, "cable_count": 0, "node_count": 227, "substation_count": 4, "transformer_count": 0, "generator_count": 0, "plant_count": 1, "support_count": 214, "switchgear_count": 8, "nearest_power_node_m": 465.0, "neighbor_ids": [ "regional-0348", "regional-0349", "regional-0371", "regional-0373", "regional-0394", "regional-0395" ], "has_infrastructure": true, "operational_status": "operational", "operational_status_note": "Infrastructure present; no failure simulation is active.", "connected_hex_ids": [ "regional-0348", "regional-0349", "regional-0371", "regional-0373", "regional-0394", "regional-0395" ], "connected_hex_count": 6, "confidence_score": 0.85, "confidence_label": "high", "data_quality_note": "OSM vector lines and power nodes in hex.", "source_mode": "osm_vector_derived", "kiut_role": "visual_reference_only", "infrastructure_score": 100.0 }, "geometry": { "type": "Polygon", "coordinates": [ [ [ 17.811838235707985, 50.272418586242146 ], [ 17.775030861758562, 50.285531511574256 ], [ 17.774337630448905, 50.312514197067934 ], [ 17.810493028171752, 50.326384678523056 ], [ 17.84732256660152, 50.313260761794126 ], [ 17.847974540794748, 50.286277365900361 ], [ 17.811838235707985, 50.272418586242146 ] ] ] } },
{ "type": "Feature", "properties": { "hex_id": "regional-0373", "hex_level": "regional", "hex_edge_m": 3000, "line_count": 7, "line_length_m": 8662.8, "major_line_count": 0, "minor_line_count": 7, "cable_count": 0, "node_count": 75, "substation_count": 1, "transformer_count": 0, "generator_count": 0, "plant_count": 0, "support_count": 71, "switchgear_count": 3, "nearest_power_node_m": 892.1, "neighbor_ids": [ "regional-0349", "regional-0350", "regional-0372", "regional-0374", "regional-0395", "regional-0396" ], "has_infrastructure": true, "operational_status": "operational", "operational_status_note": "Infrastructure present; no failure simulation is active.", "connected_hex_ids": [ "regional-0349", "regional-0350", "regional-0372", "regional-0374", "regional-0395", "regional-0396" ], "connected_hex_count": 6, "confidence_score": 0.85, "confidence_label": "high", "data_quality_note": "OSM vector lines and power nodes in hex.", "source_mode": "osm_vector_derived", "kiut_role": "visual_reference_only", "infrastructure_score": 52.6 }, "geometry": { "type": "Polygon", "coordinates": [ [ [ 17.884762819090547, 50.273141214945419 ], [ 17.847974540794748, 50.286277365900361 ], [ 17.84732256660152, 50.313260761794126 ], [ 17.883500131824949, 50.327108684460264 ], [ 17.920310483393148, 50.313961518627622 ], [ 17.920921194556726, 50.28697745590248 ], [ 17.884762819090547, 50.273141214945419 ] ] ] } },
{ "type": "Feature", "properties": { "hex_id": "regional-0374", "hex_level": "regional", "hex_edge_m": 3000, "line_count": 17, "line_length_m": 12829.7, "major_line_count": 0, "minor_line_count": 15, "cable_count": 2, "node_count": 139, "substation_count": 5, "transformer_count": 0, "generator_count": 0, "plant_count": 0, "support_count": 127, "switchgear_count": 7, "nearest_power_node_m": 947.5, "neighbor_ids": [ "regional-0350", "regional-0351", "regional-0373", "regional-0375", "regional-0396", "regional-0397" ], "has_infrastructure": true, "operational_status": "operational", "operational_status_note": "Infrastructure present; no failure simulation is active.", "connected_hex_ids": [ "regional-0350", "regional-0351", "regional-0373", "regional-0375", "regional-0396", "regional-0397" ], "connected_hex_count": 6, "confidence_score": 0.85, "confidence_label": "high", "data_quality_note": "OSM vector lines and power nodes in hex.", "source_mode": "osm_vector_derived", "kiut_role": "visual_reference_only", "infrastructure_score": 100.0 }, "geometry": { "type": "Polygon", "coordinates": [ [ [ 17.957690280264487, 50.273818098899667 ], [ 17.920921194556726, 50.28697745590248 ], [ 17.920310483393152, 50.313961518627622 ], [ 17.956510124722296, 50.327786858502968 ], [ 17.993301192284164, 50.314616463244882 ], [ 17.993870634878576, 50.287631777264977 ], [ 17.957690280264487, 50.273818098899667 ] ] ] } },
{ "type": "Feature", "properties": { "hex_id": "regional-0375", "hex_level": "regional", "hex_edge_m": 3000, "line_count": 19, "line_length_m": 18333.6, "major_line_count": 3, "minor_line_count": 15, "cable_count": 1, "node_count": 146, "substation_count": 3, "transformer_count": 0, "generator_count": 0, "plant_count": 0, "support_count": 137, "switchgear_count": 6, "nearest_power_node_m": 313.2, "neighbor_ids": [ "regional-0351", "regional-0352", "regional-0374", "regional-0376", "regional-0397", "regional-0398" ], "has_infrastructure": true, "operational_status": "operational", "operational_status_note": "Infrastructure present; no failure simulation is active.", "connected_hex_ids": [ "regional-0351", "regional-0352", "regional-0374", "regional-0376", "regional-0397", "regional-0398" ], "connected_hex_count": 6, "confidence_score": 0.85, "confidence_label": "high", "data_quality_note": "OSM vector lines and power nodes in hex.", "source_mode": "osm_vector_derived", "kiut_role": "visual_reference_only", "infrastructure_score": 100.0 }, "geometry": { "type": "Polygon", "coordinates": [ [ [ 18.03062043122732, 50.274449233934028 ], [ 17.993870634878576, 50.287631777264977 ], [ 17.993301192284164, 50.314616463244882 ], [ 18.029522818113737, 50.328419196464907 ], [ 18.066294504689388, 50.31522559160468 ], [ 18.066822673549002, 50.288240325954092 ], [ 18.03062043122732, 50.274449233934028 ] ] ] } },
{ "type": "Feature", "properties": { "hex_id": "regional-0376", "hex_level": "regional", "hex_edge_m": 3000, "line_count": 35, "line_length_m": 43045.9, "major_line_count": 5, "minor_line_count": 24, "cable_count": 6, "node_count": 253, "substation_count": 4, "transformer_count": 0, "generator_count": 0, "plant_count": 0, "support_count": 243, "switchgear_count": 6, "nearest_power_node_m": 901.8, "neighbor_ids": [ "regional-0352", "regional-0353", "regional-0375", "regional-0377", "regional-0398", "regional-0399" ], "has_infrastructure": true, "operational_status": "operational", "operational_status_note": "Infrastructure present; no failure simulation is active.", "connected_hex_ids": [ "regional-0352", "regional-0353", "regional-0375", "regional-0377", "regional-0398", "regional-0399" ], "connected_hex_count": 6, "confidence_score": 0.85, "confidence_label": "high", "data_quality_note": "OSM vector lines and power nodes in hex.", "source_mode": "osm_vector_derived", "kiut_role": "visual_reference_only", "infrastructure_score": 100.0 }, "geometry": { "type": "Polygon", "coordinates": [ [ [ 18.103553083932791, 50.275034616159253 ], [ 18.066822673549005, 50.288240325954092 ], [ 18.066294504689392, 50.31522559160468 ], [ 18.102538023205124, 50.329005694442493 ], [ 18.139290231981185, 50.315788899948252 ], [ 18.139777122314378, 50.28880309821799 ], [ 18.103553083932791, 50.275034616159253 ] ] ] } },
{ "type": "Feature", "properties": { "hex_id": "regional-0377", "hex_level": "regional", "hex_edge_m": 3000, "line_count": 26, "line_length_m": 24483.1, "major_line_count": 0, "minor_line_count": 25, "cable_count": 1, "node_count": 248, "substation_count": 4, "transformer_count": 0, "generator_count": 0, "plant_count": 0, "support_count": 237, "switchgear_count": 7, "nearest_power_node_m": 158.2, "neighbor_ids": [ "regional-0353", "regional-0354", "regional-0376", "regional-0378", "regional-0399", "regional-0400" ], "has_infrastructure": true, "operational_status": "operational", "operational_status_note": "Infrastructure present; no failure simulation is active.", "connected_hex_ids": [ "regional-0353", "regional-0354", "regional-0376", "regional-0378", "regional-0399", "regional-0400" ], "connected_hex_count": 6, "confidence_score": 0.85, "confidence_label": "high", "data_quality_note": "OSM vector lines and power nodes in hex.", "source_mode": "osm_vector_derived", "kiut_role": "visual_reference_only", "infrastructure_score": 100.0 }, "geometry": { "type": "Polygon", "coordinates": [ [ [ 18.176488050293916, 50.275574241967846 ], [ 18.139777122314378, 50.28880309821799 ], [ 18.139290231981185, 50.315788899948252 ], [ 18.175555551161306, 50.329546348814922 ], [ 18.212288185492515, 50.316306384799411 ], [ 18.212733792881803, 50.289320090586834 ], [ 18.176488050293916, 50.275574241967846 ] ] ] } },
{ "type": "Feature", "properties": { "hex_id": "regional-0378", "hex_level": "regional", "hex_edge_m": 3000, "line_count": 68, "line_length_m": 81410.1, "major_line_count": 35, "minor_line_count": 26, "cable_count": 7, "node_count": 572, "substation_count": 9, "transformer_count": 4, "generator_count": 0, "plant_count": 2, "support_count": 544, "switchgear_count": 13, "nearest_power_node_m": 77.8, "neighbor_ids": [ "regional-0354", "regional-0355", "regional-0377", "regional-0379", "regional-0400", "regional-0401" ], "has_infrastructure": true, "operational_status": "operational", "operational_status_note": "Infrastructure present; no failure simulation is active.", "connected_hex_ids": [ "regional-0354", "regional-0355", "regional-0377", "regional-0379", "regional-0400", "regional-0401" ], "connected_hex_count": 6, "confidence_score": 0.85, "confidence_label": "high", "data_quality_note": "OSM vector lines and power nodes in hex.", "source_mode": "osm_vector_derived", "kiut_role": "visual_reference_only", "infrastructure_score": 100.0 }, "geometry": { "type": "Polygon", "coordinates": [ [ [ 18.249425142186041, 50.27606810803406 ], [ 18.212733792881803, 50.289320090586834 ], [ 18.212288185492515, 50.316306384799411 ], [ 18.248575213109216, 50.330041156244178 ], [ 18.285288176520012, 50.316778042964529 ], [ 18.285692496922199, 50.289791299872903 ], [ 18.249425142186041, 50.27606810803406 ] ] ] } },
{ "type": "Feature", "properties": { "hex_id": "regional-0379", "hex_level": "regional", "hex_edge_m": 3000, "line_count": 17, "line_length_m": 11736.7, "major_line_count": 5, "minor_line_count": 11, "cable_count": 1, "node_count": 112, "substation_count": 0, "transformer_count": 0, "generator_count": 0, "plant_count": 0, "support_count": 108, "switchgear_count": 4, "nearest_power_node_m": 576.4, "neighbor_ids": [ "regional-0355", "regional-0356", "regional-0378", "regional-0380", "regional-0401", "regional-0402" ], "has_infrastructure": true, "operational_status": "operational", "operational_status_note": "Infrastructure present; no failure simulation is active.", "connected_hex_ids": [ "regional-0355", "regional-0356", "regional-0378", "regional-0401", "regional-0402" ], "connected_hex_count": 5, "confidence_score": 0.62, "confidence_label": "medium", "data_quality_note": "OSM vector feature present; topology is inferred.", "source_mode": "osm_vector_derived", "kiut_role": "visual_reference_only", "infrastructure_score": 56.0 }, "geometry": { "type": "Polygon", "coordinates": [ [ [ 18.322364171449905, 50.276516211314025 ], [ 18.285692496922199, 50.289791299872903 ], [ 18.285288176520012, 50.316778042964529 ], [ 18.321596820140936, 50.330490113675175 ], [ 18.358290016327082, 50.317203871532676 ], [ 18.358653046073329, 50.290216723170587 ], [ 18.322364171449905, 50.276516211314025 ] ] ] } },
{ "type": "Feature", "properties": { "hex_id": "regional-0380", "hex_level": "regional", "hex_edge_m": 3000, "line_count": 0, "line_length_m": 0.0, "major_line_count": 0, "minor_line_count": 0, "cable_count": 0, "node_count": 0, "substation_count": 0, "transformer_count": 0, "generator_count": 0, "plant_count": 0, "support_count": 0, "switchgear_count": 0, "nearest_power_node_m": 3161.4, "neighbor_ids": [ "regional-0356", "regional-0357", "regional-0379", "regional-0381", "regional-0402", "regional-0403" ], "has_infrastructure": false, "operational_status": "empty", "operational_status_note": "No OSM power infrastructure in this hex.", "connected_hex_ids": [ "regional-0356", "regional-0357", "regional-0379", "regional-0381", "regional-0402", "regional-0403" ], "connected_hex_count": 6, "confidence_score": 0.35, "confidence_label": "low", "data_quality_note": "Nearby OSM feature only; KIUT may be used as visual reference.", "source_mode": "osm_vector_derived", "kiut_role": "visual_reference_only", "infrastructure_score": 0.0 }, "geometry": { "type": "Polygon", "coordinates": [ [ [ 18.395304949894697, 50.276918549045796 ], [ 18.358653046073332, 50.290216723170587 ], [ 18.358290016327086, 50.317203871532676 ], [ 18.394620183316793, 50.330893218335781 ], [ 18.431293516146944, 50.317583867875619 ], [ 18.431615251942908, 50.290596357856522 ], [ 18.395304949894697, 50.276918549045796 ] ] ] } },
{ "type": "Feature", "properties": { "hex_id": "regional-0381", "hex_level": "regional", "hex_edge_m": 3000, "line_count": 14, "line_length_m": 15616.9, "major_line_count": 0, "minor_line_count": 13, "cable_count": 1, "node_count": 166, "substation_count": 4, "transformer_count": 0, "generator_count": 3, "plant_count": 0, "support_count": 152, "switchgear_count": 7, "nearest_power_node_m": 1844.1, "neighbor_ids": [ "regional-0357", "regional-0358", "regional-0380", "regional-0382", "regional-0403", "regional-0404" ], "has_infrastructure": true, "operational_status": "operational", "operational_status_note": "Infrastructure present; no failure simulation is active.", "connected_hex_ids": [ "regional-0357", "regional-0358", "regional-0382", "regional-0403", "regional-0404" ], "connected_hex_count": 5, "confidence_score": 0.85, "confidence_label": "high", "data_quality_note": "OSM vector lines and power nodes in hex.", "source_mode": "osm_vector_derived", "kiut_role": "visual_reference_only", "infrastructure_score": 100.0 }, "geometry": { "type": "Polygon", "coordinates": [ [ [ 18.468247289301125, 50.277275118749401 ], [ 18.431615251942912, 50.290596357856522 ], [ 18.431293516146944, 50.317583867875619 ], [ 18.467645113668425, 50.331250467736858 ], [ 18.504298487185725, 50.317918029647942 ], [ 18.504578926111641, 50.290930201589589 ], [ 18.468247289301125, 50.277275118749401 ] ] ] } },
{ "type": "Feature", "properties": { "hex_id": "regional-0382", "hex_level": "regional", "hex_edge_m": 3000, "line_count": 17, "line_length_m": 23024.6, "major_line_count": 4, "minor_line_count": 12, "cable_count": 1, "node_count": 149, "substation_count": 3, "transformer_count": 0, "generator_count": 1, "plant_count": 0, "support_count": 142, "switchgear_count": 3, "nearest_power_node_m": 916.4, "neighbor_ids": [ "regional-0358", "regional-0359", "regional-0381", "regional-0383", "regional-0404", "regional-0405" ], "has_infrastructure": true, "operational_status": "operational", "operational_status_note": "Infrastructure present; no failure simulation is active.", "connected_hex_ids": [ "regional-0358", "regional-0359", "regional-0381", "regional-0383", "regional-0404", "regional-0405" ], "connected_hex_count": 6, "confidence_score": 0.85, "confidence_label": "high", "data_quality_note": "OSM vector lines and power nodes in hex.", "source_mode": "osm_vector_derived", "kiut_role": "visual_reference_only", "infrastructure_score": 100.0 }, "geometry": { "type": "Polygon", "coordinates": [ [ [ 18.541191001424469, 50.277585918226876 ], [ 18.504578926111641, 50.290930201589589 ], [ 18.504298487185729, 50.317918029647942 ], [ 18.540671422201886, 50.331561859672362 ], [ 18.577304740625557, 50.318206354787016 ], [ 18.577543880136307, 50.291218252310948 ], [ 18.541191001424469, 50.277585918226876 ] ] ] } },
{ "type": "Feature", "properties": { "hex_id": "regional-0383", "hex_level": "regional", "hex_edge_m": 3000, "line_count": 35, "line_length_m": 25876.9, "major_line_count": 20, "minor_line_count": 13, "cable_count": 2, "node_count": 191, "substation_count": 23, "transformer_count": 5, "generator_count": 4, "plant_count": 3, "support_count": 151, "switchgear_count": 5, "nearest_power_node_m": 118.8, "neighbor_ids": [ "regional-0359", "regional-0360", "regional-0382", "regional-0384", "regional-0405", "regional-0406" ], "has_infrastructure": true, "operational_status": "operational", "operational_status_note": "Infrastructure present; no failure simulation is active.", "connected_hex_ids": [ "regional-0359", "regional-0360", "regional-0382", "regional-0384", "regional-0405", "regional-0406" ], "connected_hex_count": 6, "confidence_score": 0.85, "confidence_label": "high", "data_quality_note": "OSM vector lines and power nodes in hex.", "source_mode": "osm_vector_derived", "kiut_role": "visual_reference_only", "infrastructure_score": 100.0 }, "geometry": { "type": "Polygon", "coordinates": [ [ [ 18.614135897997659, 50.277850945562342 ], [ 18.577543880136307, 50.291218252310948 ], [ 18.577304740625561, 50.318206354787016 ], [ 18.61369891990071, 50.331827392219324 ], [ 18.650312087627626, 50.318448841513103 ], [ 18.650509925552821, 50.291460508244157 ], [ 18.614135897997659, 50.277850945562342 ] ] ] } },
{ "type": "Feature", "properties": { "hex_id": "regional-0384", "hex_level": "regional", "hex_edge_m": 3000, "line_count": 34, "line_length_m": 13110.4, "major_line_count": 19, "minor_line_count": 9, "cable_count": 6, "node_count": 123, "substation_count": 28, "transformer_count": 12, "generator_count": 3, "plant_count": 2, "support_count": 73, "switchgear_count": 5, "nearest_power_node_m": 288.8, "neighbor_ids": [ "regional-0360", "regional-0361", "regional-0383", "regional-0385", "regional-0406", "regional-0407" ], "has_infrastructure": true, "operational_status": "operational", "operational_status_note": "Infrastructure present; no failure simulation is active.", "connected_hex_ids": [ "regional-0360", "regional-0361", "regional-0383", "regional-0385", "regional-0406", "regional-0407" ], "connected_hex_count": 6, "confidence_score": 0.85, "confidence_label": "high", "data_quality_note": "OSM vector lines and power nodes in hex.", "source_mode": "osm_vector_derived", "kiut_role": "visual_reference_only", "infrastructure_score": 100.0 }, "geometry": { "type": "Polygon", "coordinates": [ [ [ 18.687081790734318, 50.278070199122048 ], [ 18.650509925552821, 50.291460508244157 ], [ 18.650312087627626, 50.318448841513103 ], [ 18.686727417729021, 50.33204706373796 ], [ 18.723320339335267, 50.318645488329359 ], [ 18.723476873879306, 50.291656967895122 ], [ 18.687081790734318, 50.278070199122048 ] ] ] } },
{ "type": "Feature", "properties": { "hex_id": "regional-0385", "hex_level": "regional", "hex_edge_m": 3000, "line_count": 39, "line_length_m": 10563.6, "major_line_count": 15, "minor_line_count": 7, "cable_count": 17, "node_count": 91, "substation_count": 14, "transformer_count": 2, "generator_count": 28, "plant_count": 0, "support_count": 45, "switchgear_count": 2, "nearest_power_node_m": 121.2, "neighbor_ids": [ "regional-0361", "regional-0362", "regional-0384", "regional-0386", "regional-0407", "regional-0408" ], "has_infrastructure": true, "operational_status": "operational", "operational_status_note": "Infrastructure present; no failure simulation is active.", "connected_hex_ids": [ "regional-0361", "regional-0362", "regional-0384", "regional-0386", "regional-0407", "regional-0408" ], "connected_hex_count": 6, "confidence_score": 0.85, "confidence_label": "high", "data_quality_note": "OSM vector lines and power nodes in hex.", "source_mode": "osm_vector_derived", "kiut_role": "visual_reference_only", "infrastructure_score": 100.0 }, "geometry": { "type": "Polygon", "coordinates": [ [ [ 18.760028491331866, 50.278243677554315 ], [ 18.723476873879306, 50.291656967895122 ], [ 18.723320339335267, 50.318645488329359 ], [ 18.759756726634588, 50.332220872871645 ], [ 18.796329306877055, 50.318796294021936 ], [ 18.796444536619177, 50.291807630052176 ], [ 18.760028491331866, 50.278243677554315 ] ] ] } },
{ "type": "Feature", "properties": { "hex_id": "regional-0386", "hex_level": "regional", "hex_edge_m": 3000, "line_count": 84, "line_length_m": 29463.2, "major_line_count": 61, "minor_line_count": 5, "cable_count": 18, "node_count": 262, "substation_count": 48, "transformer_count": 10, "generator_count": 29, "plant_count": 7, "support_count": 157, "switchgear_count": 11, "nearest_power_node_m": 118.1, "neighbor_ids": [ "regional-0362", "regional-0363", "regional-0385", "regional-0387", "regional-0408", "regional-0409" ], "has_infrastructure": true, "operational_status": "operational", "operational_status_note": "Infrastructure present; no failure simulation is active.", "connected_hex_ids": [ "regional-0362", "regional-0363", "regional-0385", "regional-0387", "regional-0408", "regional-0409" ], "connected_hex_count": 6, "confidence_score": 0.85, "confidence_label": "high", "data_quality_note": "OSM vector lines and power nodes in hex.", "source_mode": "osm_vector_derived", "kiut_role": "visual_reference_only", "infrastructure_score": 100.0 }, "geometry": { "type": "Polygon", "coordinates": [ [ [ 18.832975811474537, 50.278371379789718 ], [ 18.796444536619177, 50.291807630052176 ], [ 18.796329306877055, 50.318796294021936 ], [ 18.832786657551949, 50.332348818546961 ], [ 18.869338801369878, 50.318901257659832 ], [ 18.869412725264194, 50.291912493786086 ], [ 18.832975811474537, 50.278371379789718 ] ] ] } },
{ "type": "Feature", "properties": { "hex_id": "regional-0387", "hex_level": "regional", "hex_edge_m": 3000, "line_count": 43, "line_length_m": 21375.4, "major_line_count": 41, "minor_line_count": 0, "cable_count": 2, "node_count": 188, "substation_count": 68, "transformer_count": 7, "generator_count": 3, "plant_count": 1, "support_count": 105, "switchgear_count": 4, "nearest_power_node_m": 220.8, "neighbor_ids": [ "regional-0363", "regional-0364", "regional-0386", "regional-0388", "regional-0409", "regional-0410" ], "has_infrastructure": true, "operational_status": "operational", "operational_status_note": "Infrastructure present; no failure simulation is active.", "connected_hex_ids": [ "regional-0363", "regional-0364", "regional-0386", "regional-0388", "regional-0409", "regional-0410" ], "connected_hex_count": 6, "confidence_score": 0.85, "confidence_label": "high", "data_quality_note": "OSM vector lines and power nodes in hex.", "source_mode": "osm_vector_derived", "kiut_role": "visual_reference_only", "infrastructure_score": 100.0 }, "geometry": { "type": "Polygon", "coordinates": [ [ [ 18.905923562836488, 50.278453305040969 ], [ 18.869412725264194, 50.291912493786086 ], [ 18.869338801369878, 50.318901257659832 ], [ 18.905817021405468, 50.332430899973758 ], [ 18.942348633922016, 50.318960378595122 ], [ 18.94238125129754, 50.291971558450108 ], [ 18.905923562836488, 50.278453305040969 ] ] ] } },
{ "type": "Feature", "properties": { "hex_id": "regional-0388", "hex_level": "regional", "hex_edge_m": 3000, "line_count": 76, "line_length_m": 25426.7, "major_line_count": 31, "minor_line_count": 39, "cable_count": 6, "node_count": 323, "substation_count": 30, "transformer_count": 7, "generator_count": 82, "plant_count": 1, "support_count": 190, "switchgear_count": 13, "nearest_power_node_m": 91.2, "neighbor_ids": [ "regional-0364", "regional-0365", "regional-0387", "regional-0389", "regional-0410", "regional-0411" ], "has_infrastructure": true, "operational_status": "operational", "operational_status_note": "Infrastructure present; no failure simulation is active.", "connected_hex_ids": [ "regional-0364", "regional-0365", "regional-0387", "regional-0389", "regional-0410", "regional-0411" ], "connected_hex_count": 6, "confidence_score": 0.85, "confidence_label": "high", "data_quality_note": "OSM vector lines and power nodes in hex.", "source_mode": "osm_vector_derived", "kiut_role": "visual_reference_only", "infrastructure_score": 100.0 }, "geometry": { "type": "Polygon", "coordinates": [ [ [ 18.978871557084847, 50.278489452803008 ], [ 18.94238125129754, 50.291971558450108 ], [ 18.942348633922016, 50.318960378595122 ], [ 18.978847629112447, 50.332467116645056 ], [ 19.015358615636242, 50.31897365646283 ], [ 19.015349926196915, 50.291984823679933 ], [ 18.978871557084847, 50.278489452803008 ] ] ] } },
{ "type": "Feature", "properties": { "hex_id": "regional-0389", "hex_level": "regional", "hex_edge_m": 3000, "line_count": 52, "line_length_m": 44241.9, "major_line_count": 40, "minor_line_count": 10, "cable_count": 2, "node_count": 1009, "substation_count": 45, "transformer_count": 2, "generator_count": 702, "plant_count": 2, "support_count": 242, "switchgear_count": 16, "nearest_power_node_m": 288.8, "neighbor_ids": [ "regional-0365", "regional-0366", "regional-0388", "regional-0390", "regional-0411", "regional-0412" ], "has_infrastructure": true, "operational_status": "operational", "operational_status_note": "Infrastructure present; no failure simulation is active.", "connected_hex_ids": [ "regional-0365", "regional-0366", "regional-0388", "regional-0390", "regional-0411", "regional-0412" ], "connected_hex_count": 6, "confidence_score": 0.85, "confidence_label": "high", "data_quality_note": "OSM vector lines and power nodes in hex.", "source_mode": "osm_vector_derived", "kiut_role": "visual_reference_only", "infrastructure_score": 100.0 }, "geometry": { "type": "Polygon", "coordinates": [ [ [ 19.051819605882784, 50.278479822852965 ], [ 19.015349926196915, 50.291984823679933 ], [ 19.015358615636242, 50.31897365646283 ], [ 19.051878291586196, 50.332457468337232 ], [ 19.088368557612878, 50.318941091180989 ], [ 19.088318561437575, 50.291952289393741 ], [ 19.051819605882784, 50.278479822852965 ] ] ] } },
{ "type": "Feature", "properties": { "hex_id": "regional-0390", "hex_level": "regional", "hex_edge_m": 3000, "line_count": 206, "line_length_m": 59670.8, "major_line_count": 41, "minor_line_count": 142, "cable_count": 23, "node_count": 2116, "substation_count": 127, "transformer_count": 8, "generator_count": 1426, "plant_count": 2, "support_count": 535, "switchgear_count": 18, "nearest_power_node_m": 28.8, "neighbor_ids": [ "regional-0366", "regional-0367", "regional-0389", "regional-0391", "regional-0412", "regional-0413" ], "has_infrastructure": true, "operational_status": "operational", "operational_status_note": "Infrastructure present; no failure simulation is active.", "connected_hex_ids": [ "regional-0366", "regional-0367", "regional-0389", "regional-0391", "regional-0412", "regional-0413" ], "connected_hex_count": 6, "confidence_score": 0.85, "confidence_label": "high", "data_quality_note": "OSM vector lines and power nodes in hex.", "source_mode": "osm_vector_derived", "kiut_role": "visual_reference_only", "infrastructure_score": 100.0 }, "geometry": { "type": "Polygon", "coordinates": [ [ [ 19.124767520892586, 50.278424415250221 ], [ 19.088318561437575, 50.291952289393741 ], [ 19.088368557612878, 50.318941091180989 ], [ 19.124908819739126, 50.33240195510983 ], [ 19.161378270952909, 50.318862682950638 ], [ 19.161286968495425, 50.291873955792205 ], [ 19.124767520892586, 50.278424415250221 ] ] ] } },
{ "type": "Feature", "properties": { "hex_id": "regional-0391", "hex_level": "regional", "hex_edge_m": 3000, "line_count": 47, "line_length_m": 38306.4, "major_line_count": 22, "minor_line_count": 20, "cable_count": 5, "node_count": 276, "substation_count": 25, "transformer_count": 5, "generator_count": 9, "plant_count": 0, "support_count": 231, "switchgear_count": 6, "nearest_power_node_m": 380.7, "neighbor_ids": [ "regional-0367", "regional-0368", "regional-0390", "regional-0392", "regional-0413", "regional-0414" ], "has_infrastructure": true, "operational_status": "operational", "operational_status_note": "Infrastructure present; no failure simulation is active.", "connected_hex_ids": [ "regional-0367", "regional-0368", "regional-0390", "regional-0392", "regional-0413", "regional-0414" ], "connected_hex_count": 6, "confidence_score": 0.85, "confidence_label": "high", "data_quality_note": "OSM vector lines and power nodes in hex.", "source_mode": "osm_vector_derived", "kiut_role": "visual_reference_only", "infrastructure_score": 100.0 }, "geometry": { "type": "Polygon", "coordinates": [ [ [ 19.197715113778713, 50.278323230336376 ], [ 19.161286968495428, 50.291873955792205 ], [ 19.161378270952909, 50.318862682950638 ], [ 19.197939024485862, 50.332300577305737 ], [ 19.23438756676104, 50.318738432255799 ], [ 19.234254958850102, 50.291749823358451 ], [ 19.197715113778713, 50.278323230336376 ] ] ] } },
{ "type": "Feature", "properties": { "hex_id": "regional-0392", "hex_level": "regional", "hex_edge_m": 3000, "line_count": 82, "line_length_m": 47711.5, "major_line_count": 44, "minor_line_count": 32, "cable_count": 6, "node_count": 362, "substation_count": 21, "transformer_count": 9, "generator_count": 1, "plant_count": 0, "support_count": 326, "switchgear_count": 5, "nearest_power_node_m": 219.7, "neighbor_ids": [ "regional-0368", "regional-0369", "regional-0391", "regional-0393", "regional-0414", "regional-0415" ], "has_infrastructure": true, "operational_status": "operational", "operational_status_note": "Infrastructure present; no failure simulation is active.", "connected_hex_ids": [ "regional-0368", "regional-0369", "regional-0391", "regional-0393", "regional-0414", "regional-0415" ], "connected_hex_count": 6, "confidence_score": 0.85, "confidence_label": "high", "data_quality_note": "OSM vector lines and power nodes in hex.", "source_mode": "osm_vector_derived", "kiut_role": "visual_reference_only", "infrastructure_score": 100.0 }, "geometry": { "type": "Polygon", "coordinates": [ [ [ 19.270662196210878, 50.278176268735216 ], [ 19.234254958850102, 50.291749823358451 ], [ 19.23438756676104, 50.318738432255799 ], [ 19.270968716746285, 50.332153335551034 ], [ 19.307396256148806, 50.318568339863489 ], [ 19.307222343988023, 50.29157989285811 ], [ 19.270662196210878, 50.278176268735216 ] ] ] } },
{ "type": "Feature", "properties": { "hex_id": "regional-0393", "hex_level": "regional", "hex_edge_m": 3000, "line_count": 14, "line_length_m": 9589.8, "major_line_count": 2, "minor_line_count": 9, "cable_count": 3, "node_count": 70, "substation_count": 2, "transformer_count": 0, "generator_count": 0, "plant_count": 0, "support_count": 68, "switchgear_count": 0, "nearest_power_node_m": 255.7, "neighbor_ids": [ "regional-0369", "regional-0370", "regional-0392", "regional-0415" ], "has_infrastructure": true, "operational_status": "operational", "operational_status_note": "Infrastructure present; no failure simulation is active.", "connected_hex_ids": [ "regional-0369", "regional-0370", "regional-0392", "regional-0415" ], "connected_hex_count": 4, "confidence_score": 0.85, "confidence_label": "high", "data_quality_note": "OSM vector lines and power nodes in hex.", "source_mode": "osm_vector_derived", "kiut_role": "visual_reference_only", "infrastructure_score": 61.7 }, "geometry": { "type": "Polygon", "coordinates": [ [ [ 19.307222343988023, 50.29157989285811 ], [ 19.307396256148806, 50.318568339863489 ], [ 19.314322194302775, 50.321103896533074 ], [ 19.323033142746805, 50.30917885598317 ], [ 19.339332877337689, 50.279582215916527 ], [ 19.307222343988023, 50.29157989285811 ] ] ] } },
{ "type": "Feature", "properties": { "hex_id": "regional-0394", "hex_level": "regional", "hex_edge_m": 3000, "line_count": 2, "line_length_m": 3181.5, "major_line_count": 0, "minor_line_count": 2, "cable_count": 0, "node_count": 36, "substation_count": 1, "transformer_count": 0, "generator_count": 0, "plant_count": 0, "support_count": 33, "switchgear_count": 2, "nearest_power_node_m": 969.3, "neighbor_ids": [ "regional-0371", "regional-0372", "regional-0395", "regional-0416" ], "has_infrastructure": true, "operational_status": "operational", "operational_status_note": "Infrastructure present; no failure simulation is active.", "connected_hex_ids": [ "regional-0371", "regional-0372", "regional-0395", "regional-0416" ], "connected_hex_count": 4, "confidence_score": 0.85, "confidence_label": "high", "data_quality_note": "OSM vector lines and power nodes in hex.", "source_mode": "osm_vector_derived", "kiut_role": "visual_reference_only", "infrastructure_score": 34.5 }, "geometry": { "type": "Polygon", "coordinates": [ [ [ 17.809818886445381, 50.353367525936427 ], [ 17.810493028171752, 50.326384678523056 ], [ 17.774337630448905, 50.312514197067934 ], [ 17.772805977106284, 50.313059118466292 ], [ 17.799893801723428, 50.351320498958295 ], [ 17.803706080003863, 50.355542615526261 ], [ 17.809818886445381, 50.353367525936427 ] ] ] } },
{ "type": "Feature", "properties": { "hex_id": "regional-0395", "hex_level": "regional", "hex_edge_m": 3000, "line_count": 36, "line_length_m": 23501.5, "major_line_count": 0, "minor_line_count": 27, "cable_count": 9, "node_count": 251, "substation_count": 14, "transformer_count": 0, "generator_count": 0, "plant_count": 0, "support_count": 227, "switchgear_count": 10, "nearest_power_node_m": 135.0, "neighbor_ids": [ "regional-0372", "regional-0373", "regional-0394", "regional-0396", "regional-0416", "regional-0417" ], "has_infrastructure": true, "operational_status": "operational", "operational_status_note": "Infrastructure present; no failure simulation is active.", "connected_hex_ids": [ "regional-0372", "regional-0373", "regional-0394", "regional-0396", "regional-0416", "regional-0417" ], "connected_hex_count": 6, "confidence_score": 0.85, "confidence_label": "high", "data_quality_note": "OSM vector lines and power nodes in hex.", "source_mode": "osm_vector_derived", "kiut_role": "visual_reference_only", "infrastructure_score": 100.0 }, "geometry": { "type": "Polygon", "coordinates": [ [ [ 17.84732256660152, 50.313260761794126 ], [ 17.810493028171756, 50.326384678523056 ], [ 17.809818886445381, 50.353367525936427 ], [ 17.846015635594167, 50.367227157315348 ], [ 17.882867344523156, 50.354092221654973 ], [ 17.883500131824949, 50.327108684460264 ], [ 17.84732256660152, 50.313260761794126 ] ] ] } },
{ "type": "Feature", "properties": { "hex_id": "regional-0396", "hex_level": "regional", "hex_edge_m": 3000, "line_count": 14, "line_length_m": 17160.9, "major_line_count": 1, "minor_line_count": 12, "cable_count": 1, "node_count": 157, "substation_count": 3, "transformer_count": 0, "generator_count": 0, "plant_count": 0, "support_count": 148, "switchgear_count": 6, "nearest_power_node_m": 548.8, "neighbor_ids": [ "regional-0373", "regional-0374", "regional-0395", "regional-0397", "regional-0417", "regional-0418" ], "has_infrastructure": true, "operational_status": "operational", "operational_status_note": "Infrastructure present; no failure simulation is active.", "connected_hex_ids": [ "regional-0373", "regional-0374", "regional-0395", "regional-0397", "regional-0417", "regional-0418" ], "connected_hex_count": 6, "confidence_score": 0.85, "confidence_label": "high", "data_quality_note": "OSM vector lines and power nodes in hex.", "source_mode": "osm_vector_derived", "kiut_role": "visual_reference_only", "infrastructure_score": 100.0 }, "geometry": { "type": "Polygon", "coordinates": [ [ [ 17.920310483393152, 50.313961518627622 ], [ 17.883500131824949, 50.327108684460264 ], [ 17.882867344523156, 50.354092221654973 ], [ 17.919086267109989, 50.36792925006759 ], [ 17.955918697595031, 50.354771041832684 ], [ 17.956510124722296, 50.327786858502968 ], [ 17.920310483393152, 50.313961518627622 ] ] ] } },
{ "type": "Feature", "properties": { "hex_id": "regional-0397", "hex_level": "regional", "hex_edge_m": 3000, "line_count": 15, "line_length_m": 16224.7, "major_line_count": 1, "minor_line_count": 13, "cable_count": 1, "node_count": 145, "substation_count": 5, "transformer_count": 0, "generator_count": 0, "plant_count": 0, "support_count": 132, "switchgear_count": 8, "nearest_power_node_m": 81.8, "neighbor_ids": [ "regional-0374", "regional-0375", "regional-0396", "regional-0398", "regional-0418", "regional-0419" ], "has_infrastructure": true, "operational_status": "operational", "operational_status_note": "Infrastructure present; no failure simulation is active.", "connected_hex_ids": [ "regional-0374", "regional-0375", "regional-0396", "regional-0398", "regional-0418", "regional-0419" ], "connected_hex_count": 6, "confidence_score": 0.85, "confidence_label": "high", "data_quality_note": "OSM vector lines and power nodes in hex.", "source_mode": "osm_vector_derived", "kiut_role": "visual_reference_only", "infrastructure_score": 100.0 }, "geometry": { "type": "Polygon", "coordinates": [ [ [ 17.993301192284164, 50.314616463244882 ], [ 17.956510124722296, 50.327786858502968 ], [ 17.955918697595031, 50.354771041832684 ], [ 17.992159701849804, 50.368585443303019 ], [ 18.028972756535609, 50.355403982275547 ], [ 18.029522818113737, 50.328419196464907 ], [ 17.993301192284164, 50.314616463244882 ] ] ] } },
{ "type": "Feature", "properties": { "hex_id": "regional-0398", "hex_level": "regional", "hex_edge_m": 3000, "line_count": 32, "line_length_m": 38356.4, "major_line_count": 4, "minor_line_count": 22, "cable_count": 6, "node_count": 240, "substation_count": 4, "transformer_count": 0, "generator_count": 1, "plant_count": 2, "support_count": 225, "switchgear_count": 8, "nearest_power_node_m": 303.2, "neighbor_ids": [ "regional-0375", "regional-0376", "regional-0397", "regional-0399", "regional-0419", "regional-0420" ], "has_infrastructure": true, "operational_status": "operational", "operational_status_note": "Infrastructure present; no failure simulation is active.", "connected_hex_ids": [ "regional-0375", "regional-0376", "regional-0397", "regional-0399", "regional-0419", "regional-0420" ], "connected_hex_count": 6, "confidence_score": 0.85, "confidence_label": "high", "data_quality_note": "OSM vector lines and power nodes in hex.", "source_mode": "osm_vector_derived", "kiut_role": "visual_reference_only", "infrastructure_score": 100.0 }, "geometry": { "type": "Polygon", "coordinates": [ [ [ 18.066294504689392, 50.31522559160468 ], [ 18.029522818113737, 50.328419196464907 ], [ 18.028972756535609, 50.355403982275547 ], [ 18.065235750477619, 50.369195732965515 ], [ 18.102029332175267, 50.355991039072819 ], [ 18.102538023205124, 50.329005694442493 ], [ 18.066294504689392, 50.31522559160468 ] ] ] } },
{ "type": "Feature", "properties": { "hex_id": "regional-0399", "hex_level": "regional", "hex_edge_m": 3000, "line_count": 65, "line_length_m": 47116.3, "major_line_count": 9, "minor_line_count": 42, "cable_count": 14, "node_count": 384, "substation_count": 8, "transformer_count": 2, "generator_count": 5, "plant_count": 0, "support_count": 363, "switchgear_count": 6, "nearest_power_node_m": 194.7, "neighbor_ids": [ "regional-0376", "regional-0377", "regional-0398", "regional-0400", "regional-0420", "regional-0421" ], "has_infrastructure": true, "operational_status": "operational", "operational_status_note": "Infrastructure present; no failure simulation is active.", "connected_hex_ids": [ "regional-0376", "regional-0377", "regional-0398", "regional-0400", "regional-0420", "regional-0421" ], "connected_hex_count": 6, "confidence_score": 0.85, "confidence_label": "high", "data_quality_note": "OSM vector lines and power nodes in hex.", "source_mode": "osm_vector_derived", "kiut_role": "visual_reference_only", "infrastructure_score": 100.0 }, "geometry": { "type": "Polygon", "coordinates": [ [ [ 18.139290231981185, 50.315788899948252 ], [ 18.102538023205124, 50.329005694442493 ], [ 18.102029332175267, 50.355991039072819 ], [ 18.138314223614696, 50.369760115282432 ], [ 18.175088235303232, 50.356532208596981 ], [ 18.175555551161306, 50.329546348814922 ], [ 18.139290231981185, 50.315788899948252 ] ] ] } },
{ "type": "Feature", "properties": { "hex_id": "regional-0400", "hex_level": "regional", "hex_edge_m": 3000, "line_count": 62, "line_length_m": 44997.0, "major_line_count": 20, "minor_line_count": 34, "cable_count": 8, "node_count": 382, "substation_count": 34, "transformer_count": 4, "generator_count": 2, "plant_count": 0, "support_count": 327, "switchgear_count": 15, "nearest_power_node_m": 331.9, "neighbor_ids": [ "regional-0377", "regional-0378", "regional-0399", "regional-0401", "regional-0421", "regional-0422" ], "has_infrastructure": true, "operational_status": "operational", "operational_status_note": "Infrastructure present; no failure simulation is active.", "connected_hex_ids": [ "regional-0377", "regional-0378", "regional-0399", "regional-0401", "regional-0421", "regional-0422" ], "connected_hex_count": 6, "confidence_score": 0.85, "confidence_label": "high", "data_quality_note": "OSM vector lines and power nodes in hex.", "source_mode": "osm_vector_derived", "kiut_role": "visual_reference_only", "infrastructure_score": 100.0 }, "geometry": { "type": "Polygon", "coordinates": [ [ [ 18.212288185492515, 50.316306384799411 ], [ 18.17555555116131, 50.329546348814922 ], [ 18.175088235303232, 50.356532208596981 ], [ 18.211394931842626, 50.370278586764755 ], [ 18.248149276670688, 50.357027487503906 ], [ 18.248575213109216, 50.330041156244178 ], [ 18.212288185492515, 50.316306384799411 ] ] ] } },
{ "type": "Feature", "properties": { "hex_id": "regional-0401", "hex_level": "regional", "hex_edge_m": 3000, "line_count": 31, "line_length_m": 26968.8, "major_line_count": 28, "minor_line_count": 2, "cable_count": 1, "node_count": 164, "substation_count": 8, "transformer_count": 2, "generator_count": 5, "plant_count": 1, "support_count": 138, "switchgear_count": 10, "nearest_power_node_m": 252.3, "neighbor_ids": [ "regional-0378", "regional-0379", "regional-0400", "regional-0402", "regional-0422", "regional-0423" ], "has_infrastructure": true, "operational_status": "operational", "operational_status_note": "Infrastructure present; no failure simulation is active.", "connected_hex_ids": [ "regional-0378", "regional-0379", "regional-0400", "regional-0402", "regional-0422", "regional-0423" ], "connected_hex_count": 6, "confidence_score": 0.85, "confidence_label": "high", "data_quality_note": "OSM vector lines and power nodes in hex.", "source_mode": "osm_vector_derived", "kiut_role": "visual_reference_only", "infrastructure_score": 100.0 }, "geometry": { "type": "Polygon", "coordinates": [ [ [ 18.285288176520012, 50.316778042964529 ], [ 18.248575213109216, 50.330041156244178 ], [ 18.248149276670691, 50.357027487503906 ], [ 18.284477685706431, 50.370751144207055 ], [ 18.321212266993857, 50.357476872732818 ], [ 18.321596820140936, 50.330490113675175 ], [ 18.285288176520012, 50.316778042964529 ] ] ] } },
{ "type": "Feature", "properties": { "hex_id": "regional-0402", "hex_level": "regional", "hex_edge_m": 3000, "line_count": 2, "line_length_m": 2684.6, "major_line_count": 0, "minor_line_count": 2, "cable_count": 0, "node_count": 11, "substation_count": 1, "transformer_count": 0, "generator_count": 0, "plant_count": 0, "support_count": 10, "switchgear_count": 0, "nearest_power_node_m": 2603.2, "neighbor_ids": [ "regional-0379", "regional-0380", "regional-0401", "regional-0403", "regional-0423", "regional-0424" ], "has_infrastructure": true, "operational_status": "operational", "operational_status_note": "Infrastructure present; no failure simulation is active.", "connected_hex_ids": [ "regional-0379", "regional-0401", "regional-0403", "regional-0423", "regional-0424" ], "connected_hex_count": 5, "confidence_score": 0.85, "confidence_label": "high", "data_quality_note": "OSM vector lines and power nodes in hex.", "source_mode": "osm_vector_derived", "kiut_role": "visual_reference_only", "infrastructure_score": 30.0 }, "geometry": { "type": "Polygon", "coordinates": [ [ [ 18.358290016327086, 50.317203871532676 ], [ 18.321596820140936, 50.330490113675175 ], [ 18.321212266993857, 50.357476872732818 ], [ 18.35756229571766, 50.371177784687653 ], [ 18.394277016957084, 50.35788036150651 ], [ 18.394620183316793, 50.330893218335781 ], [ 18.358290016327086, 50.317203871532676 ] ] ] } },
{ "type": "Feature", "properties": { "hex_id": "regional-0403", "hex_level": "regional", "hex_edge_m": 3000, "line_count": 18, "line_length_m": 19123.5, "major_line_count": 0, "minor_line_count": 15, "cable_count": 3, "node_count": 142, "substation_count": 8, "transformer_count": 0, "generator_count": 0, "plant_count": 0, "support_count": 128, "switchgear_count": 6, "nearest_power_node_m": 1027.0, "neighbor_ids": [ "regional-0380", "regional-0381", "regional-0402", "regional-0404", "regional-0424", "regional-0425" ], "has_infrastructure": true, "operational_status": "operational", "operational_status_note": "Infrastructure present; no failure simulation is active.", "connected_hex_ids": [ "regional-0381", "regional-0402", "regional-0404", "regional-0424", "regional-0425" ], "connected_hex_count": 5, "confidence_score": 0.85, "confidence_label": "high", "data_quality_note": "OSM vector lines and power nodes in hex.", "source_mode": "osm_vector_derived", "kiut_role": "visual_reference_only", "infrastructure_score": 100.0 }, "geometry": { "type": "Polygon", "coordinates": [ [ [ 18.431293516146944, 50.317583867875619 ], [ 18.394620183316793, 50.330893218335781 ], [ 18.394277016957087, 50.35788036150651 ], [ 18.430648572357491, 50.371558505568629 ], [ 18.467343337215947, 50.35823795133124 ], [ 18.467645113668425, 50.331250467736858 ], [ 18.431293516146944, 50.317583867875619 ] ] ] } },
{ "type": "Feature", "properties": { "hex_id": "regional-0404", "hex_level": "regional", "hex_edge_m": 3000, "line_count": 21, "line_length_m": 19527.9, "major_line_count": 0, "minor_line_count": 17, "cable_count": 4, "node_count": 125, "substation_count": 8, "transformer_count": 0, "generator_count": 4, "plant_count": 0, "support_count": 105, "switchgear_count": 8, "nearest_power_node_m": 1132.6, "neighbor_ids": [ "regional-0381", "regional-0382", "regional-0403", "regional-0405", "regional-0425", "regional-0426" ], "has_infrastructure": true, "operational_status": "operational", "operational_status_note": "Infrastructure present; no failure simulation is active.", "connected_hex_ids": [ "regional-0381", "regional-0382", "regional-0403", "regional-0405", "regional-0425", "regional-0426" ], "connected_hex_count": 6, "confidence_score": 0.85, "confidence_label": "high", "data_quality_note": "OSM vector lines and power nodes in hex.", "source_mode": "osm_vector_derived", "kiut_role": "visual_reference_only", "infrastructure_score": 100.0 }, "geometry": { "type": "Polygon", "coordinates": [ [ [ 18.504298487185729, 50.317918029647942 ], [ 18.467645113668425, 50.331250467736858 ], [ 18.467343337215947, 50.35823795133124 ], [ 18.503736326079828, 50.371893304495877 ], [ 18.540411038400329, 50.358549639996887 ], [ 18.540671422201886, 50.331561859672362 ], [ 18.504298487185729, 50.317918029647942 ] ] ] } },
{ "type": "Feature", "properties": { "hex_id": "regional-0405", "hex_level": "regional", "hex_edge_m": 3000, "line_count": 56, "line_length_m": 40699.2, "major_line_count": 19, "minor_line_count": 30, "cable_count": 7, "node_count": 314, "substation_count": 18, "transformer_count": 4, "generator_count": 4, "plant_count": 1, "support_count": 272, "switchgear_count": 15, "nearest_power_node_m": 72.5, "neighbor_ids": [ "regional-0382", "regional-0383", "regional-0404", "regional-0406", "regional-0426", "regional-0427" ], "has_infrastructure": true, "operational_status": "operational", "operational_status_note": "Infrastructure present; no failure simulation is active.", "connected_hex_ids": [ "regional-0382", "regional-0383", "regional-0404", "regional-0406", "regional-0426", "regional-0427" ], "connected_hex_count": 6, "confidence_score": 0.85, "confidence_label": "high", "data_quality_note": "OSM vector lines and power nodes in hex.", "source_mode": "osm_vector_derived", "kiut_role": "visual_reference_only", "infrastructure_score": 100.0 }, "geometry": { "type": "Polygon", "coordinates": [ [ [ 18.577304740625561, 50.318206354787016 ], [ 18.540671422201886, 50.331561859672362 ], [ 18.540411038400329, 50.358549639996887 ], [ 18.576825367314392, 50.372182179399189 ], [ 18.613479931117542, 50.358815425576964 ], [ 18.61369891990071, 50.331827392219324 ], [ 18.577304740625561, 50.318206354787016 ] ] ] } },
{ "type": "Feature", "properties": { "hex_id": "regional-0406", "hex_level": "regional", "hex_edge_m": 3000, "line_count": 18, "line_length_m": 6966.4, "major_line_count": 15, "minor_line_count": 3, "cable_count": 0, "node_count": 55, "substation_count": 7, "transformer_count": 1, "generator_count": 0, "plant_count": 0, "support_count": 47, "switchgear_count": 0, "nearest_power_node_m": 1804.0, "neighbor_ids": [ "regional-0383", "regional-0384", "regional-0405", "regional-0407", "regional-0427", "regional-0428" ], "has_infrastructure": true, "operational_status": "operational", "operational_status_note": "Infrastructure present; no failure simulation is active.", "connected_hex_ids": [ "regional-0383", "regional-0384", "regional-0405", "regional-0407", "regional-0427", "regional-0428" ], "connected_hex_count": 6, "confidence_score": 0.85, "confidence_label": "high", "data_quality_note": "OSM vector lines and power nodes in hex.", "source_mode": "osm_vector_derived", "kiut_role": "visual_reference_only", "infrastructure_score": 100.0 }, "geometry": { "type": "Polygon", "coordinates": [ [ [ 18.650312087627626, 50.318448841513103 ], [ 18.613698919900713, 50.331827392219324 ], [ 18.613479931117542, 50.358815425576964 ], [ 18.649915506469842, 50.372425128492239 ], [ 18.686549825955399, 50.359035306428623 ], [ 18.686727417729021, 50.33204706373796 ], [ 18.650312087627626, 50.318448841513103 ] ] ] } },
{ "type": "Feature", "properties": { "hex_id": "regional-0407", "hex_level": "regional", "hex_edge_m": 3000, "line_count": 39, "line_length_m": 23779.8, "major_line_count": 1, "minor_line_count": 27, "cable_count": 11, "node_count": 230, "substation_count": 10, "transformer_count": 1, "generator_count": 3, "plant_count": 0, "support_count": 207, "switchgear_count": 9, "nearest_power_node_m": 196.7, "neighbor_ids": [ "regional-0384", "regional-0385", "regional-0406", "regional-0408", "regional-0428", "regional-0429" ], "has_infrastructure": true, "operational_status": "operational", "operational_status_note": "Infrastructure present; no failure simulation is active.", "connected_hex_ids": [ "regional-0384", "regional-0385", "regional-0406", "regional-0408", "regional-0428", "regional-0429" ], "connected_hex_count": 6, "confidence_score": 0.85, "confidence_label": "high", "data_quality_note": "OSM vector lines and power nodes in hex.", "source_mode": "osm_vector_derived", "kiut_role": "visual_reference_only", "infrastructure_score": 100.0 }, "geometry": { "type": "Polygon", "coordinates": [ [ [ 18.723320339335267, 50.318645488329359 ], [ 18.686727417729021, 50.33204706373796 ], [ 18.686549825955403, 50.359035306428623 ], [ 18.723006553936848, 50.372622150272662 ], [ 18.759620533485329, 50.359209281192754 ], [ 18.759756726634588, 50.332220872871645 ], [ 18.723320339335267, 50.318645488329359 ] ] ] } },
{ "type": "Feature", "properties": { "hex_id": "regional-0408", "hex_level": "regional", "hex_edge_m": 3000, "line_count": 40, "line_length_m": 32674.8, "major_line_count": 21, "minor_line_count": 14, "cable_count": 5, "node_count": 229, "substation_count": 32, "transformer_count": 4, "generator_count": 15, "plant_count": 0, "support_count": 177, "switchgear_count": 1, "nearest_power_node_m": 200.3, "neighbor_ids": [ "regional-0385", "regional-0386", "regional-0407", "regional-0409", "regional-0429", "regional-0430" ], "has_infrastructure": true, "operational_status": "operational", "operational_status_note": "Infrastructure present; no failure simulation is active.", "connected_hex_ids": [ "regional-0385", "regional-0386", "regional-0407", "regional-0409", "regional-0429", "regional-0430" ], "connected_hex_count": 6, "confidence_score": 0.85, "confidence_label": "high", "data_quality_note": "OSM vector lines and power nodes in hex.", "source_mode": "osm_vector_derived", "kiut_role": "visual_reference_only", "infrastructure_score": 100.0 }, "geometry": { "type": "Polygon", "coordinates": [ [ [ 18.796329306877055, 50.318796294021936 ], [ 18.759756726634592, 50.332220872871645 ], [ 18.759620533485329, 50.359209281192754 ], [ 18.796098320091232, 50.372773243522083 ], [ 18.832691864265453, 50.359337348793972 ], [ 18.832786657551949, 50.332348818546961 ], [ 18.796329306877055, 50.318796294021936 ] ] ] } },
{ "type": "Feature", "properties": { "hex_id": "regional-0409", "hex_level": "regional", "hex_edge_m": 3000, "line_count": 48, "line_length_m": 25127.3, "major_line_count": 47, "minor_line_count": 0, "cable_count": 1, "node_count": 235, "substation_count": 75, "transformer_count": 7, "generator_count": 7, "plant_count": 1, "support_count": 133, "switchgear_count": 12, "nearest_power_node_m": 386.8, "neighbor_ids": [ "regional-0386", "regional-0387", "regional-0408", "regional-0410", "regional-0430", "regional-0431" ], "has_infrastructure": true, "operational_status": "operational", "operational_status_note": "Infrastructure present; no failure simulation is active.", "connected_hex_ids": [ "regional-0386", "regional-0387", "regional-0408", "regional-0410", "regional-0430", "regional-0431" ], "connected_hex_count": 6, "confidence_score": 0.85, "confidence_label": "high", "data_quality_note": "OSM vector lines and power nodes in hex.", "source_mode": "osm_vector_derived", "kiut_role": "visual_reference_only", "infrastructure_score": 100.0 }, "geometry": { "type": "Polygon", "coordinates": [ [ [ 18.869338801369878, 50.318901257659832 ], [ 18.832786657551949, 50.332348818546961 ], [ 18.832691864265453, 50.359337348793972 ], [ 18.86919061529704, 50.372878407306125 ], [ 18.905763628843712, 50.359419508440638 ], [ 18.905817021405468, 50.332430899973758 ], [ 18.869338801369878, 50.318901257659832 ] ] ] } },
{ "type": "Feature", "properties": { "hex_id": "regional-0410", "hex_level": "regional", "hex_edge_m": 3000, "line_count": 42, "line_length_m": 11267.4, "major_line_count": 21, "minor_line_count": 2, "cable_count": 19, "node_count": 182, "substation_count": 77, "transformer_count": 2, "generator_count": 21, "plant_count": 3, "support_count": 75, "switchgear_count": 4, "nearest_power_node_m": 169.5, "neighbor_ids": [ "regional-0387", "regional-0388", "regional-0409", "regional-0411", "regional-0431", "regional-0432" ], "has_infrastructure": true, "operational_status": "operational", "operational_status_note": "Infrastructure present; no failure simulation is active.", "connected_hex_ids": [ "regional-0387", "regional-0388", "regional-0409", "regional-0411", "regional-0431", "regional-0432" ], "connected_hex_count": 6, "confidence_score": 0.85, "confidence_label": "high", "data_quality_note": "OSM vector lines and power nodes in hex.", "source_mode": "osm_vector_derived", "kiut_role": "visual_reference_only", "infrastructure_score": 100.0 }, "geometry": { "type": "Polygon", "coordinates": [ [ [ 18.942348633922016, 50.318960378595122 ], [ 18.905817021405472, 50.332430899973758 ], [ 18.905763628843712, 50.359419508440638 ], [ 18.942283249909657, 50.372937640974428 ], [ 18.978835637760941, 50.359455759624879 ], [ 18.978847629112447, 50.332467116645056 ], [ 18.942348633922016, 50.318960378595122 ] ] ] } },
{ "type": "Feature", "properties": { "hex_id": "regional-0411", "hex_level": "regional", "hex_edge_m": 3000, "line_count": 81, "line_length_m": 32905.6, "major_line_count": 24, "minor_line_count": 57, "cable_count": 0, "node_count": 691, "substation_count": 16, "transformer_count": 5, "generator_count": 417, "plant_count": 1, "support_count": 247, "switchgear_count": 5, "nearest_power_node_m": 563.0, "neighbor_ids": [ "regional-0388", "regional-0389", "regional-0410", "regional-0412", "regional-0432", "regional-0433" ], "has_infrastructure": true, "operational_status": "operational", "operational_status_note": "Infrastructure present; no failure simulation is active.", "connected_hex_ids": [ "regional-0388", "regional-0389", "regional-0410", "regional-0412", "regional-0432", "regional-0433" ], "connected_hex_count": 6, "confidence_score": 0.85, "confidence_label": "high", "data_quality_note": "OSM vector lines and power nodes in hex.", "source_mode": "osm_vector_derived", "kiut_role": "visual_reference_only", "infrastructure_score": 100.0 }, "geometry": { "type": "Polygon", "coordinates": [ [ [ 19.015358615636242, 50.31897365646283 ], [ 18.978847629112447, 50.332467116645056 ], [ 18.978835637760941, 50.359455759624879 ], [ 19.015376034278912, 50.372950944160685 ], [ 19.051907701553979, 50.359446102122625 ], [ 19.051878291586196, 50.332457468337232 ], [ 19.015358615636242, 50.31897365646283 ] ] ] } },
{ "type": "Feature", "properties": { "hex_id": "regional-0412", "hex_level": "regional", "hex_edge_m": 3000, "line_count": 229, "line_length_m": 118691.2, "major_line_count": 20, "minor_line_count": 197, "cable_count": 12, "node_count": 1993, "substation_count": 39, "transformer_count": 3, "generator_count": 1170, "plant_count": 1, "support_count": 771, "switchgear_count": 9, "nearest_power_node_m": 14.4, "neighbor_ids": [ "regional-0389", "regional-0390", "regional-0411", "regional-0413", "regional-0433", "regional-0434" ], "has_infrastructure": true, "operational_status": "operational", "operational_status_note": "Infrastructure present; no failure simulation is active.", "connected_hex_ids": [ "regional-0389", "regional-0390", "regional-0411", "regional-0413", "regional-0433", "regional-0434" ], "connected_hex_count": 6, "confidence_score": 0.85, "confidence_label": "high", "data_quality_note": "OSM vector lines and power nodes in hex.", "source_mode": "osm_vector_derived", "kiut_role": "visual_reference_only", "infrastructure_score": 100.0 }, "geometry": { "type": "Polygon", "coordinates": [ [ [ 19.088368557612878, 50.318941091180989 ], [ 19.051878291586196, 50.332457468337232 ], [ 19.051907701553979, 50.359446102122625 ], [ 19.088468778752191, 50.372918316782638 ], [ 19.124979630758769, 50.359390535993548 ], [ 19.124908819739126, 50.33240195510983 ], [ 19.088368557612878, 50.318941091180989 ] ] ] } },
{ "type": "Feature", "properties": { "hex_id": "regional-0413", "hex_level": "regional", "hex_edge_m": 3000, "line_count": 200, "line_length_m": 73554.8, "major_line_count": 60, "minor_line_count": 102, "cable_count": 38, "node_count": 1418, "substation_count": 40, "transformer_count": 13, "generator_count": 915, "plant_count": 1, "support_count": 445, "switchgear_count": 4, "nearest_power_node_m": 51.0, "neighbor_ids": [ "regional-0390", "regional-0391", "regional-0412", "regional-0414", "regional-0434", "regional-0435" ], "has_infrastructure": true, "operational_status": "operational", "operational_status_note": "Infrastructure present; no failure simulation is active.", "connected_hex_ids": [ "regional-0390", "regional-0391", "regional-0412", "regional-0414", "regional-0434", "regional-0435" ], "connected_hex_count": 6, "confidence_score": 0.85, "confidence_label": "high", "data_quality_note": "OSM vector lines and power nodes in hex.", "source_mode": "osm_vector_derived", "kiut_role": "visual_reference_only", "infrastructure_score": 100.0 }, "geometry": { "type": "Polygon", "coordinates": [ [ [ 19.161378270952909, 50.318862682950638 ], [ 19.124908819739126, 50.33240195510983 ], [ 19.124979630758769, 50.359390535993548 ], [ 19.161561293677526, 50.37283975904203 ], [ 19.198051235913457, 50.359289061581144 ], [ 19.197939024485862, 50.332300577305737 ], [ 19.161378270952909, 50.318862682950638 ] ] ] } },
{ "type": "Feature", "properties": { "hex_id": "regional-0414", "hex_level": "regional", "hex_edge_m": 3000, "line_count": 28, "line_length_m": 19936.6, "major_line_count": 15, "minor_line_count": 13, "cable_count": 0, "node_count": 207, "substation_count": 27, "transformer_count": 6, "generator_count": 47, "plant_count": 0, "support_count": 121, "switchgear_count": 6, "nearest_power_node_m": 550.6, "neighbor_ids": [ "regional-0391", "regional-0392", "regional-0413", "regional-0415", "regional-0435", "regional-0436" ], "has_infrastructure": true, "operational_status": "operational", "operational_status_note": "Infrastructure present; no failure simulation is active.", "connected_hex_ids": [ "regional-0391", "regional-0392", "regional-0413", "regional-0415", "regional-0435", "regional-0436" ], "connected_hex_count": 6, "confidence_score": 0.85, "confidence_label": "high", "data_quality_note": "OSM vector lines and power nodes in hex.", "source_mode": "osm_vector_derived", "kiut_role": "visual_reference_only", "infrastructure_score": 100.0 }, "geometry": { "type": "Polygon", "coordinates": [ [ [ 19.23438756676104, 50.318738432255799 ], [ 19.197939024485862, 50.332300577305737 ], [ 19.198051235913457, 50.359289061581144 ], [ 19.234653389406699, 50.372715271424703 ], [ 19.271122327561489, 50.359141679512675 ], [ 19.270968716746285, 50.332153335551034 ], [ 19.23438756676104, 50.318738432255799 ] ] ] } },
{ "type": "Feature", "properties": { "hex_id": "regional-0415", "hex_level": "regional", "hex_edge_m": 3000, "line_count": 9, "line_length_m": 4197.6, "major_line_count": 5, "minor_line_count": 3, "cable_count": 1, "node_count": 23, "substation_count": 1, "transformer_count": 0, "generator_count": 0, "plant_count": 1, "support_count": 21, "switchgear_count": 0, "nearest_power_node_m": 1246.8, "neighbor_ids": [ "regional-0392", "regional-0393", "regional-0414", "regional-0436" ], "has_infrastructure": true, "operational_status": "operational", "operational_status_note": "Infrastructure present; no failure simulation is active.", "connected_hex_ids": [ "regional-0392", "regional-0393", "regional-0414", "regional-0436" ], "connected_hex_count": 4, "confidence_score": 0.85, "confidence_label": "high", "data_quality_note": "OSM vector lines and power nodes in hex.", "source_mode": "osm_vector_derived", "kiut_role": "visual_reference_only", "infrastructure_score": 52.7 }, "geometry": { "type": "Polygon", "coordinates": [ [ [ 19.307396256148806, 50.318568339863489 ], [ 19.270968716746289, 50.332153335551034 ], [ 19.271122327561489, 50.359141679512675 ], [ 19.282308741972582, 50.363237730163448 ], [ 19.28795737201709, 50.357156272574109 ], [ 19.314322194302775, 50.321103896533074 ], [ 19.307396256148806, 50.318568339863489 ] ] ] } },
{ "type": "Feature", "properties": { "hex_id": "regional-0416", "hex_level": "regional", "hex_edge_m": 3000, "line_count": 14, "line_length_m": 10714.8, "major_line_count": 1, "minor_line_count": 10, "cable_count": 3, "node_count": 80, "substation_count": 2, "transformer_count": 0, "generator_count": 0, "plant_count": 0, "support_count": 75, "switchgear_count": 3, "nearest_power_node_m": 124.8, "neighbor_ids": [ "regional-0394", "regional-0395", "regional-0417", "regional-0437" ], "has_infrastructure": true, "operational_status": "operational", "operational_status_note": "Infrastructure present; no failure simulation is active.", "connected_hex_ids": [ "regional-0394", "regional-0395", "regional-0417", "regional-0437" ], "connected_hex_count": 4, "confidence_score": 0.85, "confidence_label": "high", "data_quality_note": "OSM vector lines and power nodes in hex.", "source_mode": "osm_vector_derived", "kiut_role": "visual_reference_only", "infrastructure_score": 70.9 }, "geometry": { "type": "Polygon", "coordinates": [ [ [ 17.845360674821656, 50.394210156963389 ], [ 17.846015635594167, 50.367227157315348 ], [ 17.809818886445381, 50.353367525936427 ], [ 17.803706080003863, 50.355542615526261 ], [ 17.840289648365886, 50.396015020079979 ], [ 17.845360674821656, 50.394210156963389 ] ] ] } },
{ "type": "Feature", "properties": { "hex_id": "regional-0417", "hex_level": "regional", "hex_edge_m": 3000, "line_count": 42, "line_length_m": 32415.9, "major_line_count": 8, "minor_line_count": 26, "cable_count": 8, "node_count": 289, "substation_count": 10, "transformer_count": 2, "generator_count": 0, "plant_count": 0, "support_count": 266, "switchgear_count": 11, "nearest_power_node_m": 635.4, "neighbor_ids": [ "regional-0395", "regional-0396", "regional-0416", "regional-0418", "regional-0437", "regional-0438" ], "has_infrastructure": true, "operational_status": "operational", "operational_status_note": "Infrastructure present; no failure simulation is active.", "connected_hex_ids": [ "regional-0395", "regional-0396", "regional-0416", "regional-0418", "regional-0437", "regional-0438" ], "connected_hex_count": 6, "confidence_score": 0.85, "confidence_label": "high", "data_quality_note": "OSM vector lines and power nodes in hex.", "source_mode": "osm_vector_derived", "kiut_role": "visual_reference_only", "infrastructure_score": 100.0 }, "geometry": { "type": "Polygon", "coordinates": [ [ [ 17.882867344523156, 50.354092221654973 ], [ 17.846015635594167, 50.367227157315348 ], [ 17.845360674821656, 50.394210156963389 ], [ 17.881598872998303, 50.408058900974403 ], [ 17.918472758282189, 50.394912918806128 ], [ 17.919086267109989, 50.36792925006759 ], [ 17.882867344523156, 50.354092221654973 ] ] ] } },
{ "type": "Feature", "properties": { "hex_id": "regional-0418", "hex_level": "regional", "hex_edge_m": 3000, "line_count": 14, "line_length_m": 17068.3, "major_line_count": 1, "minor_line_count": 11, "cable_count": 2, "node_count": 147, "substation_count": 5, "transformer_count": 0, "generator_count": 0, "plant_count": 0, "support_count": 135, "switchgear_count": 7, "nearest_power_node_m": 506.5, "neighbor_ids": [ "regional-0396", "regional-0397", "regional-0417", "regional-0419", "regional-0438", "regional-0439" ], "has_infrastructure": true, "operational_status": "operational", "operational_status_note": "Infrastructure present; no failure simulation is active.", "connected_hex_ids": [ "regional-0396", "regional-0397", "regional-0417", "regional-0419", "regional-0438", "regional-0439" ], "connected_hex_count": 6, "confidence_score": 0.85, "confidence_label": "high", "data_quality_note": "OSM vector lines and power nodes in hex.", "source_mode": "osm_vector_derived", "kiut_role": "visual_reference_only", "infrastructure_score": 100.0 }, "geometry": { "type": "Polygon", "coordinates": [ [ [ 17.955918697595031, 50.354771041832684 ], [ 17.919086267109989, 50.36792925006759 ], [ 17.918472758282189, 50.394912918806128 ], [ 17.95473313567042, 50.408739015611296 ], [ 17.99158765055191, 50.395569737407925 ], [ 17.992159701849804, 50.368585443303019 ], [ 17.955918697595031, 50.354771041832684 ] ] ] } },
{ "type": "Feature", "properties": { "hex_id": "regional-0419", "hex_level": "regional", "hex_edge_m": 3000, "line_count": 30, "line_length_m": 37947.4, "major_line_count": 4, "minor_line_count": 23, "cable_count": 3, "node_count": 252, "substation_count": 4, "transformer_count": 0, "generator_count": 0, "plant_count": 0, "support_count": 241, "switchgear_count": 7, "nearest_power_node_m": 443.3, "neighbor_ids": [ "regional-0397", "regional-0398", "regional-0418", "regional-0420", "regional-0439", "regional-0440" ], "has_infrastructure": true, "operational_status": "operational", "operational_status_note": "Infrastructure present; no failure simulation is active.", "connected_hex_ids": [ "regional-0397", "regional-0398", "regional-0418", "regional-0420", "regional-0439", "regional-0440" ], "connected_hex_count": 6, "confidence_score": 0.85, "confidence_label": "high", "data_quality_note": "OSM vector lines and power nodes in hex.", "source_mode": "osm_vector_derived", "kiut_role": "visual_reference_only", "infrastructure_score": 100.0 }, "geometry": { "type": "Polygon", "coordinates": [ [ [ 18.028972756535609, 50.355403982275547 ], [ 17.992159701849804, 50.368585443303019 ], [ 17.991587650551914, 50.395569737407925 ], [ 18.027870115004749, 50.409373163057488 ], [ 18.064705161917892, 50.39618060870518 ], [ 18.065235750477616, 50.369195732965515 ], [ 18.028972756535609, 50.355403982275547 ] ] ] } },
{ "type": "Feature", "properties": { "hex_id": "regional-0420", "hex_level": "regional", "hex_edge_m": 3000, "line_count": 23, "line_length_m": 16595.4, "major_line_count": 0, "minor_line_count": 17, "cable_count": 6, "node_count": 179, "substation_count": 6, "transformer_count": 0, "generator_count": 5, "plant_count": 2, "support_count": 161, "switchgear_count": 5, "nearest_power_node_m": 649.9, "neighbor_ids": [ "regional-0398", "regional-0399", "regional-0419", "regional-0421", "regional-0440", "regional-0441" ], "has_infrastructure": true, "operational_status": "operational", "operational_status_note": "Infrastructure present; no failure simulation is active.", "connected_hex_ids": [ "regional-0398", "regional-0399", "regional-0419", "regional-0421", "regional-0440", "regional-0441" ], "connected_hex_count": 6, "confidence_score": 0.85, "confidence_label": "high", "data_quality_note": "OSM vector lines and power nodes in hex.", "source_mode": "osm_vector_derived", "kiut_role": "visual_reference_only", "infrastructure_score": 100.0 }, "geometry": { "type": "Polygon", "coordinates": [ [ [ 18.102029332175267, 50.355991039072819 ], [ 18.065235750477619, 50.369195732965515 ], [ 18.064705161917892, 50.39618060870518 ], [ 18.101009621077608, 50.409961339387728 ], [ 18.137825102624284, 50.396745528918309 ], [ 18.138314223614696, 50.369760115282432 ], [ 18.102029332175267, 50.355991039072819 ] ] ] } },
{ "type": "Feature", "properties": { "hex_id": "regional-0421", "hex_level": "regional", "hex_edge_m": 3000, "line_count": 22, "line_length_m": 17590.3, "major_line_count": 1, "minor_line_count": 17, "cable_count": 4, "node_count": 165, "substation_count": 3, "transformer_count": 0, "generator_count": 0, "plant_count": 2, "support_count": 157, "switchgear_count": 3, "nearest_power_node_m": 467.5, "neighbor_ids": [ "regional-0399", "regional-0400", "regional-0420", "regional-0422", "regional-0441", "regional-0442" ], "has_infrastructure": true, "operational_status": "operational", "operational_status_note": "Infrastructure present; no failure simulation is active.", "connected_hex_ids": [ "regional-0399", "regional-0400", "regional-0420", "regional-0422", "regional-0441", "regional-0442" ], "connected_hex_count": 6, "confidence_score": 0.85, "confidence_label": "high", "data_quality_note": "OSM vector lines and power nodes in hex.", "source_mode": "osm_vector_derived", "kiut_role": "visual_reference_only", "infrastructure_score": 100.0 }, "geometry": { "type": "Polygon", "coordinates": [ [ [ 18.175088235303232, 50.356532208596981 ], [ 18.138314223614696, 50.369760115282432 ], [ 18.137825102624284, 50.396745528918309 ], [ 18.174151463923891, 50.410503540961138 ], [ 18.210947282875455, 50.39726449455182 ], [ 18.211394931842626, 50.370278586764755 ], [ 18.175088235303232, 50.356532208596981 ] ] ] } },
{ "type": "Feature", "properties": { "hex_id": "regional-0422", "hex_level": "regional", "hex_edge_m": 3000, "line_count": 32, "line_length_m": 49732.4, "major_line_count": 8, "minor_line_count": 22, "cable_count": 2, "node_count": 342, "substation_count": 5, "transformer_count": 0, "generator_count": 0, "plant_count": 0, "support_count": 328, "switchgear_count": 9, "nearest_power_node_m": 171.6, "neighbor_ids": [ "regional-0400", "regional-0401", "regional-0421", "regional-0423", "regional-0442", "regional-0443" ], "has_infrastructure": true, "operational_status": "operational", "operational_status_note": "Infrastructure present; no failure simulation is active.", "connected_hex_ids": [ "regional-0400", "regional-0401", "regional-0421", "regional-0423", "regional-0442", "regional-0443" ], "connected_hex_count": 6, "confidence_score": 0.85, "confidence_label": "high", "data_quality_note": "OSM vector lines and power nodes in hex.", "source_mode": "osm_vector_derived", "kiut_role": "visual_reference_only", "infrastructure_score": 100.0 }, "geometry": { "type": "Polygon", "coordinates": [ [ [ 18.248149276670688, 50.357027487503906 ], [ 18.211394931842626, 50.370278586764755 ], [ 18.210947282875455, 50.39726449455182 ], [ 18.247295453540207, 50.410999764421184 ], [ 18.284071512839066, 50.397737502394378 ], [ 18.284477685706431, 50.370751144207055 ], [ 18.248149276670688, 50.357027487503906 ] ] ] } },
{ "type": "Feature", "properties": { "hex_id": "regional-0423", "hex_level": "regional", "hex_edge_m": 3000, "line_count": 49, "line_length_m": 46509.4, "major_line_count": 8, "minor_line_count": 29, "cable_count": 12, "node_count": 278, "substation_count": 12, "transformer_count": 0, "generator_count": 0, "plant_count": 0, "support_count": 253, "switchgear_count": 13, "nearest_power_node_m": 200.1, "neighbor_ids": [ "regional-0401", "regional-0402", "regional-0422", "regional-0424", "regional-0443", "regional-0444" ], "has_infrastructure": true, "operational_status": "operational", "operational_status_note": "Infrastructure present; no failure simulation is active.", "connected_hex_ids": [ "regional-0401", "regional-0402", "regional-0422", "regional-0424", "regional-0443", "regional-0444" ], "connected_hex_count": 6, "confidence_score": 0.85, "confidence_label": "high", "data_quality_note": "OSM vector lines and power nodes in hex.", "source_mode": "osm_vector_derived", "kiut_role": "visual_reference_only", "infrastructure_score": 100.0 }, "geometry": { "type": "Polygon", "coordinates": [ [ [ 18.321212266993857, 50.357476872732818 ], [ 18.284477685706431, 50.370751144207055 ], [ 18.284071512839066, 50.397737502394378 ], [ 18.32044139988793, 50.41145000669583 ], [ 18.357197602649205, 50.398164549518903 ], [ 18.35756229571766, 50.371177784687653 ], [ 18.321212266993857, 50.357476872732818 ] ] ] } },
{ "type": "Feature", "properties": { "hex_id": "regional-0424", "hex_level": "regional", "hex_edge_m": 3000, "line_count": 24, "line_length_m": 30267.0, "major_line_count": 3, "minor_line_count": 18, "cable_count": 3, "node_count": 209, "substation_count": 9, "transformer_count": 0, "generator_count": 3, "plant_count": 0, "support_count": 187, "switchgear_count": 10, "nearest_power_node_m": 525.7, "neighbor_ids": [ "regional-0402", "regional-0403", "regional-0423", "regional-0425", "regional-0444", "regional-0445" ], "has_infrastructure": true, "operational_status": "operational", "operational_status_note": "Infrastructure present; no failure simulation is active.", "connected_hex_ids": [ "regional-0402", "regional-0403", "regional-0423", "regional-0425", "regional-0444", "regional-0445" ], "connected_hex_count": 6, "confidence_score": 0.85, "confidence_label": "high", "data_quality_note": "OSM vector lines and power nodes in hex.", "source_mode": "osm_vector_derived", "kiut_role": "visual_reference_only", "infrastructure_score": 100.0 }, "geometry": { "type": "Polygon", "coordinates": [ [ [ 18.394277016957084, 50.35788036150651 ], [ 18.35756229571766, 50.371177784687653 ], [ 18.357197602649205, 50.398164549518903 ], [ 18.393589112896375, 50.411854264997565 ], [ 18.430325362409473, 50.398545633282616 ], [ 18.430648572357491, 50.371558505568629 ], [ 18.394277016957084, 50.35788036150651 ] ] ] } },
{ "type": "Feature", "properties": { "hex_id": "regional-0425", "hex_level": "regional", "hex_edge_m": 3000, "line_count": 24, "line_length_m": 28832.7, "major_line_count": 3, "minor_line_count": 20, "cable_count": 1, "node_count": 223, "substation_count": 9, "transformer_count": 0, "generator_count": 3, "plant_count": 0, "support_count": 202, "switchgear_count": 9, "nearest_power_node_m": 163.8, "neighbor_ids": [ "regional-0403", "regional-0404", "regional-0424", "regional-0426", "regional-0445", "regional-0446" ], "has_infrastructure": true, "operational_status": "operational", "operational_status_note": "Infrastructure present; no failure simulation is active.", "connected_hex_ids": [ "regional-0403", "regional-0404", "regional-0424", "regional-0426", "regional-0445", "regional-0446" ], "connected_hex_count": 6, "confidence_score": 0.85, "confidence_label": "high", "data_quality_note": "OSM vector lines and power nodes in hex.", "source_mode": "osm_vector_derived", "kiut_role": "visual_reference_only", "infrastructure_score": 100.0 }, "geometry": { "type": "Polygon", "coordinates": [ [ [ 18.467343337215947, 50.35823795133124 ], [ 18.430648572357491, 50.371558505568629 ], [ 18.430325362409476, 50.398545633282616 ], [ 18.466738402465875, 50.412212536823446 ], [ 18.503454602196111, 50.39888075132707 ], [ 18.503736326079828, 50.371893304495877 ], [ 18.467343337215947, 50.35823795133124 ] ] ] } },
{ "type": "Feature", "properties": { "hex_id": "regional-0426", "hex_level": "regional", "hex_edge_m": 3000, "line_count": 35, "line_length_m": 57538.1, "major_line_count": 5, "minor_line_count": 23, "cable_count": 7, "node_count": 357, "substation_count": 13, "transformer_count": 1, "generator_count": 23, "plant_count": 0, "support_count": 309, "switchgear_count": 11, "nearest_power_node_m": 39.0, "neighbor_ids": [ "regional-0404", "regional-0405", "regional-0425", "regional-0427", "regional-0446", "regional-0447" ], "has_infrastructure": true, "operational_status": "operational", "operational_status_note": "Infrastructure present; no failure simulation is active.", "connected_hex_ids": [ "regional-0404", "regional-0405", "regional-0425", "regional-0427", "regional-0446", "regional-0447" ], "connected_hex_count": 6, "confidence_score": 0.85, "confidence_label": "high", "data_quality_note": "OSM vector lines and power nodes in hex.", "source_mode": "osm_vector_derived", "kiut_role": "visual_reference_only", "infrastructure_score": 100.0 }, "geometry": { "type": "Polygon", "coordinates": [ [ [ 18.540411038400329, 50.358549639996887 ], [ 18.503736326079828, 50.371893304495877 ], [ 18.503454602196111, 50.39888075132707 ], [ 18.5398890784709, 50.412524819955181 ], [ 18.576585132061091, 50.399169901578205 ], [ 18.576825367314392, 50.372182179399189 ], [ 18.540411038400329, 50.358549639996887 ] ] ] } },
{ "type": "Feature", "properties": { "hex_id": "regional-0427", "hex_level": "regional", "hex_edge_m": 3000, "line_count": 64, "line_length_m": 53928.0, "major_line_count": 16, "minor_line_count": 44, "cable_count": 4, "node_count": 449, "substation_count": 18, "transformer_count": 5, "generator_count": 2, "plant_count": 1, "support_count": 408, "switchgear_count": 15, "nearest_power_node_m": 90.4, "neighbor_ids": [ "regional-0405", "regional-0406", "regional-0426", "regional-0428", "regional-0447", "regional-0448" ], "has_infrastructure": true, "operational_status": "operational", "operational_status_note": "Infrastructure present; no failure simulation is active.", "connected_hex_ids": [ "regional-0405", "regional-0406", "regional-0426", "regional-0428", "regional-0447", "regional-0448" ], "connected_hex_count": 6, "confidence_score": 0.85, "confidence_label": "high", "data_quality_note": "OSM vector lines and power nodes in hex.", "source_mode": "osm_vector_derived", "kiut_role": "visual_reference_only", "infrastructure_score": 100.0 }, "geometry": { "type": "Polygon", "coordinates": [ [ [ 18.613479931117542, 50.358815425576964 ], [ 18.576825367314392, 50.372182179399189 ], [ 18.576585132061091, 50.399169901578205 ], [ 18.613040950763196, 50.412791112459168 ], [ 18.649716762035251, 50.399413082246419 ], [ 18.649915506469842, 50.372425128492239 ], [ 18.613479931117542, 50.358815425576964 ] ] ] } },
{ "type": "Feature", "properties": { "hex_id": "regional-0428", "hex_level": "regional", "hex_edge_m": 3000, "line_count": 35, "line_length_m": 43854.9, "major_line_count": 7, "minor_line_count": 28, "cable_count": 0, "node_count": 336, "substation_count": 10, "transformer_count": 1, "generator_count": 0, "plant_count": 0, "support_count": 313, "switchgear_count": 12, "nearest_power_node_m": 78.3, "neighbor_ids": [ "regional-0406", "regional-0407", "regional-0427", "regional-0429", "regional-0448", "regional-0449" ], "has_infrastructure": true, "operational_status": "operational", "operational_status_note": "Infrastructure present; no failure simulation is active.", "connected_hex_ids": [ "regional-0406", "regional-0407", "regional-0427", "regional-0429", "regional-0448", "regional-0449" ], "connected_hex_count": 6, "confidence_score": 0.85, "confidence_label": "high", "data_quality_note": "OSM vector lines and power nodes in hex.", "source_mode": "osm_vector_derived", "kiut_role": "visual_reference_only", "infrastructure_score": 100.0 }, "geometry": { "type": "Polygon", "coordinates": [ [ [ 18.686549825955399, 50.359035306428623 ], [ 18.649915506469842, 50.372425128492239 ], [ 18.649716762035251, 50.399413082246419 ], [ 18.686193829174869, 50.413011412686473 ], [ 18.722849302131394, 50.399610291826569 ], [ 18.723006553936848, 50.372622150272662 ], [ 18.686549825955399, 50.359035306428623 ] ] ] } },
{ "type": "Feature", "properties": { "hex_id": "regional-0429", "hex_level": "regional", "hex_edge_m": 3000, "line_count": 93, "line_length_m": 69280.7, "major_line_count": 71, "minor_line_count": 19, "cable_count": 3, "node_count": 464, "substation_count": 7, "transformer_count": 3, "generator_count": 74, "plant_count": 4, "support_count": 374, "switchgear_count": 2, "nearest_power_node_m": 245.8, "neighbor_ids": [ "regional-0407", "regional-0408", "regional-0428", "regional-0430", "regional-0449", "regional-0450" ], "has_infrastructure": true, "operational_status": "operational", "operational_status_note": "Infrastructure present; no failure simulation is active.", "connected_hex_ids": [ "regional-0407", "regional-0408", "regional-0428", "regional-0430", "regional-0449", "regional-0450" ], "connected_hex_count": 6, "confidence_score": 0.85, "confidence_label": "high", "data_quality_note": "OSM vector lines and power nodes in hex.", "source_mode": "osm_vector_derived", "kiut_role": "visual_reference_only", "infrastructure_score": 100.0 }, "geometry": { "type": "Polygon", "coordinates": [ [ [ 18.759620533485329, 50.359209281192754 ], [ 18.723006553936848, 50.372622150272662 ], [ 18.722849302131394, 50.399610291826569 ], [ 18.759347523521537, 50.413185719272967 ], [ 18.795982562347401, 50.399761529098036 ], [ 18.796098320091232, 50.372773243522083 ], [ 18.759620533485329, 50.359209281192754 ] ] ] } },
{ "type": "Feature", "properties": { "hex_id": "regional-0430", "hex_level": "regional", "hex_edge_m": 3000, "line_count": 29, "line_length_m": 45516.9, "major_line_count": 11, "minor_line_count": 16, "cable_count": 2, "node_count": 274, "substation_count": 47, "transformer_count": 1, "generator_count": 0, "plant_count": 1, "support_count": 218, "switchgear_count": 7, "nearest_power_node_m": 231.6, "neighbor_ids": [ "regional-0408", "regional-0409", "regional-0429", "regional-0431", "regional-0450", "regional-0451" ], "has_infrastructure": true, "operational_status": "operational", "operational_status_note": "Infrastructure present; no failure simulation is active.", "connected_hex_ids": [ "regional-0408", "regional-0409", "regional-0429", "regional-0431", "regional-0450", "regional-0451" ], "connected_hex_count": 6, "confidence_score": 0.85, "confidence_label": "high", "data_quality_note": "OSM vector lines and power nodes in hex.", "source_mode": "osm_vector_derived", "kiut_role": "visual_reference_only", "infrastructure_score": 100.0 }, "geometry": { "type": "Polygon", "coordinates": [ [ [ 18.832691864265453, 50.359337348793972 ], [ 18.796098320091232, 50.372773243522083 ], [ 18.795982562347401, 50.399761529098036 ], [ 18.832501843605428, 50.413314031139294 ], [ 18.869116352669351, 50.399866793124701 ], [ 18.86919061529704, 50.372878407306125 ], [ 18.832691864265453, 50.359337348793972 ] ] ] } },
{ "type": "Feature", "properties": { "hex_id": "regional-0431", "hex_level": "regional", "hex_edge_m": 3000, "line_count": 14, "line_length_m": 30687.6, "major_line_count": 11, "minor_line_count": 0, "cable_count": 3, "node_count": 207, "substation_count": 64, "transformer_count": 24, "generator_count": 17, "plant_count": 2, "support_count": 100, "switchgear_count": 0, "nearest_power_node_m": 241.4, "neighbor_ids": [ "regional-0409", "regional-0410", "regional-0430", "regional-0432", "regional-0451", "regional-0452" ], "has_infrastructure": true, "operational_status": "operational", "operational_status_note": "Infrastructure present; no failure simulation is active.", "connected_hex_ids": [ "regional-0409", "regional-0410", "regional-0430", "regional-0432", "regional-0451", "regional-0452" ], "connected_hex_count": 6, "confidence_score": 0.85, "confidence_label": "high", "data_quality_note": "OSM vector lines and power nodes in hex.", "source_mode": "osm_vector_derived", "kiut_role": "visual_reference_only", "infrastructure_score": 100.0 }, "geometry": { "type": "Polygon", "coordinates": [ [ [ 18.905763628843712, 50.359419508440638 ], [ 18.86919061529704, 50.372878407306125 ], [ 18.869116352669351, 50.399866793124701 ], [ 18.905656599218499, 50.413396347490888 ], [ 18.942250483074634, 50.399926083255018 ], [ 18.942283249909657, 50.372937640974428 ], [ 18.905763628843712, 50.359419508440638 ] ] ] } },
{ "type": "Feature", "properties": { "hex_id": "regional-0432", "hex_level": "regional", "hex_edge_m": 3000, "line_count": 74, "line_length_m": 48966.9, "major_line_count": 10, "minor_line_count": 60, "cable_count": 4, "node_count": 1129, "substation_count": 7, "transformer_count": 11, "generator_count": 685, "plant_count": 1, "support_count": 425, "switchgear_count": 0, "nearest_power_node_m": 196.2, "neighbor_ids": [ "regional-0410", "regional-0411", "regional-0431", "regional-0433", "regional-0452", "regional-0453" ], "has_infrastructure": true, "operational_status": "operational", "operational_status_note": "Infrastructure present; no failure simulation is active.", "connected_hex_ids": [ "regional-0410", "regional-0411", "regional-0431", "regional-0433", "regional-0452", "regional-0453" ], "connected_hex_count": 6, "confidence_score": 0.85, "confidence_label": "high", "data_quality_note": "OSM vector lines and power nodes in hex.", "source_mode": "osm_vector_derived", "kiut_role": "visual_reference_only", "infrastructure_score": 100.0 }, "geometry": { "type": "Polygon", "coordinates": [ [ [ 18.978835637760941, 50.359455759624879 ], [ 18.942283249909657, 50.372937640974428 ], [ 18.942250483074634, 50.399926083255018 ], [ 18.978811600145566, 50.413432667817993 ], [ 19.01538476353506, 50.399939399122012 ], [ 19.015376034278912, 50.372950944160685 ], [ 18.978835637760941, 50.359455759624879 ] ] ] } },
{ "type": "Feature", "properties": { "hex_id": "regional-0433", "hex_level": "regional", "hex_edge_m": 3000, "line_count": 301, "line_length_m": 66479.8, "major_line_count": 3, "minor_line_count": 292, "cable_count": 6, "node_count": 1710, "substation_count": 24, "transformer_count": 3, "generator_count": 1092, "plant_count": 1, "support_count": 588, "switchgear_count": 2, "nearest_power_node_m": 41.1, "neighbor_ids": [ "regional-0411", "regional-0412", "regional-0432", "regional-0434", "regional-0453", "regional-0454" ], "has_infrastructure": true, "operational_status": "operational", "operational_status_note": "Infrastructure present; no failure simulation is active.", "connected_hex_ids": [ "regional-0411", "regional-0412", "regional-0432", "regional-0434", "regional-0453", "regional-0454" ], "connected_hex_count": 6, "confidence_score": 0.85, "confidence_label": "high", "data_quality_note": "OSM vector lines and power nodes in hex.", "source_mode": "osm_vector_derived", "kiut_role": "visual_reference_only", "infrastructure_score": 100.0 }, "geometry": { "type": "Polygon", "coordinates": [ [ [ 19.051907701553979, 50.359446102122625 ], [ 19.015376034278912, 50.372950944160685 ], [ 19.01538476353506, 50.399939399122012 ], [ 19.051966656167426, 50.4134229918957 ], [ 19.088519004019986, 50.399906740643232 ], [ 19.088468778752191, 50.372918316782638 ], [ 19.051907701553979, 50.359446102122625 ] ] ] } },
{ "type": "Feature", "properties": { "hex_id": "regional-0434", "hex_level": "regional", "hex_edge_m": 3000, "line_count": 160, "line_length_m": 49563.4, "major_line_count": 14, "minor_line_count": 135, "cable_count": 11, "node_count": 1291, "substation_count": 13, "transformer_count": 5, "generator_count": 809, "plant_count": 0, "support_count": 457, "switchgear_count": 7, "nearest_power_node_m": 339.5, "neighbor_ids": [ "regional-0412", "regional-0413", "regional-0433", "regional-0435", "regional-0454", "regional-0455" ], "has_infrastructure": true, "operational_status": "operational", "operational_status_note": "Infrastructure present; no failure simulation is active.", "connected_hex_ids": [ "regional-0412", "regional-0413", "regional-0433", "regional-0435", "regional-0454", "regional-0455" ], "connected_hex_count": 6, "confidence_score": 0.85, "confidence_label": "high", "data_quality_note": "OSM vector lines and power nodes in hex.", "source_mode": "osm_vector_derived", "kiut_role": "visual_reference_only", "infrastructure_score": 100.0 }, "geometry": { "type": "Polygon", "coordinates": [ [ [ 19.124979630758769, 50.359390535993548 ], [ 19.088468778752191, 50.372918316782638 ], [ 19.088519004019986, 50.399906740643232 ], [ 19.125121577063968, 50.413367319783937 ], [ 19.161653014499411, 50.399828108020834 ], [ 19.161561293677522, 50.37283975904203 ], [ 19.124979630758769, 50.359390535993548 ] ] ] } },
{ "type": "Feature", "properties": { "hex_id": "regional-0435", "hex_level": "regional", "hex_edge_m": 3000, "line_count": 43, "line_length_m": 34889.9, "major_line_count": 8, "minor_line_count": 30, "cable_count": 5, "node_count": 382, "substation_count": 4, "transformer_count": 0, "generator_count": 157, "plant_count": 0, "support_count": 221, "switchgear_count": 0, "nearest_power_node_m": 772.0, "neighbor_ids": [ "regional-0413", "regional-0414", "regional-0434", "regional-0436", "regional-0455", "regional-0456" ], "has_infrastructure": true, "operational_status": "operational", "operational_status_note": "Infrastructure present; no failure simulation is active.", "connected_hex_ids": [ "regional-0413", "regional-0414", "regional-0434", "regional-0436", "regional-0455", "regional-0456" ], "connected_hex_count": 6, "confidence_score": 0.85, "confidence_label": "high", "data_quality_note": "OSM vector lines and power nodes in hex.", "source_mode": "osm_vector_derived", "kiut_role": "visual_reference_only", "infrastructure_score": 100.0 }, "geometry": { "type": "Polygon", "coordinates": [ [ [ 19.198051235913457, 50.359289061581144 ], [ 19.161561293677526, 50.37283975904203 ], [ 19.161653014499411, 50.399828108020834 ], [ 19.198276172617295, 50.413265651827437 ], [ 19.234786604947121, 50.399703501741563 ], [ 19.234653389406695, 50.372715271424703 ], [ 19.198051235913457, 50.359289061581144 ] ] ] } },
{ "type": "Feature", "properties": { "hex_id": "regional-0436", "hex_level": "regional", "hex_edge_m": 3000, "line_count": 19, "line_length_m": 12572.0, "major_line_count": 5, "minor_line_count": 11, "cable_count": 3, "node_count": 90, "substation_count": 4, "transformer_count": 4, "generator_count": 0, "plant_count": 0, "support_count": 82, "switchgear_count": 0, "nearest_power_node_m": 400.7, "neighbor_ids": [ "regional-0414", "regional-0415", "regional-0435", "regional-0456" ], "has_infrastructure": true, "operational_status": "operational", "operational_status_note": "Infrastructure present; no failure simulation is active.", "connected_hex_ids": [ "regional-0414", "regional-0415", "regional-0435", "regional-0456" ], "connected_hex_count": 4, "confidence_score": 0.85, "confidence_label": "high", "data_quality_note": "OSM vector lines and power nodes in hex.", "source_mode": "osm_vector_derived", "kiut_role": "visual_reference_only", "infrastructure_score": 100.0 }, "geometry": { "type": "Polygon", "coordinates": [ [ [ 19.271122327561489, 50.359141679512675 ], [ 19.234653389406699, 50.372715271424703 ], [ 19.234786604947125, 50.399703501741563 ], [ 19.244826435847237, 50.403380784092136 ], [ 19.245625097351287, 50.402687760577528 ], [ 19.282308741972582, 50.363237730163448 ], [ 19.271122327561489, 50.359141679512675 ] ] ] } },
{ "type": "Feature", "properties": { "hex_id": "regional-0437", "hex_level": "regional", "hex_edge_m": 3000, "line_count": 1, "line_length_m": 1562.8, "major_line_count": 0, "minor_line_count": 1, "cable_count": 0, "node_count": 11, "substation_count": 0, "transformer_count": 0, "generator_count": 0, "plant_count": 0, "support_count": 11, "switchgear_count": 0, "nearest_power_node_m": 333.7, "neighbor_ids": [ "regional-0416", "regional-0417", "regional-0438", "regional-0457" ], "has_infrastructure": true, "operational_status": "operational", "operational_status_note": "Infrastructure present; no failure simulation is active.", "connected_hex_ids": [ "regional-0416", "regional-0417", "regional-0438", "regional-0457" ], "connected_hex_count": 4, "confidence_score": 0.62, "confidence_label": "medium", "data_quality_note": "OSM vector feature present; topology is inferred.", "source_mode": "osm_vector_derived", "kiut_role": "visual_reference_only", "infrastructure_score": 10.7 }, "geometry": { "type": "Polygon", "coordinates": [ [ [ 17.881598872998303, 50.408058900974403 ], [ 17.845360674821656, 50.394210156963389 ], [ 17.840289648365886, 50.396015020079979 ], [ 17.841340985777663, 50.397176935532748 ], [ 17.881023511009527, 50.432483146231853 ], [ 17.881598872998303, 50.408058900974403 ] ] ] } },
{ "type": "Feature", "properties": { "hex_id": "regional-0438", "hex_level": "regional", "hex_edge_m": 3000, "line_count": 31, "line_length_m": 33885.3, "major_line_count": 3, "minor_line_count": 25, "cable_count": 3, "node_count": 256, "substation_count": 3, "transformer_count": 0, "generator_count": 0, "plant_count": 1, "support_count": 243, "switchgear_count": 9, "nearest_power_node_m": 186.6, "neighbor_ids": [ "regional-0417", "regional-0418", "regional-0437", "regional-0439", "regional-0457", "regional-0458" ], "has_infrastructure": true, "operational_status": "operational", "operational_status_note": "Infrastructure present; no failure simulation is active.", "connected_hex_ids": [ "regional-0417", "regional-0418", "regional-0437", "regional-0439", "regional-0457", "regional-0458" ], "connected_hex_count": 6, "confidence_score": 0.85, "confidence_label": "high", "data_quality_note": "OSM vector lines and power nodes in hex.", "source_mode": "osm_vector_derived", "kiut_role": "visual_reference_only", "infrastructure_score": 100.0 }, "geometry": { "type": "Polygon", "coordinates": [ [ [ 17.917242929945434, 50.448879862380203 ], [ 17.954138997275237, 50.435722806085685 ], [ 17.95473313567042, 50.408739015611296 ], [ 17.918472758282189, 50.394912918806128 ], [ 17.881598872998303, 50.408058900974403 ], [ 17.881023511009527, 50.432483146231853 ], [ 17.886114697360032, 50.437008110014219 ], [ 17.917242929945434, 50.448879862380203 ] ] ] } },
{ "type": "Feature", "properties": { "hex_id": "regional-0439", "hex_level": "regional", "hex_edge_m": 3000, "line_count": 21, "line_length_m": 33444.9, "major_line_count": 4, "minor_line_count": 14, "cable_count": 3, "node_count": 231, "substation_count": 4, "transformer_count": 0, "generator_count": 0, "plant_count": 1, "support_count": 218, "switchgear_count": 8, "nearest_power_node_m": 141.1, "neighbor_ids": [ "regional-0418", "regional-0419", "regional-0438", "regional-0440", "regional-0458", "regional-0459" ], "has_infrastructure": true, "operational_status": "operational", "operational_status_note": "Infrastructure present; no failure simulation is active.", "connected_hex_ids": [ "regional-0418", "regional-0419", "regional-0438", "regional-0440", "regional-0458", "regional-0459" ], "connected_hex_count": 6, "confidence_score": 0.85, "confidence_label": "high", "data_quality_note": "OSM vector lines and power nodes in hex.", "source_mode": "osm_vector_derived", "kiut_role": "visual_reference_only", "infrastructure_score": 100.0 }, "geometry": { "type": "Polygon", "coordinates": [ [ [ 17.991587650551914, 50.395569737407925 ], [ 17.954733135670423, 50.408739015611296 ], [ 17.954138997275237, 50.435722806085685 ], [ 17.990440927114257, 50.449537933836773 ], [ 18.027317531705524, 50.436357558057104 ], [ 18.027870115004749, 50.409373163057488 ], [ 17.991587650551914, 50.395569737407925 ] ] ] } },
{ "type": "Feature", "properties": { "hex_id": "regional-0440", "hex_level": "regional", "hex_edge_m": 3000, "line_count": 31, "line_length_m": 29589.0, "major_line_count": 1, "minor_line_count": 27, "cable_count": 3, "node_count": 297, "substation_count": 7, "transformer_count": 0, "generator_count": 1, "plant_count": 2, "support_count": 276, "switchgear_count": 11, "nearest_power_node_m": 56.1, "neighbor_ids": [ "regional-0419", "regional-0420", "regional-0439", "regional-0441", "regional-0459", "regional-0460" ], "has_infrastructure": true, "operational_status": "operational", "operational_status_note": "Infrastructure present; no failure simulation is active.", "connected_hex_ids": [ "regional-0419", "regional-0420", "regional-0439", "regional-0441", "regional-0459", "regional-0460" ], "connected_hex_count": 6, "confidence_score": 0.85, "confidence_label": "high", "data_quality_note": "OSM vector lines and power nodes in hex.", "source_mode": "osm_vector_derived", "kiut_role": "visual_reference_only", "infrastructure_score": 100.0 }, "geometry": { "type": "Polygon", "coordinates": [ [ [ 18.064705161917892, 50.39618060870518 ], [ 18.027870115004749, 50.409373163057488 ], [ 18.027317531705524, 50.436357558057104 ], [ 18.063641553838789, 50.450149970377311 ], [ 18.100498597914754, 50.436946295103311 ], [ 18.101009621077608, 50.409961339387728 ], [ 18.064705161917892, 50.39618060870518 ] ] ] } },
{ "type": "Feature", "properties": { "hex_id": "regional-0441", "hex_level": "regional", "hex_edge_m": 3000, "line_count": 63, "line_length_m": 45746.5, "major_line_count": 31, "minor_line_count": 26, "cable_count": 6, "node_count": 302, "substation_count": 14, "transformer_count": 2, "generator_count": 0, "plant_count": 0, "support_count": 278, "switchgear_count": 8, "nearest_power_node_m": 106.5, "neighbor_ids": [ "regional-0420", "regional-0421", "regional-0440", "regional-0442", "regional-0460", "regional-0461" ], "has_infrastructure": true, "operational_status": "operational", "operational_status_note": "Infrastructure present; no failure simulation is active.", "connected_hex_ids": [ "regional-0420", "regional-0421", "regional-0440", "regional-0442", "regional-0460", "regional-0461" ], "connected_hex_count": 6, "confidence_score": 0.85, "confidence_label": "high", "data_quality_note": "OSM vector lines and power nodes in hex.", "source_mode": "osm_vector_derived", "kiut_role": "visual_reference_only", "infrastructure_score": 100.0 }, "geometry": { "type": "Polygon", "coordinates": [ [ [ 18.137825102624284, 50.396745528918309 ], [ 18.101009621077608, 50.409961339387728 ], [ 18.100498597914754, 50.436946295103311 ], [ 18.136844619605888, 50.450715968208279 ], [ 18.173682005559115, 50.437489013576659 ], [ 18.174151463923891, 50.410503540961138 ], [ 18.137825102624284, 50.396745528918309 ] ] ] } },
{ "type": "Feature", "properties": { "hex_id": "regional-0442", "hex_level": "regional", "hex_edge_m": 3000, "line_count": 22, "line_length_m": 30276.1, "major_line_count": 4, "minor_line_count": 16, "cable_count": 2, "node_count": 184, "substation_count": 5, "transformer_count": 0, "generator_count": 0, "plant_count": 0, "support_count": 168, "switchgear_count": 11, "nearest_power_node_m": 117.2, "neighbor_ids": [ "regional-0421", "regional-0422", "regional-0441", "regional-0443", "regional-0461", "regional-0462" ], "has_infrastructure": true, "operational_status": "operational", "operational_status_note": "Infrastructure present; no failure simulation is active.", "connected_hex_ids": [ "regional-0421", "regional-0422", "regional-0441", "regional-0443", "regional-0461", "regional-0462" ], "connected_hex_count": 6, "confidence_score": 0.85, "confidence_label": "high", "data_quality_note": "OSM vector lines and power nodes in hex.", "source_mode": "osm_vector_derived", "kiut_role": "visual_reference_only", "infrastructure_score": 100.0 }, "geometry": { "type": "Polygon", "coordinates": [ [ [ 18.210947282875455, 50.39726449455182 ], [ 18.174151463923895, 50.410503540961138 ], [ 18.173682005559115, 50.437489013576659 ], [ 18.210049933862344, 50.451235923821237 ], [ 18.246867564256338, 50.43798571011444 ], [ 18.247295453540207, 50.410999764421184 ], [ 18.210947282875455, 50.39726449455182 ] ] ] } },
{ "type": "Feature", "properties": { "hex_id": "regional-0443", "hex_level": "regional", "hex_edge_m": 3000, "line_count": 27, "line_length_m": 21861.2, "major_line_count": 1, "minor_line_count": 23, "cable_count": 3, "node_count": 223, "substation_count": 5, "transformer_count": 0, "generator_count": 0, "plant_count": 0, "support_count": 209, "switchgear_count": 9, "nearest_power_node_m": 640.0, "neighbor_ids": [ "regional-0422", "regional-0423", "regional-0442", "regional-0444", "regional-0462", "regional-0463" ], "has_infrastructure": true, "operational_status": "operational", "operational_status_note": "Infrastructure present; no failure simulation is active.", "connected_hex_ids": [ "regional-0422", "regional-0423", "regional-0442", "regional-0444", "regional-0462", "regional-0463" ], "connected_hex_count": 6, "confidence_score": 0.85, "confidence_label": "high", "data_quality_note": "OSM vector lines and power nodes in hex.", "source_mode": "osm_vector_derived", "kiut_role": "visual_reference_only", "infrastructure_score": 100.0 }, "geometry": { "type": "Polygon", "coordinates": [ [ [ 18.284071512839066, 50.397737502394378 ], [ 18.247295453540207, 50.410999764421184 ], [ 18.246867564256338, 50.43798571011444 ], [ 18.283257306018008, 50.451709833992986 ], [ 18.320055083588858, 50.43843638163893 ], [ 18.32044139988793, 50.41145000669583 ], [ 18.284071512839066, 50.397737502394378 ] ] ] } },
{ "type": "Feature", "properties": { "hex_id": "regional-0444", "hex_level": "regional", "hex_edge_m": 3000, "line_count": 25, "line_length_m": 21049.4, "major_line_count": 3, "minor_line_count": 16, "cable_count": 6, "node_count": 171, "substation_count": 2, "transformer_count": 1, "generator_count": 0, "plant_count": 0, "support_count": 167, "switchgear_count": 1, "nearest_power_node_m": 261.3, "neighbor_ids": [ "regional-0423", "regional-0424", "regional-0443", "regional-0445", "regional-0463", "regional-0464" ], "has_infrastructure": true, "operational_status": "operational", "operational_status_note": "Infrastructure present; no failure simulation is active.", "connected_hex_ids": [ "regional-0423", "regional-0424", "regional-0443", "regional-0445", "regional-0463", "regional-0464" ], "connected_hex_count": 6, "confidence_score": 0.85, "confidence_label": "high", "data_quality_note": "OSM vector lines and power nodes in hex.", "source_mode": "osm_vector_derived", "kiut_role": "visual_reference_only", "infrastructure_score": 98.4 }, "geometry": { "type": "Polygon", "coordinates": [ [ [ 18.357197602649205, 50.398164549518903 ], [ 18.32044139988793, 50.41145000669583 ], [ 18.320055083588858, 50.43843638163893 ], [ 18.356466545448907, 50.452137695785609 ], [ 18.393244373106896, 50.438841025357448 ], [ 18.393589112896375, 50.411854264997565 ], [ 18.357197602649205, 50.398164549518903 ] ] ] } },
{ "type": "Feature", "properties": { "hex_id": "regional-0445", "hex_level": "regional", "hex_edge_m": 3000, "line_count": 15, "line_length_m": 18387.6, "major_line_count": 2, "minor_line_count": 13, "cable_count": 0, "node_count": 146, "substation_count": 4, "transformer_count": 0, "generator_count": 0, "plant_count": 0, "support_count": 138, "switchgear_count": 4, "nearest_power_node_m": 1176.0, "neighbor_ids": [ "regional-0424", "regional-0425", "regional-0444", "regional-0446", "regional-0464", "regional-0465" ], "has_infrastructure": true, "operational_status": "operational", "operational_status_note": "Infrastructure present; no failure simulation is active.", "connected_hex_ids": [ "regional-0424", "regional-0425", "regional-0444", "regional-0446", "regional-0464", "regional-0465" ], "connected_hex_count": 6, "confidence_score": 0.85, "confidence_label": "high", "data_quality_note": "OSM vector lines and power nodes in hex.", "source_mode": "osm_vector_derived", "kiut_role": "visual_reference_only", "infrastructure_score": 100.0 }, "geometry": { "type": "Polygon", "coordinates": [ [ [ 18.430325362409476, 50.398545633282616 ], [ 18.393589112896379, 50.411854264997565 ], [ 18.393244373106896, 50.438841025357448 ], [ 18.42967746150039, 50.452519506546544 ], [ 18.466435242331606, 50.439199638762453 ], [ 18.466738402465875, 50.412212536823446 ], [ 18.430325362409476, 50.398545633282616 ] ] ] } },
{ "type": "Feature", "properties": { "hex_id": "regional-0446", "hex_level": "regional", "hex_edge_m": 3000, "line_count": 21, "line_length_m": 10546.4, "major_line_count": 2, "minor_line_count": 19, "cable_count": 0, "node_count": 125, "substation_count": 6, "transformer_count": 0, "generator_count": 0, "plant_count": 0, "support_count": 118, "switchgear_count": 1, "nearest_power_node_m": 1094.6, "neighbor_ids": [ "regional-0425", "regional-0426", "regional-0445", "regional-0447", "regional-0465", "regional-0466" ], "has_infrastructure": true, "operational_status": "operational", "operational_status_note": "Infrastructure present; no failure simulation is active.", "connected_hex_ids": [ "regional-0425", "regional-0426", "regional-0445", "regional-0447", "regional-0465", "regional-0466" ], "connected_hex_count": 6, "confidence_score": 0.85, "confidence_label": "high", "data_quality_note": "OSM vector lines and power nodes in hex.", "source_mode": "osm_vector_derived", "kiut_role": "visual_reference_only", "infrastructure_score": 100.0 }, "geometry": { "type": "Polygon", "coordinates": [ [ [ 18.503454602196111, 50.39888075132707 ], [ 18.466738402465875, 50.412212536823446 ], [ 18.466435242331606, 50.439199638762453 ], [ 18.502889863490253, 50.452855263908617 ], [ 18.539627500758211, 50.439512219631546 ], [ 18.5398890784709, 50.412524819955181 ], [ 18.503454602196111, 50.39888075132707 ] ] ] } },
{ "type": "Feature", "properties": { "hex_id": "regional-0447", "hex_level": "regional", "hex_edge_m": 3000, "line_count": 35, "line_length_m": 38307.4, "major_line_count": 10, "minor_line_count": 18, "cable_count": 7, "node_count": 210, "substation_count": 10, "transformer_count": 0, "generator_count": 0, "plant_count": 0, "support_count": 190, "switchgear_count": 10, "nearest_power_node_m": 606.3, "neighbor_ids": [ "regional-0426", "regional-0427", "regional-0446", "regional-0448", "regional-0466", "regional-0467" ], "has_infrastructure": true, "operational_status": "operational", "operational_status_note": "Infrastructure present; no failure simulation is active.", "connected_hex_ids": [ "regional-0426", "regional-0427", "regional-0446", "regional-0448", "regional-0466", "regional-0467" ], "connected_hex_count": 6, "confidence_score": 0.85, "confidence_label": "high", "data_quality_note": "OSM vector lines and power nodes in hex.", "source_mode": "osm_vector_derived", "kiut_role": "visual_reference_only", "infrastructure_score": 100.0 }, "geometry": { "type": "Polygon", "coordinates": [ [ [ 18.576585132061091, 50.399169901578205 ], [ 18.5398890784709, 50.412524819955181 ], [ 18.539627500758211, 50.439512219631546 ], [ 18.576103560711864, 50.453144965790102 ], [ 18.612820957859096, 50.439778766027523 ], [ 18.613040950763196, 50.412791112459168 ], [ 18.576585132061091, 50.399169901578205 ] ] ] } },
{ "type": "Feature", "properties": { "hex_id": "regional-0448", "hex_level": "regional", "hex_edge_m": 3000, "line_count": 29, "line_length_m": 36513.8, "major_line_count": 10, "minor_line_count": 15, "cable_count": 4, "node_count": 185, "substation_count": 5, "transformer_count": 2, "generator_count": 0, "plant_count": 0, "support_count": 174, "switchgear_count": 4, "nearest_power_node_m": 80.4, "neighbor_ids": [ "regional-0427", "regional-0428", "regional-0447", "regional-0449", "regional-0467", "regional-0468" ], "has_infrastructure": true, "operational_status": "operational", "operational_status_note": "Infrastructure present; no failure simulation is active.", "connected_hex_ids": [ "regional-0427", "regional-0428", "regional-0447", "regional-0449", "regional-0467", "regional-0468" ], "connected_hex_count": 6, "confidence_score": 0.85, "confidence_label": "high", "data_quality_note": "OSM vector lines and power nodes in hex.", "source_mode": "osm_vector_derived", "kiut_role": "visual_reference_only", "infrastructure_score": 100.0 }, "geometry": { "type": "Polygon", "coordinates": [ [ [ 18.649716762035251, 50.399413082246419 ], [ 18.613040950763196, 50.412791112459168 ], [ 18.6128209578591, 50.439778766027523 ], [ 18.649318362437302, 50.453388610394775 ], [ 18.686015423086982, 50.439999276298458 ], [ 18.686193829174869, 50.413011412686473 ], [ 18.649716762035251, 50.399413082246419 ] ] ] } },
{ "type": "Feature", "properties": { "hex_id": "regional-0449", "hex_level": "regional", "hex_edge_m": 3000, "line_count": 24, "line_length_m": 31705.1, "major_line_count": 3, "minor_line_count": 19, "cable_count": 2, "node_count": 226, "substation_count": 12, "transformer_count": 0, "generator_count": 2, "plant_count": 0, "support_count": 200, "switchgear_count": 12, "nearest_power_node_m": 759.4, "neighbor_ids": [ "regional-0428", "regional-0429", "regional-0448", "regional-0450", "regional-0468", "regional-0469" ], "has_infrastructure": true, "operational_status": "operational", "operational_status_note": "Infrastructure present; no failure simulation is active.", "connected_hex_ids": [ "regional-0428", "regional-0429", "regional-0448", "regional-0450", "regional-0468", "regional-0469" ], "connected_hex_count": 6, "confidence_score": 0.85, "confidence_label": "high", "data_quality_note": "OSM vector lines and power nodes in hex.", "source_mode": "osm_vector_derived", "kiut_role": "visual_reference_only", "infrastructure_score": 100.0 }, "geometry": { "type": "Polygon", "coordinates": [ [ [ 18.722849302131394, 50.399610291826569 ], [ 18.686193829174869, 50.413011412686473 ], [ 18.686015423086982, 50.439999276298458 ], [ 18.7225340779205, 50.453586196211923 ], [ 18.759210705878001, 50.440173749077658 ], [ 18.759347523521537, 50.413185719272967 ], [ 18.722849302131394, 50.399610291826569 ] ] ] } },
{ "type": "Feature", "properties": { "hex_id": "regional-0450", "hex_level": "regional", "hex_edge_m": 3000, "line_count": 25, "line_length_m": 32118.6, "major_line_count": 4, "minor_line_count": 16, "cable_count": 5, "node_count": 209, "substation_count": 12, "transformer_count": 4, "generator_count": 0, "plant_count": 0, "support_count": 184, "switchgear_count": 9, "nearest_power_node_m": 738.2, "neighbor_ids": [ "regional-0429", "regional-0430", "regional-0449", "regional-0451", "regional-0469", "regional-0470" ], "has_infrastructure": true, "operational_status": "operational", "operational_status_note": "Infrastructure present; no failure simulation is active.", "connected_hex_ids": [ "regional-0429", "regional-0430", "regional-0449", "regional-0451", "regional-0469", "regional-0470" ], "connected_hex_count": 6, "confidence_score": 0.85, "confidence_label": "high", "data_quality_note": "OSM vector lines and power nodes in hex.", "source_mode": "osm_vector_derived", "kiut_role": "visual_reference_only", "infrastructure_score": 100.0 }, "geometry": { "type": "Polygon", "coordinates": [ [ [ 18.795982562347401, 50.399761529098036 ], [ 18.759347523521541, 50.413185719272967 ], [ 18.759210705878004, 50.440173749077658 ], [ 18.795750516400357, 50.453737722016399 ], [ 18.832406615654879, 50.440302183283777 ], [ 18.832501843605428, 50.413314031139294 ], [ 18.795982562347401, 50.399761529098036 ] ] ] } },
{ "type": "Feature", "properties": { "hex_id": "regional-0451", "hex_level": "regional", "hex_edge_m": 3000, "line_count": 13, "line_length_m": 10698.6, "major_line_count": 12, "minor_line_count": 1, "cable_count": 0, "node_count": 96, "substation_count": 14, "transformer_count": 33, "generator_count": 0, "plant_count": 1, "support_count": 48, "switchgear_count": 0, "nearest_power_node_m": 244.3, "neighbor_ids": [ "regional-0430", "regional-0431", "regional-0450", "regional-0452", "regional-0470", "regional-0471" ], "has_infrastructure": true, "operational_status": "operational", "operational_status_note": "Infrastructure present; no failure simulation is active.", "connected_hex_ids": [ "regional-0430", "regional-0431", "regional-0450", "regional-0452", "regional-0470", "regional-0471" ], "connected_hex_count": 6, "confidence_score": 0.85, "confidence_label": "high", "data_quality_note": "OSM vector lines and power nodes in hex.", "source_mode": "osm_vector_derived", "kiut_role": "visual_reference_only", "infrastructure_score": 100.0 }, "geometry": { "type": "Polygon", "coordinates": [ [ [ 18.869116352669351, 50.399866793124701 ], [ 18.832501843605428, 50.413314031139294 ], [ 18.832406615654879, 50.440302183283777 ], [ 18.868967487103902, 50.453843186868646 ], [ 18.905602961830034, 50.440384578120785 ], [ 18.905656599218499, 50.413396347490888 ], [ 18.869116352669351, 50.399866793124701 ] ] ] } },
{ "type": "Feature", "properties": { "hex_id": "regional-0452", "hex_level": "regional", "hex_edge_m": 3000, "line_count": 7, "line_length_m": 3544.3, "major_line_count": 0, "minor_line_count": 7, "cable_count": 0, "node_count": 88, "substation_count": 9, "transformer_count": 13, "generator_count": 26, "plant_count": 0, "support_count": 38, "switchgear_count": 2, "nearest_power_node_m": 546.4, "neighbor_ids": [ "regional-0431", "regional-0432", "regional-0451", "regional-0453", "regional-0471", "regional-0472" ], "has_infrastructure": true, "operational_status": "operational", "operational_status_note": "Infrastructure present; no failure simulation is active.", "connected_hex_ids": [ "regional-0431", "regional-0432", "regional-0451", "regional-0453", "regional-0471", "regional-0472" ], "connected_hex_count": 6, "confidence_score": 0.85, "confidence_label": "high", "data_quality_note": "OSM vector lines and power nodes in hex.", "source_mode": "osm_vector_derived", "kiut_role": "visual_reference_only", "infrastructure_score": 100.0 }, "geometry": { "type": "Polygon", "coordinates": [ [ [ 18.942250483074634, 50.399926083255018 ], [ 18.905656599218499, 50.413396347490888 ], [ 18.905602961830034, 50.440384578120785 ], [ 18.942184799249397, 50.453902590114673 ], [ 18.97879955380871, 50.440420933077981 ], [ 18.978811600145566, 50.413432667817993 ], [ 18.942250483074634, 50.399926083255018 ] ] ] } },
{ "type": "Feature", "properties": { "hex_id": "regional-0453", "hex_level": "regional", "hex_edge_m": 3000, "line_count": 151, "line_length_m": 39667.8, "major_line_count": 7, "minor_line_count": 125, "cable_count": 19, "node_count": 521, "substation_count": 15, "transformer_count": 6, "generator_count": 162, "plant_count": 0, "support_count": 335, "switchgear_count": 3, "nearest_power_node_m": 757.0, "neighbor_ids": [ "regional-0432", "regional-0433", "regional-0452", "regional-0454", "regional-0472", "regional-0473" ], "has_infrastructure": true, "operational_status": "operational", "operational_status_note": "Infrastructure present; no failure simulation is active.", "connected_hex_ids": [ "regional-0432", "regional-0433", "regional-0452", "regional-0454", "regional-0472", "regional-0473" ], "connected_hex_count": 6, "confidence_score": 0.85, "confidence_label": "high", "data_quality_note": "OSM vector lines and power nodes in hex.", "source_mode": "osm_vector_derived", "kiut_role": "visual_reference_only", "infrastructure_score": 100.0 }, "geometry": { "type": "Polygon", "coordinates": [ [ [ 19.01538476353506, 50.399939399122012 ], [ 18.978811600145566, 50.413432667817993 ], [ 18.97879955380871, 50.440420933077981 ], [ 19.015402262049506, 50.453915931386163 ], [ 19.051996200992118, 50.440411247930051 ], [ 19.051966656167426, 50.4134229918957 ], [ 19.01538476353506, 50.399939399122012 ] ] ] } },
{ "type": "Feature", "properties": { "hex_id": "regional-0454", "hex_level": "regional", "hex_edge_m": 3000, "line_count": 155, "line_length_m": 45687.7, "major_line_count": 2, "minor_line_count": 148, "cable_count": 5, "node_count": 723, "substation_count": 2, "transformer_count": 1, "generator_count": 315, "plant_count": 0, "support_count": 404, "switchgear_count": 1, "nearest_power_node_m": 51.3, "neighbor_ids": [ "regional-0433", "regional-0434", "regional-0453", "regional-0455", "regional-0473", "regional-0474" ], "has_infrastructure": true, "operational_status": "operational", "operational_status_note": "Infrastructure present; no failure simulation is active.", "connected_hex_ids": [ "regional-0433", "regional-0434", "regional-0453", "regional-0455", "regional-0473", "regional-0474" ], "connected_hex_count": 6, "confidence_score": 0.85, "confidence_label": "high", "data_quality_note": "OSM vector lines and power nodes in hex.", "source_mode": "osm_vector_derived", "kiut_role": "visual_reference_only", "infrastructure_score": 100.0 }, "geometry": { "type": "Polygon", "coordinates": [ [ [ 19.088519004019986, 50.399906740643232 ], [ 19.051966656167426, 50.4134229918957 ], [ 19.051996200992118, 50.440411247930051 ], [ 19.088619684714413, 50.453883210600374 ], [ 19.125192712780564, 50.440355522737029 ], [ 19.125121577063968, 50.413367319783937 ], [ 19.088519004019986, 50.399906740643232 ] ] ] } },
{ "type": "Feature", "properties": { "hex_id": "regional-0455", "hex_level": "regional", "hex_edge_m": 3000, "line_count": 85, "line_length_m": 41007.2, "major_line_count": 10, "minor_line_count": 71, "cable_count": 4, "node_count": 496, "substation_count": 9, "transformer_count": 0, "generator_count": 142, "plant_count": 0, "support_count": 340, "switchgear_count": 5, "nearest_power_node_m": 247.6, "neighbor_ids": [ "regional-0434", "regional-0435", "regional-0454", "regional-0456", "regional-0474", "regional-0475" ], "has_infrastructure": true, "operational_status": "operational", "operational_status_note": "Infrastructure present; no failure simulation is active.", "connected_hex_ids": [ "regional-0434", "regional-0435", "regional-0454", "regional-0456", "regional-0474", "regional-0475" ], "connected_hex_count": 6, "confidence_score": 0.85, "confidence_label": "high", "data_quality_note": "OSM vector lines and power nodes in hex.", "source_mode": "osm_vector_derived", "kiut_role": "visual_reference_only", "infrastructure_score": 100.0 }, "geometry": { "type": "Polygon", "coordinates": [ [ [ 19.161653014499411, 50.399828108020834 ], [ 19.125121577063968, 50.413367319783937 ], [ 19.125192712780564, 50.440355522737029 ], [ 19.161836876454956, 50.453804427960186 ], [ 19.198388898576571, 50.440253757844275 ], [ 19.198276172617295, 50.413265651827437 ], [ 19.161653014499411, 50.399828108020834 ] ] ] } },
{ "type": "Feature", "properties": { "hex_id": "regional-0456", "hex_level": "regional", "hex_edge_m": 3000, "line_count": 26, "line_length_m": 14070.2, "major_line_count": 3, "minor_line_count": 18, "cable_count": 5, "node_count": 240, "substation_count": 2, "transformer_count": 0, "generator_count": 123, "plant_count": 0, "support_count": 114, "switchgear_count": 1, "nearest_power_node_m": 105.0, "neighbor_ids": [ "regional-0435", "regional-0436", "regional-0455", "regional-0475" ], "has_infrastructure": true, "operational_status": "operational", "operational_status_note": "Infrastructure present; no failure simulation is active.", "connected_hex_ids": [ "regional-0435", "regional-0436", "regional-0455", "regional-0475" ], "connected_hex_count": 4, "confidence_score": 0.85, "confidence_label": "high", "data_quality_note": "OSM vector lines and power nodes in hex.", "source_mode": "osm_vector_derived", "kiut_role": "visual_reference_only", "infrastructure_score": 100.0 }, "geometry": { "type": "Polygon", "coordinates": [ [ [ 19.234786604947125, 50.399703501741563 ], [ 19.198276172617295, 50.413265651827437 ], [ 19.198388898576571, 50.440253757844275 ], [ 19.201130164269323, 50.441258213277912 ], [ 19.244826435847237, 50.403380784092136 ], [ 19.234786604947125, 50.399703501741563 ] ] ] } },
{ "type": "Feature", "properties": { "hex_id": "regional-0457", "hex_level": "regional", "hex_edge_m": 3000, "line_count": 3, "line_length_m": 441.6, "major_line_count": 0, "minor_line_count": 2, "cable_count": 1, "node_count": 4, "substation_count": 0, "transformer_count": 0, "generator_count": 0, "plant_count": 0, "support_count": 4, "switchgear_count": 0, "nearest_power_node_m": 875.6, "neighbor_ids": [ "regional-0437", "regional-0438", "regional-0458" ], "has_infrastructure": true, "operational_status": "operational", "operational_status_note": "Infrastructure present; no failure simulation is active.", "connected_hex_ids": [ "regional-0437", "regional-0438", "regional-0458" ], "connected_hex_count": 3, "confidence_score": 0.62, "confidence_label": "medium", "data_quality_note": "OSM vector feature present; topology is inferred.", "source_mode": "osm_vector_derived", "kiut_role": "visual_reference_only", "infrastructure_score": 8.5 }, "geometry": { "type": "Polygon", "coordinates": [ [ [ 17.917242929945434, 50.448879862380203 ], [ 17.886114697360032, 50.437008110014219 ], [ 17.889702343971528, 50.440196103653697 ], [ 17.916989088546149, 50.459998309436457 ], [ 17.917242929945434, 50.448879862380203 ] ] ] } },
{ "type": "Feature", "properties": { "hex_id": "regional-0458", "hex_level": "regional", "hex_edge_m": 3000, "line_count": 46, "line_length_m": 33276.1, "major_line_count": 11, "minor_line_count": 33, "cable_count": 2, "node_count": 305, "substation_count": 9, "transformer_count": 0, "generator_count": 1, "plant_count": 4, "support_count": 285, "switchgear_count": 6, "nearest_power_node_m": 370.8, "neighbor_ids": [ "regional-0438", "regional-0439", "regional-0457", "regional-0459", "regional-0476" ], "has_infrastructure": true, "operational_status": "operational", "operational_status_note": "Infrastructure present; no failure simulation is active.", "connected_hex_ids": [ "regional-0438", "regional-0439", "regional-0457", "regional-0459", "regional-0476" ], "connected_hex_count": 5, "confidence_score": 0.85, "confidence_label": "high", "data_quality_note": "OSM vector lines and power nodes in hex.", "source_mode": "osm_vector_derived", "kiut_role": "visual_reference_only", "infrastructure_score": 100.0 }, "geometry": { "type": "Polygon", "coordinates": [ [ [ 17.989866251487992, 50.476521836187899 ], [ 17.990440927114257, 50.449537933836773 ], [ 17.954138997275237, 50.435722806085685 ], [ 17.917242929945434, 50.448879862380203 ], [ 17.916989088546153, 50.459998309436457 ], [ 17.944521311768039, 50.479955534095609 ], [ 17.957910774153405, 50.487920963358526 ], [ 17.989866251487992, 50.476521836187899 ] ] ] } },
{ "type": "Feature", "properties": { "hex_id": "regional-0459", "hex_level": "regional", "hex_edge_m": 3000, "line_count": 21, "line_length_m": 12982.3, "major_line_count": 0, "minor_line_count": 18, "cable_count": 3, "node_count": 151, "substation_count": 3, "transformer_count": 0, "generator_count": 2, "plant_count": 0, "support_count": 140, "switchgear_count": 6, "nearest_power_node_m": 85.6, "neighbor_ids": [ "regional-0439", "regional-0440", "regional-0458", "regional-0460", "regional-0476", "regional-0477" ], "has_infrastructure": true, "operational_status": "operational", "operational_status_note": "Infrastructure present; no failure simulation is active.", "connected_hex_ids": [ "regional-0439", "regional-0440", "regional-0458", "regional-0460", "regional-0476", "regional-0477" ], "connected_hex_count": 6, "confidence_score": 0.85, "confidence_label": "high", "data_quality_note": "OSM vector lines and power nodes in hex.", "source_mode": "osm_vector_derived", "kiut_role": "visual_reference_only", "infrastructure_score": 100.0 }, "geometry": { "type": "Polygon", "coordinates": [ [ [ 18.027317531705524, 50.436357558057104 ], [ 17.990440927114257, 50.449537933836773 ], [ 17.989866251487996, 50.476521836187899 ], [ 18.026209831638749, 50.490325957345185 ], [ 18.063108531085351, 50.477134456339748 ], [ 18.063641553838789, 50.450149970377311 ], [ 18.027317531705524, 50.436357558057104 ] ] ] } },
{ "type": "Feature", "properties": { "hex_id": "regional-0460", "hex_level": "regional", "hex_edge_m": 3000, "line_count": 21, "line_length_m": 28942.8, "major_line_count": 3, "minor_line_count": 14, "cable_count": 4, "node_count": 179, "substation_count": 4, "transformer_count": 0, "generator_count": 10, "plant_count": 1, "support_count": 159, "switchgear_count": 5, "nearest_power_node_m": 171.3, "neighbor_ids": [ "regional-0440", "regional-0441", "regional-0459", "regional-0461", "regional-0477", "regional-0478" ], "has_infrastructure": true, "operational_status": "operational", "operational_status_note": "Infrastructure present; no failure simulation is active.", "connected_hex_ids": [ "regional-0440", "regional-0441", "regional-0459", "regional-0461", "regional-0477", "regional-0478" ], "connected_hex_count": 6, "confidence_score": 0.85, "confidence_label": "high", "data_quality_note": "OSM vector lines and power nodes in hex.", "source_mode": "osm_vector_derived", "kiut_role": "visual_reference_only", "infrastructure_score": 100.0 }, "geometry": { "type": "Polygon", "coordinates": [ [ [ 18.100498597914754, 50.436946295103311 ], [ 18.063641553838789, 50.450149970377311 ], [ 18.063108531085351, 50.477134456339748 ], [ 18.099474208591481, 50.490915817728904 ], [ 18.136353254596365, 50.477700993894899 ], [ 18.136844619605885, 50.450715968208279 ], [ 18.100498597914754, 50.436946295103311 ] ] ] } },
{ "type": "Feature", "properties": { "hex_id": "regional-0461", "hex_level": "regional", "hex_edge_m": 3000, "line_count": 23, "line_length_m": 15996.5, "major_line_count": 0, "minor_line_count": 17, "cable_count": 6, "node_count": 158, "substation_count": 4, "transformer_count": 0, "generator_count": 4, "plant_count": 1, "support_count": 141, "switchgear_count": 8, "nearest_power_node_m": 43.1, "neighbor_ids": [ "regional-0441", "regional-0442", "regional-0460", "regional-0462", "regional-0478", "regional-0479" ], "has_infrastructure": true, "operational_status": "operational", "operational_status_note": "Infrastructure present; no failure simulation is active.", "connected_hex_ids": [ "regional-0441", "regional-0442", "regional-0460", "regional-0462", "regional-0478", "regional-0479" ], "connected_hex_count": 6, "confidence_score": 0.85, "confidence_label": "high", "data_quality_note": "OSM vector lines and power nodes in hex.", "source_mode": "osm_vector_derived", "kiut_role": "visual_reference_only", "infrastructure_score": 100.0 }, "geometry": { "type": "Polygon", "coordinates": [ [ [ 18.173682005559115, 50.437489013576659 ], [ 18.136844619605888, 50.450715968208279 ], [ 18.136353254596365, 50.477700993894899 ], [ 18.17274093634121, 50.491459571758938 ], [ 18.209600231087478, 50.478221445338484 ], [ 18.210049933862344, 50.451235923821237 ], [ 18.173682005559115, 50.437489013576659 ] ] ] } },
{ "type": "Feature", "properties": { "hex_id": "regional-0462", "hex_level": "regional", "hex_edge_m": 3000, "line_count": 21, "line_length_m": 27379.4, "major_line_count": 2, "minor_line_count": 15, "cable_count": 4, "node_count": 243, "substation_count": 3, "transformer_count": 0, "generator_count": 0, "plant_count": 0, "support_count": 235, "switchgear_count": 5, "nearest_power_node_m": 364.4, "neighbor_ids": [ "regional-0442", "regional-0443", "regional-0461", "regional-0463", "regional-0479", "regional-0480" ], "has_infrastructure": true, "operational_status": "operational", "operational_status_note": "Infrastructure present; no failure simulation is active.", "connected_hex_ids": [ "regional-0442", "regional-0443", "regional-0461", "regional-0463", "regional-0479", "regional-0480" ], "connected_hex_count": 6, "confidence_score": 0.85, "confidence_label": "high", "data_quality_note": "OSM vector lines and power nodes in hex.", "source_mode": "osm_vector_derived", "kiut_role": "visual_reference_only", "infrastructure_score": 100.0 }, "geometry": { "type": "Polygon", "coordinates": [ [ [ 18.246867564256338, 50.43798571011444 ], [ 18.210049933862344, 50.451235923821237 ], [ 18.209600231087478, 50.478221445338484 ], [ 18.246009823744863, 50.491957216060122 ], [ 18.282849269588066, 50.478695807441305 ], [ 18.283257306018005, 50.451709833992986 ], [ 18.246867564256338, 50.43798571011444 ] ] ] } },
{ "type": "Feature", "properties": { "hex_id": "regional-0463", "hex_level": "regional", "hex_edge_m": 3000, "line_count": 22, "line_length_m": 12545.2, "major_line_count": 11, "minor_line_count": 10, "cable_count": 1, "node_count": 113, "substation_count": 9, "transformer_count": 2, "generator_count": 0, "plant_count": 2, "support_count": 98, "switchgear_count": 2, "nearest_power_node_m": 1198.8, "neighbor_ids": [ "regional-0443", "regional-0444", "regional-0462", "regional-0464", "regional-0480", "regional-0481" ], "has_infrastructure": true, "operational_status": "operational", "operational_status_note": "Infrastructure present; no failure simulation is active.", "connected_hex_ids": [ "regional-0443", "regional-0444", "regional-0462", "regional-0464", "regional-0480", "regional-0481" ], "connected_hex_count": 6, "confidence_score": 0.85, "confidence_label": "high", "data_quality_note": "OSM vector lines and power nodes in hex.", "source_mode": "osm_vector_derived", "kiut_role": "visual_reference_only", "infrastructure_score": 100.0 }, "geometry": { "type": "Polygon", "coordinates": [ [ [ 18.320055083588858, 50.43843638163893 ], [ 18.283257306018008, 50.451709833992986 ], [ 18.282849269588066, 50.478695807441305 ], [ 18.319280679623791, 50.492408747543344 ], [ 18.35610017909357, 50.479124077260039 ], [ 18.356466545448907, 50.452137695785609 ], [ 18.320055083588858, 50.43843638163893 ] ] ] } },
{ "type": "Feature", "properties": { "hex_id": "regional-0464", "hex_level": "regional", "hex_edge_m": 3000, "line_count": 19, "line_length_m": 16161.8, "major_line_count": 0, "minor_line_count": 16, "cable_count": 3, "node_count": 151, "substation_count": 4, "transformer_count": 0, "generator_count": 0, "plant_count": 0, "support_count": 143, "switchgear_count": 4, "nearest_power_node_m": 1056.9, "neighbor_ids": [ "regional-0444", "regional-0445", "regional-0463", "regional-0465", "regional-0481", "regional-0482" ], "has_infrastructure": true, "operational_status": "operational", "operational_status_note": "Infrastructure present; no failure simulation is active.", "connected_hex_ids": [ "regional-0444", "regional-0445", "regional-0463", "regional-0465", "regional-0481", "regional-0482" ], "connected_hex_count": 6, "confidence_score": 0.85, "confidence_label": "high", "data_quality_note": "OSM vector lines and power nodes in hex.", "source_mode": "osm_vector_derived", "kiut_role": "visual_reference_only", "infrastructure_score": 100.0 }, "geometry": { "type": "Polygon", "coordinates": [ [ [ 18.393244373106896, 50.438841025357448 ], [ 18.356466545448907, 50.452137695785609 ], [ 18.35610017909357, 50.479124077260039 ], [ 18.392553312766942, 50.492814163405576 ], [ 18.429352768568648, 50.479506252137192 ], [ 18.42967746150039, 50.452519506546544 ], [ 18.393244373106896, 50.438841025357448 ] ] ] } },
{ "type": "Feature", "properties": { "hex_id": "regional-0465", "hex_level": "regional", "hex_edge_m": 3000, "line_count": 16, "line_length_m": 17104.4, "major_line_count": 0, "minor_line_count": 16, "cable_count": 0, "node_count": 180, "substation_count": 2, "transformer_count": 0, "generator_count": 1, "plant_count": 1, "support_count": 173, "switchgear_count": 3, "nearest_power_node_m": 403.3, "neighbor_ids": [ "regional-0445", "regional-0446", "regional-0464", "regional-0466", "regional-0482", "regional-0483" ], "has_infrastructure": true, "operational_status": "operational", "operational_status_note": "Infrastructure present; no failure simulation is active.", "connected_hex_ids": [ "regional-0445", "regional-0446", "regional-0464", "regional-0466", "regional-0482", "regional-0483" ], "connected_hex_count": 6, "confidence_score": 0.85, "confidence_label": "high", "data_quality_note": "OSM vector lines and power nodes in hex.", "source_mode": "osm_vector_derived", "kiut_role": "visual_reference_only", "infrastructure_score": 100.0 }, "geometry": { "type": "Polygon", "coordinates": [ [ [ 18.466435242331606, 50.439199638762453 ], [ 18.42967746150039, 50.452519506546544 ], [ 18.429352768568648, 50.479506252137192 ], [ 18.465827531933993, 50.493173461129992 ], [ 18.502606846950307, 50.479842329701214 ], [ 18.502889863490253, 50.452855263908617 ], [ 18.466435242331606, 50.439199638762453 ] ] ] } },
{ "type": "Feature", "properties": { "hex_id": "regional-0466", "hex_level": "regional", "hex_edge_m": 3000, "line_count": 19, "line_length_m": 11902.8, "major_line_count": 0, "minor_line_count": 18, "cable_count": 1, "node_count": 127, "substation_count": 11, "transformer_count": 1, "generator_count": 0, "plant_count": 0, "support_count": 103, "switchgear_count": 12, "nearest_power_node_m": 206.3, "neighbor_ids": [ "regional-0446", "regional-0447", "regional-0465", "regional-0467", "regional-0483", "regional-0484" ], "has_infrastructure": true, "operational_status": "operational", "operational_status_note": "Infrastructure present; no failure simulation is active.", "connected_hex_ids": [ "regional-0446", "regional-0447", "regional-0465", "regional-0467", "regional-0483", "regional-0484" ], "connected_hex_count": 6, "confidence_score": 0.85, "confidence_label": "high", "data_quality_note": "OSM vector lines and power nodes in hex.", "source_mode": "osm_vector_derived", "kiut_role": "visual_reference_only", "infrastructure_score": 100.0 }, "geometry": { "type": "Polygon", "coordinates": [ [ [ 18.539627500758211, 50.439512219631546 ], [ 18.502889863490253, 50.452855263908617 ], [ 18.502606846950307, 50.479842329701214 ], [ 18.539103145858494, 50.49348663848594 ], [ 18.575862223151049, 50.48013230786654 ], [ 18.576103560711861, 50.453144965790102 ], [ 18.539627500758211, 50.439512219631546 ] ] ] } },
{ "type": "Feature", "properties": { "hex_id": "regional-0467", "hex_level": "regional", "hex_edge_m": 3000, "line_count": 14, "line_length_m": 17978.6, "major_line_count": 1, "minor_line_count": 11, "cable_count": 2, "node_count": 127, "substation_count": 3, "transformer_count": 0, "generator_count": 3, "plant_count": 0, "support_count": 120, "switchgear_count": 1, "nearest_power_node_m": 58.4, "neighbor_ids": [ "regional-0447", "regional-0448", "regional-0466", "regional-0468", "regional-0484", "regional-0485" ], "has_infrastructure": true, "operational_status": "operational", "operational_status_note": "Infrastructure present; no failure simulation is active.", "connected_hex_ids": [ "regional-0447", "regional-0448", "regional-0466", "regional-0468", "regional-0484", "regional-0485" ], "connected_hex_count": 6, "confidence_score": 0.85, "confidence_label": "high", "data_quality_note": "OSM vector lines and power nodes in hex.", "source_mode": "osm_vector_derived", "kiut_role": "visual_reference_only", "infrastructure_score": 100.0 }, "geometry": { "type": "Polygon", "coordinates": [ [ [ 18.612820957859096, 50.439778766027523 ], [ 18.576103560711864, 50.453144965790102 ], [ 18.575862223151052, 50.48013230786654 ], [ 18.61237996325103, 50.493753693529079 ], [ 18.649118706062012, 50.480376184833609 ], [ 18.649318362437302, 50.453388610394775 ], [ 18.612820957859096, 50.439778766027523 ] ] ] } },
{ "type": "Feature", "properties": { "hex_id": "regional-0468", "hex_level": "regional", "hex_edge_m": 3000, "line_count": 16, "line_length_m": 15326.0, "major_line_count": 1, "minor_line_count": 12, "cable_count": 3, "node_count": 137, "substation_count": 4, "transformer_count": 0, "generator_count": 0, "plant_count": 0, "support_count": 130, "switchgear_count": 3, "nearest_power_node_m": 588.0, "neighbor_ids": [ "regional-0448", "regional-0449", "regional-0467", "regional-0469", "regional-0485", "regional-0486" ], "has_infrastructure": true, "operational_status": "operational", "operational_status_note": "Infrastructure present; no failure simulation is active.", "connected_hex_ids": [ "regional-0448", "regional-0449", "regional-0467", "regional-0469", "regional-0485", "regional-0486" ], "connected_hex_count": 6, "confidence_score": 0.85, "confidence_label": "high", "data_quality_note": "OSM vector lines and power nodes in hex.", "source_mode": "osm_vector_derived", "kiut_role": "visual_reference_only", "infrastructure_score": 100.0 }, "geometry": { "type": "Polygon", "coordinates": [ [ [ 18.686015423086982, 50.439999276298458 ], [ 18.649318362437302, 50.453388610394775 ], [ 18.649118706062012, 50.480376184833609 ], [ 18.685657792802356, 50.493974624601314 ], [ 18.722376104556123, 50.480573959088922 ], [ 18.7225340779205, 50.453586196211923 ], [ 18.686015423086982, 50.439999276298458 ] ] ] } },
{ "type": "Feature", "properties": { "hex_id": "regional-0469", "hex_level": "regional", "hex_edge_m": 3000, "line_count": 18, "line_length_m": 13866.6, "major_line_count": 0, "minor_line_count": 17, "cable_count": 1, "node_count": 146, "substation_count": 4, "transformer_count": 0, "generator_count": 1, "plant_count": 0, "support_count": 137, "switchgear_count": 4, "nearest_power_node_m": 306.2, "neighbor_ids": [ "regional-0449", "regional-0450", "regional-0468", "regional-0470", "regional-0486", "regional-0487" ], "has_infrastructure": true, "operational_status": "operational", "operational_status_note": "Infrastructure present; no failure simulation is active.", "connected_hex_ids": [ "regional-0449", "regional-0450", "regional-0468", "regional-0470", "regional-0486", "regional-0487" ], "connected_hex_count": 6, "confidence_score": 0.85, "confidence_label": "high", "data_quality_note": "OSM vector lines and power nodes in hex.", "source_mode": "osm_vector_derived", "kiut_role": "visual_reference_only", "infrastructure_score": 100.0 }, "geometry": { "type": "Polygon", "coordinates": [ [ [ 18.759210705878001, 50.440173749077658 ], [ 18.7225340779205, 50.453586196211923 ], [ 18.722376104556123, 50.480573959088922 ], [ 18.758936443186567, 50.494149430330943 ], [ 18.795634227491227, 50.480725629405057 ], [ 18.795750516400357, 50.453737722016399 ], [ 18.759210705878001, 50.440173749077658 ] ] ] } },
{ "type": "Feature", "properties": { "hex_id": "regional-0470", "hex_level": "regional", "hex_edge_m": 3000, "line_count": 32, "line_length_m": 31109.2, "major_line_count": 16, "minor_line_count": 15, "cable_count": 1, "node_count": 249, "substation_count": 36, "transformer_count": 19, "generator_count": 3, "plant_count": 1, "support_count": 183, "switchgear_count": 7, "nearest_power_node_m": 122.6, "neighbor_ids": [ "regional-0450", "regional-0451", "regional-0469", "regional-0471", "regional-0487", "regional-0488" ], "has_infrastructure": true, "operational_status": "operational", "operational_status_note": "Infrastructure present; no failure simulation is active.", "connected_hex_ids": [ "regional-0450", "regional-0451", "regional-0469", "regional-0471", "regional-0487", "regional-0488" ], "connected_hex_count": 6, "confidence_score": 0.85, "confidence_label": "high", "data_quality_note": "OSM vector lines and power nodes in hex.", "source_mode": "osm_vector_derived", "kiut_role": "visual_reference_only", "infrastructure_score": 100.0 }, "geometry": { "type": "Polygon", "coordinates": [ [ [ 18.832406615654879, 50.440302183283777 ], [ 18.795750516400357, 50.453737722016399 ], [ 18.795634227491231, 50.480725629405057 ], [ 18.832215723064213, 50.494278109632589 ], [ 18.868892883713258, 50.480831194840718 ], [ 18.868967487103898, 50.453843186868646 ], [ 18.832406615654879, 50.440302183283777 ] ] ] } },
{ "type": "Feature", "properties": { "hex_id": "regional-0471", "hex_level": "regional", "hex_edge_m": 3000, "line_count": 21, "line_length_m": 21379.4, "major_line_count": 7, "minor_line_count": 11, "cable_count": 3, "node_count": 199, "substation_count": 4, "transformer_count": 13, "generator_count": 40, "plant_count": 1, "support_count": 140, "switchgear_count": 1, "nearest_power_node_m": 454.5, "neighbor_ids": [ "regional-0451", "regional-0452", "regional-0470", "regional-0472", "regional-0488", "regional-0489" ], "has_infrastructure": true, "operational_status": "operational", "operational_status_note": "Infrastructure present; no failure simulation is active.", "connected_hex_ids": [ "regional-0451", "regional-0452", "regional-0470", "regional-0472", "regional-0488", "regional-0489" ], "connected_hex_count": 6, "confidence_score": 0.85, "confidence_label": "high", "data_quality_note": "OSM vector lines and power nodes in hex.", "source_mode": "osm_vector_derived", "kiut_role": "visual_reference_only", "infrastructure_score": 100.0 }, "geometry": { "type": "Polygon", "coordinates": [ [ [ 18.905602961830034, 50.440384578120785 ], [ 18.868967487103902, 50.453843186868646 ], [ 18.868892883713258, 50.480831194840718 ], [ 18.905495441085506, 50.494360661707262 ], [ 18.94215188205936, 50.480890654740719 ], [ 18.942184799249397, 50.453902590114673 ], [ 18.905602961830034, 50.440384578120785 ] ] ] } },
{ "type": "Feature", "properties": { "hex_id": "regional-0472", "hex_level": "regional", "hex_edge_m": 3000, "line_count": 10, "line_length_m": 18737.6, "major_line_count": 0, "minor_line_count": 7, "cable_count": 3, "node_count": 115, "substation_count": 1, "transformer_count": 1, "generator_count": 8, "plant_count": 1, "support_count": 103, "switchgear_count": 1, "nearest_power_node_m": 940.2, "neighbor_ids": [ "regional-0452", "regional-0453", "regional-0471", "regional-0473", "regional-0489", "regional-0490" ], "has_infrastructure": true, "operational_status": "operational", "operational_status_note": "Infrastructure present; no failure simulation is active.", "connected_hex_ids": [ "regional-0452", "regional-0453", "regional-0471", "regional-0473", "regional-0489", "regional-0490" ], "connected_hex_count": 6, "confidence_score": 0.85, "confidence_label": "high", "data_quality_note": "OSM vector lines and power nodes in hex.", "source_mode": "osm_vector_derived", "kiut_role": "visual_reference_only", "infrastructure_score": 100.0 }, "geometry": { "type": "Polygon", "coordinates": [ [ [ 18.97879955380871, 50.440420933077981 ], [ 18.942184799249397, 50.453902590114673 ], [ 18.94215188205936, 50.480890654740719 ], [ 18.978775405893405, 50.49439708604239 ], [ 19.015411031361044, 50.48090400873604 ], [ 19.015402262049506, 50.453915931386163 ], [ 18.97879955380871, 50.440420933077981 ] ] ] } },
{ "type": "Feature", "properties": { "hex_id": "regional-0473", "hex_level": "regional", "hex_edge_m": 3000, "line_count": 33, "line_length_m": 26970.2, "major_line_count": 0, "minor_line_count": 20, "cable_count": 13, "node_count": 188, "substation_count": 12, "transformer_count": 3, "generator_count": 6, "plant_count": 0, "support_count": 167, "switchgear_count": 0, "nearest_power_node_m": 353.7, "neighbor_ids": [ "regional-0453", "regional-0454", "regional-0472", "regional-0474", "regional-0490", "regional-0491" ], "has_infrastructure": true, "operational_status": "operational", "operational_status_note": "Infrastructure present; no failure simulation is active.", "connected_hex_ids": [ "regional-0453", "regional-0454", "regional-0472", "regional-0474", "regional-0490", "regional-0491" ], "connected_hex_count": 6, "confidence_score": 0.85, "confidence_label": "high", "data_quality_note": "OSM vector lines and power nodes in hex.", "source_mode": "osm_vector_derived", "kiut_role": "visual_reference_only", "infrastructure_score": 100.0 }, "geometry": { "type": "Polygon", "coordinates": [ [ [ 19.051996200992118, 50.440411247930051 ], [ 19.015402262049506, 50.453915931386163 ], [ 19.015411031361044, 50.48090400873604 ], [ 19.052055426126838, 50.494387382411816 ], [ 19.088670140447341, 50.480871256743796 ], [ 19.088619684714413, 50.453883210600374 ], [ 19.051996200992118, 50.440411247930051 ] ] ] } },
{ "type": "Feature", "properties": { "hex_id": "regional-0474", "hex_level": "regional", "hex_edge_m": 3000, "line_count": 46, "line_length_m": 20500.9, "major_line_count": 3, "minor_line_count": 36, "cable_count": 7, "node_count": 174, "substation_count": 7, "transformer_count": 1, "generator_count": 0, "plant_count": 0, "support_count": 166, "switchgear_count": 0, "nearest_power_node_m": 423.7, "neighbor_ids": [ "regional-0454", "regional-0455", "regional-0473", "regional-0475", "regional-0491" ], "has_infrastructure": true, "operational_status": "operational", "operational_status_note": "Infrastructure present; no failure simulation is active.", "connected_hex_ids": [ "regional-0454", "regional-0455", "regional-0473", "regional-0475", "regional-0491" ], "connected_hex_count": 5, "confidence_score": 0.85, "confidence_label": "high", "data_quality_note": "OSM vector lines and power nodes in hex.", "source_mode": "osm_vector_derived", "kiut_role": "visual_reference_only", "infrastructure_score": 100.0 }, "geometry": { "type": "Polygon", "coordinates": [ [ [ 19.161836876454952, 50.453804427960186 ], [ 19.125192712780564, 50.440355522737029 ], [ 19.088619684714413, 50.453883210600374 ], [ 19.088670140447345, 50.480871256743796 ], [ 19.124618778406923, 50.494068686265251 ], [ 19.14083978589359, 50.484655785258369 ], [ 19.161891380229424, 50.469773381698481 ], [ 19.161836876454952, 50.453804427960186 ] ] ] } },
{ "type": "Feature", "properties": { "hex_id": "regional-0475", "hex_level": "regional", "hex_edge_m": 3000, "line_count": 13, "line_length_m": 3827.7, "major_line_count": 1, "minor_line_count": 10, "cable_count": 2, "node_count": 33, "substation_count": 0, "transformer_count": 0, "generator_count": 0, "plant_count": 0, "support_count": 33, "switchgear_count": 0, "nearest_power_node_m": 170.8, "neighbor_ids": [ "regional-0455", "regional-0456", "regional-0474" ], "has_infrastructure": true, "operational_status": "operational", "operational_status_note": "Infrastructure present; no failure simulation is active.", "connected_hex_ids": [ "regional-0455", "regional-0456", "regional-0474" ], "connected_hex_count": 3, "confidence_score": 0.62, "confidence_label": "medium", "data_quality_note": "OSM vector feature present; topology is inferred.", "source_mode": "osm_vector_derived", "kiut_role": "visual_reference_only", "infrastructure_score": 22.3 }, "geometry": { "type": "Polygon", "coordinates": [ [ [ 19.198388898576571, 50.440253757844275 ], [ 19.161836876454956, 50.453804427960186 ], [ 19.161891380229424, 50.469773381698481 ], [ 19.196430756270388, 50.445327240547243 ], [ 19.201130164269323, 50.441258213277912 ], [ 19.198388898576571, 50.440253757844275 ] ] ] } },
{ "type": "Feature", "properties": { "hex_id": "regional-0476", "hex_level": "regional", "hex_edge_m": 3000, "line_count": 29, "line_length_m": 15924.0, "major_line_count": 12, "minor_line_count": 14, "cable_count": 3, "node_count": 129, "substation_count": 9, "transformer_count": 2, "generator_count": 1, "plant_count": 0, "support_count": 108, "switchgear_count": 9, "nearest_power_node_m": 424.4, "neighbor_ids": [ "regional-0458", "regional-0459", "regional-0477", "regional-0492" ], "has_infrastructure": true, "operational_status": "operational", "operational_status_note": "Infrastructure present; no failure simulation is active.", "connected_hex_ids": [ "regional-0458", "regional-0459", "regional-0477" ], "connected_hex_count": 3, "confidence_score": 0.85, "confidence_label": "high", "data_quality_note": "OSM vector lines and power nodes in hex.", "source_mode": "osm_vector_derived", "kiut_role": "visual_reference_only", "infrastructure_score": 100.0 }, "geometry": { "type": "Polygon", "coordinates": [ [ [ 18.025654711497047, 50.517309961662512 ], [ 18.026209831638749, 50.490325957345185 ], [ 17.989866251487996, 50.476521836187899 ], [ 17.957910774153408, 50.487920963358526 ], [ 18.005273895578306, 50.516063705399404 ], [ 18.015380903687792, 50.520977284903694 ], [ 18.025654711497047, 50.517309961662512 ] ] ] } },
{ "type": "Feature", "properties": { "hex_id": "regional-0477", "hex_level": "regional", "hex_edge_m": 3000, "line_count": 25, "line_length_m": 49962.0, "major_line_count": 5, "minor_line_count": 19, "cable_count": 1, "node_count": 304, "substation_count": 7, "transformer_count": 0, "generator_count": 0, "plant_count": 0, "support_count": 285, "switchgear_count": 12, "nearest_power_node_m": 399.0, "neighbor_ids": [ "regional-0459", "regional-0460", "regional-0476", "regional-0478", "regional-0492", "regional-0493" ], "has_infrastructure": true, "operational_status": "operational", "operational_status_note": "Infrastructure present; no failure simulation is active.", "connected_hex_ids": [ "regional-0459", "regional-0460", "regional-0476", "regional-0478", "regional-0493" ], "connected_hex_count": 5, "confidence_score": 0.85, "confidence_label": "high", "data_quality_note": "OSM vector lines and power nodes in hex.", "source_mode": "osm_vector_derived", "kiut_role": "visual_reference_only", "infrastructure_score": 100.0 }, "geometry": { "type": "Polygon", "coordinates": [ [ [ 18.063108531085351, 50.477134456339748 ], [ 18.026209831638752, 50.490325957345185 ], [ 18.025654711497051, 50.517309961662512 ], [ 18.062040040032183, 50.531103038592875 ], [ 18.098960839310426, 50.517900384670469 ], [ 18.099474208591481, 50.490915817728904 ], [ 18.063108531085351, 50.477134456339748 ] ] ] } },
{ "type": "Feature", "properties": { "hex_id": "regional-0478", "hex_level": "regional", "hex_edge_m": 3000, "line_count": 18, "line_length_m": 36897.8, "major_line_count": 0, "minor_line_count": 16, "cable_count": 2, "node_count": 263, "substation_count": 4, "transformer_count": 0, "generator_count": 0, "plant_count": 0, "support_count": 251, "switchgear_count": 8, "nearest_power_node_m": 458.7, "neighbor_ids": [ "regional-0460", "regional-0461", "regional-0477", "regional-0479", "regional-0493", "regional-0494" ], "has_infrastructure": true, "operational_status": "operational", "operational_status_note": "Infrastructure present; no failure simulation is active.", "connected_hex_ids": [ "regional-0460", "regional-0461", "regional-0477", "regional-0479", "regional-0493", "regional-0494" ], "connected_hex_count": 6, "confidence_score": 0.85, "confidence_label": "high", "data_quality_note": "OSM vector lines and power nodes in hex.", "source_mode": "osm_vector_derived", "kiut_role": "visual_reference_only", "infrastructure_score": 100.0 }, "geometry": { "type": "Polygon", "coordinates": [ [ [ 18.136353254596365, 50.477700993894899 ], [ 18.099474208591481, 50.490915817728904 ], [ 18.098960839310426, 50.517900384670469 ], [ 18.135368270092062, 50.53167065743343 ], [ 18.172269322621066, 50.518444657359716 ], [ 18.17274093634121, 50.491459571758938 ], [ 18.136353254596365, 50.477700993894899 ] ] ] } },
{ "type": "Feature", "properties": { "hex_id": "regional-0479", "hex_level": "regional", "hex_edge_m": 3000, "line_count": 21, "line_length_m": 39349.6, "major_line_count": 0, "minor_line_count": 18, "cable_count": 3, "node_count": 274, "substation_count": 2, "transformer_count": 0, "generator_count": 0, "plant_count": 0, "support_count": 270, "switchgear_count": 2, "nearest_power_node_m": 188.2, "neighbor_ids": [ "regional-0461", "regional-0462", "regional-0478", "regional-0480", "regional-0494", "regional-0495" ], "has_infrastructure": true, "operational_status": "operational", "operational_status_note": "Infrastructure present; no failure simulation is active.", "connected_hex_ids": [ "regional-0461", "regional-0462", "regional-0478", "regional-0480", "regional-0494", "regional-0495" ], "connected_hex_count": 6, "confidence_score": 0.85, "confidence_label": "high", "data_quality_note": "OSM vector lines and power nodes in hex.", "source_mode": "osm_vector_derived", "kiut_role": "visual_reference_only", "infrastructure_score": 100.0 }, "geometry": { "type": "Polygon", "coordinates": [ [ [ 18.209600231087478, 50.478221445338484 ], [ 18.172740936341214, 50.491459571758938 ], [ 18.172269322621069, 50.518444657359716 ], [ 18.208698762150636, 50.532192102225963 ], [ 18.245579969903915, 50.518942776348837 ], [ 18.246009823744863, 50.491957216060122 ], [ 18.209600231087478, 50.478221445338484 ] ] ] } },
{ "type": "Feature", "properties": { "hex_id": "regional-0480", "hex_level": "regional", "hex_edge_m": 3000, "line_count": 75, "line_length_m": 38082.5, "major_line_count": 33, "minor_line_count": 33, "cable_count": 9, "node_count": 356, "substation_count": 27, "transformer_count": 4, "generator_count": 0, "plant_count": 0, "support_count": 315, "switchgear_count": 10, "nearest_power_node_m": 161.5, "neighbor_ids": [ "regional-0462", "regional-0463", "regional-0479", "regional-0481", "regional-0495", "regional-0496" ], "has_infrastructure": true, "operational_status": "operational", "operational_status_note": "Infrastructure present; no failure simulation is active.", "connected_hex_ids": [ "regional-0462", "regional-0463", "regional-0479", "regional-0481", "regional-0495", "regional-0496" ], "connected_hex_count": 6, "confidence_score": 0.85, "confidence_label": "high", "data_quality_note": "OSM vector lines and power nodes in hex.", "source_mode": "osm_vector_derived", "kiut_role": "visual_reference_only", "infrastructure_score": 100.0 }, "geometry": { "type": "Polygon", "coordinates": [ [ [ 18.282849269588066, 50.478695807441305 ], [ 18.246009823744863, 50.491957216060122 ], [ 18.245579969903918, 50.518942776348837 ], [ 18.282031324473188, 50.53266736972931 ], [ 18.318892589598224, 50.519394738542999 ], [ 18.319280679623791, 50.492408747543344 ], [ 18.282849269588066, 50.478695807441305 ] ] ] } },
{ "type": "Feature", "properties": { "hex_id": "regional-0481", "hex_level": "regional", "hex_edge_m": 3000, "line_count": 10, "line_length_m": 5764.8, "major_line_count": 0, "minor_line_count": 10, "cable_count": 0, "node_count": 72, "substation_count": 2, "transformer_count": 0, "generator_count": 0, "plant_count": 0, "support_count": 67, "switchgear_count": 3, "nearest_power_node_m": 1157.2, "neighbor_ids": [ "regional-0463", "regional-0464", "regional-0480", "regional-0482", "regional-0496", "regional-0497" ], "has_infrastructure": true, "operational_status": "operational", "operational_status_note": "Infrastructure present; no failure simulation is active.", "connected_hex_ids": [ "regional-0463", "regional-0464", "regional-0480", "regional-0482", "regional-0496", "regional-0497" ], "connected_hex_count": 6, "confidence_score": 0.85, "confidence_label": "high", "data_quality_note": "OSM vector lines and power nodes in hex.", "source_mode": "osm_vector_derived", "kiut_role": "visual_reference_only", "infrastructure_score": 67.4 }, "geometry": { "type": "Polygon", "coordinates": [ [ [ 18.35610017909357, 50.479124077260039 ], [ 18.319280679623791, 50.492408747543344 ], [ 18.318892589598228, 50.519394738542999 ], [ 18.355365765290845, 50.533096456989213 ], [ 18.392206990110726, 50.519800541133996 ], [ 18.392553312766942, 50.492814163405576 ], [ 18.35610017909357, 50.479124077260039 ] ] ] } },
{ "type": "Feature", "properties": { "hex_id": "regional-0482", "hex_level": "regional", "hex_edge_m": 3000, "line_count": 17, "line_length_m": 10082.6, "major_line_count": 0, "minor_line_count": 12, "cable_count": 5, "node_count": 92, "substation_count": 2, "transformer_count": 0, "generator_count": 2, "plant_count": 0, "support_count": 87, "switchgear_count": 1, "nearest_power_node_m": 1208.9, "neighbor_ids": [ "regional-0464", "regional-0465", "regional-0481", "regional-0483", "regional-0497", "regional-0498" ], "has_infrastructure": true, "operational_status": "operational", "operational_status_note": "Infrastructure present; no failure simulation is active.", "connected_hex_ids": [ "regional-0464", "regional-0465", "regional-0481", "regional-0483", "regional-0497", "regional-0498" ], "connected_hex_count": 6, "confidence_score": 0.85, "confidence_label": "high", "data_quality_note": "OSM vector lines and power nodes in hex.", "source_mode": "osm_vector_derived", "kiut_role": "visual_reference_only", "infrastructure_score": 80.2 }, "geometry": { "type": "Polygon", "coordinates": [ [ [ 18.429352768568648, 50.479506252137192 ], [ 18.392553312766942, 50.492814163405576 ], [ 18.392206990110729, 50.519800541133996 ], [ 18.428701892803733, 50.533479361338358 ], [ 18.465522979818783, 50.520160181600318 ], [ 18.465827531933993, 50.493173461129992 ], [ 18.429352768568648, 50.479506252137192 ] ] ] } },
{ "type": "Feature", "properties": { "hex_id": "regional-0483", "hex_level": "regional", "hex_edge_m": 3000, "line_count": 6, "line_length_m": 8315.7, "major_line_count": 0, "minor_line_count": 5, "cable_count": 1, "node_count": 70, "substation_count": 4, "transformer_count": 0, "generator_count": 0, "plant_count": 0, "support_count": 62, "switchgear_count": 4, "nearest_power_node_m": 1158.1, "neighbor_ids": [ "regional-0465", "regional-0466", "regional-0482", "regional-0484", "regional-0498", "regional-0499" ], "has_infrastructure": true, "operational_status": "operational", "operational_status_note": "Infrastructure present; no failure simulation is active.", "connected_hex_ids": [ "regional-0465", "regional-0466", "regional-0482", "regional-0484", "regional-0498", "regional-0499" ], "connected_hex_count": 6, "confidence_score": 0.85, "confidence_label": "high", "data_quality_note": "OSM vector lines and power nodes in hex.", "source_mode": "osm_vector_derived", "kiut_role": "visual_reference_only", "infrastructure_score": 98.2 }, "geometry": { "type": "Polygon", "coordinates": [ [ [ 18.502606846950307, 50.479842329701214 ], [ 18.465827531933993, 50.493173461129992 ], [ 18.465522979818786, 50.520160181600318 ], [ 18.502039515184141, 50.533816080396385 ], [ 18.538840367073547, 50.520473657707214 ], [ 18.539103145858494, 50.49348663848594 ], [ 18.502606846950307, 50.479842329701214 ] ] ] } },
{ "type": "Feature", "properties": { "hex_id": "regional-0484", "hex_level": "regional", "hex_edge_m": 3000, "line_count": 33, "line_length_m": 32829.9, "major_line_count": 14, "minor_line_count": 17, "cable_count": 2, "node_count": 307, "substation_count": 8, "transformer_count": 3, "generator_count": 66, "plant_count": 2, "support_count": 223, "switchgear_count": 5, "nearest_power_node_m": 276.1, "neighbor_ids": [ "regional-0466", "regional-0467", "regional-0483", "regional-0485", "regional-0499", "regional-0500" ], "has_infrastructure": true, "operational_status": "operational", "operational_status_note": "Infrastructure present; no failure simulation is active.", "connected_hex_ids": [ "regional-0466", "regional-0467", "regional-0483", "regional-0485", "regional-0499", "regional-0500" ], "connected_hex_count": 6, "confidence_score": 0.85, "confidence_label": "high", "data_quality_note": "OSM vector lines and power nodes in hex.", "source_mode": "osm_vector_derived", "kiut_role": "visual_reference_only", "infrastructure_score": 100.0 }, "geometry": { "type": "Polygon", "coordinates": [ [ [ 18.575862223151052, 50.48013230786654 ], [ 18.539103145858494, 50.49348663848594 ], [ 18.538840367073547, 50.520473657707214 ], [ 18.575378440579687, 50.534106612070012 ], [ 18.612158960203118, 50.520740967506697 ], [ 18.61237996325103, 50.493753693529079 ], [ 18.575862223151052, 50.48013230786654 ] ] ] } },
{ "type": "Feature", "properties": { "hex_id": "regional-0485", "hex_level": "regional", "hex_edge_m": 3000, "line_count": 15, "line_length_m": 16116.6, "major_line_count": 0, "minor_line_count": 15, "cable_count": 0, "node_count": 147, "substation_count": 5, "transformer_count": 0, "generator_count": 2, "plant_count": 0, "support_count": 135, "switchgear_count": 5, "nearest_power_node_m": 770.1, "neighbor_ids": [ "regional-0467", "regional-0468", "regional-0484", "regional-0486", "regional-0500", "regional-0501" ], "has_infrastructure": true, "operational_status": "operational", "operational_status_note": "Infrastructure present; no failure simulation is active.", "connected_hex_ids": [ "regional-0467", "regional-0468", "regional-0484", "regional-0486", "regional-0500", "regional-0501" ], "connected_hex_count": 6, "confidence_score": 0.85, "confidence_label": "high", "data_quality_note": "OSM vector lines and power nodes in hex.", "source_mode": "osm_vector_derived", "kiut_role": "visual_reference_only", "infrastructure_score": 100.0 }, "geometry": { "type": "Polygon", "coordinates": [ [ [ 18.649118706062012, 50.480376184833609 ], [ 18.61237996325103, 50.493753693529079 ], [ 18.612158960203118, 50.520740967506697 ], [ 18.648718477116475, 50.534350954552984 ], [ 18.685478567515709, 50.520962109337638 ], [ 18.685657792802356, 50.493974624601314 ], [ 18.649118706062012, 50.480376184833609 ] ] ] } },
{ "type": "Feature", "properties": { "hex_id": "regional-0486", "hex_level": "regional", "hex_edge_m": 3000, "line_count": 23, "line_length_m": 15346.3, "major_line_count": 0, "minor_line_count": 21, "cable_count": 2, "node_count": 174, "substation_count": 10, "transformer_count": 0, "generator_count": 0, "plant_count": 1, "support_count": 153, "switchgear_count": 10, "nearest_power_node_m": 54.5, "neighbor_ids": [ "regional-0468", "regional-0469", "regional-0485", "regional-0487", "regional-0501", "regional-0502" ], "has_infrastructure": true, "operational_status": "operational", "operational_status_note": "Infrastructure present; no failure simulation is active.", "connected_hex_ids": [ "regional-0468", "regional-0469", "regional-0485", "regional-0487", "regional-0501", "regional-0502" ], "connected_hex_count": 6, "confidence_score": 0.85, "confidence_label": "high", "data_quality_note": "OSM vector lines and power nodes in hex.", "source_mode": "osm_vector_derived", "kiut_role": "visual_reference_only", "infrastructure_score": 100.0 }, "geometry": { "type": "Polygon", "coordinates": [ [ [ 18.722376104556123, 50.480573959088922 ], [ 18.68565779280236, 50.493974624601314 ], [ 18.685478567515709, 50.520962109337638 ], [ 18.722059432902274, 50.534549106326182 ], [ 18.758798997302801, 50.521137081825778 ], [ 18.758936443186567, 50.494149430330943 ], [ 18.722376104556123, 50.480573959088922 ] ] ] } },
{ "type": "Feature", "properties": { "hex_id": "regional-0487", "hex_level": "regional", "hex_edge_m": 3000, "line_count": 33, "line_length_m": 21795.7, "major_line_count": 0, "minor_line_count": 31, "cable_count": 2, "node_count": 225, "substation_count": 9, "transformer_count": 0, "generator_count": 1, "plant_count": 0, "support_count": 204, "switchgear_count": 11, "nearest_power_node_m": 1092.3, "neighbor_ids": [ "regional-0469", "regional-0470", "regional-0486", "regional-0488", "regional-0502", "regional-0503" ], "has_infrastructure": true, "operational_status": "operational", "operational_status_note": "Infrastructure present; no failure simulation is active.", "connected_hex_ids": [ "regional-0469", "regional-0470", "regional-0486", "regional-0488", "regional-0502", "regional-0503" ], "connected_hex_count": 6, "confidence_score": 0.85, "confidence_label": "high", "data_quality_note": "OSM vector lines and power nodes in hex.", "source_mode": "osm_vector_derived", "kiut_role": "visual_reference_only", "infrastructure_score": 100.0 }, "geometry": { "type": "Polygon", "coordinates": [ [ [ 18.795634227491231, 50.480725629405057 ], [ 18.758936443186567, 50.494149430330943 ], [ 18.758798997302804, 50.521137081825778 ], [ 18.795401116029684, 50.534701066157673 ], [ 18.83212005784231, 50.521265883883743 ], [ 18.832215723064213, 50.494278109632589 ], [ 18.795634227491231, 50.480725629405057 ] ] ] } },
{ "type": "Feature", "properties": { "hex_id": "regional-0488", "hex_level": "regional", "hex_edge_m": 3000, "line_count": 6, "line_length_m": 8764.3, "major_line_count": 1, "minor_line_count": 5, "cable_count": 0, "node_count": 63, "substation_count": 0, "transformer_count": 0, "generator_count": 0, "plant_count": 0, "support_count": 63, "switchgear_count": 0, "nearest_power_node_m": 1026.8, "neighbor_ids": [ "regional-0470", "regional-0471", "regional-0487", "regional-0489", "regional-0503", "regional-0504" ], "has_infrastructure": true, "operational_status": "operational", "operational_status_note": "Infrastructure present; no failure simulation is active.", "connected_hex_ids": [ "regional-0470", "regional-0471", "regional-0487", "regional-0489", "regional-0503", "regional-0504" ], "connected_hex_count": 6, "confidence_score": 0.62, "confidence_label": "medium", "data_quality_note": "OSM vector feature present; topology is inferred.", "source_mode": "osm_vector_derived", "kiut_role": "visual_reference_only", "infrastructure_score": 28.7 }, "geometry": { "type": "Polygon", "coordinates": [ [ [ 18.868892883713258, 50.480831194840718 ], [ 18.832215723064216, 50.494278109632589 ], [ 18.832120057842314, 50.521265883883743 ], [ 18.868743334579285, 50.534806833102635 ], [ 18.905441557401744, 50.52134851471105 ], [ 18.905495441085506, 50.494360661707262 ], [ 18.868892883713258, 50.480831194840718 ] ] ] } },
{ "type": "Feature", "properties": { "hex_id": "regional-0489", "hex_level": "regional", "hex_edge_m": 3000, "line_count": 33, "line_length_m": 23178.4, "major_line_count": 19, "minor_line_count": 13, "cable_count": 1, "node_count": 153, "substation_count": 6, "transformer_count": 1, "generator_count": 1, "plant_count": 0, "support_count": 139, "switchgear_count": 6, "nearest_power_node_m": 447.0, "neighbor_ids": [ "regional-0471", "regional-0472", "regional-0488", "regional-0490", "regional-0504", "regional-0505" ], "has_infrastructure": true, "operational_status": "operational", "operational_status_note": "Infrastructure present; no failure simulation is active.", "connected_hex_ids": [ "regional-0471", "regional-0472", "regional-0488", "regional-0490", "regional-0504", "regional-0505" ], "connected_hex_count": 6, "confidence_score": 0.85, "confidence_label": "high", "data_quality_note": "OSM vector lines and power nodes in hex.", "source_mode": "osm_vector_derived", "kiut_role": "visual_reference_only", "infrastructure_score": 100.0 }, "geometry": { "type": "Polygon", "coordinates": [ [ [ 18.94215188205936, 50.480890654740719 ], [ 18.905495441085506, 50.494360661707262 ], [ 18.905441557401744, 50.52134851471105 ], [ 18.942085896622821, 50.534866406503475 ], [ 18.978763304241369, 50.521384973794177 ], [ 18.978775405893405, 50.49439708604239 ], [ 18.94215188205936, 50.480890654740719 ] ] ] } },
{ "type": "Feature", "properties": { "hex_id": "regional-0490", "hex_level": "regional", "hex_edge_m": 3000, "line_count": 8, "line_length_m": 7911.1, "major_line_count": 0, "minor_line_count": 7, "cable_count": 1, "node_count": 41, "substation_count": 0, "transformer_count": 0, "generator_count": 0, "plant_count": 0, "support_count": 41, "switchgear_count": 0, "nearest_power_node_m": 176.6, "neighbor_ids": [ "regional-0472", "regional-0473", "regional-0489", "regional-0491", "regional-0505", "regional-0506" ], "has_infrastructure": true, "operational_status": "operational", "operational_status_note": "Infrastructure present; no failure simulation is active.", "connected_hex_ids": [ "regional-0472", "regional-0473", "regional-0489", "regional-0491", "regional-0505", "regional-0506" ], "connected_hex_count": 6, "confidence_score": 0.62, "confidence_label": "medium", "data_quality_note": "OSM vector feature present; topology is inferred.", "source_mode": "osm_vector_derived", "kiut_role": "visual_reference_only", "infrastructure_score": 27.8 }, "geometry": { "type": "Polygon", "coordinates": [ [ [ 19.015411031361044, 50.48090400873604 ], [ 18.978775405893405, 50.49439708604239 ], [ 18.978763304241369, 50.521384973794177 ], [ 19.015428610226376, 50.534879785989787 ], [ 19.052085106617369, 50.521375260906538 ], [ 19.052055426126838, 50.494387382411816 ], [ 19.015411031361044, 50.48090400873604 ] ] ] } },
{ "type": "Feature", "properties": { "hex_id": "regional-0491", "hex_level": "regional", "hex_edge_m": 3000, "line_count": 3, "line_length_m": 4167.4, "major_line_count": 0, "minor_line_count": 3, "cable_count": 0, "node_count": 42, "substation_count": 0, "transformer_count": 0, "generator_count": 0, "plant_count": 0, "support_count": 42, "switchgear_count": 0, "nearest_power_node_m": 814.6, "neighbor_ids": [ "regional-0473", "regional-0474", "regional-0490", "regional-0506" ], "has_infrastructure": true, "operational_status": "operational", "operational_status_note": "Infrastructure present; no failure simulation is active.", "connected_hex_ids": [ "regional-0473", "regional-0474", "regional-0490", "regional-0506" ], "connected_hex_count": 4, "confidence_score": 0.62, "confidence_label": "medium", "data_quality_note": "OSM vector feature present; topology is inferred.", "source_mode": "osm_vector_derived", "kiut_role": "visual_reference_only", "infrastructure_score": 15.6 }, "geometry": { "type": "Polygon", "coordinates": [ [ [ 19.088670140447345, 50.480871256743796 ], [ 19.052055426126838, 50.494387382411816 ], [ 19.052085106617369, 50.521375260906538 ], [ 19.06616627231298, 50.52654835316271 ], [ 19.079384510930396, 50.520285977731383 ], [ 19.124618778406923, 50.494068686265251 ], [ 19.088670140447345, 50.480871256743796 ] ] ] } },
{ "type": "Feature", "properties": { "hex_id": "regional-0492", "hex_level": "regional", "hex_edge_m": 3000, "line_count": 0, "line_length_m": 0.0, "major_line_count": 0, "minor_line_count": 0, "cable_count": 0, "node_count": 0, "substation_count": 0, "transformer_count": 0, "generator_count": 0, "plant_count": 0, "support_count": 0, "switchgear_count": 0, "nearest_power_node_m": 1411.3, "neighbor_ids": [ "regional-0476", "regional-0477", "regional-0493" ], "has_infrastructure": false, "operational_status": "empty", "operational_status_note": "No OSM power infrastructure in this hex.", "connected_hex_ids": [ "regional-0476", "regional-0477", "regional-0493" ], "connected_hex_count": 3, "confidence_score": 0.35, "confidence_label": "low", "data_quality_note": "Nearby OSM feature only; KIUT may be used as visual reference.", "source_mode": "osm_vector_derived", "kiut_role": "visual_reference_only", "infrastructure_score": 0.0 }, "geometry": { "type": "Polygon", "coordinates": [ [ [ 18.062040040032183, 50.531103038592875 ], [ 18.025654711497047, 50.517309961662512 ], [ 18.015380903687792, 50.520977284903694 ], [ 18.061793801882359, 50.543516893809837 ], [ 18.062040040032183, 50.531103038592875 ] ] ] } },
{ "type": "Feature", "properties": { "hex_id": "regional-0493", "hex_level": "regional", "hex_edge_m": 3000, "line_count": 11, "line_length_m": 6353.8, "major_line_count": 0, "minor_line_count": 8, "cable_count": 3, "node_count": 58, "substation_count": 2, "transformer_count": 0, "generator_count": 1, "plant_count": 1, "support_count": 51, "switchgear_count": 3, "nearest_power_node_m": 876.8, "neighbor_ids": [ "regional-0477", "regional-0478", "regional-0492", "regional-0494", "regional-0507" ], "has_infrastructure": true, "operational_status": "operational", "operational_status_note": "Infrastructure present; no failure simulation is active.", "connected_hex_ids": [ "regional-0477", "regional-0478", "regional-0494", "regional-0507" ], "connected_hex_count": 4, "confidence_score": 0.85, "confidence_label": "high", "data_quality_note": "OSM vector lines and power nodes in hex.", "source_mode": "osm_vector_derived", "kiut_role": "visual_reference_only", "infrastructure_score": 80.1 }, "geometry": { "type": "Polygon", "coordinates": [ [ [ 18.134874647591076, 50.558655295318424 ], [ 18.135368270092062, 50.53167065743343 ], [ 18.098960839310426, 50.517900384670469 ], [ 18.062040040032183, 50.531103038592875 ], [ 18.061793801882359, 50.543516893809837 ], [ 18.071373522958218, 50.548164154342516 ], [ 18.115639290834736, 50.565537845202265 ], [ 18.134874647591076, 50.558655295318424 ] ] ] } },
{ "type": "Feature", "properties": { "hex_id": "regional-0494", "hex_level": "regional", "hex_edge_m": 3000, "line_count": 10, "line_length_m": 8313.8, "major_line_count": 0, "minor_line_count": 7, "cable_count": 3, "node_count": 79, "substation_count": 3, "transformer_count": 0, "generator_count": 0, "plant_count": 0, "support_count": 70, "switchgear_count": 6, "nearest_power_node_m": 1102.1, "neighbor_ids": [ "regional-0478", "regional-0479", "regional-0493", "regional-0495", "regional-0507", "regional-0508" ], "has_infrastructure": true, "operational_status": "operational", "operational_status_note": "Infrastructure present; no failure simulation is active.", "connected_hex_ids": [ "regional-0478", "regional-0479", "regional-0493", "regional-0495", "regional-0507", "regional-0508" ], "connected_hex_count": 6, "confidence_score": 0.85, "confidence_label": "high", "data_quality_note": "OSM vector lines and power nodes in hex.", "source_mode": "osm_vector_derived", "kiut_role": "visual_reference_only", "infrastructure_score": 91.2 }, "geometry": { "type": "Polygon", "coordinates": [ [ [ 18.172269322621066, 50.518444657359716 ], [ 18.135368270092062, 50.53167065743343 ], [ 18.134874647591076, 50.558655295318424 ], [ 18.171323929761211, 50.572414441666247 ], [ 18.20824699323715, 50.559177237631637 ], [ 18.208698762150636, 50.532192102225963 ], [ 18.172269322621066, 50.518444657359716 ] ] ] } },
{ "type": "Feature", "properties": { "hex_id": "regional-0495", "hex_level": "regional", "hex_edge_m": 3000, "line_count": 39, "line_length_m": 40643.9, "major_line_count": 5, "minor_line_count": 29, "cable_count": 5, "node_count": 323, "substation_count": 5, "transformer_count": 0, "generator_count": 0, "plant_count": 1, "support_count": 305, "switchgear_count": 12, "nearest_power_node_m": 273.0, "neighbor_ids": [ "regional-0479", "regional-0480", "regional-0494", "regional-0496", "regional-0508", "regional-0509" ], "has_infrastructure": true, "operational_status": "operational", "operational_status_note": "Infrastructure present; no failure simulation is active.", "connected_hex_ids": [ "regional-0479", "regional-0480", "regional-0494", "regional-0496", "regional-0508", "regional-0509" ], "connected_hex_count": 6, "confidence_score": 0.85, "confidence_label": "high", "data_quality_note": "OSM vector lines and power nodes in hex.", "source_mode": "osm_vector_derived", "kiut_role": "visual_reference_only", "infrastructure_score": 100.0 }, "geometry": { "type": "Polygon", "coordinates": [ [ [ 18.245579969903915, 50.518942776348837 ], [ 18.208698762150636, 50.532192102225963 ], [ 18.20824699323715, 50.559177237631637 ], [ 18.244718288491274, 50.572913511649404 ], [ 18.281621413291514, 50.559652958606591 ], [ 18.282031324473188, 50.53266736972931 ], [ 18.245579969903915, 50.518942776348837 ] ] ] } },
{ "type": "Feature", "properties": { "hex_id": "regional-0496", "hex_level": "regional", "hex_edge_m": 3000, "line_count": 14, "line_length_m": 12008.9, "major_line_count": 2, "minor_line_count": 10, "cable_count": 2, "node_count": 110, "substation_count": 5, "transformer_count": 0, "generator_count": 1, "plant_count": 0, "support_count": 101, "switchgear_count": 3, "nearest_power_node_m": 515.3, "neighbor_ids": [ "regional-0480", "regional-0481", "regional-0495", "regional-0497", "regional-0509", "regional-0510" ], "has_infrastructure": true, "operational_status": "operational", "operational_status_note": "Infrastructure present; no failure simulation is active.", "connected_hex_ids": [ "regional-0480", "regional-0481", "regional-0495", "regional-0497", "regional-0509", "regional-0510" ], "connected_hex_count": 6, "confidence_score": 0.85, "confidence_label": "high", "data_quality_note": "OSM vector lines and power nodes in hex.", "source_mode": "osm_vector_derived", "kiut_role": "visual_reference_only", "infrastructure_score": 100.0 }, "geometry": { "type": "Polygon", "coordinates": [ [ [ 18.318892589598224, 50.519394738542999 ], [ 18.282031324473188, 50.53266736972931 ], [ 18.281621413291514, 50.559652958606591 ], [ 18.318114627537721, 50.573366336733756 ], [ 18.354997715601563, 50.560082455283535 ], [ 18.355365765290845, 50.533096456989213 ], [ 18.318892589598224, 50.519394738542999 ] ] ] } },
{ "type": "Feature", "properties": { "hex_id": "regional-0497", "hex_level": "regional", "hex_edge_m": 3000, "line_count": 33, "line_length_m": 23135.6, "major_line_count": 0, "minor_line_count": 29, "cable_count": 4, "node_count": 227, "substation_count": 9, "transformer_count": 0, "generator_count": 3, "plant_count": 0, "support_count": 200, "switchgear_count": 15, "nearest_power_node_m": 35.7, "neighbor_ids": [ "regional-0481", "regional-0482", "regional-0496", "regional-0498", "regional-0510", "regional-0511" ], "has_infrastructure": true, "operational_status": "operational", "operational_status_note": "Infrastructure present; no failure simulation is active.", "connected_hex_ids": [ "regional-0481", "regional-0482", "regional-0496", "regional-0498", "regional-0510", "regional-0511" ], "connected_hex_count": 6, "confidence_score": 0.85, "confidence_label": "high", "data_quality_note": "OSM vector lines and power nodes in hex.", "source_mode": "osm_vector_derived", "kiut_role": "visual_reference_only", "infrastructure_score": 100.0 }, "geometry": { "type": "Polygon", "coordinates": [ [ [ 18.392206990110726, 50.519800541133996 ], [ 18.355365765290845, 50.533096456989213 ], [ 18.354997715601563, 50.560082455283535 ], [ 18.391512754539697, 50.573772914100701 ], [ 18.428375707983577, 50.560465724990202 ], [ 18.428701892803733, 50.533479361338358 ], [ 18.392206990110726, 50.519800541133996 ] ] ] } },
{ "type": "Feature", "properties": { "hex_id": "regional-0498", "hex_level": "regional", "hex_edge_m": 3000, "line_count": 2, "line_length_m": 3614.5, "major_line_count": 0, "minor_line_count": 1, "cable_count": 1, "node_count": 7, "substation_count": 1, "transformer_count": 0, "generator_count": 0, "plant_count": 0, "support_count": 6, "switchgear_count": 0, "nearest_power_node_m": 1565.2, "neighbor_ids": [ "regional-0482", "regional-0483", "regional-0497", "regional-0499", "regional-0511", "regional-0512" ], "has_infrastructure": true, "operational_status": "operational", "operational_status_note": "Infrastructure present; no failure simulation is active.", "connected_hex_ids": [ "regional-0482", "regional-0483", "regional-0497", "regional-0499", "regional-0511", "regional-0512" ], "connected_hex_count": 6, "confidence_score": 0.85, "confidence_label": "high", "data_quality_note": "OSM vector lines and power nodes in hex.", "source_mode": "osm_vector_derived", "kiut_role": "visual_reference_only", "infrastructure_score": 32.0 }, "geometry": { "type": "Polygon", "coordinates": [ [ [ 18.465522979818783, 50.520160181600318 ], [ 18.428701892803733, 50.533479361338358 ], [ 18.428375707983577, 50.560465724990202 ], [ 18.464912477106786, 50.574133241219378 ], [ 18.501755198225897, 50.560802765341819 ], [ 18.502039515184141, 50.533816080396385 ], [ 18.465522979818783, 50.520160181600318 ] ] ] } },
{ "type": "Feature", "properties": { "hex_id": "regional-0499", "hex_level": "regional", "hex_edge_m": 3000, "line_count": 13, "line_length_m": 10396.4, "major_line_count": 1, "minor_line_count": 9, "cable_count": 3, "node_count": 113, "substation_count": 3, "transformer_count": 0, "generator_count": 3, "plant_count": 0, "support_count": 102, "switchgear_count": 5, "nearest_power_node_m": 240.4, "neighbor_ids": [ "regional-0483", "regional-0484", "regional-0498", "regional-0500", "regional-0512", "regional-0513" ], "has_infrastructure": true, "operational_status": "operational", "operational_status_note": "Infrastructure present; no failure simulation is active.", "connected_hex_ids": [ "regional-0483", "regional-0484", "regional-0498", "regional-0500", "regional-0512", "regional-0513" ], "connected_hex_count": 6, "confidence_score": 0.85, "confidence_label": "high", "data_quality_note": "OSM vector lines and power nodes in hex.", "source_mode": "osm_vector_derived", "kiut_role": "visual_reference_only", "infrastructure_score": 100.0 }, "geometry": { "type": "Polygon", "coordinates": [ [ [ 18.538840367073547, 50.520473657707214 ], [ 18.502039515184141, 50.533816080396385 ], [ 18.501755198225897, 50.560802765341819 ], [ 18.538313602822164, 50.574447315846719 ], [ 18.575135994092122, 50.561093574241212 ], [ 18.575378440579687, 50.534106612070012 ], [ 18.538840367073547, 50.520473657707214 ] ] ] } },
{ "type": "Feature", "properties": { "hex_id": "regional-0500", "hex_level": "regional", "hex_edge_m": 3000, "line_count": 18, "line_length_m": 23605.6, "major_line_count": 2, "minor_line_count": 8, "cable_count": 8, "node_count": 106, "substation_count": 9, "transformer_count": 0, "generator_count": 0, "plant_count": 0, "support_count": 94, "switchgear_count": 3, "nearest_power_node_m": 470.5, "neighbor_ids": [ "regional-0484", "regional-0485", "regional-0499", "regional-0501", "regional-0513", "regional-0514" ], "has_infrastructure": true, "operational_status": "operational", "operational_status_note": "Infrastructure present; no failure simulation is active.", "connected_hex_ids": [ "regional-0484", "regional-0485", "regional-0499", "regional-0501", "regional-0513", "regional-0514" ], "connected_hex_count": 6, "confidence_score": 0.85, "confidence_label": "high", "data_quality_note": "OSM vector lines and power nodes in hex.", "source_mode": "osm_vector_derived", "kiut_role": "visual_reference_only", "infrastructure_score": 100.0 }, "geometry": { "type": "Polygon", "coordinates": [ [ [ 18.612158960203118, 50.520740967506697 ], [ 18.575378440579687, 50.534106612070012 ], [ 18.575135994092125, 50.561093574241212 ], [ 18.611715939245812, 50.574715136027528 ], [ 18.648517903324265, 50.561338149878793 ], [ 18.648718477116475, 50.534350954552984 ], [ 18.612158960203118, 50.520740967506697 ] ] ] } },
{ "type": "Feature", "properties": { "hex_id": "regional-0501", "hex_level": "regional", "hex_edge_m": 3000, "line_count": 22, "line_length_m": 14069.0, "major_line_count": 0, "minor_line_count": 18, "cable_count": 4, "node_count": 133, "substation_count": 7, "transformer_count": 0, "generator_count": 0, "plant_count": 0, "support_count": 117, "switchgear_count": 9, "nearest_power_node_m": 1085.3, "neighbor_ids": [ "regional-0485", "regional-0486", "regional-0500", "regional-0502", "regional-0514", "regional-0515" ], "has_infrastructure": true, "operational_status": "operational", "operational_status_note": "Infrastructure present; no failure simulation is active.", "connected_hex_ids": [ "regional-0485", "regional-0486", "regional-0500", "regional-0502", "regional-0514", "regional-0515" ], "connected_hex_count": 6, "confidence_score": 0.85, "confidence_label": "high", "data_quality_note": "OSM vector lines and power nodes in hex.", "source_mode": "osm_vector_derived", "kiut_role": "visual_reference_only", "infrastructure_score": 100.0 }, "geometry": { "type": "Polygon", "coordinates": [ [ [ 18.685478567515709, 50.520962109337638 ], [ 18.648718477116475, 50.534350954552984 ], [ 18.648517903324265, 50.561338149878793 ], [ 18.685119293917687, 50.574936700094504 ], [ 18.721900733645935, 50.561536490732657 ], [ 18.722059432902274, 50.534549106326182 ], [ 18.685478567515709, 50.520962109337638 ] ] ] } },
{ "type": "Feature", "properties": { "hex_id": "regional-0502", "hex_level": "regional", "hex_edge_m": 3000, "line_count": 6, "line_length_m": 3110.9, "major_line_count": 0, "minor_line_count": 5, "cable_count": 1, "node_count": 54, "substation_count": 1, "transformer_count": 0, "generator_count": 0, "plant_count": 0, "support_count": 53, "switchgear_count": 0, "nearest_power_node_m": 2002.6, "neighbor_ids": [ "regional-0486", "regional-0487", "regional-0501", "regional-0503", "regional-0515", "regional-0516" ], "has_infrastructure": true, "operational_status": "operational", "operational_status_note": "Infrastructure present; no failure simulation is active.", "connected_hex_ids": [ "regional-0486", "regional-0487", "regional-0501", "regional-0503", "regional-0515", "regional-0516" ], "connected_hex_count": 6, "confidence_score": 0.85, "confidence_label": "high", "data_quality_note": "OSM vector lines and power nodes in hex.", "source_mode": "osm_vector_derived", "kiut_role": "visual_reference_only", "infrastructure_score": 35.5 }, "geometry": { "type": "Polygon", "coordinates": [ [ [ 18.758798997302801, 50.521137081825778 ], [ 18.722059432902274, 50.534549106326182 ], [ 18.721900733645935, 50.561536490732657 ], [ 18.758523474360889, 50.57511200666827 ], [ 18.795284292765505, 50.561688595568519 ], [ 18.79540111602968, 50.534701066157673 ], [ 18.758798997302801, 50.521137081825778 ] ] ] } },
{ "type": "Feature", "properties": { "hex_id": "regional-0503", "hex_level": "regional", "hex_edge_m": 3000, "line_count": 2, "line_length_m": 1696.5, "major_line_count": 0, "minor_line_count": 1, "cable_count": 1, "node_count": 21, "substation_count": 1, "transformer_count": 0, "generator_count": 0, "plant_count": 0, "support_count": 20, "switchgear_count": 0, "nearest_power_node_m": 1502.7, "neighbor_ids": [ "regional-0487", "regional-0488", "regional-0502", "regional-0504", "regional-0516", "regional-0517" ], "has_infrastructure": true, "operational_status": "operational", "operational_status_note": "Infrastructure present; no failure simulation is active.", "connected_hex_ids": [ "regional-0487", "regional-0488", "regional-0502", "regional-0504", "regional-0516", "regional-0517" ], "connected_hex_count": 6, "confidence_score": 0.85, "confidence_label": "high", "data_quality_note": "OSM vector lines and power nodes in hex.", "source_mode": "osm_vector_derived", "kiut_role": "visual_reference_only", "infrastructure_score": 29.9 }, "geometry": { "type": "Polygon", "coordinates": [ [ [ 18.83212005784231, 50.521265883883743 ], [ 18.795401116029684, 50.534701066157673 ], [ 18.795284292765508, 50.561688595568519 ], [ 18.831928288084871, 50.575241054657411 ], [ 18.868668388379323, 50.561794463439846 ], [ 18.868743334579282, 50.534806833102635 ], [ 18.83212005784231, 50.521265883883743 ] ] ] } },
{ "type": "Feature", "properties": { "hex_id": "regional-0504", "hex_level": "regional", "hex_edge_m": 3000, "line_count": 12, "line_length_m": 16520.9, "major_line_count": 3, "minor_line_count": 9, "cable_count": 0, "node_count": 138, "substation_count": 1, "transformer_count": 1, "generator_count": 0, "plant_count": 1, "support_count": 135, "switchgear_count": 0, "nearest_power_node_m": 56.3, "neighbor_ids": [ "regional-0488", "regional-0489", "regional-0503", "regional-0505", "regional-0517", "regional-0518" ], "has_infrastructure": true, "operational_status": "operational", "operational_status_note": "Infrastructure present; no failure simulation is active.", "connected_hex_ids": [ "regional-0488", "regional-0489", "regional-0503", "regional-0505", "regional-0517", "regional-0518" ], "connected_hex_count": 6, "confidence_score": 0.85, "confidence_label": "high", "data_quality_note": "OSM vector lines and power nodes in hex.", "source_mode": "osm_vector_derived", "kiut_role": "visual_reference_only", "infrastructure_score": 80.4 }, "geometry": { "type": "Polygon", "coordinates": [ [ [ 18.905441557401744, 50.52134851471105 ], [ 18.868743334579285, 50.534806833102635 ], [ 18.868668388379323, 50.561794463439846 ], [ 18.9053335425886, 50.575323843258509 ], [ 18.942052828174841, 50.561854093687828 ], [ 18.942085896622821, 50.534866406503475 ], [ 18.905441557401744, 50.52134851471105 ] ] ] } },
{ "type": "Feature", "properties": { "hex_id": "regional-0505", "hex_level": "regional", "hex_edge_m": 3000, "line_count": 20, "line_length_m": 17689.6, "major_line_count": 6, "minor_line_count": 12, "cable_count": 2, "node_count": 116, "substation_count": 3, "transformer_count": 0, "generator_count": 0, "plant_count": 0, "support_count": 107, "switchgear_count": 6, "nearest_power_node_m": 336.9, "neighbor_ids": [ "regional-0489", "regional-0490", "regional-0504", "regional-0506", "regional-0518" ], "has_infrastructure": true, "operational_status": "operational", "operational_status_note": "Infrastructure present; no failure simulation is active.", "connected_hex_ids": [ "regional-0489", "regional-0490", "regional-0504", "regional-0506", "regional-0518" ], "connected_hex_count": 5, "confidence_score": 0.85, "confidence_label": "high", "data_quality_note": "OSM vector lines and power nodes in hex.", "source_mode": "osm_vector_derived", "kiut_role": "visual_reference_only", "infrastructure_score": 100.0 }, "geometry": { "type": "Polygon", "coordinates": [ [ [ 19.015428610226376, 50.534879785989787 ], [ 18.978763304241369, 50.521384973794177 ], [ 18.942085896622821, 50.534866406503475 ], [ 18.942052828174841, 50.561854093687828 ], [ 18.964668059763284, 50.570182325970123 ], [ 19.012659177547768, 50.551865984443367 ], [ 19.015433725266256, 50.550554441240394 ], [ 19.015428610226376, 50.534879785989787 ] ] ] } },
{ "type": "Feature", "properties": { "hex_id": "regional-0506", "hex_level": "regional", "hex_edge_m": 3000, "line_count": 6, "line_length_m": 2803.4, "major_line_count": 0, "minor_line_count": 4, "cable_count": 2, "node_count": 39, "substation_count": 0, "transformer_count": 0, "generator_count": 0, "plant_count": 0, "support_count": 39, "switchgear_count": 0, "nearest_power_node_m": 299.3, "neighbor_ids": [ "regional-0490", "regional-0491", "regional-0505" ], "has_infrastructure": true, "operational_status": "operational", "operational_status_note": "Infrastructure present; no failure simulation is active.", "connected_hex_ids": [ "regional-0490", "regional-0491", "regional-0505" ], "connected_hex_count": 3, "confidence_score": 0.62, "confidence_label": "medium", "data_quality_note": "OSM vector feature present; topology is inferred.", "source_mode": "osm_vector_derived", "kiut_role": "visual_reference_only", "infrastructure_score": 13.1 }, "geometry": { "type": "Polygon", "coordinates": [ [ [ 19.052085106617369, 50.521375260906538 ], [ 19.015428610226376, 50.534879785989787 ], [ 19.015433725266256, 50.550554441240394 ], [ 19.06616627231298, 50.52654835316271 ], [ 19.052085106617369, 50.521375260906538 ] ] ] } },
{ "type": "Feature", "properties": { "hex_id": "regional-0507", "hex_level": "regional", "hex_edge_m": 3000, "line_count": 12, "line_length_m": 5834.6, "major_line_count": 0, "minor_line_count": 7, "cable_count": 5, "node_count": 45, "substation_count": 2, "transformer_count": 0, "generator_count": 0, "plant_count": 0, "support_count": 43, "switchgear_count": 0, "nearest_power_node_m": 161.2, "neighbor_ids": [ "regional-0493", "regional-0494", "regional-0508" ], "has_infrastructure": true, "operational_status": "operational", "operational_status_note": "Infrastructure present; no failure simulation is active.", "connected_hex_ids": [ "regional-0493", "regional-0494", "regional-0508" ], "connected_hex_count": 3, "confidence_score": 0.85, "confidence_label": "high", "data_quality_note": "OSM vector lines and power nodes in hex.", "source_mode": "osm_vector_derived", "kiut_role": "visual_reference_only", "infrastructure_score": 49.5 }, "geometry": { "type": "Polygon", "coordinates": [ [ [ 18.171323929761211, 50.572414441666247 ], [ 18.134874647591076, 50.558655295318424 ], [ 18.115639290834736, 50.565537845202265 ], [ 18.142176714625599, 50.575939256367349 ], [ 18.171104656691064, 50.584908493350383 ], [ 18.171323929761211, 50.572414441666247 ] ] ] } },
{ "type": "Feature", "properties": { "hex_id": "regional-0508", "hex_level": "regional", "hex_edge_m": 3000, "line_count": 16, "line_length_m": 23022.7, "major_line_count": 2, "minor_line_count": 13, "cable_count": 1, "node_count": 161, "substation_count": 3, "transformer_count": 0, "generator_count": 0, "plant_count": 0, "support_count": 154, "switchgear_count": 4, "nearest_power_node_m": 481.3, "neighbor_ids": [ "regional-0494", "regional-0495", "regional-0507", "regional-0509", "regional-0519" ], "has_infrastructure": true, "operational_status": "operational", "operational_status_note": "Infrastructure present; no failure simulation is active.", "connected_hex_ids": [ "regional-0494", "regional-0495", "regional-0507", "regional-0509", "regional-0519" ], "connected_hex_count": 5, "confidence_score": 0.85, "confidence_label": "high", "data_quality_note": "OSM vector lines and power nodes in hex.", "source_mode": "osm_vector_derived", "kiut_role": "visual_reference_only", "infrastructure_score": 100.0 }, "geometry": { "type": "Polygon", "coordinates": [ [ [ 18.244286458284588, 50.599898686698097 ], [ 18.244718288491274, 50.572913511649404 ], [ 18.20824699323715, 50.559177237631637 ], [ 18.171323929761215, 50.572414441666247 ], [ 18.171104656691064, 50.584908493350383 ], [ 18.216989525954155, 50.599113625140035 ], [ 18.234798151410935, 50.603303012808219 ], [ 18.244286458284588, 50.599898686698097 ] ] ] } },
{ "type": "Feature", "properties": { "hex_id": "regional-0509", "hex_level": "regional", "hex_edge_m": 3000, "line_count": 13, "line_length_m": 10804.6, "major_line_count": 0, "minor_line_count": 13, "cable_count": 0, "node_count": 110, "substation_count": 2, "transformer_count": 0, "generator_count": 0, "plant_count": 0, "support_count": 105, "switchgear_count": 3, "nearest_power_node_m": 1572.9, "neighbor_ids": [ "regional-0495", "regional-0496", "regional-0508", "regional-0510", "regional-0519", "regional-0520" ], "has_infrastructure": true, "operational_status": "operational", "operational_status_note": "Infrastructure present; no failure simulation is active.", "connected_hex_ids": [ "regional-0495", "regional-0496", "regional-0508", "regional-0510", "regional-0519" ], "connected_hex_count": 5, "confidence_score": 0.85, "confidence_label": "high", "data_quality_note": "OSM vector lines and power nodes in hex.", "source_mode": "osm_vector_derived", "kiut_role": "visual_reference_only", "infrastructure_score": 74.0 }, "geometry": { "type": "Polygon", "coordinates": [ [ [ 18.281621413291514, 50.559652958606591 ], [ 18.244718288491274, 50.572913511649404 ], [ 18.244286458284588, 50.599898686698097 ], [ 18.280799707412054, 50.613623751922525 ], [ 18.317724753123656, 50.60035194396378 ], [ 18.318114627537721, 50.573366336733756 ], [ 18.281621413291514, 50.559652958606591 ] ] ] } },
{ "type": "Feature", "properties": { "hex_id": "regional-0510", "hex_level": "regional", "hex_edge_m": 3000, "line_count": 8, "line_length_m": 9881.1, "major_line_count": 0, "minor_line_count": 8, "cable_count": 0, "node_count": 80, "substation_count": 1, "transformer_count": 0, "generator_count": 0, "plant_count": 0, "support_count": 78, "switchgear_count": 1, "nearest_power_node_m": 498.1, "neighbor_ids": [ "regional-0496", "regional-0497", "regional-0509", "regional-0511", "regional-0520", "regional-0521" ], "has_infrastructure": true, "operational_status": "operational", "operational_status_note": "Infrastructure present; no failure simulation is active.", "connected_hex_ids": [ "regional-0496", "regional-0497", "regional-0509", "regional-0511", "regional-0521" ], "connected_hex_count": 5, "confidence_score": 0.85, "confidence_label": "high", "data_quality_note": "OSM vector lines and power nodes in hex.", "source_mode": "osm_vector_derived", "kiut_role": "visual_reference_only", "infrastructure_score": 47.0 }, "geometry": { "type": "Polygon", "coordinates": [ [ [ 18.354997715601563, 50.560082455283535 ], [ 18.318114627537721, 50.573366336733756 ], [ 18.317724753123656, 50.60035194396378 ], [ 18.354259925019257, 50.614054068831322 ], [ 18.391164839501691, 50.600758909379778 ], [ 18.391512754539697, 50.573772914100701 ], [ 18.354997715601563, 50.560082455283535 ] ] ] } },
{ "type": "Feature", "properties": { "hex_id": "regional-0511", "hex_level": "regional", "hex_edge_m": 3000, "line_count": 2, "line_length_m": 5927.0, "major_line_count": 0, "minor_line_count": 2, "cable_count": 0, "node_count": 32, "substation_count": 0, "transformer_count": 0, "generator_count": 0, "plant_count": 0, "support_count": 32, "switchgear_count": 0, "nearest_power_node_m": 109.4, "neighbor_ids": [ "regional-0497", "regional-0498", "regional-0510", "regional-0512", "regional-0521", "regional-0522" ], "has_infrastructure": true, "operational_status": "operational", "operational_status_note": "Infrastructure present; no failure simulation is active.", "connected_hex_ids": [ "regional-0497", "regional-0498", "regional-0510", "regional-0512", "regional-0521", "regional-0522" ], "connected_hex_count": 6, "confidence_score": 0.62, "confidence_label": "medium", "data_quality_note": "OSM vector feature present; topology is inferred.", "source_mode": "osm_vector_derived", "kiut_role": "visual_reference_only", "infrastructure_score": 20.6 }, "geometry": { "type": "Polygon", "coordinates": [ [ [ 18.428375707983577, 50.560465724990202 ], [ 18.391512754539697, 50.573772914100701 ], [ 18.391164839501691, 50.600758909379778 ], [ 18.427721839479847, 50.614438070500455 ], [ 18.46460652464279, 50.601119580410533 ], [ 18.464912477106786, 50.574133241219378 ], [ 18.428375707983577, 50.560465724990202 ] ] ] } },
{ "type": "Feature", "properties": { "hex_id": "regional-0512", "hex_level": "regional", "hex_edge_m": 3000, "line_count": 25, "line_length_m": 17678.3, "major_line_count": 1, "minor_line_count": 16, "cable_count": 8, "node_count": 716, "substation_count": 10, "transformer_count": 1, "generator_count": 0, "plant_count": 4, "support_count": 698, "switchgear_count": 3, "nearest_power_node_m": 5.1, "neighbor_ids": [ "regional-0498", "regional-0499", "regional-0511", "regional-0513", "regional-0522", "regional-0523" ], "has_infrastructure": true, "operational_status": "operational", "operational_status_note": "Infrastructure present; no failure simulation is active.", "connected_hex_ids": [ "regional-0498", "regional-0499", "regional-0511", "regional-0513", "regional-0522", "regional-0523" ], "connected_hex_count": 6, "confidence_score": 0.85, "confidence_label": "high", "data_quality_note": "OSM vector lines and power nodes in hex.", "source_mode": "osm_vector_derived", "kiut_role": "visual_reference_only", "infrastructure_score": 100.0 }, "geometry": { "type": "Polygon", "coordinates": [ [ [ 18.501755198225897, 50.560802765341819 ], [ 18.464912477106786, 50.574133241219378 ], [ 18.46460652464279, 50.601119580410533 ], [ 18.501185257811116, 50.614775754536261 ], [ 18.538049615744566, 50.601433954808819 ], [ 18.538313602822164, 50.574447315846719 ], [ 18.501755198225897, 50.560802765341819 ] ] ] } },
{ "type": "Feature", "properties": { "hex_id": "regional-0513", "hex_level": "regional", "hex_edge_m": 3000, "line_count": 4, "line_length_m": 8697.6, "major_line_count": 0, "minor_line_count": 2, "cable_count": 2, "node_count": 18, "substation_count": 0, "transformer_count": 0, "generator_count": 0, "plant_count": 0, "support_count": 18, "switchgear_count": 0, "nearest_power_node_m": 2173.0, "neighbor_ids": [ "regional-0499", "regional-0500", "regional-0512", "regional-0514", "regional-0523", "regional-0524" ], "has_infrastructure": true, "operational_status": "operational", "operational_status_note": "Infrastructure present; no failure simulation is active.", "connected_hex_ids": [ "regional-0499", "regional-0500", "regional-0512", "regional-0514", "regional-0523", "regional-0524" ], "connected_hex_count": 6, "confidence_score": 0.62, "confidence_label": "medium", "data_quality_note": "OSM vector feature present; topology is inferred.", "source_mode": "osm_vector_derived", "kiut_role": "visual_reference_only", "infrastructure_score": 23.7 }, "geometry": { "type": "Polygon", "coordinates": [ [ [ 18.575135994092125, 50.561093574241212 ], [ 18.538313602822164, 50.574447315846719 ], [ 18.538049615744566, 50.601433954808819 ], [ 18.574649987005436, 50.615067118833807 ], [ 18.611493919981349, 50.601702030615819 ], [ 18.611715939245812, 50.574715136027528 ], [ 18.575135994092125, 50.561093574241212 ] ] ] } },
{ "type": "Feature", "properties": { "hex_id": "regional-0514", "hex_level": "regional", "hex_edge_m": 3000, "line_count": 14, "line_length_m": 12086.6, "major_line_count": 2, "minor_line_count": 5, "cable_count": 7, "node_count": 84, "substation_count": 11, "transformer_count": 0, "generator_count": 0, "plant_count": 0, "support_count": 72, "switchgear_count": 1, "nearest_power_node_m": 1196.0, "neighbor_ids": [ "regional-0500", "regional-0501", "regional-0513", "regional-0515", "regional-0524", "regional-0525" ], "has_infrastructure": true, "operational_status": "operational", "operational_status_note": "Infrastructure present; no failure simulation is active.", "connected_hex_ids": [ "regional-0500", "regional-0501", "regional-0513", "regional-0515", "regional-0524" ], "connected_hex_count": 5, "confidence_score": 0.85, "confidence_label": "high", "data_quality_note": "OSM vector lines and power nodes in hex.", "source_mode": "osm_vector_derived", "kiut_role": "visual_reference_only", "infrastructure_score": 100.0 }, "geometry": { "type": "Polygon", "coordinates": [ [ [ 18.648517903324265, 50.561338149878793 ], [ 18.611715939245816, 50.574715136027528 ], [ 18.611493919981349, 50.601702030615819 ], [ 18.648115834033433, 50.615312161576746 ], [ 18.684939244507365, 50.601923806161125 ], [ 18.685119293917687, 50.574936700094504 ], [ 18.648517903324265, 50.561338149878793 ] ] ] } },
{ "type": "Feature", "properties": { "hex_id": "regional-0515", "hex_level": "regional", "hex_edge_m": 3000, "line_count": 2, "line_length_m": 3766.9, "major_line_count": 0, "minor_line_count": 2, "cable_count": 0, "node_count": 38, "substation_count": 0, "transformer_count": 0, "generator_count": 0, "plant_count": 0, "support_count": 38, "switchgear_count": 0, "nearest_power_node_m": 1088.3, "neighbor_ids": [ "regional-0501", "regional-0502", "regional-0514", "regional-0516", "regional-0525", "regional-0526" ], "has_infrastructure": true, "operational_status": "operational", "operational_status_note": "Infrastructure present; no failure simulation is active.", "connected_hex_ids": [ "regional-0501", "regional-0502", "regional-0514", "regional-0516" ], "connected_hex_count": 4, "confidence_score": 0.62, "confidence_label": "medium", "data_quality_note": "OSM vector feature present; topology is inferred.", "source_mode": "osm_vector_derived", "kiut_role": "visual_reference_only", "infrastructure_score": 14.2 }, "geometry": { "type": "Polygon", "coordinates": [ [ [ 18.721900733645935, 50.561536490732657 ], [ 18.685119293917687, 50.574936700094504 ], [ 18.684939244507365, 50.601923806161125 ], [ 18.721582605847228, 50.615510881237547 ], [ 18.75838539645995, 50.602099280062802 ], [ 18.758523474360889, 50.57511200666827 ], [ 18.721900733645935, 50.561536490732657 ] ] ] } },
{ "type": "Feature", "properties": { "hex_id": "regional-0516", "hex_level": "regional", "hex_edge_m": 3000, "line_count": 4, "line_length_m": 5308.5, "major_line_count": 0, "minor_line_count": 4, "cable_count": 0, "node_count": 50, "substation_count": 0, "transformer_count": 0, "generator_count": 0, "plant_count": 0, "support_count": 50, "switchgear_count": 0, "nearest_power_node_m": 1147.1, "neighbor_ids": [ "regional-0502", "regional-0503", "regional-0515", "regional-0517", "regional-0526", "regional-0527" ], "has_infrastructure": true, "operational_status": "operational", "operational_status_note": "Infrastructure present; no failure simulation is active.", "connected_hex_ids": [ "regional-0502", "regional-0503", "regional-0515", "regional-0517", "regional-0527" ], "connected_hex_count": 5, "confidence_score": 0.62, "confidence_label": "medium", "data_quality_note": "OSM vector feature present; topology is inferred.", "source_mode": "osm_vector_derived", "kiut_role": "visual_reference_only", "infrastructure_score": 19.9 }, "geometry": { "type": "Polygon", "coordinates": [ [ [ 18.795284292765508, 50.561688595568519 ], [ 18.758523474360889, 50.57511200666827 ], [ 18.758385396459953, 50.602099280062802 ], [ 18.795050109383592, 50.61566327657733 ], [ 18.831832182962724, 50.602228451227418 ], [ 18.831928288084871, 50.575241054657411 ], [ 18.795284292765508, 50.561688595568519 ] ] ] } },
{ "type": "Feature", "properties": { "hex_id": "regional-0517", "hex_level": "regional", "hex_edge_m": 3000, "line_count": 12, "line_length_m": 8721.4, "major_line_count": 0, "minor_line_count": 9, "cable_count": 3, "node_count": 80, "substation_count": 1, "transformer_count": 0, "generator_count": 0, "plant_count": 0, "support_count": 79, "switchgear_count": 0, "nearest_power_node_m": 930.0, "neighbor_ids": [ "regional-0503", "regional-0504", "regional-0516", "regional-0518", "regional-0527" ], "has_infrastructure": true, "operational_status": "operational", "operational_status_note": "Infrastructure present; no failure simulation is active.", "connected_hex_ids": [ "regional-0503", "regional-0504", "regional-0516", "regional-0518", "regional-0527" ], "connected_hex_count": 5, "confidence_score": 0.85, "confidence_label": "high", "data_quality_note": "OSM vector lines and power nodes in hex.", "source_mode": "osm_vector_derived", "kiut_role": "visual_reference_only", "infrastructure_score": 43.7 }, "geometry": { "type": "Polygon", "coordinates": [ [ [ 18.9053335425886, 50.575323843258509 ], [ 18.868668388379323, 50.561794463439846 ], [ 18.831928288084871, 50.575241054657411 ], [ 18.831832182962724, 50.602228451227418 ], [ 18.843892768072681, 50.606682182030639 ], [ 18.866049470839496, 50.60166804676745 ], [ 18.905304320915935, 50.589897580960162 ], [ 18.9053335425886, 50.575323843258509 ] ] ] } },
{ "type": "Feature", "properties": { "hex_id": "regional-0518", "hex_level": "regional", "hex_edge_m": 3000, "line_count": 4, "line_length_m": 5366.6, "major_line_count": 0, "minor_line_count": 2, "cable_count": 2, "node_count": 18, "substation_count": 0, "transformer_count": 0, "generator_count": 0, "plant_count": 0, "support_count": 18, "switchgear_count": 0, "nearest_power_node_m": 35.5, "neighbor_ids": [ "regional-0504", "regional-0505", "regional-0517" ], "has_infrastructure": true, "operational_status": "operational", "operational_status_note": "Infrastructure present; no failure simulation is active.", "connected_hex_ids": [ "regional-0504", "regional-0505", "regional-0517" ], "connected_hex_count": 3, "confidence_score": 0.62, "confidence_label": "medium", "data_quality_note": "OSM vector feature present; topology is inferred.", "source_mode": "osm_vector_derived", "kiut_role": "visual_reference_only", "infrastructure_score": 14.0 }, "geometry": { "type": "Polygon", "coordinates": [ [ [ 18.942052828174841, 50.561854093687828 ], [ 18.9053335425886, 50.575323843258509 ], [ 18.905304320915935, 50.589897580960162 ], [ 18.941314170835458, 50.579083290558017 ], [ 18.964668059763284, 50.570182325970123 ], [ 18.942052828174841, 50.561854093687828 ] ] ] } },
{ "type": "Feature", "properties": { "hex_id": "regional-0519", "hex_level": "regional", "hex_edge_m": 3000, "line_count": 3, "line_length_m": 712.1, "major_line_count": 0, "minor_line_count": 3, "cable_count": 0, "node_count": 10, "substation_count": 1, "transformer_count": 0, "generator_count": 0, "plant_count": 0, "support_count": 8, "switchgear_count": 1, "nearest_power_node_m": 814.8, "neighbor_ids": [ "regional-0508", "regional-0509", "regional-0520" ], "has_infrastructure": true, "operational_status": "operational", "operational_status_note": "Infrastructure present; no failure simulation is active.", "connected_hex_ids": [ "regional-0508", "regional-0509" ], "connected_hex_count": 2, "confidence_score": 0.85, "confidence_label": "high", "data_quality_note": "OSM vector lines and power nodes in hex.", "source_mode": "osm_vector_derived", "kiut_role": "visual_reference_only", "infrastructure_score": 25.8 }, "geometry": { "type": "Polygon", "coordinates": [ [ [ 18.280799707412051, 50.613623751922525 ], [ 18.244286458284588, 50.599898686698097 ], [ 18.234798151410935, 50.603303012808219 ], [ 18.280792340069457, 50.614106900559968 ], [ 18.280799707412051, 50.613623751922525 ] ] ] } },
{ "type": "Feature", "properties": { "hex_id": "regional-0520", "hex_level": "regional", "hex_edge_m": 3000, "line_count": 0, "line_length_m": 0.0, "major_line_count": 0, "minor_line_count": 0, "cable_count": 0, "node_count": 0, "substation_count": 0, "transformer_count": 0, "generator_count": 0, "plant_count": 0, "support_count": 0, "switchgear_count": 0, "nearest_power_node_m": 1566.3, "neighbor_ids": [ "regional-0509", "regional-0510", "regional-0519", "regional-0521" ], "has_infrastructure": false, "operational_status": "empty", "operational_status_note": "No OSM power infrastructure in this hex.", "connected_hex_ids": [ "regional-0509", "regional-0510", "regional-0519", "regional-0521" ], "connected_hex_count": 4, "confidence_score": 0.35, "confidence_label": "low", "data_quality_note": "Nearby OSM feature only; KIUT may be used as visual reference.", "source_mode": "osm_vector_derived", "kiut_role": "visual_reference_only", "infrastructure_score": 0.0 }, "geometry": { "type": "Polygon", "coordinates": [ [ [ 18.354259925019253, 50.614054068831322 ], [ 18.317724753123656, 50.60035194396378 ], [ 18.280799707412054, 50.613623751922525 ], [ 18.280792340069457, 50.614106900559968 ], [ 18.295074688497468, 50.617457084111599 ], [ 18.354079552472232, 50.627223694179833 ], [ 18.354259925019253, 50.614054068831322 ] ] ] } },
{ "type": "Feature", "properties": { "hex_id": "regional-0521", "hex_level": "regional", "hex_edge_m": 3000, "line_count": 4, "line_length_m": 3867.9, "major_line_count": 1, "minor_line_count": 2, "cable_count": 1, "node_count": 22, "substation_count": 0, "transformer_count": 0, "generator_count": 0, "plant_count": 0, "support_count": 22, "switchgear_count": 0, "nearest_power_node_m": 1246.0, "neighbor_ids": [ "regional-0510", "regional-0511", "regional-0520", "regional-0522" ], "has_infrastructure": true, "operational_status": "operational", "operational_status_note": "Infrastructure present; no failure simulation is active.", "connected_hex_ids": [ "regional-0510", "regional-0511", "regional-0522" ], "connected_hex_count": 3, "confidence_score": 0.62, "confidence_label": "medium", "data_quality_note": "OSM vector feature present; topology is inferred.", "source_mode": "osm_vector_derived", "kiut_role": "visual_reference_only", "infrastructure_score": 14.3 }, "geometry": { "type": "Polygon", "coordinates": [ [ [ 18.427721839479847, 50.614438070500455 ], [ 18.391164839501691, 50.600758909379778 ], [ 18.354259925019257, 50.614054068831322 ], [ 18.354079552472232, 50.627223694179833 ], [ 18.375659365746333, 50.63078716777536 ], [ 18.427460708412138, 50.635946416751246 ], [ 18.427721839479847, 50.614438070500455 ] ] ] } },
{ "type": "Feature", "properties": { "hex_id": "regional-0522", "hex_level": "regional", "hex_edge_m": 3000, "line_count": 21, "line_length_m": 15354.9, "major_line_count": 19, "minor_line_count": 1, "cable_count": 1, "node_count": 125, "substation_count": 10, "transformer_count": 0, "generator_count": 0, "plant_count": 0, "support_count": 115, "switchgear_count": 0, "nearest_power_node_m": 519.9, "neighbor_ids": [ "regional-0511", "regional-0512", "regional-0521", "regional-0523" ], "has_infrastructure": true, "operational_status": "operational", "operational_status_note": "Infrastructure present; no failure simulation is active.", "connected_hex_ids": [ "regional-0511", "regional-0512", "regional-0521", "regional-0523" ], "connected_hex_count": 4, "confidence_score": 0.85, "confidence_label": "high", "data_quality_note": "OSM vector lines and power nodes in hex.", "source_mode": "osm_vector_derived", "kiut_role": "visual_reference_only", "infrastructure_score": 100.0 }, "geometry": { "type": "Polygon", "coordinates": [ [ [ 18.501185257811116, 50.614775754536261 ], [ 18.46460652464279, 50.601119580410533 ], [ 18.427721839479847, 50.614438070500455 ], [ 18.427460708412141, 50.635946416751246 ], [ 18.45794342238031, 50.638971116196721 ], [ 18.500912936683736, 50.640505989577349 ], [ 18.501185257811116, 50.614775754536261 ] ] ] } },
{ "type": "Feature", "properties": { "hex_id": "regional-0523", "hex_level": "regional", "hex_edge_m": 3000, "line_count": 1, "line_length_m": 1545.2, "major_line_count": 1, "minor_line_count": 0, "cable_count": 0, "node_count": 6, "substation_count": 0, "transformer_count": 0, "generator_count": 0, "plant_count": 0, "support_count": 6, "switchgear_count": 0, "nearest_power_node_m": 2360.1, "neighbor_ids": [ "regional-0512", "regional-0513", "regional-0522", "regional-0524" ], "has_infrastructure": true, "operational_status": "operational", "operational_status_note": "Infrastructure present; no failure simulation is active.", "connected_hex_ids": [ "regional-0512", "regional-0513", "regional-0522", "regional-0524" ], "connected_hex_count": 4, "confidence_score": 0.62, "confidence_label": "medium", "data_quality_note": "OSM vector feature present; topology is inferred.", "source_mode": "osm_vector_derived", "kiut_role": "visual_reference_only", "infrastructure_score": 11.7 }, "geometry": { "type": "Polygon", "coordinates": [ [ [ 18.574649987005433, 50.615067118833807 ], [ 18.538049615744566, 50.601433954808819 ], [ 18.501185257811116, 50.614775754536261 ], [ 18.500912936683736, 50.640505989577349 ], [ 18.541108093367555, 50.641927333227507 ], [ 18.574415820029241, 50.641013494963794 ], [ 18.574649987005433, 50.615067118833807 ] ] ] } },
{ "type": "Feature", "properties": { "hex_id": "regional-0524", "hex_level": "regional", "hex_edge_m": 3000, "line_count": 3, "line_length_m": 1556.1, "major_line_count": 0, "minor_line_count": 2, "cable_count": 1, "node_count": 43, "substation_count": 0, "transformer_count": 1, "generator_count": 0, "plant_count": 0, "support_count": 42, "switchgear_count": 0, "nearest_power_node_m": 1372.0, "neighbor_ids": [ "regional-0513", "regional-0514", "regional-0523", "regional-0525" ], "has_infrastructure": true, "operational_status": "operational", "operational_status_note": "Infrastructure present; no failure simulation is active.", "connected_hex_ids": [ "regional-0513", "regional-0514", "regional-0523" ], "connected_hex_count": 3, "confidence_score": 0.85, "confidence_label": "high", "data_quality_note": "OSM vector lines and power nodes in hex.", "source_mode": "osm_vector_derived", "kiut_role": "visual_reference_only", "infrastructure_score": 17.7 }, "geometry": { "type": "Polygon", "coordinates": [ [ [ 18.648115834033433, 50.615312161576746 ], [ 18.611493919981349, 50.601702030615819 ], [ 18.574649987005436, 50.615067118833807 ], [ 18.574415820029241, 50.641013494963794 ], [ 18.62432492895946, 50.639626286451865 ], [ 18.647950393100771, 50.637473005031069 ], [ 18.648115834033433, 50.615312161576746 ] ] ] } },
{ "type": "Feature", "properties": { "hex_id": "regional-0525", "hex_level": "regional", "hex_edge_m": 3000, "line_count": 0, "line_length_m": 0.0, "major_line_count": 0, "minor_line_count": 0, "cable_count": 0, "node_count": 0, "substation_count": 0, "transformer_count": 0, "generator_count": 0, "plant_count": 0, "support_count": 0, "switchgear_count": 0, "nearest_power_node_m": 2237.1, "neighbor_ids": [ "regional-0514", "regional-0515", "regional-0524", "regional-0526" ], "has_infrastructure": false, "operational_status": "empty", "operational_status_note": "No OSM power infrastructure in this hex.", "connected_hex_ids": [ "regional-0514", "regional-0515", "regional-0524" ], "connected_hex_count": 3, "confidence_score": 0.35, "confidence_label": "low", "data_quality_note": "Nearby OSM feature only; KIUT may be used as visual reference.", "source_mode": "osm_vector_derived", "kiut_role": "visual_reference_only", "infrastructure_score": 0.0 }, "geometry": { "type": "Polygon", "coordinates": [ [ [ 18.721582605847228, 50.615510881237547 ], [ 18.684939244507365, 50.601923806161125 ], [ 18.648115834033433, 50.615312161576746 ], [ 18.647950393100775, 50.637473005031069 ], [ 18.70676488438146, 50.632090835155054 ], [ 18.721498328268741, 50.629781908150797 ], [ 18.721582605847228, 50.615510881237547 ] ] ] } },
{ "type": "Feature", "properties": { "hex_id": "regional-0526", "hex_level": "regional", "hex_edge_m": 3000, "line_count": 0, "line_length_m": 0.0, "major_line_count": 0, "minor_line_count": 0, "cable_count": 0, "node_count": 0, "substation_count": 0, "transformer_count": 0, "generator_count": 0, "plant_count": 0, "support_count": 0, "switchgear_count": 0, "nearest_power_node_m": 3537.3, "neighbor_ids": [ "regional-0515", "regional-0516", "regional-0525", "regional-0527" ], "has_infrastructure": false, "operational_status": "empty", "operational_status_note": "No OSM power infrastructure in this hex.", "connected_hex_ids": [ "regional-0515", "regional-0516", "regional-0527" ], "connected_hex_count": 3, "confidence_score": 0.35, "confidence_label": "low", "data_quality_note": "Nearby OSM feature only; KIUT may be used as visual reference.", "source_mode": "osm_vector_derived", "kiut_role": "visual_reference_only", "infrastructure_score": 0.0 }, "geometry": { "type": "Polygon", "coordinates": [ [ [ 18.795050109383592, 50.61566327657733 ], [ 18.75838539645995, 50.602099280062802 ], [ 18.721582605847228, 50.615510881237547 ], [ 18.721498328268741, 50.629781908150797 ], [ 18.787607419171341, 50.619395981236821 ], [ 18.795041176778696, 50.617718789235624 ], [ 18.795050109383592, 50.61566327657733 ] ] ] } },
{ "type": "Feature", "properties": { "hex_id": "regional-0527", "hex_level": "regional", "hex_edge_m": 3000, "line_count": 1, "line_length_m": 483.5, "major_line_count": 0, "minor_line_count": 1, "cable_count": 0, "node_count": 5, "substation_count": 0, "transformer_count": 0, "generator_count": 0, "plant_count": 0, "support_count": 5, "switchgear_count": 0, "nearest_power_node_m": 1180.6, "neighbor_ids": [ "regional-0516", "regional-0517", "regional-0526" ], "has_infrastructure": true, "operational_status": "operational", "operational_status_note": "Infrastructure present; no failure simulation is active.", "connected_hex_ids": [ "regional-0516", "regional-0517" ], "connected_hex_count": 2, "confidence_score": 0.62, "confidence_label": "medium", "data_quality_note": "OSM vector feature present; topology is inferred.", "source_mode": "osm_vector_derived", "kiut_role": "visual_reference_only", "infrastructure_score": 5.5 }, "geometry": { "type": "Polygon", "coordinates": [ [ [ 18.831832182962724, 50.602228451227418 ], [ 18.795050109383592, 50.61566327657733 ], [ 18.795041176778696, 50.617718789235624 ], [ 18.843892768072678, 50.606682182030639 ], [ 18.831832182962724, 50.602228451227418 ] ] ] } }
]
}
