{
  "type": "FeatureCollection",
  "metadata": {
    "cache_layout_version": "provider_cache/v1",
    "geojson_contract_version": "provider_geojson/v1",
    "aoi_id": "rybnik_35km",
    "domain": "emergency",
    "layer_id": "emergency.fire_service",
    "source": "OpenStreetMap",
    "source_type": "analytical_vector",
    "source_registry_id": "openstreetmap",
    "source_url": "https://overpass-api.de/api/interpreter",
    "source_query": "Overpass bounded snapshot: explicit amenity=hospital|fire_station|police|ambulance_station, healthcare=hospital and emergency=ambulance_station|mountain_rescue|lifeguard_base within the Rybnik 35 km AOI.",
    "snapshot_at": "2026-08-03T10:14:06Z",
    "pipeline_version": "geo_pipeline/emergency/v1",
    "query_version": "emergency-osm/v1",
    "validation_status_raw": "warning",
    "quality_status": "warning",
    "confidence": "medium",
    "limitations": [
      "OSM emergency and healthcare mapping completeness varies by area and facility type.",
      "The bounded committed snapshot is not a complete emergency-service registry or an operational-status statement.",
      "No qualified official hospital or ambulance/rescue facility registry is enabled for this provider AOI."
    ],
    "eligible_for_analysis": true,
    "readiness": "usable_with_limitations",
    "contract_version": "provider_geojson/v1",
    "feature_count": 329
  },
  "features": [
    {
      "type": "Feature",
      "properties": {
        "source": "OpenStreetMap",
        "source_id": "node/503884169",
        "domain": "emergency",
        "asset_type": "fire_service",
        "confidence": "medium",
        "missing_fields": [],
        "limitations": [
          "OSM emergency and healthcare mapping completeness varies by area and facility type.",
          "The bounded committed snapshot is not a complete emergency-service registry or an operational-status statement.",
          "No qualified official hospital or ambulance/rescue facility registry is enabled for this provider AOI."
        ],
        "eligible_for_analysis": true,
        "osm_tags": {
          "name": "SDH Rychvald",
          "amenity": "fire_station"
        }
      },
      "geometry": {
        "type": "Point",
        "coordinates": [
          18.3789672,
          49.86576209999998
        ]
      }
    },
    {
      "type": "Feature",
      "properties": {
        "source": "OpenStreetMap",
        "source_id": "node/540284528",
        "domain": "emergency",
        "asset_type": "fire_service",
        "confidence": "medium",
        "missing_fields": [],
        "limitations": [
          "OSM emergency and healthcare mapping completeness varies by area and facility type.",
          "The bounded committed snapshot is not a complete emergency-service registry or an operational-status statement.",
          "No qualified official hospital or ambulance/rescue facility registry is enabled for this provider AOI."
        ],
        "eligible_for_analysis": true,
        "osm_tags": {
          "name": "Ochotnicza Straż Pożarna Dzielnica",
          "amenity": "fire_station"
        }
      },
      "geometry": {
        "type": "Point",
        "coordinates": [
          18.2154098,
          50.22666439999999
        ]
      }
    },
    {
      "type": "Feature",
      "properties": {
        "source": "OpenStreetMap",
        "source_id": "node/565623337",
        "domain": "emergency",
        "asset_type": "fire_service",
        "confidence": "medium",
        "missing_fields": [],
        "limitations": [
          "OSM emergency and healthcare mapping completeness varies by area and facility type.",
          "The bounded committed snapshot is not a complete emergency-service registry or an operational-status statement.",
          "No qualified official hospital or ambulance/rescue facility registry is enabled for this provider AOI."
        ],
        "eligible_for_analysis": true,
        "osm_tags": {
          "name": "Ochotnicza Straż Pożarna Buków",
          "amenity": "fire_station"
        }
      },
      "geometry": {
        "type": "Point",
        "coordinates": [
          18.2888755,
          50.0001677
        ]
      }
    },
    {
      "type": "Feature",
      "properties": {
        "source": "OpenStreetMap",
        "source_id": "node/693125761",
        "domain": "emergency",
        "asset_type": "fire_service",
        "confidence": "medium",
        "missing_fields": [],
        "limitations": [
          "OSM emergency and healthcare mapping completeness varies by area and facility type.",
          "The bounded committed snapshot is not a complete emergency-service registry or an operational-status statement.",
          "No qualified official hospital or ambulance/rescue facility registry is enabled for this provider AOI."
        ],
        "eligible_for_analysis": true,
        "osm_tags": {
          "name": "Ochotnicza Straż Pożarna Połomia",
          "amenity": "fire_station"
        }
      },
      "geometry": {
        "type": "Point",
        "coordinates": [
          18.5578668,
          49.9881105
        ]
      }
    },
    {
      "type": "Feature",
      "properties": {
        "source": "OpenStreetMap",
        "source_id": "node/800936011",
        "domain": "emergency",
        "asset_type": "fire_service",
        "confidence": "medium",
        "missing_fields": [],
        "limitations": [
          "OSM emergency and healthcare mapping completeness varies by area and facility type.",
          "The bounded committed snapshot is not a complete emergency-service registry or an operational-status statement.",
          "No qualified official hospital or ambulance/rescue facility registry is enabled for this provider AOI."
        ],
        "eligible_for_analysis": true,
        "osm_tags": {
          "name": "Ochotnicza Straż Pożarna Raszczyce",
          "amenity": "fire_station"
        }
      },
      "geometry": {
        "type": "Point",
        "coordinates": [
          18.2955931,
          50.12238479999999
        ]
      }
    },
    {
      "type": "Feature",
      "properties": {
        "source": "OpenStreetMap",
        "source_id": "node/864026064",
        "domain": "emergency",
        "asset_type": "fire_service",
        "confidence": "medium",
        "missing_fields": [],
        "limitations": [
          "OSM emergency and healthcare mapping completeness varies by area and facility type.",
          "The bounded committed snapshot is not a complete emergency-service registry or an operational-status statement.",
          "No qualified official hospital or ambulance/rescue facility registry is enabled for this provider AOI."
        ],
        "eligible_for_analysis": true,
        "osm_tags": {
          "name": "Ochotnicza Straż Pożarna Polska Cerekiew",
          "website": "http://osppolskacerekiew.tnb.pl",
          "amenity": "fire_station",
          "phone": "+48 774 875 158"
        }
      },
      "geometry": {
        "type": "Point",
        "coordinates": [
          18.128409,
          50.2279438
        ]
      }
    },
    {
      "type": "Feature",
      "properties": {
        "source": "OpenStreetMap",
        "source_id": "node/1043565246",
        "domain": "emergency",
        "asset_type": "fire_service",
        "confidence": "medium",
        "missing_fields": [],
        "limitations": [
          "OSM emergency and healthcare mapping completeness varies by area and facility type.",
          "The bounded committed snapshot is not a complete emergency-service registry or an operational-status statement.",
          "No qualified official hospital or ambulance/rescue facility registry is enabled for this provider AOI."
        ],
        "eligible_for_analysis": true,
        "osm_tags": {
          "name": "HS Karviná",
          "amenity": "fire_station"
        }
      },
      "geometry": {
        "type": "Point",
        "coordinates": [
          18.532817,
          49.8542206
        ]
      }
    },
    {
      "type": "Feature",
      "properties": {
        "source": "OpenStreetMap",
        "source_id": "node/1152005301",
        "domain": "emergency",
        "asset_type": "fire_service",
        "confidence": "medium",
        "missing_fields": [],
        "limitations": [
          "OSM emergency and healthcare mapping completeness varies by area and facility type.",
          "The bounded committed snapshot is not a complete emergency-service registry or an operational-status statement.",
          "No qualified official hospital or ambulance/rescue facility registry is enabled for this provider AOI."
        ],
        "eligible_for_analysis": true,
        "osm_tags": {
          "name": "Ochotnicza Straż Pożarna w Siedliskach",
          "amenity": "fire_station"
        }
      },
      "geometry": {
        "type": "Point",
        "coordinates": [
          18.292194,
          50.19387350000001
        ]
      }
    },
    {
      "type": "Feature",
      "properties": {
        "source": "OpenStreetMap",
        "source_id": "node/1181540181",
        "domain": "emergency",
        "asset_type": "fire_service",
        "confidence": "medium",
        "missing_fields": [],
        "limitations": [
          "OSM emergency and healthcare mapping completeness varies by area and facility type.",
          "The bounded committed snapshot is not a complete emergency-service registry or an operational-status statement.",
          "No qualified official hospital or ambulance/rescue facility registry is enabled for this provider AOI."
        ],
        "eligible_for_analysis": true,
        "osm_tags": {
          "name": "Ochotnicza Straż Pożarna Jankowice",
          "amenity": "fire_station"
        }
      },
      "geometry": {
        "type": "Point",
        "coordinates": [
          18.3876084,
          50.16881209999999
        ]
      }
    },
    {
      "type": "Feature",
      "properties": {
        "source": "OpenStreetMap",
        "source_id": "node/1245667387",
        "domain": "emergency",
        "asset_type": "fire_service",
        "confidence": "medium",
        "missing_fields": [],
        "limitations": [
          "OSM emergency and healthcare mapping completeness varies by area and facility type.",
          "The bounded committed snapshot is not a complete emergency-service registry or an operational-status statement.",
          "No qualified official hospital or ambulance/rescue facility registry is enabled for this provider AOI."
        ],
        "eligible_for_analysis": true,
        "osm_tags": {
          "name": "Ochotnicza Straż Pożarna Zawada",
          "website": "http://www.zawada.osp.org.pl",
          "amenity": "fire_station"
        }
      },
      "geometry": {
        "type": "Point",
        "coordinates": [
          18.3769878,
          50.01371040000001
        ]
      }
    },
    {
      "type": "Feature",
      "properties": {
        "source": "OpenStreetMap",
        "source_id": "node/1377652870",
        "domain": "emergency",
        "asset_type": "fire_service",
        "confidence": "medium",
        "missing_fields": [],
        "limitations": [
          "OSM emergency and healthcare mapping completeness varies by area and facility type.",
          "The bounded committed snapshot is not a complete emergency-service registry or an operational-status statement.",
          "No qualified official hospital or ambulance/rescue facility registry is enabled for this provider AOI."
        ],
        "eligible_for_analysis": true,
        "osm_tags": {
          "name": "Ochotnicza Straż Pożarna Gorzyce",
          "amenity": "fire_station"
        }
      },
      "geometry": {
        "type": "Point",
        "coordinates": [
          18.4031168,
          49.9583183
        ]
      }
    },
    {
      "type": "Feature",
      "properties": {
        "source": "OpenStreetMap",
        "source_id": "node/1383123585",
        "domain": "emergency",
        "asset_type": "fire_service",
        "confidence": "medium",
        "missing_fields": [],
        "limitations": [
          "OSM emergency and healthcare mapping completeness varies by area and facility type.",
          "The bounded committed snapshot is not a complete emergency-service registry or an operational-status statement.",
          "No qualified official hospital or ambulance/rescue facility registry is enabled for this provider AOI."
        ],
        "eligible_for_analysis": true,
        "osm_tags": {
          "name": "Ochotnicza Straż Pożarna Gorzyczki",
          "website": "http://gorzyczki.net/ochotnicza-straz-pozarna/",
          "amenity": "fire_station"
        }
      },
      "geometry": {
        "type": "Point",
        "coordinates": [
          18.3979787,
          49.942864199999995
        ]
      }
    },
    {
      "type": "Feature",
      "properties": {
        "source": "OpenStreetMap",
        "source_id": "node/1394775788",
        "domain": "emergency",
        "asset_type": "fire_service",
        "confidence": "medium",
        "missing_fields": [],
        "limitations": [
          "OSM emergency and healthcare mapping completeness varies by area and facility type.",
          "The bounded committed snapshot is not a complete emergency-service registry or an operational-status statement.",
          "No qualified official hospital or ambulance/rescue facility registry is enabled for this provider AOI."
        ],
        "eligible_for_analysis": true,
        "osm_tags": {
          "name": "Ochotnicza Straż Pożarna Lubomia",
          "amenity": "fire_station"
        }
      },
      "geometry": {
        "type": "Point",
        "coordinates": [
          18.3099064,
          50.040511
        ]
      }
    },
    {
      "type": "Feature",
      "properties": {
        "source": "OpenStreetMap",
        "source_id": "node/1560930665",
        "domain": "emergency",
        "asset_type": "fire_service",
        "confidence": "medium",
        "missing_fields": [],
        "limitations": [
          "OSM emergency and healthcare mapping completeness varies by area and facility type.",
          "The bounded committed snapshot is not a complete emergency-service registry or an operational-status statement.",
          "No qualified official hospital or ambulance/rescue facility registry is enabled for this provider AOI."
        ],
        "eligible_for_analysis": true,
        "osm_tags": {
          "name": "Ochotnicza Straż Pożarna Lyski",
          "amenity": "fire_station"
        }
      },
      "geometry": {
        "type": "Point",
        "coordinates": [
          18.3888296,
          50.1198823
        ]
      }
    },
    {
      "type": "Feature",
      "properties": {
        "source": "OpenStreetMap",
        "source_id": "node/1641045700",
        "domain": "emergency",
        "asset_type": "fire_service",
        "confidence": "medium",
        "missing_fields": [],
        "limitations": [
          "OSM emergency and healthcare mapping completeness varies by area and facility type.",
          "The bounded committed snapshot is not a complete emergency-service registry or an operational-status statement.",
          "No qualified official hospital or ambulance/rescue facility registry is enabled for this provider AOI."
        ],
        "eligible_for_analysis": true,
        "osm_tags": {
          "name": "Ochotnicza Straż Pożarna Warszowice",
          "amenity": "fire_station"
        }
      },
      "geometry": {
        "type": "Point",
        "coordinates": [
          18.7117458,
          49.9893473
        ]
      }
    },
    {
      "type": "Feature",
      "properties": {
        "source": "OpenStreetMap",
        "source_id": "node/1696016595",
        "domain": "emergency",
        "asset_type": "fire_service",
        "confidence": "medium",
        "missing_fields": [],
        "limitations": [
          "OSM emergency and healthcare mapping completeness varies by area and facility type.",
          "The bounded committed snapshot is not a complete emergency-service registry or an operational-status statement.",
          "No qualified official hospital or ambulance/rescue facility registry is enabled for this provider AOI."
        ],
        "eligible_for_analysis": true,
        "osm_tags": {
          "name": "Ochotnicza Straż Pożarna Wieszowa",
          "website": "https://www.osp.wieszowa.pl/kontakt/",
          "amenity": "fire_station",
          "phone": "+48 32 2737341",
          "email": "osp-wieszowa@o2.pl"
        }
      },
      "geometry": {
        "type": "Point",
        "coordinates": [
          18.7574841,
          50.3841095
        ]
      }
    },
    {
      "type": "Feature",
      "properties": {
        "source": "OpenStreetMap",
        "source_id": "node/1711922503",
        "domain": "emergency",
        "asset_type": "fire_service",
        "confidence": "medium",
        "missing_fields": [],
        "limitations": [
          "OSM emergency and healthcare mapping completeness varies by area and facility type.",
          "The bounded committed snapshot is not a complete emergency-service registry or an operational-status statement.",
          "No qualified official hospital or ambulance/rescue facility registry is enabled for this provider AOI."
        ],
        "eligible_for_analysis": true,
        "osm_tags": {
          "name": "Ochotnicza Straż Pożarna Mikulczyce",
          "amenity": "fire_station"
        }
      },
      "geometry": {
        "type": "Point",
        "coordinates": [
          18.7792106,
          50.3403756
        ]
      }
    },
    {
      "type": "Feature",
      "properties": {
        "source": "OpenStreetMap",
        "source_id": "node/1714833659",
        "domain": "emergency",
        "asset_type": "fire_service",
        "confidence": "medium",
        "missing_fields": [],
        "limitations": [
          "OSM emergency and healthcare mapping completeness varies by area and facility type.",
          "The bounded committed snapshot is not a complete emergency-service registry or an operational-status statement.",
          "No qualified official hospital or ambulance/rescue facility registry is enabled for this provider AOI."
        ],
        "eligible_for_analysis": true,
        "osm_tags": {
          "name": "Ochotnicza Straż Pożarna przy Hucie Szkła",
          "amenity": "fire_station"
        }
      },
      "geometry": {
        "type": "Point",
        "coordinates": [
          18.7781608,
          50.15872529999999
        ]
      }
    },
    {
      "type": "Feature",
      "properties": {
        "source": "OpenStreetMap",
        "source_id": "node/1721477451",
        "domain": "emergency",
        "asset_type": "fire_service",
        "confidence": "medium",
        "missing_fields": [],
        "limitations": [
          "OSM emergency and healthcare mapping completeness varies by area and facility type.",
          "The bounded committed snapshot is not a complete emergency-service registry or an operational-status statement.",
          "No qualified official hospital or ambulance/rescue facility registry is enabled for this provider AOI."
        ],
        "eligible_for_analysis": true,
        "osm_tags": {
          "name": "JSDH Bohumín Vrbice",
          "amenity": "fire_station"
        }
      },
      "geometry": {
        "type": "Point",
        "coordinates": [
          18.3212135,
          49.883780800000004
        ]
      }
    },
    {
      "type": "Feature",
      "properties": {
        "source": "OpenStreetMap",
        "source_id": "node/1743966349",
        "domain": "emergency",
        "asset_type": "fire_service",
        "confidence": "medium",
        "missing_fields": [],
        "limitations": [
          "OSM emergency and healthcare mapping completeness varies by area and facility type.",
          "The bounded committed snapshot is not a complete emergency-service registry or an operational-status statement.",
          "No qualified official hospital or ambulance/rescue facility registry is enabled for this provider AOI."
        ],
        "eligible_for_analysis": true,
        "osm_tags": {
          "name": "Sbor doborvolných hasičů Petřvald-Březiny",
          "amenity": "fire_station"
        }
      },
      "geometry": {
        "type": "Point",
        "coordinates": [
          18.3977783,
          49.84362019999999
        ]
      }
    },
    {
      "type": "Feature",
      "properties": {
        "source": "OpenStreetMap",
        "source_id": "node/1762520534",
        "domain": "emergency",
        "asset_type": "fire_service",
        "confidence": "medium",
        "missing_fields": [],
        "limitations": [
          "OSM emergency and healthcare mapping completeness varies by area and facility type.",
          "The bounded committed snapshot is not a complete emergency-service registry or an operational-status statement.",
          "No qualified official hospital or ambulance/rescue facility registry is enabled for this provider AOI."
        ],
        "eligible_for_analysis": true,
        "osm_tags": {
          "name": "Ochotnicza Straż Pożarna Dębieńsko Wielkie",
          "amenity": "fire_station"
        }
      },
      "geometry": {
        "type": "Point",
        "coordinates": [
          18.7184447,
          50.1669632
        ]
      }
    },
    {
      "type": "Feature",
      "properties": {
        "source": "OpenStreetMap",
        "source_id": "node/1876449242",
        "domain": "emergency",
        "asset_type": "fire_service",
        "confidence": "medium",
        "missing_fields": [],
        "limitations": [
          "OSM emergency and healthcare mapping completeness varies by area and facility type.",
          "The bounded committed snapshot is not a complete emergency-service registry or an operational-status statement.",
          "No qualified official hospital or ambulance/rescue facility registry is enabled for this provider AOI."
        ],
        "eligible_for_analysis": true,
        "osm_tags": {
          "name": "Ochotnicza Straż Pożarna Kryry",
          "amenity": "fire_station"
        }
      },
      "geometry": {
        "type": "Point",
        "coordinates": [
          18.8064153,
          50.0107149
        ]
      }
    },
    {
      "type": "Feature",
      "properties": {
        "source": "OpenStreetMap",
        "source_id": "node/1876449265",
        "domain": "emergency",
        "asset_type": "fire_service",
        "confidence": "medium",
        "missing_fields": [],
        "limitations": [
          "OSM emergency and healthcare mapping completeness varies by area and facility type.",
          "The bounded committed snapshot is not a complete emergency-service registry or an operational-status statement.",
          "No qualified official hospital or ambulance/rescue facility registry is enabled for this provider AOI."
        ],
        "eligible_for_analysis": true,
        "osm_tags": {
          "name": "Ochotnicza Straż Pożarna Mizerów",
          "amenity": "fire_station"
        }
      },
      "geometry": {
        "type": "Point",
        "coordinates": [
          18.7958072,
          49.98984049999999
        ]
      }
    },
    {
      "type": "Feature",
      "properties": {
        "source": "OpenStreetMap",
        "source_id": "node/1998460586",
        "domain": "emergency",
        "asset_type": "fire_service",
        "confidence": "medium",
        "missing_fields": [],
        "limitations": [
          "OSM emergency and healthcare mapping completeness varies by area and facility type.",
          "The bounded committed snapshot is not a complete emergency-service registry or an operational-status statement.",
          "No qualified official hospital or ambulance/rescue facility registry is enabled for this provider AOI."
        ],
        "eligible_for_analysis": true,
        "osm_tags": {
          "name": "Jednostka Ratowniczo-Gaśnicza Państwowej Straży Pożarnej nr 2 w Rydułtowach",
          "operator": "PSP Wodzisław Śląski",
          "amenity": "fire_station",
          "phone": "+48324578088"
        }
      },
      "geometry": {
        "type": "Point",
        "coordinates": [
          18.4160978,
          50.0571616
        ]
      }
    },
    {
      "type": "Feature",
      "properties": {
        "source": "OpenStreetMap",
        "source_id": "node/1998460591",
        "domain": "emergency",
        "asset_type": "fire_service",
        "confidence": "medium",
        "missing_fields": [],
        "limitations": [
          "OSM emergency and healthcare mapping completeness varies by area and facility type.",
          "The bounded committed snapshot is not a complete emergency-service registry or an operational-status statement.",
          "No qualified official hospital or ambulance/rescue facility registry is enabled for this provider AOI."
        ],
        "eligible_for_analysis": true,
        "osm_tags": {
          "name": "Ochotnicza Straż Pożarna Osiny",
          "ref": "697[S]04",
          "amenity": "fire_station"
        }
      },
      "geometry": {
        "type": "Point",
        "coordinates": [
          18.6862304,
          50.014210599999984
        ]
      }
    },
    {
      "type": "Feature",
      "properties": {
        "source": "OpenStreetMap",
        "source_id": "node/1998460597",
        "domain": "emergency",
        "asset_type": "fire_service",
        "confidence": "medium",
        "missing_fields": [],
        "limitations": [
          "OSM emergency and healthcare mapping completeness varies by area and facility type.",
          "The bounded committed snapshot is not a complete emergency-service registry or an operational-status statement.",
          "No qualified official hospital or ambulance/rescue facility registry is enabled for this provider AOI."
        ],
        "eligible_for_analysis": true,
        "osm_tags": {
          "name": "Ochotnicza Straż Pożarna Rój",
          "amenity": "fire_station"
        }
      },
      "geometry": {
        "type": "Point",
        "coordinates": [
          18.6190187,
          50.0319112
        ]
      }
    },
    {
      "type": "Feature",
      "properties": {
        "source": "OpenStreetMap",
        "source_id": "node/1998460603",
        "domain": "emergency",
        "asset_type": "fire_service",
        "confidence": "medium",
        "missing_fields": [],
        "limitations": [
          "OSM emergency and healthcare mapping completeness varies by area and facility type.",
          "The bounded committed snapshot is not a complete emergency-service registry or an operational-status statement.",
          "No qualified official hospital or ambulance/rescue facility registry is enabled for this provider AOI."
        ],
        "eligible_for_analysis": true,
        "osm_tags": {
          "name": "Ochotnicza Straż Pożarna Żory",
          "amenity": "fire_station"
        }
      },
      "geometry": {
        "type": "Point",
        "coordinates": [
          18.7031628,
          50.0538789
        ]
      }
    },
    {
      "type": "Feature",
      "properties": {
        "source": "OpenStreetMap",
        "source_id": "node/2114369735",
        "domain": "emergency",
        "asset_type": "fire_service",
        "confidence": "medium",
        "missing_fields": [],
        "limitations": [
          "OSM emergency and healthcare mapping completeness varies by area and facility type.",
          "The bounded committed snapshot is not a complete emergency-service registry or an operational-status statement.",
          "No qualified official hospital or ambulance/rescue facility registry is enabled for this provider AOI."
        ],
        "eligible_for_analysis": true,
        "osm_tags": {
          "name": "Ochotnicza Straż Pożarna w Studzionce",
          "amenity": "fire_station"
        }
      },
      "geometry": {
        "type": "Point",
        "coordinates": [
          18.7740916,
          49.96156779999999
        ]
      }
    },
    {
      "type": "Feature",
      "properties": {
        "source": "OpenStreetMap",
        "source_id": "node/2116422630",
        "domain": "emergency",
        "asset_type": "fire_service",
        "confidence": "medium",
        "missing_fields": [],
        "limitations": [
          "OSM emergency and healthcare mapping completeness varies by area and facility type.",
          "The bounded committed snapshot is not a complete emergency-service registry or an operational-status statement.",
          "No qualified official hospital or ambulance/rescue facility registry is enabled for this provider AOI."
        ],
        "eligible_for_analysis": true,
        "osm_tags": {
          "name": "Ochotnicza Straż Pożarna Krzyżowice",
          "amenity": "fire_station",
          "phone": "60751017"
        }
      },
      "geometry": {
        "type": "Point",
        "coordinates": [
          18.6754787,
          49.985298799999995
        ]
      }
    },
    {
      "type": "Feature",
      "properties": {
        "source": "OpenStreetMap",
        "source_id": "node/2126394090",
        "domain": "emergency",
        "asset_type": "fire_service",
        "confidence": "medium",
        "missing_fields": [],
        "limitations": [
          "OSM emergency and healthcare mapping completeness varies by area and facility type.",
          "The bounded committed snapshot is not a complete emergency-service registry or an operational-status statement.",
          "No qualified official hospital or ambulance/rescue facility registry is enabled for this provider AOI."
        ],
        "eligible_for_analysis": true,
        "osm_tags": {
          "name": "Ochotnicza Straż Pożarna Kończyce",
          "amenity": "fire_station"
        }
      },
      "geometry": {
        "type": "Point",
        "coordinates": [
          18.797194,
          50.27744210000001
        ]
      }
    },
    {
      "type": "Feature",
      "properties": {
        "source": "OpenStreetMap",
        "source_id": "node/2126394094",
        "domain": "emergency",
        "asset_type": "fire_service",
        "confidence": "medium",
        "missing_fields": [],
        "limitations": [
          "OSM emergency and healthcare mapping completeness varies by area and facility type.",
          "The bounded committed snapshot is not a complete emergency-service registry or an operational-status statement.",
          "No qualified official hospital or ambulance/rescue facility registry is enabled for this provider AOI."
        ],
        "eligible_for_analysis": true,
        "osm_tags": {
          "name": "Ochotnicza Straż Pożarna Makoszowy",
          "amenity": "fire_station"
        }
      },
      "geometry": {
        "type": "Point",
        "coordinates": [
          18.75564,
          50.26144000000001
        ]
      }
    },
    {
      "type": "Feature",
      "properties": {
        "source": "OpenStreetMap",
        "source_id": "node/2144738055",
        "domain": "emergency",
        "asset_type": "fire_service",
        "confidence": "medium",
        "missing_fields": [],
        "limitations": [
          "OSM emergency and healthcare mapping completeness varies by area and facility type.",
          "The bounded committed snapshot is not a complete emergency-service registry or an operational-status statement.",
          "No qualified official hospital or ambulance/rescue facility registry is enabled for this provider AOI."
        ],
        "eligible_for_analysis": true,
        "osm_tags": {
          "name": "Ochotnicza Straż Pożarna Grzybowice",
          "amenity": "fire_station"
        }
      },
      "geometry": {
        "type": "Point",
        "coordinates": [
          18.7629914,
          50.362615999999996
        ]
      }
    },
    {
      "type": "Feature",
      "properties": {
        "source": "OpenStreetMap",
        "source_id": "node/2235158982",
        "domain": "emergency",
        "asset_type": "fire_service",
        "confidence": "medium",
        "missing_fields": [],
        "limitations": [
          "OSM emergency and healthcare mapping completeness varies by area and facility type.",
          "The bounded committed snapshot is not a complete emergency-service registry or an operational-status statement.",
          "No qualified official hospital or ambulance/rescue facility registry is enabled for this provider AOI."
        ],
        "eligible_for_analysis": true,
        "osm_tags": {
          "name": "Ochotnicza Straż Pożarna Olza",
          "source": "Survey",
          "amenity": "fire_station"
        }
      },
      "geometry": {
        "type": "Point",
        "coordinates": [
          18.3453427,
          49.94984839999999
        ]
      }
    },
    {
      "type": "Feature",
      "properties": {
        "source": "OpenStreetMap",
        "source_id": "node/2283114169",
        "domain": "emergency",
        "asset_type": "fire_service",
        "confidence": "medium",
        "missing_fields": [],
        "limitations": [
          "OSM emergency and healthcare mapping completeness varies by area and facility type.",
          "The bounded committed snapshot is not a complete emergency-service registry or an operational-status statement.",
          "No qualified official hospital or ambulance/rescue facility registry is enabled for this provider AOI."
        ],
        "eligible_for_analysis": true,
        "osm_tags": {
          "name": "Ochotnicza Straż Pożarna Czyżowice",
          "amenity": "fire_station"
        }
      },
      "geometry": {
        "type": "Point",
        "coordinates": [
          18.4137998,
          49.981382999999994
        ]
      }
    },
    {
      "type": "Feature",
      "properties": {
        "source": "OpenStreetMap",
        "source_id": "node/2401903202",
        "domain": "emergency",
        "asset_type": "fire_service",
        "confidence": "medium",
        "missing_fields": [],
        "limitations": [
          "OSM emergency and healthcare mapping completeness varies by area and facility type.",
          "The bounded committed snapshot is not a complete emergency-service registry or an operational-status statement.",
          "No qualified official hospital or ambulance/rescue facility registry is enabled for this provider AOI."
        ],
        "eligible_for_analysis": true,
        "osm_tags": {
          "name": "Hasičská stanice Orlová",
          "amenity": "fire_station"
        }
      },
      "geometry": {
        "type": "Point",
        "coordinates": [
          18.4342369,
          49.87914440000001
        ]
      }
    },
    {
      "type": "Feature",
      "properties": {
        "source": "OpenStreetMap",
        "source_id": "node/2584822132",
        "domain": "emergency",
        "asset_type": "fire_service",
        "confidence": "medium",
        "missing_fields": [],
        "limitations": [
          "OSM emergency and healthcare mapping completeness varies by area and facility type.",
          "The bounded committed snapshot is not a complete emergency-service registry or an operational-status statement.",
          "No qualified official hospital or ambulance/rescue facility registry is enabled for this provider AOI."
        ],
        "eligible_for_analysis": true,
        "osm_tags": {
          "name": "Jednostka Ratowniczo-Gaśnicza Państwowej Straży Pożarnej nr 1 w Wodzisławiu Śląskim",
          "operator": "PSP Wodzisław Śląski",
          "amenity": "fire_station",
          "opening_hours": "24/7"
        }
      },
      "geometry": {
        "type": "Point",
        "coordinates": [
          18.4494745,
          50.005876699999995
        ]
      }
    },
    {
      "type": "Feature",
      "properties": {
        "source": "OpenStreetMap",
        "source_id": "node/2589636219",
        "domain": "emergency",
        "asset_type": "fire_service",
        "confidence": "medium",
        "missing_fields": [],
        "limitations": [
          "OSM emergency and healthcare mapping completeness varies by area and facility type.",
          "The bounded committed snapshot is not a complete emergency-service registry or an operational-status statement.",
          "No qualified official hospital or ambulance/rescue facility registry is enabled for this provider AOI."
        ],
        "eligible_for_analysis": true,
        "osm_tags": {
          "name": "Ochotnicza Straż Pożarna Jedłownik",
          "amenity": "fire_station",
          "phone": "+48 324551797"
        }
      },
      "geometry": {
        "type": "Point",
        "coordinates": [
          18.4381133,
          49.9999617
        ]
      }
    },
    {
      "type": "Feature",
      "properties": {
        "source": "OpenStreetMap",
        "source_id": "node/2830927876",
        "domain": "emergency",
        "asset_type": "fire_service",
        "confidence": "medium",
        "missing_fields": [],
        "limitations": [
          "OSM emergency and healthcare mapping completeness varies by area and facility type.",
          "The bounded committed snapshot is not a complete emergency-service registry or an operational-status statement.",
          "No qualified official hospital or ambulance/rescue facility registry is enabled for this provider AOI."
        ],
        "eligible_for_analysis": true,
        "osm_tags": {
          "name": "Ochotnicza Straż Pożarna Rudyszwałd",
          "website": "https://rudyszwald.pl/?page_id=48",
          "amenity": "fire_station"
        }
      },
      "geometry": {
        "type": "Point",
        "coordinates": [
          18.2907819,
          49.9381215
        ]
      }
    },
    {
      "type": "Feature",
      "properties": {
        "source": "OpenStreetMap",
        "source_id": "node/2848947880",
        "domain": "emergency",
        "asset_type": "fire_service",
        "confidence": "medium",
        "missing_fields": [],
        "limitations": [
          "OSM emergency and healthcare mapping completeness varies by area and facility type.",
          "The bounded committed snapshot is not a complete emergency-service registry or an operational-status statement.",
          "No qualified official hospital or ambulance/rescue facility registry is enabled for this provider AOI."
        ],
        "eligible_for_analysis": true,
        "osm_tags": {
          "name": "Ochotnicza Straż Pożarna Żerdziny",
          "amenity": "fire_station"
        }
      },
      "geometry": {
        "type": "Point",
        "coordinates": [
          18.1476744,
          50.09443490000001
        ]
      }
    },
    {
      "type": "Feature",
      "properties": {
        "source": "OpenStreetMap",
        "source_id": "node/2950444340",
        "domain": "emergency",
        "asset_type": "fire_service",
        "confidence": "medium",
        "missing_fields": [],
        "limitations": [
          "OSM emergency and healthcare mapping completeness varies by area and facility type.",
          "The bounded committed snapshot is not a complete emergency-service registry or an operational-status statement.",
          "No qualified official hospital or ambulance/rescue facility registry is enabled for this provider AOI."
        ],
        "eligible_for_analysis": true,
        "osm_tags": {
          "name": "Ochotnicza Straż Pożarna Kokoszyce",
          "amenity": "fire_station",
          "phone": "+48 324561757"
        }
      },
      "geometry": {
        "type": "Point",
        "coordinates": [
          18.4129489,
          50.0112244
        ]
      }
    },
    {
      "type": "Feature",
      "properties": {
        "source": "OpenStreetMap",
        "source_id": "node/2950481576",
        "domain": "emergency",
        "asset_type": "fire_service",
        "confidence": "medium",
        "missing_fields": [],
        "limitations": [
          "OSM emergency and healthcare mapping completeness varies by area and facility type.",
          "The bounded committed snapshot is not a complete emergency-service registry or an operational-status statement.",
          "No qualified official hospital or ambulance/rescue facility registry is enabled for this provider AOI."
        ],
        "eligible_for_analysis": true,
        "osm_tags": {
          "name": "Ochotnicza Straż Pożarna w Skrzyszowie",
          "website": "http://zogosp-godow.cba.pl/index.php/skrzyszow",
          "amenity": "fire_station"
        }
      },
      "geometry": {
        "type": "Point",
        "coordinates": [
          18.4929935,
          49.9492605
        ]
      }
    },
    {
      "type": "Feature",
      "properties": {
        "source": "OpenStreetMap",
        "source_id": "node/2950496884",
        "domain": "emergency",
        "asset_type": "fire_service",
        "confidence": "medium",
        "missing_fields": [],
        "limitations": [
          "OSM emergency and healthcare mapping completeness varies by area and facility type.",
          "The bounded committed snapshot is not a complete emergency-service registry or an operational-status statement.",
          "No qualified official hospital or ambulance/rescue facility registry is enabled for this provider AOI."
        ],
        "eligible_for_analysis": true,
        "osm_tags": {
          "name": "Ochotnicza Straż Pożarna Gołkowice",
          "amenity": "fire_station"
        }
      },
      "geometry": {
        "type": "Point",
        "coordinates": [
          18.5097883,
          49.9137923
        ]
      }
    },
    {
      "type": "Feature",
      "properties": {
        "source": "OpenStreetMap",
        "source_id": "node/2950558753",
        "domain": "emergency",
        "asset_type": "fire_service",
        "confidence": "medium",
        "missing_fields": [],
        "limitations": [
          "OSM emergency and healthcare mapping completeness varies by area and facility type.",
          "The bounded committed snapshot is not a complete emergency-service registry or an operational-status statement.",
          "No qualified official hospital or ambulance/rescue facility registry is enabled for this provider AOI."
        ],
        "eligible_for_analysis": true,
        "osm_tags": {
          "name": "Ochotnicza Straż Pożarna Krzyżkowice",
          "amenity": "fire_station"
        }
      },
      "geometry": {
        "type": "Point",
        "coordinates": [
          18.374612000000003,
          50.0539595
        ]
      }
    },
    {
      "type": "Feature",
      "properties": {
        "source": "OpenStreetMap",
        "source_id": "node/2950576154",
        "domain": "emergency",
        "asset_type": "fire_service",
        "confidence": "medium",
        "missing_fields": [],
        "limitations": [
          "OSM emergency and healthcare mapping completeness varies by area and facility type.",
          "The bounded committed snapshot is not a complete emergency-service registry or an operational-status statement.",
          "No qualified official hospital or ambulance/rescue facility registry is enabled for this provider AOI."
        ],
        "eligible_for_analysis": true,
        "osm_tags": {
          "name": "Ochotnicza Straż Pożarna Biertułtowy",
          "amenity": "fire_station"
        }
      },
      "geometry": {
        "type": "Point",
        "coordinates": [
          18.4737467,
          50.0467904
        ]
      }
    },
    {
      "type": "Feature",
      "properties": {
        "source": "OpenStreetMap",
        "source_id": "node/2950584135",
        "domain": "emergency",
        "asset_type": "fire_service",
        "confidence": "medium",
        "missing_fields": [],
        "limitations": [
          "OSM emergency and healthcare mapping completeness varies by area and facility type.",
          "The bounded committed snapshot is not a complete emergency-service registry or an operational-status statement.",
          "No qualified official hospital or ambulance/rescue facility registry is enabled for this provider AOI."
        ],
        "eligible_for_analysis": true,
        "osm_tags": {
          "name": "Ochotnicza Straż Pożarna Głożyny",
          "amenity": "fire_station"
        }
      },
      "geometry": {
        "type": "Point",
        "coordinates": [
          18.4494381,
          50.0455121
        ]
      }
    },
    {
      "type": "Feature",
      "properties": {
        "source": "OpenStreetMap",
        "source_id": "node/2950806212",
        "domain": "emergency",
        "asset_type": "fire_service",
        "confidence": "medium",
        "missing_fields": [],
        "limitations": [
          "OSM emergency and healthcare mapping completeness varies by area and facility type.",
          "The bounded committed snapshot is not a complete emergency-service registry or an operational-status statement.",
          "No qualified official hospital or ambulance/rescue facility registry is enabled for this provider AOI."
        ],
        "eligible_for_analysis": true,
        "osm_tags": {
          "name": "Ochotnicza Straż Pożarna Koksownia Radlin",
          "amenity": "fire_station"
        }
      },
      "geometry": {
        "type": "Point",
        "coordinates": [
          18.4886209,
          50.039762
        ]
      }
    },
    {
      "type": "Feature",
      "properties": {
        "source": "OpenStreetMap",
        "source_id": "node/2950810436",
        "domain": "emergency",
        "asset_type": "fire_service",
        "confidence": "medium",
        "missing_fields": [],
        "limitations": [
          "OSM emergency and healthcare mapping completeness varies by area and facility type.",
          "The bounded committed snapshot is not a complete emergency-service registry or an operational-status statement.",
          "No qualified official hospital or ambulance/rescue facility registry is enabled for this provider AOI."
        ],
        "eligible_for_analysis": true,
        "osm_tags": {
          "name": "ZSP KWK Marcel",
          "amenity": "fire_station"
        }
      },
      "geometry": {
        "type": "Point",
        "coordinates": [
          18.4874608,
          50.0415179
        ]
      }
    },
    {
      "type": "Feature",
      "properties": {
        "source": "OpenStreetMap",
        "source_id": "node/2950823783",
        "domain": "emergency",
        "asset_type": "fire_service",
        "confidence": "medium",
        "missing_fields": [],
        "limitations": [
          "OSM emergency and healthcare mapping completeness varies by area and facility type.",
          "The bounded committed snapshot is not a complete emergency-service registry or an operational-status statement.",
          "No qualified official hospital or ambulance/rescue facility registry is enabled for this provider AOI."
        ],
        "eligible_for_analysis": true,
        "osm_tags": {
          "name": "Oddział Ochrony Przeciwpożarowej Zakładu",
          "amenity": "fire_station"
        }
      },
      "geometry": {
        "type": "Point",
        "coordinates": [
          18.4395359,
          50.0680898
        ]
      }
    },
    {
      "type": "Feature",
      "properties": {
        "source": "OpenStreetMap",
        "source_id": "node/2956937794",
        "domain": "emergency",
        "asset_type": "fire_service",
        "confidence": "medium",
        "missing_fields": [],
        "limitations": [
          "OSM emergency and healthcare mapping completeness varies by area and facility type.",
          "The bounded committed snapshot is not a complete emergency-service registry or an operational-status statement.",
          "No qualified official hospital or ambulance/rescue facility registry is enabled for this provider AOI."
        ],
        "eligible_for_analysis": true,
        "osm_tags": {
          "name": "OSP Cisek",
          "amenity": "fire_station"
        }
      },
      "geometry": {
        "type": "Point",
        "coordinates": [
          18.2019991,
          50.28131969999999
        ]
      }
    },
    {
      "type": "Feature",
      "properties": {
        "source": "OpenStreetMap",
        "source_id": "node/3054129446",
        "domain": "emergency",
        "asset_type": "fire_service",
        "confidence": "medium",
        "missing_fields": [],
        "limitations": [
          "OSM emergency and healthcare mapping completeness varies by area and facility type.",
          "The bounded committed snapshot is not a complete emergency-service registry or an operational-status statement.",
          "No qualified official hospital or ambulance/rescue facility registry is enabled for this provider AOI."
        ],
        "eligible_for_analysis": true,
        "osm_tags": {
          "name": "Ochotnicza Straż Pożarna w Pstrążnej",
          "amenity": "fire_station"
        }
      },
      "geometry": {
        "type": "Point",
        "coordinates": [
          18.3558836,
          50.08850989999999
        ]
      }
    },
    {
      "type": "Feature",
      "properties": {
        "source": "OpenStreetMap",
        "source_id": "node/3081637074",
        "domain": "emergency",
        "asset_type": "fire_service",
        "confidence": "medium",
        "missing_fields": [],
        "limitations": [
          "OSM emergency and healthcare mapping completeness varies by area and facility type.",
          "The bounded committed snapshot is not a complete emergency-service registry or an operational-status statement.",
          "No qualified official hospital or ambulance/rescue facility registry is enabled for this provider AOI."
        ],
        "eligible_for_analysis": true,
        "osm_tags": {
          "name": "Ochotnicza Straż Pożarna Turzyczka",
          "amenity": "fire_station"
        }
      },
      "geometry": {
        "type": "Point",
        "coordinates": [
          18.4449791,
          49.990077299999996
        ]
      }
    },
    {
      "type": "Feature",
      "properties": {
        "source": "OpenStreetMap",
        "source_id": "node/3124419904",
        "domain": "emergency",
        "asset_type": "fire_service",
        "confidence": "medium",
        "missing_fields": [],
        "limitations": [
          "OSM emergency and healthcare mapping completeness varies by area and facility type.",
          "The bounded committed snapshot is not a complete emergency-service registry or an operational-status statement.",
          "No qualified official hospital or ambulance/rescue facility registry is enabled for this provider AOI."
        ],
        "eligible_for_analysis": true,
        "osm_tags": {
          "name": "Ochotnicza Straż Pożarna Radoszowy",
          "amenity": "fire_station"
        }
      },
      "geometry": {
        "type": "Point",
        "coordinates": [
          18.4395482,
          50.07216619999999
        ]
      }
    },
    {
      "type": "Feature",
      "properties": {
        "source": "OpenStreetMap",
        "source_id": "node/3515727138",
        "domain": "emergency",
        "asset_type": "fire_service",
        "confidence": "medium",
        "missing_fields": [],
        "limitations": [
          "OSM emergency and healthcare mapping completeness varies by area and facility type.",
          "The bounded committed snapshot is not a complete emergency-service registry or an operational-status statement.",
          "No qualified official hospital or ambulance/rescue facility registry is enabled for this provider AOI."
        ],
        "eligible_for_analysis": true,
        "osm_tags": {
          "name": "Ochotnicza Straż Pożarna Pawłowice",
          "amenity": "fire_station"
        }
      },
      "geometry": {
        "type": "Point",
        "coordinates": [
          18.7192264,
          49.9622687
        ]
      }
    },
    {
      "type": "Feature",
      "properties": {
        "source": "OpenStreetMap",
        "source_id": "node/3533392825",
        "domain": "emergency",
        "asset_type": "fire_service",
        "confidence": "medium",
        "missing_fields": [],
        "limitations": [
          "OSM emergency and healthcare mapping completeness varies by area and facility type.",
          "The bounded committed snapshot is not a complete emergency-service registry or an operational-status statement.",
          "No qualified official hospital or ambulance/rescue facility registry is enabled for this provider AOI."
        ],
        "eligible_for_analysis": true,
        "osm_tags": {
          "name": "Ochotnicza Straż Pożarna Czernica",
          "amenity": "fire_station"
        }
      },
      "geometry": {
        "type": "Point",
        "coordinates": [
          18.4000513,
          50.0837152
        ]
      }
    },
    {
      "type": "Feature",
      "properties": {
        "source": "OpenStreetMap",
        "source_id": "node/3754098825",
        "domain": "emergency",
        "asset_type": "fire_service",
        "confidence": "medium",
        "missing_fields": [],
        "limitations": [
          "OSM emergency and healthcare mapping completeness varies by area and facility type.",
          "The bounded committed snapshot is not a complete emergency-service registry or an operational-status statement.",
          "No qualified official hospital or ambulance/rescue facility registry is enabled for this provider AOI."
        ],
        "eligible_for_analysis": true,
        "osm_tags": {
          "name": "Ochotnicza Straż Pożarna Pszów",
          "wikidata": "Q11795688",
          "wikipedia": "pl:Ochotnicza Straż Pożarna w Pszowie",
          "amenity": "fire_station"
        }
      },
      "geometry": {
        "type": "Point",
        "coordinates": [
          18.3950063,
          50.04118439999999
        ]
      }
    },
    {
      "type": "Feature",
      "properties": {
        "source": "OpenStreetMap",
        "source_id": "node/3767039073",
        "domain": "emergency",
        "asset_type": "fire_service",
        "confidence": "medium",
        "missing_fields": [],
        "limitations": [
          "OSM emergency and healthcare mapping completeness varies by area and facility type.",
          "The bounded committed snapshot is not a complete emergency-service registry or an operational-status statement.",
          "No qualified official hospital or ambulance/rescue facility registry is enabled for this provider AOI."
        ],
        "eligible_for_analysis": true,
        "osm_tags": {
          "name": "Ochotnicza Straż Pożarna Chałupki",
          "amenity": "fire_station"
        }
      },
      "geometry": {
        "type": "Point",
        "coordinates": [
          18.3127493,
          49.92821200000001
        ]
      }
    },
    {
      "type": "Feature",
      "properties": {
        "source": "OpenStreetMap",
        "source_id": "node/3767039074",
        "domain": "emergency",
        "asset_type": "fire_service",
        "confidence": "medium",
        "missing_fields": [],
        "limitations": [
          "OSM emergency and healthcare mapping completeness varies by area and facility type.",
          "The bounded committed snapshot is not a complete emergency-service registry or an operational-status statement.",
          "No qualified official hospital or ambulance/rescue facility registry is enabled for this provider AOI."
        ],
        "eligible_for_analysis": true,
        "osm_tags": {
          "name": "Ochotnicza Straż Pożarna Roszków",
          "amenity": "fire_station"
        }
      },
      "geometry": {
        "type": "Point",
        "coordinates": [
          18.2995266,
          49.965180100000005
        ]
      }
    },
    {
      "type": "Feature",
      "properties": {
        "source": "OpenStreetMap",
        "source_id": "node/4347923306",
        "domain": "emergency",
        "asset_type": "fire_service",
        "confidence": "medium",
        "missing_fields": [],
        "limitations": [
          "OSM emergency and healthcare mapping completeness varies by area and facility type.",
          "The bounded committed snapshot is not a complete emergency-service registry or an operational-status statement.",
          "No qualified official hospital or ambulance/rescue facility registry is enabled for this provider AOI."
        ],
        "eligible_for_analysis": true,
        "osm_tags": {
          "name": "Integrované výjezdové centrum Slezská Ostrava",
          "amenity": "fire_station",
          "emergency": "ambulance_station"
        }
      },
      "geometry": {
        "type": "Point",
        "coordinates": [
          18.3325959,
          49.84159410000001
        ]
      }
    },
    {
      "type": "Feature",
      "properties": {
        "source": "OpenStreetMap",
        "source_id": "node/4488731785",
        "domain": "emergency",
        "asset_type": "fire_service",
        "confidence": "medium",
        "missing_fields": [],
        "limitations": [
          "OSM emergency and healthcare mapping completeness varies by area and facility type.",
          "The bounded committed snapshot is not a complete emergency-service registry or an operational-status statement.",
          "No qualified official hospital or ambulance/rescue facility registry is enabled for this provider AOI."
        ],
        "eligible_for_analysis": true,
        "osm_tags": {
          "name": "Ochotnicza Straż Pożarna w Kuźni Raciborskiej",
          "website": "http://kuznia-raciborska.osp.org.pl/",
          "amenity": "fire_station",
          "phone": "+48 324191321"
        }
      },
      "geometry": {
        "type": "Point",
        "coordinates": [
          18.310232000000003,
          50.200851699999994
        ]
      }
    },
    {
      "type": "Feature",
      "properties": {
        "source": "OpenStreetMap",
        "source_id": "node/4494074039",
        "domain": "emergency",
        "asset_type": "fire_service",
        "confidence": "medium",
        "missing_fields": [],
        "limitations": [
          "OSM emergency and healthcare mapping completeness varies by area and facility type.",
          "The bounded committed snapshot is not a complete emergency-service registry or an operational-status statement.",
          "No qualified official hospital or ambulance/rescue facility registry is enabled for this provider AOI."
        ],
        "eligible_for_analysis": true,
        "osm_tags": {
          "name": "Ochotnicza Straż Pożarna Turze",
          "amenity": "fire_station"
        }
      },
      "geometry": {
        "type": "Point",
        "coordinates": [
          18.264524800000004,
          50.191675399999994
        ]
      }
    },
    {
      "type": "Feature",
      "properties": {
        "source": "OpenStreetMap",
        "source_id": "node/4591260913",
        "domain": "emergency",
        "asset_type": "fire_service",
        "confidence": "medium",
        "missing_fields": [],
        "limitations": [
          "OSM emergency and healthcare mapping completeness varies by area and facility type.",
          "The bounded committed snapshot is not a complete emergency-service registry or an operational-status statement.",
          "No qualified official hospital or ambulance/rescue facility registry is enabled for this provider AOI."
        ],
        "eligible_for_analysis": true,
        "osm_tags": {
          "name": "Ochotnicza Straż Pożarna w Piasku",
          "amenity": "fire_station"
        }
      },
      "geometry": {
        "type": "Point",
        "coordinates": [
          18.9455991,
          50.0104037
        ]
      }
    },
    {
      "type": "Feature",
      "properties": {
        "source": "OpenStreetMap",
        "source_id": "node/4708213294",
        "domain": "emergency",
        "asset_type": "fire_service",
        "confidence": "medium",
        "missing_fields": [],
        "limitations": [
          "OSM emergency and healthcare mapping completeness varies by area and facility type.",
          "The bounded committed snapshot is not a complete emergency-service registry or an operational-status statement.",
          "No qualified official hospital or ambulance/rescue facility registry is enabled for this provider AOI."
        ],
        "eligible_for_analysis": true,
        "osm_tags": {
          "name": "Ochotnicza Straż Pożarna Sławików",
          "name:pl": "Ochotnicza Straż Pożarna Sławików",
          "amenity": "fire_station",
          "opening_hours": "24/7"
        }
      },
      "geometry": {
        "type": "Point",
        "coordinates": [
          18.2208463,
          50.18393029999999
        ]
      }
    },
    {
      "type": "Feature",
      "properties": {
        "source": "OpenStreetMap",
        "source_id": "node/4799532928",
        "domain": "emergency",
        "asset_type": "fire_service",
        "confidence": "medium",
        "missing_fields": [],
        "limitations": [
          "OSM emergency and healthcare mapping completeness varies by area and facility type.",
          "The bounded committed snapshot is not a complete emergency-service registry or an operational-status statement.",
          "No qualified official hospital or ambulance/rescue facility registry is enabled for this provider AOI."
        ],
        "eligible_for_analysis": true,
        "osm_tags": {
          "amenity": "fire_station"
        }
      },
      "geometry": {
        "type": "Point",
        "coordinates": [
          18.2401971,
          49.890546300000004
        ]
      }
    },
    {
      "type": "Feature",
      "properties": {
        "source": "OpenStreetMap",
        "source_id": "node/4799874803",
        "domain": "emergency",
        "asset_type": "fire_service",
        "confidence": "medium",
        "missing_fields": [],
        "limitations": [
          "OSM emergency and healthcare mapping completeness varies by area and facility type.",
          "The bounded committed snapshot is not a complete emergency-service registry or an operational-status statement.",
          "No qualified official hospital or ambulance/rescue facility registry is enabled for this provider AOI."
        ],
        "eligible_for_analysis": true,
        "osm_tags": {
          "name": "Ochotnicza Straż Pożarna Sławięcice",
          "amenity": "fire_station"
        }
      },
      "geometry": {
        "type": "Point",
        "coordinates": [
          18.3223538,
          50.372062599999985
        ]
      }
    },
    {
      "type": "Feature",
      "properties": {
        "source": "OpenStreetMap",
        "source_id": "node/4840380371",
        "domain": "emergency",
        "asset_type": "fire_service",
        "confidence": "medium",
        "missing_fields": [],
        "limitations": [
          "OSM emergency and healthcare mapping completeness varies by area and facility type.",
          "The bounded committed snapshot is not a complete emergency-service registry or an operational-status statement.",
          "No qualified official hospital or ambulance/rescue facility registry is enabled for this provider AOI."
        ],
        "eligible_for_analysis": true,
        "osm_tags": {
          "name": "Hasiči Závada",
          "website": "https://hasici.zavada.cz/",
          "amenity": "fire_station"
        }
      },
      "geometry": {
        "type": "Point",
        "coordinates": [
          18.1674696,
          49.9523817
        ]
      }
    },
    {
      "type": "Feature",
      "properties": {
        "source": "OpenStreetMap",
        "source_id": "node/4891432731",
        "domain": "emergency",
        "asset_type": "fire_service",
        "confidence": "medium",
        "missing_fields": [],
        "limitations": [
          "OSM emergency and healthcare mapping completeness varies by area and facility type.",
          "The bounded committed snapshot is not a complete emergency-service registry or an operational-status statement.",
          "No qualified official hospital or ambulance/rescue facility registry is enabled for this provider AOI."
        ],
        "eligible_for_analysis": true,
        "osm_tags": {
          "name": "OSP Ujazd",
          "amenity": "fire_station"
        }
      },
      "geometry": {
        "type": "Point",
        "coordinates": [
          18.3497179,
          50.39045050000001
        ]
      }
    },
    {
      "type": "Feature",
      "properties": {
        "source": "OpenStreetMap",
        "source_id": "node/4967741631",
        "domain": "emergency",
        "asset_type": "fire_service",
        "confidence": "medium",
        "missing_fields": [],
        "limitations": [
          "OSM emergency and healthcare mapping completeness varies by area and facility type.",
          "The bounded committed snapshot is not a complete emergency-service registry or an operational-status statement.",
          "No qualified official hospital or ambulance/rescue facility registry is enabled for this provider AOI."
        ],
        "eligible_for_analysis": true,
        "osm_tags": {
          "name": "SDH Bohumín-Záblatí",
          "amenity": "fire_station"
        }
      },
      "geometry": {
        "type": "Point",
        "coordinates": [
          18.3748902,
          49.8836248
        ]
      }
    },
    {
      "type": "Feature",
      "properties": {
        "source": "OpenStreetMap",
        "source_id": "node/4998286153",
        "domain": "emergency",
        "asset_type": "fire_service",
        "confidence": "medium",
        "missing_fields": [],
        "limitations": [
          "OSM emergency and healthcare mapping completeness varies by area and facility type.",
          "The bounded committed snapshot is not a complete emergency-service registry or an operational-status statement.",
          "No qualified official hospital or ambulance/rescue facility registry is enabled for this provider AOI."
        ],
        "eligible_for_analysis": true,
        "osm_tags": {
          "name": "Ochotnicza Straż Pożarna Ruda Kozielska",
          "amenity": "fire_station"
        }
      },
      "geometry": {
        "type": "Point",
        "coordinates": [
          18.410972,
          50.200395100000016
        ]
      }
    },
    {
      "type": "Feature",
      "properties": {
        "source": "OpenStreetMap",
        "source_id": "node/4999316548",
        "domain": "emergency",
        "asset_type": "fire_service",
        "confidence": "medium",
        "missing_fields": [],
        "limitations": [
          "OSM emergency and healthcare mapping completeness varies by area and facility type.",
          "The bounded committed snapshot is not a complete emergency-service registry or an operational-status statement.",
          "No qualified official hospital or ambulance/rescue facility registry is enabled for this provider AOI."
        ],
        "eligible_for_analysis": true,
        "osm_tags": {
          "name": "Ochotnicza Straż Pożarna Nędza",
          "amenity": "fire_station"
        }
      },
      "geometry": {
        "type": "Point",
        "coordinates": [
          18.3038784,
          50.1596553
        ]
      }
    },
    {
      "type": "Feature",
      "properties": {
        "source": "OpenStreetMap",
        "source_id": "node/5031014590",
        "domain": "emergency",
        "asset_type": "fire_service",
        "confidence": "medium",
        "missing_fields": [],
        "limitations": [
          "OSM emergency and healthcare mapping completeness varies by area and facility type.",
          "The bounded committed snapshot is not a complete emergency-service registry or an operational-status statement.",
          "No qualified official hospital or ambulance/rescue facility registry is enabled for this provider AOI."
        ],
        "eligible_for_analysis": true,
        "osm_tags": {
          "name": "Ochotnicza Straż Pożarna Kobyla",
          "website": "http://kobyla.osp.org.pl/",
          "amenity": "fire_station",
          "email": "ospkobyla@gmail.com"
        }
      },
      "geometry": {
        "type": "Point",
        "coordinates": [
          18.2955407,
          50.09063770000001
        ]
      }
    },
    {
      "type": "Feature",
      "properties": {
        "source": "OpenStreetMap",
        "source_id": "node/5111258719",
        "domain": "emergency",
        "asset_type": "fire_service",
        "confidence": "medium",
        "missing_fields": [],
        "limitations": [
          "OSM emergency and healthcare mapping completeness varies by area and facility type.",
          "The bounded committed snapshot is not a complete emergency-service registry or an operational-status statement.",
          "No qualified official hospital or ambulance/rescue facility registry is enabled for this provider AOI."
        ],
        "eligible_for_analysis": true,
        "osm_tags": {
          "name": "Ochotnicza Straż Pożarna Rydułtowy",
          "amenity": "fire_station"
        }
      },
      "geometry": {
        "type": "Point",
        "coordinates": [
          18.416394,
          50.057279099999995
        ]
      }
    },
    {
      "type": "Feature",
      "properties": {
        "source": "OpenStreetMap",
        "source_id": "node/5195319201",
        "domain": "emergency",
        "asset_type": "fire_service",
        "confidence": "medium",
        "missing_fields": [],
        "limitations": [
          "OSM emergency and healthcare mapping completeness varies by area and facility type.",
          "The bounded committed snapshot is not a complete emergency-service registry or an operational-status statement.",
          "No qualified official hospital or ambulance/rescue facility registry is enabled for this provider AOI."
        ],
        "eligible_for_analysis": true,
        "osm_tags": {
          "name": "Ochotnicza Straż Pożarna Nowa Wioska",
          "amenity": "fire_station"
        }
      },
      "geometry": {
        "type": "Point",
        "coordinates": [
          18.2476139,
          49.97492419999999
        ]
      }
    },
    {
      "type": "Feature",
      "properties": {
        "source": "OpenStreetMap",
        "source_id": "node/5422776168",
        "domain": "emergency",
        "asset_type": "fire_service",
        "confidence": "medium",
        "missing_fields": [],
        "limitations": [
          "OSM emergency and healthcare mapping completeness varies by area and facility type.",
          "The bounded committed snapshot is not a complete emergency-service registry or an operational-status statement.",
          "No qualified official hospital or ambulance/rescue facility registry is enabled for this provider AOI."
        ],
        "eligible_for_analysis": true,
        "osm_tags": {
          "name": "Hasičská zbrojnica",
          "amenity": "fire_station"
        }
      },
      "geometry": {
        "type": "Point",
        "coordinates": [
          18.1974274,
          49.97881149999999
        ]
      }
    },
    {
      "type": "Feature",
      "properties": {
        "source": "OpenStreetMap",
        "source_id": "node/5509249002",
        "domain": "emergency",
        "asset_type": "fire_service",
        "confidence": "medium",
        "missing_fields": [],
        "limitations": [
          "OSM emergency and healthcare mapping completeness varies by area and facility type.",
          "The bounded committed snapshot is not a complete emergency-service registry or an operational-status statement.",
          "No qualified official hospital or ambulance/rescue facility registry is enabled for this provider AOI."
        ],
        "eligible_for_analysis": true,
        "osm_tags": {
          "name": "Ochotnicza Straż Pożarna Modzurów",
          "amenity": "fire_station"
        }
      },
      "geometry": {
        "type": "Point",
        "coordinates": [
          18.1340789,
          50.1558806
        ]
      }
    },
    {
      "type": "Feature",
      "properties": {
        "source": "OpenStreetMap",
        "source_id": "node/6370988504",
        "domain": "emergency",
        "asset_type": "fire_service",
        "confidence": "medium",
        "missing_fields": [],
        "limitations": [
          "OSM emergency and healthcare mapping completeness varies by area and facility type.",
          "The bounded committed snapshot is not a complete emergency-service registry or an operational-status statement.",
          "No qualified official hospital or ambulance/rescue facility registry is enabled for this provider AOI."
        ],
        "eligible_for_analysis": true,
        "osm_tags": {
          "amenity": "fire_station"
        }
      },
      "geometry": {
        "type": "Point",
        "coordinates": [
          18.1940199,
          49.94577069999999
        ]
      }
    },
    {
      "type": "Feature",
      "properties": {
        "source": "OpenStreetMap",
        "source_id": "node/6494833273",
        "domain": "emergency",
        "asset_type": "fire_service",
        "confidence": "medium",
        "missing_fields": [],
        "limitations": [
          "OSM emergency and healthcare mapping completeness varies by area and facility type.",
          "The bounded committed snapshot is not a complete emergency-service registry or an operational-status statement.",
          "No qualified official hospital or ambulance/rescue facility registry is enabled for this provider AOI."
        ],
        "eligible_for_analysis": true,
        "osm_tags": {
          "name": "Ochotnicza Straż Pożarna Nieboczowy",
          "amenity": "fire_station"
        }
      },
      "geometry": {
        "type": "Point",
        "coordinates": [
          18.3449069,
          50.0084998
        ]
      }
    },
    {
      "type": "Feature",
      "properties": {
        "source": "OpenStreetMap",
        "source_id": "node/6942865404",
        "domain": "emergency",
        "asset_type": "fire_service",
        "confidence": "medium",
        "missing_fields": [],
        "limitations": [
          "OSM emergency and healthcare mapping completeness varies by area and facility type.",
          "The bounded committed snapshot is not a complete emergency-service registry or an operational-status statement.",
          "No qualified official hospital or ambulance/rescue facility registry is enabled for this provider AOI."
        ],
        "eligible_for_analysis": true,
        "osm_tags": {
          "name": "Sbor dobrovolných hasičů Kopytov",
          "amenity": "fire_station"
        }
      },
      "geometry": {
        "type": "Point",
        "coordinates": [
          18.354658,
          49.94105710000001
        ]
      }
    },
    {
      "type": "Feature",
      "properties": {
        "source": "OpenStreetMap",
        "source_id": "node/7251368639",
        "domain": "emergency",
        "asset_type": "fire_service",
        "confidence": "medium",
        "missing_fields": [],
        "limitations": [
          "OSM emergency and healthcare mapping completeness varies by area and facility type.",
          "The bounded committed snapshot is not a complete emergency-service registry or an operational-status statement.",
          "No qualified official hospital or ambulance/rescue facility registry is enabled for this provider AOI."
        ],
        "eligible_for_analysis": true,
        "osm_tags": {
          "name": "Ochotnicza Straż Pożarna Zawada Książęca",
          "amenity": "fire_station"
        }
      },
      "geometry": {
        "type": "Point",
        "coordinates": [
          18.2495324,
          50.15174770000001
        ]
      }
    },
    {
      "type": "Feature",
      "properties": {
        "source": "OpenStreetMap",
        "source_id": "node/9041637132",
        "domain": "emergency",
        "asset_type": "fire_service",
        "confidence": "medium",
        "missing_fields": [],
        "limitations": [
          "OSM emergency and healthcare mapping completeness varies by area and facility type.",
          "The bounded committed snapshot is not a complete emergency-service registry or an operational-status statement.",
          "No qualified official hospital or ambulance/rescue facility registry is enabled for this provider AOI."
        ],
        "eligible_for_analysis": true,
        "osm_tags": {
          "name": "Ochotnicza Straż Pożarna Łaziska",
          "name:pl": "Ochotnicza Straż Pożarna Łaziska",
          "amenity": "fire_station"
        }
      },
      "geometry": {
        "type": "Point",
        "coordinates": [
          18.4505398,
          49.93502879999999
        ]
      }
    },
    {
      "type": "Feature",
      "properties": {
        "source": "OpenStreetMap",
        "source_id": "node/9107849256",
        "domain": "emergency",
        "asset_type": "fire_service",
        "confidence": "medium",
        "missing_fields": [],
        "limitations": [
          "OSM emergency and healthcare mapping completeness varies by area and facility type.",
          "The bounded committed snapshot is not a complete emergency-service registry or an operational-status statement.",
          "No qualified official hospital or ambulance/rescue facility registry is enabled for this provider AOI."
        ],
        "eligible_for_analysis": true,
        "osm_tags": {
          "name": "SDH Heřmanice",
          "website": "https://www.jsdhhermanice.cz/",
          "amenity": "fire_station"
        }
      },
      "geometry": {
        "type": "Point",
        "coordinates": [
          18.3315453,
          49.8607027
        ]
      }
    },
    {
      "type": "Feature",
      "properties": {
        "source": "OpenStreetMap",
        "source_id": "node/9108055887",
        "domain": "emergency",
        "asset_type": "fire_service",
        "confidence": "medium",
        "missing_fields": [],
        "limitations": [
          "OSM emergency and healthcare mapping completeness varies by area and facility type.",
          "The bounded committed snapshot is not a complete emergency-service registry or an operational-status statement.",
          "No qualified official hospital or ambulance/rescue facility registry is enabled for this provider AOI."
        ],
        "eligible_for_analysis": true,
        "osm_tags": {
          "name": "SDH Petřkovice",
          "amenity": "fire_station"
        }
      },
      "geometry": {
        "type": "Point",
        "coordinates": [
          18.2576211,
          49.8750585
        ]
      }
    },
    {
      "type": "Feature",
      "properties": {
        "source": "OpenStreetMap",
        "source_id": "node/9445486250",
        "domain": "emergency",
        "asset_type": "fire_service",
        "confidence": "medium",
        "missing_fields": [],
        "limitations": [
          "OSM emergency and healthcare mapping completeness varies by area and facility type.",
          "The bounded committed snapshot is not a complete emergency-service registry or an operational-status statement.",
          "No qualified official hospital or ambulance/rescue facility registry is enabled for this provider AOI."
        ],
        "eligible_for_analysis": true,
        "osm_tags": {
          "name": "Ochotnicza Straż Pożarna Stare Koźle",
          "amenity": "fire_station"
        }
      },
      "geometry": {
        "type": "Point",
        "coordinates": [
          18.2225755,
          50.31207099999999
        ]
      }
    },
    {
      "type": "Feature",
      "properties": {
        "source": "OpenStreetMap",
        "source_id": "node/9445590124",
        "domain": "emergency",
        "asset_type": "fire_service",
        "confidence": "medium",
        "missing_fields": [],
        "limitations": [
          "OSM emergency and healthcare mapping completeness varies by area and facility type.",
          "The bounded committed snapshot is not a complete emergency-service registry or an operational-status statement.",
          "No qualified official hospital or ambulance/rescue facility registry is enabled for this provider AOI."
        ],
        "eligible_for_analysis": true,
        "osm_tags": {
          "name": "Ochotnicza Straż Pożarna Bogunice",
          "amenity": "fire_station"
        }
      },
      "geometry": {
        "type": "Point",
        "coordinates": [
          18.3599829,
          50.1400385
        ]
      }
    },
    {
      "type": "Feature",
      "properties": {
        "source": "OpenStreetMap",
        "source_id": "node/9871978280",
        "domain": "emergency",
        "asset_type": "fire_service",
        "confidence": "medium",
        "missing_fields": [],
        "limitations": [
          "OSM emergency and healthcare mapping completeness varies by area and facility type.",
          "The bounded committed snapshot is not a complete emergency-service registry or an operational-status statement.",
          "No qualified official hospital or ambulance/rescue facility registry is enabled for this provider AOI."
        ],
        "eligible_for_analysis": true,
        "osm_tags": {
          "name": "Ochotnicza Straż Pożarna Łańce",
          "amenity": "fire_station"
        }
      },
      "geometry": {
        "type": "Point",
        "coordinates": [
          18.3343925,
          50.082216499999994
        ]
      }
    },
    {
      "type": "Feature",
      "properties": {
        "source": "OpenStreetMap",
        "source_id": "node/10080351685",
        "domain": "emergency",
        "asset_type": "fire_service",
        "confidence": "medium",
        "missing_fields": [],
        "limitations": [
          "OSM emergency and healthcare mapping completeness varies by area and facility type.",
          "The bounded committed snapshot is not a complete emergency-service registry or an operational-status statement.",
          "No qualified official hospital or ambulance/rescue facility registry is enabled for this provider AOI."
        ],
        "eligible_for_analysis": true,
        "osm_tags": {
          "name": "Ochotnicza Straż Pożarna w Rybniku-Kamieniu",
          "amenity": "fire_station"
        }
      },
      "geometry": {
        "type": "Point",
        "coordinates": [
          18.6083185,
          50.1417233
        ]
      }
    },
    {
      "type": "Feature",
      "properties": {
        "source": "OpenStreetMap",
        "source_id": "node/10289093768",
        "domain": "emergency",
        "asset_type": "fire_service",
        "confidence": "medium",
        "missing_fields": [],
        "limitations": [
          "OSM emergency and healthcare mapping completeness varies by area and facility type.",
          "The bounded committed snapshot is not a complete emergency-service registry or an operational-status statement.",
          "No qualified official hospital or ambulance/rescue facility registry is enabled for this provider AOI."
        ],
        "eligible_for_analysis": true,
        "osm_tags": {
          "name": "Ochotnicza Straż Pożarna w Jastrzębiu Zdroju",
          "amenity": "fire_station"
        }
      },
      "geometry": {
        "type": "Point",
        "coordinates": [
          18.5834209,
          49.9385832
        ]
      }
    },
    {
      "type": "Feature",
      "properties": {
        "source": "OpenStreetMap",
        "source_id": "node/10663396213",
        "domain": "emergency",
        "asset_type": "fire_service",
        "confidence": "medium",
        "missing_fields": [],
        "limitations": [
          "OSM emergency and healthcare mapping completeness varies by area and facility type.",
          "The bounded committed snapshot is not a complete emergency-service registry or an operational-status statement.",
          "No qualified official hospital or ambulance/rescue facility registry is enabled for this provider AOI."
        ],
        "eligible_for_analysis": true,
        "osm_tags": {
          "name": "Ochotnicza Straż Pożarna w Mikołowie",
          "amenity": "fire_station"
        }
      },
      "geometry": {
        "type": "Point",
        "coordinates": [
          18.9038072,
          50.17415249999999
        ]
      }
    },
    {
      "type": "Feature",
      "properties": {
        "source": "OpenStreetMap",
        "source_id": "node/10663396279",
        "domain": "emergency",
        "asset_type": "fire_service",
        "confidence": "medium",
        "missing_fields": [],
        "limitations": [
          "OSM emergency and healthcare mapping completeness varies by area and facility type.",
          "The bounded committed snapshot is not a complete emergency-service registry or an operational-status statement.",
          "No qualified official hospital or ambulance/rescue facility registry is enabled for this provider AOI."
        ],
        "eligible_for_analysis": true,
        "osm_tags": {
          "name": "Jednostka Ratowniczo-Gaśnicza Państwowej Straży Pożarnej w Mikołowie",
          "amenity": "fire_station"
        }
      },
      "geometry": {
        "type": "Point",
        "coordinates": [
          18.9031702,
          50.1714391
        ]
      }
    },
    {
      "type": "Feature",
      "properties": {
        "source": "OpenStreetMap",
        "source_id": "node/11053421641",
        "domain": "emergency",
        "asset_type": "fire_service",
        "confidence": "medium",
        "missing_fields": [],
        "limitations": [
          "OSM emergency and healthcare mapping completeness varies by area and facility type.",
          "The bounded committed snapshot is not a complete emergency-service registry or an operational-status statement.",
          "No qualified official hospital or ambulance/rescue facility registry is enabled for this provider AOI."
        ],
        "eligible_for_analysis": true,
        "osm_tags": {
          "amenity": "fire_station"
        }
      },
      "geometry": {
        "type": "Point",
        "coordinates": [
          18.3592425,
          49.9211959
        ]
      }
    },
    {
      "type": "Feature",
      "properties": {
        "source": "OpenStreetMap",
        "source_id": "node/11159478437",
        "domain": "emergency",
        "asset_type": "fire_service",
        "confidence": "medium",
        "missing_fields": [],
        "limitations": [
          "OSM emergency and healthcare mapping completeness varies by area and facility type.",
          "The bounded committed snapshot is not a complete emergency-service registry or an operational-status statement.",
          "No qualified official hospital or ambulance/rescue facility registry is enabled for this provider AOI."
        ],
        "eligible_for_analysis": true,
        "osm_tags": {
          "name": "Ochotnicza Straż Pożarna w Szymocicach",
          "amenity": "fire_station"
        }
      },
      "geometry": {
        "type": "Point",
        "coordinates": [
          18.3710755,
          50.16102489999999
        ]
      }
    },
    {
      "type": "Feature",
      "properties": {
        "source": "OpenStreetMap",
        "source_id": "node/11303170230",
        "domain": "emergency",
        "asset_type": "fire_service",
        "confidence": "medium",
        "missing_fields": [],
        "limitations": [
          "OSM emergency and healthcare mapping completeness varies by area and facility type.",
          "The bounded committed snapshot is not a complete emergency-service registry or an operational-status statement.",
          "No qualified official hospital or ambulance/rescue facility registry is enabled for this provider AOI."
        ],
        "eligible_for_analysis": true,
        "osm_tags": {
          "name": "Hasičská zbrojnice, SDH Šilheřovice",
          "amenity": "fire_station"
        }
      },
      "geometry": {
        "type": "Point",
        "coordinates": [
          18.2700987,
          49.9254954
        ]
      }
    },
    {
      "type": "Feature",
      "properties": {
        "source": "OpenStreetMap",
        "source_id": "node/11642037583",
        "domain": "emergency",
        "asset_type": "fire_service",
        "confidence": "medium",
        "missing_fields": [],
        "limitations": [
          "OSM emergency and healthcare mapping completeness varies by area and facility type.",
          "The bounded committed snapshot is not a complete emergency-service registry or an operational-status statement.",
          "No qualified official hospital or ambulance/rescue facility registry is enabled for this provider AOI."
        ],
        "eligible_for_analysis": true,
        "osm_tags": {
          "name": "Ochotnicza Straż Pożarna Świerklany",
          "amenity": "fire_station",
          "phone": "+48 32 430 41 77"
        }
      },
      "geometry": {
        "type": "Point",
        "coordinates": [
          18.5799724,
          50.0215525
        ]
      }
    },
    {
      "type": "Feature",
      "properties": {
        "source": "OpenStreetMap",
        "source_id": "node/11735247641",
        "domain": "emergency",
        "asset_type": "fire_service",
        "confidence": "medium",
        "missing_fields": [],
        "limitations": [
          "OSM emergency and healthcare mapping completeness varies by area and facility type.",
          "The bounded committed snapshot is not a complete emergency-service registry or an operational-status statement.",
          "No qualified official hospital or ambulance/rescue facility registry is enabled for this provider AOI."
        ],
        "eligible_for_analysis": true,
        "osm_tags": {
          "name": "Jednostka Ratowniczo-Gaśnicza Państwowej Straży Pożarnej w Rybniku",
          "amenity": "fire_station"
        }
      },
      "geometry": {
        "type": "Point",
        "coordinates": [
          18.534302,
          50.0964707
        ]
      }
    },
    {
      "type": "Feature",
      "properties": {
        "source": "OpenStreetMap",
        "source_id": "node/11735349220",
        "domain": "emergency",
        "asset_type": "fire_service",
        "confidence": "medium",
        "missing_fields": [],
        "limitations": [
          "OSM emergency and healthcare mapping completeness varies by area and facility type.",
          "The bounded committed snapshot is not a complete emergency-service registry or an operational-status statement.",
          "No qualified official hospital or ambulance/rescue facility registry is enabled for this provider AOI."
        ],
        "eligible_for_analysis": true,
        "osm_tags": {
          "name": "Jednostka Ratowniczo-Gaśnicza Państwowej Straży Pożarnej w Zabrzu",
          "amenity": "fire_station"
        }
      },
      "geometry": {
        "type": "Point",
        "coordinates": [
          18.7881722,
          50.3090222
        ]
      }
    },
    {
      "type": "Feature",
      "properties": {
        "source": "OpenStreetMap",
        "source_id": "node/11781415480",
        "domain": "emergency",
        "asset_type": "fire_service",
        "confidence": "medium",
        "missing_fields": [],
        "limitations": [
          "OSM emergency and healthcare mapping completeness varies by area and facility type.",
          "The bounded committed snapshot is not a complete emergency-service registry or an operational-status statement.",
          "No qualified official hospital or ambulance/rescue facility registry is enabled for this provider AOI."
        ],
        "eligible_for_analysis": true,
        "osm_tags": {
          "name": "Ochotnicza Straż Pożarna Stellantis Gliwice",
          "amenity": "fire_station"
        }
      },
      "geometry": {
        "type": "Point",
        "coordinates": [
          18.6227885,
          50.3193684
        ]
      }
    },
    {
      "type": "Feature",
      "properties": {
        "source": "OpenStreetMap",
        "source_id": "node/12319201851",
        "domain": "emergency",
        "asset_type": "fire_service",
        "confidence": "medium",
        "missing_fields": [],
        "limitations": [
          "OSM emergency and healthcare mapping completeness varies by area and facility type.",
          "The bounded committed snapshot is not a complete emergency-service registry or an operational-status statement.",
          "No qualified official hospital or ambulance/rescue facility registry is enabled for this provider AOI."
        ],
        "eligible_for_analysis": true,
        "osm_tags": {
          "name": "SDH Muglinov",
          "amenity": "fire_station"
        }
      },
      "geometry": {
        "type": "Point",
        "coordinates": [
          18.2943074,
          49.854899899999985
        ]
      }
    },
    {
      "type": "Feature",
      "properties": {
        "source": "OpenStreetMap",
        "source_id": "node/12384029469",
        "domain": "emergency",
        "asset_type": "fire_service",
        "confidence": "medium",
        "missing_fields": [],
        "limitations": [
          "OSM emergency and healthcare mapping completeness varies by area and facility type.",
          "The bounded committed snapshot is not a complete emergency-service registry or an operational-status statement.",
          "No qualified official hospital or ambulance/rescue facility registry is enabled for this provider AOI."
        ],
        "eligible_for_analysis": true,
        "osm_tags": {
          "name": "Hasičský záchranný sbor Správy železnic",
          "amenity": "fire_station"
        }
      },
      "geometry": {
        "type": "Point",
        "coordinates": [
          18.2717858,
          49.8530955
        ]
      }
    },
    {
      "type": "Feature",
      "properties": {
        "source": "OpenStreetMap",
        "source_id": "node/12453523405",
        "domain": "emergency",
        "asset_type": "fire_service",
        "confidence": "medium",
        "missing_fields": [],
        "limitations": [
          "OSM emergency and healthcare mapping completeness varies by area and facility type.",
          "The bounded committed snapshot is not a complete emergency-service registry or an operational-status statement.",
          "No qualified official hospital or ambulance/rescue facility registry is enabled for this provider AOI."
        ],
        "eligible_for_analysis": true,
        "osm_tags": {
          "name": "SDH Bohumín-Skřečoň",
          "amenity": "fire_station"
        }
      },
      "geometry": {
        "type": "Point",
        "coordinates": [
          18.3785563,
          49.9041464
        ]
      }
    },
    {
      "type": "Feature",
      "properties": {
        "source": "OpenStreetMap",
        "source_id": "node/12455749440",
        "domain": "emergency",
        "asset_type": "fire_service",
        "confidence": "medium",
        "missing_fields": [],
        "limitations": [
          "OSM emergency and healthcare mapping completeness varies by area and facility type.",
          "The bounded committed snapshot is not a complete emergency-service registry or an operational-status statement.",
          "No qualified official hospital or ambulance/rescue facility registry is enabled for this provider AOI."
        ],
        "eligible_for_analysis": true,
        "osm_tags": {
          "name": "SDH Orlová-Poruba",
          "amenity": "fire_station"
        }
      },
      "geometry": {
        "type": "Point",
        "coordinates": [
          18.4197021,
          49.8520324
        ]
      }
    },
    {
      "type": "Feature",
      "properties": {
        "source": "OpenStreetMap",
        "source_id": "node/12640704131",
        "domain": "emergency",
        "asset_type": "fire_service",
        "confidence": "medium",
        "missing_fields": [],
        "limitations": [
          "OSM emergency and healthcare mapping completeness varies by area and facility type.",
          "The bounded committed snapshot is not a complete emergency-service registry or an operational-status statement.",
          "No qualified official hospital or ambulance/rescue facility registry is enabled for this provider AOI."
        ],
        "eligible_for_analysis": true,
        "osm_tags": {
          "name": "SDH Ostrava-Koblov",
          "amenity": "fire_station"
        }
      },
      "geometry": {
        "type": "Point",
        "coordinates": [
          18.2848556,
          49.8736566
        ]
      }
    },
    {
      "type": "Feature",
      "properties": {
        "source": "OpenStreetMap",
        "source_id": "node/12643282990",
        "domain": "emergency",
        "asset_type": "fire_service",
        "confidence": "medium",
        "missing_fields": [],
        "limitations": [
          "OSM emergency and healthcare mapping completeness varies by area and facility type.",
          "The bounded committed snapshot is not a complete emergency-service registry or an operational-status statement.",
          "No qualified official hospital or ambulance/rescue facility registry is enabled for this provider AOI."
        ],
        "eligible_for_analysis": true,
        "osm_tags": {
          "name": "Terenowa Służba Ratownicza przy KWK Bolesław Śmiały",
          "amenity": "fire_station"
        }
      },
      "geometry": {
        "type": "Point",
        "coordinates": [
          18.8625729,
          50.14334039999999
        ]
      }
    },
    {
      "type": "Feature",
      "properties": {
        "source": "OpenStreetMap",
        "source_id": "node/12792321890",
        "domain": "emergency",
        "asset_type": "fire_service",
        "confidence": "medium",
        "missing_fields": [],
        "limitations": [
          "OSM emergency and healthcare mapping completeness varies by area and facility type.",
          "The bounded committed snapshot is not a complete emergency-service registry or an operational-status statement.",
          "No qualified official hospital or ambulance/rescue facility registry is enabled for this provider AOI."
        ],
        "eligible_for_analysis": true,
        "osm_tags": {
          "name": "Ochotnicza Straż Pożarna Lubieszów",
          "operator": "Zarząd OSP",
          "amenity": "fire_station"
        }
      },
      "geometry": {
        "type": "Point",
        "coordinates": [
          18.2653947,
          50.2594389
        ]
      }
    },
    {
      "type": "Feature",
      "properties": {
        "source": "OpenStreetMap",
        "source_id": "node/13429120288",
        "domain": "emergency",
        "asset_type": "fire_service",
        "confidence": "medium",
        "missing_fields": [],
        "limitations": [
          "OSM emergency and healthcare mapping completeness varies by area and facility type.",
          "The bounded committed snapshot is not a complete emergency-service registry or an operational-status statement.",
          "No qualified official hospital or ambulance/rescue facility registry is enabled for this provider AOI."
        ],
        "eligible_for_analysis": true,
        "osm_tags": {
          "name": "OSP Goszyce",
          "amenity": "fire_station"
        }
      },
      "geometry": {
        "type": "Point",
        "coordinates": [
          18.416757,
          50.26762790000001
        ]
      }
    },
    {
      "type": "Feature",
      "properties": {
        "source": "OpenStreetMap",
        "source_id": "node/13970693171",
        "domain": "emergency",
        "asset_type": "fire_service",
        "confidence": "medium",
        "missing_fields": [],
        "limitations": [
          "OSM emergency and healthcare mapping completeness varies by area and facility type.",
          "The bounded committed snapshot is not a complete emergency-service registry or an operational-status statement.",
          "No qualified official hospital or ambulance/rescue facility registry is enabled for this provider AOI."
        ],
        "eligible_for_analysis": true,
        "osm_tags": {
          "name": "Ochotnicza Straż Pożarna Pietraszyn",
          "amenity": "fire_station"
        }
      },
      "geometry": {
        "type": "Point",
        "coordinates": [
          18.0880112,
          50.035117099999994
        ]
      }
    },
    {
      "type": "Feature",
      "properties": {
        "source": "OpenStreetMap",
        "source_id": "node/13970693568",
        "domain": "emergency",
        "asset_type": "fire_service",
        "confidence": "medium",
        "missing_fields": [],
        "limitations": [
          "OSM emergency and healthcare mapping completeness varies by area and facility type.",
          "The bounded committed snapshot is not a complete emergency-service registry or an operational-status statement.",
          "No qualified official hospital or ambulance/rescue facility registry is enabled for this provider AOI."
        ],
        "eligible_for_analysis": true,
        "osm_tags": {
          "name": "Ochotnicza Straż Pożarna Uchylsko",
          "amenity": "fire_station"
        }
      },
      "geometry": {
        "type": "Point",
        "coordinates": [
          18.381075,
          49.94575559999999
        ]
      }
    },
    {
      "type": "Feature",
      "properties": {
        "source": "OpenStreetMap",
        "source_id": "node/13970694106",
        "domain": "emergency",
        "asset_type": "fire_service",
        "confidence": "medium",
        "missing_fields": [],
        "limitations": [
          "OSM emergency and healthcare mapping completeness varies by area and facility type.",
          "The bounded committed snapshot is not a complete emergency-service registry or an operational-status statement.",
          "No qualified official hospital or ambulance/rescue facility registry is enabled for this provider AOI."
        ],
        "eligible_for_analysis": true,
        "osm_tags": {
          "name": "Ochotnicza Straż Pożarna Owsiszcze",
          "amenity": "fire_station"
        }
      },
      "geometry": {
        "type": "Point",
        "coordinates": [
          18.2199034,
          49.97618239999999
        ]
      }
    },
    {
      "type": "Feature",
      "properties": {
        "source": "OpenStreetMap",
        "source_id": "node/13970694845",
        "domain": "emergency",
        "asset_type": "fire_service",
        "confidence": "medium",
        "missing_fields": [],
        "limitations": [
          "OSM emergency and healthcare mapping completeness varies by area and facility type.",
          "The bounded committed snapshot is not a complete emergency-service registry or an operational-status statement.",
          "No qualified official hospital or ambulance/rescue facility registry is enabled for this provider AOI."
        ],
        "eligible_for_analysis": true,
        "osm_tags": {
          "amenity": "fire_station"
        }
      },
      "geometry": {
        "type": "Point",
        "coordinates": [
          18.2006068,
          49.9195954
        ]
      }
    },
    {
      "type": "Feature",
      "properties": {
        "source": "OpenStreetMap",
        "source_id": "node/13970695371",
        "domain": "emergency",
        "asset_type": "fire_service",
        "confidence": "medium",
        "missing_fields": [],
        "limitations": [
          "OSM emergency and healthcare mapping completeness varies by area and facility type.",
          "The bounded committed snapshot is not a complete emergency-service registry or an operational-status statement.",
          "No qualified official hospital or ambulance/rescue facility registry is enabled for this provider AOI."
        ],
        "eligible_for_analysis": true,
        "osm_tags": {
          "amenity": "fire_station"
        }
      },
      "geometry": {
        "type": "Point",
        "coordinates": [
          18.4794203,
          49.8605236
        ]
      }
    },
    {
      "type": "Feature",
      "properties": {
        "source": "OpenStreetMap",
        "source_id": "node/13970695667",
        "domain": "emergency",
        "asset_type": "fire_service",
        "confidence": "medium",
        "missing_fields": [],
        "limitations": [
          "OSM emergency and healthcare mapping completeness varies by area and facility type.",
          "The bounded committed snapshot is not a complete emergency-service registry or an operational-status statement.",
          "No qualified official hospital or ambulance/rescue facility registry is enabled for this provider AOI."
        ],
        "eligible_for_analysis": true,
        "osm_tags": {
          "name": "Hasičská zbrojnice - JSDH Antošovice",
          "amenity": "fire_station"
        }
      },
      "geometry": {
        "type": "Point",
        "coordinates": [
          18.314176,
          49.9052854
        ]
      }
    },
    {
      "type": "Feature",
      "properties": {
        "source": "OpenStreetMap",
        "source_id": "node/13970695676",
        "domain": "emergency",
        "asset_type": "fire_service",
        "confidence": "medium",
        "missing_fields": [],
        "limitations": [
          "OSM emergency and healthcare mapping completeness varies by area and facility type.",
          "The bounded committed snapshot is not a complete emergency-service registry or an operational-status statement.",
          "No qualified official hospital or ambulance/rescue facility registry is enabled for this provider AOI."
        ],
        "eligible_for_analysis": true,
        "osm_tags": {
          "name": "Integrované výjezdové centrum",
          "amenity": "fire_station"
        }
      },
      "geometry": {
        "type": "Point",
        "coordinates": [
          18.2583841,
          49.85557140000001
        ]
      }
    },
    {
      "type": "Feature",
      "properties": {
        "source": "OpenStreetMap",
        "source_id": "node/13970695680",
        "domain": "emergency",
        "asset_type": "fire_service",
        "confidence": "medium",
        "missing_fields": [],
        "limitations": [
          "OSM emergency and healthcare mapping completeness varies by area and facility type.",
          "The bounded committed snapshot is not a complete emergency-service registry or an operational-status statement.",
          "No qualified official hospital or ambulance/rescue facility registry is enabled for this provider AOI."
        ],
        "eligible_for_analysis": true,
        "osm_tags": {
          "amenity": "fire_station"
        }
      },
      "geometry": {
        "type": "Point",
        "coordinates": [
          18.1824571,
          49.8968534
        ]
      }
    },
    {
      "type": "Feature",
      "properties": {
        "source": "OpenStreetMap",
        "source_id": "node/13970696053",
        "domain": "emergency",
        "asset_type": "fire_service",
        "confidence": "medium",
        "missing_fields": [],
        "limitations": [
          "OSM emergency and healthcare mapping completeness varies by area and facility type.",
          "The bounded committed snapshot is not a complete emergency-service registry or an operational-status statement.",
          "No qualified official hospital or ambulance/rescue facility registry is enabled for this provider AOI."
        ],
        "eligible_for_analysis": true,
        "osm_tags": {
          "amenity": "fire_station"
        }
      },
      "geometry": {
        "type": "Point",
        "coordinates": [
          18.2245491,
          49.9359767
        ]
      }
    },
    {
      "type": "Feature",
      "properties": {
        "source": "OpenStreetMap",
        "source_id": "node/13970696081",
        "domain": "emergency",
        "asset_type": "fire_service",
        "confidence": "medium",
        "missing_fields": [],
        "limitations": [
          "OSM emergency and healthcare mapping completeness varies by area and facility type.",
          "The bounded committed snapshot is not a complete emergency-service registry or an operational-status statement.",
          "No qualified official hospital or ambulance/rescue facility registry is enabled for this provider AOI."
        ],
        "eligible_for_analysis": true,
        "osm_tags": {
          "name": "Hasičská zbrojnica",
          "amenity": "fire_station"
        }
      },
      "geometry": {
        "type": "Point",
        "coordinates": [
          18.1305579,
          49.94258189999999
        ]
      }
    },
    {
      "type": "Feature",
      "properties": {
        "source": "OpenStreetMap",
        "source_id": "node/13970696845",
        "domain": "emergency",
        "asset_type": "fire_service",
        "confidence": "medium",
        "missing_fields": [],
        "limitations": [
          "OSM emergency and healthcare mapping completeness varies by area and facility type.",
          "The bounded committed snapshot is not a complete emergency-service registry or an operational-status statement.",
          "No qualified official hospital or ambulance/rescue facility registry is enabled for this provider AOI."
        ],
        "eligible_for_analysis": true,
        "osm_tags": {
          "name": "Hasičská zbrojnice - jednotka sboru dobrovolných hasičů obce Hať",
          "amenity": "fire_station"
        }
      },
      "geometry": {
        "type": "Point",
        "coordinates": [
          18.2411447,
          49.94570199999999
        ]
      }
    },
    {
      "type": "Feature",
      "properties": {
        "source": "OpenStreetMap",
        "source_id": "node/13970697076",
        "domain": "emergency",
        "asset_type": "fire_service",
        "confidence": "medium",
        "missing_fields": [],
        "limitations": [
          "OSM emergency and healthcare mapping completeness varies by area and facility type.",
          "The bounded committed snapshot is not a complete emergency-service registry or an operational-status statement.",
          "No qualified official hospital or ambulance/rescue facility registry is enabled for this provider AOI."
        ],
        "eligible_for_analysis": true,
        "osm_tags": {
          "name": "Sbor dobrovolných hasičů",
          "amenity": "fire_station"
        }
      },
      "geometry": {
        "type": "Point",
        "coordinates": [
          18.3487852,
          49.8405443
        ]
      }
    },
    {
      "type": "Feature",
      "properties": {
        "source": "OpenStreetMap",
        "source_id": "node/13992935917",
        "domain": "emergency",
        "asset_type": "fire_service",
        "confidence": "medium",
        "missing_fields": [],
        "limitations": [
          "OSM emergency and healthcare mapping completeness varies by area and facility type.",
          "The bounded committed snapshot is not a complete emergency-service registry or an operational-status statement.",
          "No qualified official hospital or ambulance/rescue facility registry is enabled for this provider AOI."
        ],
        "eligible_for_analysis": true,
        "osm_tags": {
          "amenity": "fire_station"
        }
      },
      "geometry": {
        "type": "Point",
        "coordinates": [
          18.5691562,
          49.8676047
        ]
      }
    },
    {
      "type": "Feature",
      "properties": {
        "source": "OpenStreetMap",
        "source_id": "node/13992958582",
        "domain": "emergency",
        "asset_type": "fire_service",
        "confidence": "medium",
        "missing_fields": [],
        "limitations": [
          "OSM emergency and healthcare mapping completeness varies by area and facility type.",
          "The bounded committed snapshot is not a complete emergency-service registry or an operational-status statement.",
          "No qualified official hospital or ambulance/rescue facility registry is enabled for this provider AOI."
        ],
        "eligible_for_analysis": true,
        "osm_tags": {
          "amenity": "fire_station"
        }
      },
      "geometry": {
        "type": "Point",
        "coordinates": [
          18.1482578,
          49.9726574
        ]
      }
    },
    {
      "type": "Feature",
      "properties": {
        "source": "OpenStreetMap",
        "source_id": "node/13992959074",
        "domain": "emergency",
        "asset_type": "fire_service",
        "confidence": "medium",
        "missing_fields": [],
        "limitations": [
          "OSM emergency and healthcare mapping completeness varies by area and facility type.",
          "The bounded committed snapshot is not a complete emergency-service registry or an operational-status statement.",
          "No qualified official hospital or ambulance/rescue facility registry is enabled for this provider AOI."
        ],
        "eligible_for_analysis": true,
        "osm_tags": {
          "amenity": "fire_station"
        }
      },
      "geometry": {
        "type": "Point",
        "coordinates": [
          18.4951528,
          49.9001485
        ]
      }
    },
    {
      "type": "Feature",
      "properties": {
        "source": "OpenStreetMap",
        "source_id": "node/13992959666",
        "domain": "emergency",
        "asset_type": "fire_service",
        "confidence": "medium",
        "missing_fields": [],
        "limitations": [
          "OSM emergency and healthcare mapping completeness varies by area and facility type.",
          "The bounded committed snapshot is not a complete emergency-service registry or an operational-status statement.",
          "No qualified official hospital or ambulance/rescue facility registry is enabled for this provider AOI."
        ],
        "eligible_for_analysis": true,
        "osm_tags": {
          "amenity": "fire_station"
        }
      },
      "geometry": {
        "type": "Point",
        "coordinates": [
          18.5696379,
          49.8926115
        ]
      }
    },
    {
      "type": "Feature",
      "properties": {
        "source": "OpenStreetMap",
        "source_id": "node/13992959678",
        "domain": "emergency",
        "asset_type": "fire_service",
        "confidence": "medium",
        "missing_fields": [],
        "limitations": [
          "OSM emergency and healthcare mapping completeness varies by area and facility type.",
          "The bounded committed snapshot is not a complete emergency-service registry or an operational-status statement.",
          "No qualified official hospital or ambulance/rescue facility registry is enabled for this provider AOI."
        ],
        "eligible_for_analysis": true,
        "osm_tags": {
          "amenity": "fire_station"
        }
      },
      "geometry": {
        "type": "Point",
        "coordinates": [
          18.4164569,
          49.906994
        ]
      }
    },
    {
      "type": "Feature",
      "properties": {
        "source": "OpenStreetMap",
        "source_id": "node/13992959821",
        "domain": "emergency",
        "asset_type": "fire_service",
        "confidence": "medium",
        "missing_fields": [],
        "limitations": [
          "OSM emergency and healthcare mapping completeness varies by area and facility type.",
          "The bounded committed snapshot is not a complete emergency-service registry or an operational-status statement.",
          "No qualified official hospital or ambulance/rescue facility registry is enabled for this provider AOI."
        ],
        "eligible_for_analysis": true,
        "osm_tags": {
          "amenity": "fire_station"
        }
      },
      "geometry": {
        "type": "Point",
        "coordinates": [
          18.4679418,
          49.89271499999999
        ]
      }
    },
    {
      "type": "Feature",
      "properties": {
        "source": "OpenStreetMap",
        "source_id": "node/13992960357",
        "domain": "emergency",
        "asset_type": "fire_service",
        "confidence": "medium",
        "missing_fields": [],
        "limitations": [
          "OSM emergency and healthcare mapping completeness varies by area and facility type.",
          "The bounded committed snapshot is not a complete emergency-service registry or an operational-status statement.",
          "No qualified official hospital or ambulance/rescue facility registry is enabled for this provider AOI."
        ],
        "eligible_for_analysis": true,
        "osm_tags": {
          "amenity": "fire_station"
        }
      },
      "geometry": {
        "type": "Point",
        "coordinates": [
          18.331423,
          49.918309
        ]
      }
    },
    {
      "type": "Feature",
      "properties": {
        "source": "OpenStreetMap",
        "source_id": "node/13992960395",
        "domain": "emergency",
        "asset_type": "fire_service",
        "confidence": "medium",
        "missing_fields": [],
        "limitations": [
          "OSM emergency and healthcare mapping completeness varies by area and facility type.",
          "The bounded committed snapshot is not a complete emergency-service registry or an operational-status statement.",
          "No qualified official hospital or ambulance/rescue facility registry is enabled for this provider AOI."
        ],
        "eligible_for_analysis": true,
        "osm_tags": {
          "amenity": "fire_station"
        }
      },
      "geometry": {
        "type": "Point",
        "coordinates": [
          18.0893677,
          50.00476739999999
        ]
      }
    },
    {
      "type": "Feature",
      "properties": {
        "source": "OpenStreetMap",
        "source_id": "node/13992962785",
        "domain": "emergency",
        "asset_type": "fire_service",
        "confidence": "medium",
        "missing_fields": [],
        "limitations": [
          "OSM emergency and healthcare mapping completeness varies by area and facility type.",
          "The bounded committed snapshot is not a complete emergency-service registry or an operational-status statement.",
          "No qualified official hospital or ambulance/rescue facility registry is enabled for this provider AOI."
        ],
        "eligible_for_analysis": true,
        "osm_tags": {
          "amenity": "fire_station"
        }
      },
      "geometry": {
        "type": "Point",
        "coordinates": [
          18.2760406,
          49.85839099999999
        ]
      }
    },
    {
      "type": "Feature",
      "properties": {
        "source": "OpenStreetMap",
        "source_id": "node/13992964690",
        "domain": "emergency",
        "asset_type": "fire_service",
        "confidence": "medium",
        "missing_fields": [],
        "limitations": [
          "OSM emergency and healthcare mapping completeness varies by area and facility type.",
          "The bounded committed snapshot is not a complete emergency-service registry or an operational-status statement.",
          "No qualified official hospital or ambulance/rescue facility registry is enabled for this provider AOI."
        ],
        "eligible_for_analysis": true,
        "osm_tags": {
          "amenity": "fire_station"
        }
      },
      "geometry": {
        "type": "Point",
        "coordinates": [
          18.1184555,
          49.9864709
        ]
      }
    },
    {
      "type": "Feature",
      "properties": {
        "source": "OpenStreetMap",
        "source_id": "node/13992966649",
        "domain": "emergency",
        "asset_type": "fire_service",
        "confidence": "medium",
        "missing_fields": [],
        "limitations": [
          "OSM emergency and healthcare mapping completeness varies by area and facility type.",
          "The bounded committed snapshot is not a complete emergency-service registry or an operational-status statement.",
          "No qualified official hospital or ambulance/rescue facility registry is enabled for this provider AOI."
        ],
        "eligible_for_analysis": true,
        "osm_tags": {
          "amenity": "fire_station"
        }
      },
      "geometry": {
        "type": "Point",
        "coordinates": [
          18.4305082,
          49.89951009999999
        ]
      }
    },
    {
      "type": "Feature",
      "properties": {
        "source": "OpenStreetMap",
        "source_id": "node/13992969227",
        "domain": "emergency",
        "asset_type": "fire_service",
        "confidence": "medium",
        "missing_fields": [],
        "limitations": [
          "OSM emergency and healthcare mapping completeness varies by area and facility type.",
          "The bounded committed snapshot is not a complete emergency-service registry or an operational-status statement.",
          "No qualified official hospital or ambulance/rescue facility registry is enabled for this provider AOI."
        ],
        "eligible_for_analysis": true,
        "osm_tags": {
          "amenity": "fire_station"
        }
      },
      "geometry": {
        "type": "Point",
        "coordinates": [
          18.4374125,
          49.84909879999999
        ]
      }
    },
    {
      "type": "Feature",
      "properties": {
        "source": "OpenStreetMap",
        "source_id": "node/13992989150",
        "domain": "emergency",
        "asset_type": "fire_service",
        "confidence": "medium",
        "missing_fields": [],
        "limitations": [
          "OSM emergency and healthcare mapping completeness varies by area and facility type.",
          "The bounded committed snapshot is not a complete emergency-service registry or an operational-status statement.",
          "No qualified official hospital or ambulance/rescue facility registry is enabled for this provider AOI."
        ],
        "eligible_for_analysis": true,
        "osm_tags": {
          "amenity": "fire_station"
        }
      },
      "geometry": {
        "type": "Point",
        "coordinates": [
          18.2344222,
          49.909245899999995
        ]
      }
    },
    {
      "type": "Feature",
      "properties": {
        "source": "OpenStreetMap",
        "source_id": "node/13992991170",
        "domain": "emergency",
        "asset_type": "fire_service",
        "confidence": "medium",
        "missing_fields": [],
        "limitations": [
          "OSM emergency and healthcare mapping completeness varies by area and facility type.",
          "The bounded committed snapshot is not a complete emergency-service registry or an operational-status statement.",
          "No qualified official hospital or ambulance/rescue facility registry is enabled for this provider AOI."
        ],
        "eligible_for_analysis": true,
        "osm_tags": {
          "amenity": "fire_station"
        }
      },
      "geometry": {
        "type": "Point",
        "coordinates": [
          18.3642898,
          49.8987765
        ]
      }
    },
    {
      "type": "Feature",
      "properties": {
        "source": "OpenStreetMap",
        "source_id": "node/13993008803",
        "domain": "emergency",
        "asset_type": "fire_service",
        "confidence": "medium",
        "missing_fields": [],
        "limitations": [
          "OSM emergency and healthcare mapping completeness varies by area and facility type.",
          "The bounded committed snapshot is not a complete emergency-service registry or an operational-status statement.",
          "No qualified official hospital or ambulance/rescue facility registry is enabled for this provider AOI."
        ],
        "eligible_for_analysis": true,
        "osm_tags": {
          "amenity": "fire_station"
        }
      },
      "geometry": {
        "type": "Point",
        "coordinates": [
          18.502473,
          49.7957737
        ]
      }
    },
    {
      "type": "Feature",
      "properties": {
        "source": "OpenStreetMap",
        "source_id": "node/13993010746",
        "domain": "emergency",
        "asset_type": "fire_service",
        "confidence": "medium",
        "missing_fields": [],
        "limitations": [
          "OSM emergency and healthcare mapping completeness varies by area and facility type.",
          "The bounded committed snapshot is not a complete emergency-service registry or an operational-status statement.",
          "No qualified official hospital or ambulance/rescue facility registry is enabled for this provider AOI."
        ],
        "eligible_for_analysis": true,
        "osm_tags": {
          "amenity": "fire_station"
        }
      },
      "geometry": {
        "type": "Point",
        "coordinates": [
          18.5138039,
          49.86159909999999
        ]
      }
    },
    {
      "type": "Feature",
      "properties": {
        "source": "OpenStreetMap",
        "source_id": "node/14089795816",
        "domain": "emergency",
        "asset_type": "fire_service",
        "confidence": "medium",
        "missing_fields": [],
        "limitations": [
          "OSM emergency and healthcare mapping completeness varies by area and facility type.",
          "The bounded committed snapshot is not a complete emergency-service registry or an operational-status statement.",
          "No qualified official hospital or ambulance/rescue facility registry is enabled for this provider AOI."
        ],
        "eligible_for_analysis": true,
        "osm_tags": {
          "name": "Sbor dobrovolných hasičů Hlučín",
          "amenity": "fire_station"
        }
      },
      "geometry": {
        "type": "Point",
        "coordinates": [
          18.1822354,
          49.89669070000001
        ]
      }
    },
    {
      "type": "Feature",
      "properties": {
        "source": "OpenStreetMap",
        "source_id": "node/14089858095",
        "domain": "emergency",
        "asset_type": "fire_service",
        "confidence": "medium",
        "missing_fields": [],
        "limitations": [
          "OSM emergency and healthcare mapping completeness varies by area and facility type.",
          "The bounded committed snapshot is not a complete emergency-service registry or an operational-status statement.",
          "No qualified official hospital or ambulance/rescue facility registry is enabled for this provider AOI."
        ],
        "eligible_for_analysis": true,
        "osm_tags": {
          "amenity": "fire_station"
        }
      },
      "geometry": {
        "type": "Point",
        "coordinates": [
          18.560623900000003,
          49.844457899999995
        ]
      }
    },
    {
      "type": "Feature",
      "properties": {
        "source": "OpenStreetMap",
        "source_id": "node/14089858232",
        "domain": "emergency",
        "asset_type": "fire_service",
        "confidence": "medium",
        "missing_fields": [],
        "limitations": [
          "OSM emergency and healthcare mapping completeness varies by area and facility type.",
          "The bounded committed snapshot is not a complete emergency-service registry or an operational-status statement.",
          "No qualified official hospital or ambulance/rescue facility registry is enabled for this provider AOI."
        ],
        "eligible_for_analysis": true,
        "osm_tags": {
          "amenity": "fire_station"
        }
      },
      "geometry": {
        "type": "Point",
        "coordinates": [
          18.4799473,
          49.7995637
        ]
      }
    },
    {
      "type": "Feature",
      "properties": {
        "source": "OpenStreetMap",
        "source_id": "way/32687092",
        "domain": "emergency",
        "asset_type": "fire_service",
        "confidence": "medium",
        "missing_fields": [],
        "limitations": [
          "OSM emergency and healthcare mapping completeness varies by area and facility type.",
          "The bounded committed snapshot is not a complete emergency-service registry or an operational-status statement.",
          "No qualified official hospital or ambulance/rescue facility registry is enabled for this provider AOI."
        ],
        "eligible_for_analysis": true,
        "osm_tags": {
          "name": "Záchranný útvar HZS ČR -ůčelové zařízení Hať",
          "amenity": "fire_station"
        }
      },
      "geometry": {
        "type": "Polygon",
        "coordinates": [
          [
            [
              18.2343911,
              49.970379
            ],
            [
              18.2335591,
              49.97043000000001
            ],
            [
              18.2335864,
              49.970809499999994
            ],
            [
              18.2335893,
              49.970849199999996
            ],
            [
              18.2337561,
              49.97092669999999
            ],
            [
              18.234478,
              49.9710113
            ],
            [
              18.2343911,
              49.970379
            ]
          ]
        ]
      }
    },
    {
      "type": "Feature",
      "properties": {
        "source": "OpenStreetMap",
        "source_id": "way/68443825",
        "domain": "emergency",
        "asset_type": "fire_service",
        "confidence": "medium",
        "missing_fields": [],
        "limitations": [
          "OSM emergency and healthcare mapping completeness varies by area and facility type.",
          "The bounded committed snapshot is not a complete emergency-service registry or an operational-status statement.",
          "No qualified official hospital or ambulance/rescue facility registry is enabled for this provider AOI."
        ],
        "eligible_for_analysis": true,
        "osm_tags": {
          "name": "Ochotnicza Straż Pożarna w Tworogu Małym",
          "amenity": "fire_station",
          "building": "yes"
        }
      },
      "geometry": {
        "type": "Polygon",
        "coordinates": [
          [
            [
              18.4646577,
              50.2555828
            ],
            [
              18.4646863,
              50.2554627
            ],
            [
              18.4644565,
              50.25544039999999
            ],
            [
              18.4644279,
              50.2555604
            ],
            [
              18.4646577,
              50.2555828
            ]
          ]
        ]
      }
    },
    {
      "type": "Feature",
      "properties": {
        "source": "OpenStreetMap",
        "source_id": "way/87857209",
        "domain": "emergency",
        "asset_type": "fire_service",
        "confidence": "medium",
        "missing_fields": [],
        "limitations": [
          "OSM emergency and healthcare mapping completeness varies by area and facility type.",
          "The bounded committed snapshot is not a complete emergency-service registry or an operational-status statement.",
          "No qualified official hospital or ambulance/rescue facility registry is enabled for this provider AOI."
        ],
        "eligible_for_analysis": true,
        "osm_tags": {
          "name": "Jednostka Ratowniczo-Gaśnicza Państwowej Straży Pożarnej w Gliwicach",
          "amenity": "fire_station",
          "building": "yes"
        }
      },
      "geometry": {
        "type": "Polygon",
        "coordinates": [
          [
            [
              18.6746644,
              50.292300100000006
            ],
            [
              18.6747257,
              50.29233049999999
            ],
            [
              18.6750561,
              50.292058
            ],
            [
              18.6748434,
              50.29195210000001
            ],
            [
              18.6748231,
              50.291942
            ],
            [
              18.67482,
              50.29194050000001
            ],
            [
              18.6744505,
              50.2922452
            ],
            [
              18.674372,
              50.292206199999995
            ],
            [
              18.6743117,
              50.292255999999995
            ],
            [
              18.6743911,
              50.292295499999994
            ],
            [
              18.6742654,
              50.29239919999999
            ],
            [
              18.6744393,
              50.2924857
            ],
            [
              18.6746644,
              50.292300100000006
            ]
          ]
        ]
      }
    },
    {
      "type": "Feature",
      "properties": {
        "source": "OpenStreetMap",
        "source_id": "way/103963464",
        "domain": "emergency",
        "asset_type": "fire_service",
        "confidence": "medium",
        "missing_fields": [],
        "limitations": [
          "OSM emergency and healthcare mapping completeness varies by area and facility type.",
          "The bounded committed snapshot is not a complete emergency-service registry or an operational-status statement.",
          "No qualified official hospital or ambulance/rescue facility registry is enabled for this provider AOI."
        ],
        "eligible_for_analysis": true,
        "osm_tags": {
          "name": "Ochotnicza Straż Pożarna Rudnik",
          "amenity": "fire_station",
          "building": "yes"
        }
      },
      "geometry": {
        "type": "Polygon",
        "coordinates": [
          [
            [
              18.1878294,
              50.1260549
            ],
            [
              18.1876684,
              50.1260791
            ],
            [
              18.187709900000005,
              50.12619249999999
            ],
            [
              18.187746,
              50.12618710000001
            ],
            [
              18.1878709,
              50.126168299999996
            ],
            [
              18.1878294,
              50.1260549
            ]
          ]
        ]
      }
    },
    {
      "type": "Feature",
      "properties": {
        "source": "OpenStreetMap",
        "source_id": "way/106938507",
        "domain": "emergency",
        "asset_type": "fire_service",
        "confidence": "medium",
        "missing_fields": [],
        "limitations": [
          "OSM emergency and healthcare mapping completeness varies by area and facility type.",
          "The bounded committed snapshot is not a complete emergency-service registry or an operational-status statement.",
          "No qualified official hospital or ambulance/rescue facility registry is enabled for this provider AOI."
        ],
        "eligible_for_analysis": true,
        "osm_tags": {
          "name": "Ochotnicza Straż Pożarna w Brzeźnicy",
          "amenity": "fire_station",
          "building": "fire_station"
        }
      },
      "geometry": {
        "type": "Polygon",
        "coordinates": [
          [
            [
              18.2277276,
              50.147979
            ],
            [
              18.2275966,
              50.1479671
            ],
            [
              18.2275767,
              50.14805729999999
            ],
            [
              18.2277078,
              50.148069199999995
            ],
            [
              18.2277276,
              50.147979
            ]
          ]
        ]
      }
    },
    {
      "type": "Feature",
      "properties": {
        "source": "OpenStreetMap",
        "source_id": "way/108859268",
        "domain": "emergency",
        "asset_type": "fire_service",
        "confidence": "medium",
        "missing_fields": [],
        "limitations": [
          "OSM emergency and healthcare mapping completeness varies by area and facility type.",
          "The bounded committed snapshot is not a complete emergency-service registry or an operational-status statement.",
          "No qualified official hospital or ambulance/rescue facility registry is enabled for this provider AOI."
        ],
        "eligible_for_analysis": true,
        "osm_tags": {
          "name": "Ochotnicza Straż Pożarna w Gierałtowicach Gmina Gierałtowice",
          "amenity": "fire_station",
          "building": "yes"
        }
      },
      "geometry": {
        "type": "Polygon",
        "coordinates": [
          [
            [
              18.7239908,
              50.2240113
            ],
            [
              18.7240557,
              50.223864999999996
            ],
            [
              18.7238939,
              50.2238379
            ],
            [
              18.7238339,
              50.2239844
            ],
            [
              18.7239908,
              50.2240113
            ]
          ]
        ]
      }
    },
    {
      "type": "Feature",
      "properties": {
        "source": "OpenStreetMap",
        "source_id": "way/110008635",
        "domain": "emergency",
        "asset_type": "fire_service",
        "confidence": "medium",
        "missing_fields": [],
        "limitations": [
          "OSM emergency and healthcare mapping completeness varies by area and facility type.",
          "The bounded committed snapshot is not a complete emergency-service registry or an operational-status statement.",
          "No qualified official hospital or ambulance/rescue facility registry is enabled for this provider AOI."
        ],
        "eligible_for_analysis": true,
        "osm_tags": {
          "name": "Ochotnicza Straż Pożarna Strzybnik",
          "amenity": "fire_station",
          "building": "yes"
        }
      },
      "geometry": {
        "type": "Polygon",
        "coordinates": [
          [
            [
              18.1618137,
              50.13622589999999
            ],
            [
              18.1619447,
              50.1361921
            ],
            [
              18.1619385,
              50.1361822
            ],
            [
              18.1618297,
              50.13600879999999
            ],
            [
              18.1616988,
              50.1360425
            ],
            [
              18.1618137,
              50.13622589999999
            ]
          ]
        ]
      }
    },
    {
      "type": "Feature",
      "properties": {
        "source": "OpenStreetMap",
        "source_id": "way/113080944",
        "domain": "emergency",
        "asset_type": "fire_service",
        "confidence": "medium",
        "missing_fields": [],
        "limitations": [
          "OSM emergency and healthcare mapping completeness varies by area and facility type.",
          "The bounded committed snapshot is not a complete emergency-service registry or an operational-status statement.",
          "No qualified official hospital or ambulance/rescue facility registry is enabled for this provider AOI."
        ],
        "eligible_for_analysis": true,
        "osm_tags": {
          "name": "Jednostka Ratowniczo-Gaśnicza Państwowej Straży Pożarnej w Gliwicach Łabędach",
          "amenity": "fire_station",
          "building": "yes"
        }
      },
      "geometry": {
        "type": "Polygon",
        "coordinates": [
          [
            [
              18.6163322,
              50.35408979999999
            ],
            [
              18.6164145,
              50.3544167
            ],
            [
              18.6165116,
              50.354406700000006
            ],
            [
              18.616523,
              50.3544056
            ],
            [
              18.6165383,
              50.35440399999999
            ],
            [
              18.6166411,
              50.35439339999999
            ],
            [
              18.6166706,
              50.35439039999999
            ],
            [
              18.616657,
              50.35433619999999
            ],
            [
              18.6172355,
              50.35427689999999
            ],
            [
              18.6172442,
              50.354276
            ],
            [
              18.617205700000003,
              50.3541367
            ],
            [
              18.6166225,
              50.3542
            ],
            [
              18.6165882,
              50.3540635
            ],
            [
              18.6163322,
              50.35408979999999
            ]
          ]
        ]
      }
    },
    {
      "type": "Feature",
      "properties": {
        "source": "OpenStreetMap",
        "source_id": "way/128650436",
        "domain": "emergency",
        "asset_type": "fire_service",
        "confidence": "medium",
        "missing_fields": [],
        "limitations": [
          "OSM emergency and healthcare mapping completeness varies by area and facility type.",
          "The bounded committed snapshot is not a complete emergency-service registry or an operational-status statement.",
          "No qualified official hospital or ambulance/rescue facility registry is enabled for this provider AOI."
        ],
        "eligible_for_analysis": true,
        "osm_tags": {
          "name": "Ochotnicza Straż Pożarna Książenice",
          "amenity": "fire_station",
          "building": "yes"
        }
      },
      "geometry": {
        "type": "Polygon",
        "coordinates": [
          [
            [
              18.5964255,
              50.154426099999995
            ],
            [
              18.5965659,
              50.1543733
            ],
            [
              18.5961881,
              50.15396069999999
            ],
            [
              18.5960458,
              50.154014199999985
            ],
            [
              18.5961471,
              50.1541248
            ],
            [
              18.5960973,
              50.1541435
            ],
            [
              18.5962913,
              50.15435529999999
            ],
            [
              18.5964126,
              50.1543097
            ],
            [
              18.5964281,
              50.154326700000006
            ],
            [
              18.5963146,
              50.1543693
            ],
            [
              18.5963817,
              50.1544426
            ],
            [
              18.5964255,
              50.154426099999995
            ]
          ]
        ]
      }
    },
    {
      "type": "Feature",
      "properties": {
        "source": "OpenStreetMap",
        "source_id": "way/152471165",
        "domain": "emergency",
        "asset_type": "fire_service",
        "confidence": "medium",
        "missing_fields": [],
        "limitations": [
          "OSM emergency and healthcare mapping completeness varies by area and facility type.",
          "The bounded committed snapshot is not a complete emergency-service registry or an operational-status statement.",
          "No qualified official hospital or ambulance/rescue facility registry is enabled for this provider AOI."
        ],
        "eligible_for_analysis": true,
        "osm_tags": {
          "name": "Ochotnicza Straż Pożarna Knurów",
          "amenity": "fire_station",
          "building": "fire_station"
        }
      },
      "geometry": {
        "type": "Polygon",
        "coordinates": [
          [
            [
              18.6697345,
              50.2248149
            ],
            [
              18.6697201,
              50.22482939999998
            ],
            [
              18.669563800000002,
              50.22475929999999
            ],
            [
              18.6695497,
              50.22477219999999
            ],
            [
              18.6695095,
              50.224754
            ],
            [
              18.6694708,
              50.22478949999999
            ],
            [
              18.6694589,
              50.224784099999994
            ],
            [
              18.6694233,
              50.224816499999996
            ],
            [
              18.6697069,
              50.224944799999996
            ],
            [
              18.6697903,
              50.2249825
            ],
            [
              18.669818,
              50.22495729999999
            ],
            [
              18.6698374,
              50.2249661
            ],
            [
              18.6698862,
              50.2249218
            ],
            [
              18.669868,
              50.224913699999995
            ],
            [
              18.6698942,
              50.22488739999999
            ],
            [
              18.6697345,
              50.2248149
            ]
          ]
        ]
      }
    },
    {
      "type": "Feature",
      "properties": {
        "source": "OpenStreetMap",
        "source_id": "way/152609573",
        "domain": "emergency",
        "asset_type": "fire_service",
        "confidence": "medium",
        "missing_fields": [],
        "limitations": [
          "OSM emergency and healthcare mapping completeness varies by area and facility type.",
          "The bounded committed snapshot is not a complete emergency-service registry or an operational-status statement.",
          "No qualified official hospital or ambulance/rescue facility registry is enabled for this provider AOI."
        ],
        "eligible_for_analysis": true,
        "osm_tags": {
          "name": "Jednostka Ratowniczo-Gaśnicza Państwowej Straży Pożarnej w Knurowie",
          "amenity": "fire_station",
          "building": "yes"
        }
      },
      "geometry": {
        "type": "Polygon",
        "coordinates": [
          [
            [
              18.6714145,
              50.222772000000006
            ],
            [
              18.6716177,
              50.222772199999994
            ],
            [
              18.6717519,
              50.2227722
            ],
            [
              18.6717525,
              50.22250480000001
            ],
            [
              18.6717527,
              50.22238610000001
            ],
            [
              18.6713973,
              50.2223858
            ],
            [
              18.671285,
              50.2223858
            ],
            [
              18.6712846,
              50.222605
            ],
            [
              18.6712842,
              50.2227719
            ],
            [
              18.6714145,
              50.222772000000006
            ]
          ]
        ]
      }
    },
    {
      "type": "Feature",
      "properties": {
        "source": "OpenStreetMap",
        "source_id": "way/153685084",
        "domain": "emergency",
        "asset_type": "fire_service",
        "confidence": "medium",
        "missing_fields": [],
        "limitations": [
          "OSM emergency and healthcare mapping completeness varies by area and facility type.",
          "The bounded committed snapshot is not a complete emergency-service registry or an operational-status statement.",
          "No qualified official hospital or ambulance/rescue facility registry is enabled for this provider AOI."
        ],
        "eligible_for_analysis": true,
        "osm_tags": {
          "name": "Ochotnicza Straż Pożarna w Dębowcu",
          "amenity": "fire_station",
          "building": "yes"
        }
      },
      "geometry": {
        "type": "Polygon",
        "coordinates": [
          [
            [
              18.7196063,
              49.81417969999998
            ],
            [
              18.7194822,
              49.8139639
            ],
            [
              18.7194544,
              49.81397059999999
            ],
            [
              18.7192984,
              49.81400790000001
            ],
            [
              18.7194226,
              49.81422370000001
            ],
            [
              18.7196063,
              49.81417969999998
            ]
          ]
        ]
      }
    },
    {
      "type": "Feature",
      "properties": {
        "source": "OpenStreetMap",
        "source_id": "way/154993874",
        "domain": "emergency",
        "asset_type": "fire_service",
        "confidence": "medium",
        "missing_fields": [],
        "limitations": [
          "OSM emergency and healthcare mapping completeness varies by area and facility type.",
          "The bounded committed snapshot is not a complete emergency-service registry or an operational-status statement.",
          "No qualified official hospital or ambulance/rescue facility registry is enabled for this provider AOI."
        ],
        "eligible_for_analysis": true,
        "osm_tags": {
          "name": "Ochotnicza Straż Pożarna Czekanów",
          "source": "Bing",
          "amenity": "fire_station",
          "building": "yes"
        }
      },
      "geometry": {
        "type": "Polygon",
        "coordinates": [
          [
            [
              18.7371998,
              50.3507563
            ],
            [
              18.7372341,
              50.3506053
            ],
            [
              18.7370357,
              50.3505869
            ],
            [
              18.7370014,
              50.3507379
            ],
            [
              18.7371998,
              50.3507563
            ]
          ]
        ]
      }
    },
    {
      "type": "Feature",
      "properties": {
        "source": "OpenStreetMap",
        "source_id": "way/155785755",
        "domain": "emergency",
        "asset_type": "fire_service",
        "confidence": "medium",
        "missing_fields": [],
        "limitations": [
          "OSM emergency and healthcare mapping completeness varies by area and facility type.",
          "The bounded committed snapshot is not a complete emergency-service registry or an operational-status statement.",
          "No qualified official hospital or ambulance/rescue facility registry is enabled for this provider AOI."
        ],
        "eligible_for_analysis": true,
        "osm_tags": {
          "name": "Ochotnicza Straż Pożarna Świętoszowice",
          "amenity": "fire_station",
          "building": "yes"
        }
      },
      "geometry": {
        "type": "Polygon",
        "coordinates": [
          [
            [
              18.727895,
              50.36490799999999
            ],
            [
              18.727916,
              50.364988
            ],
            [
              18.727918,
              50.36499500000001
            ],
            [
              18.72804,
              50.36498099999999
            ],
            [
              18.728013,
              50.364886
            ],
            [
              18.727947,
              50.36489299999999
            ],
            [
              18.727942,
              50.36487600000001
            ],
            [
              18.727953,
              50.364875
            ],
            [
              18.727942,
              50.364830999999995
            ],
            [
              18.727874,
              50.364837999999985
            ],
            [
              18.727886,
              50.364882
            ],
            [
              18.727892,
              50.364881999999994
            ],
            [
              18.727897,
              50.364898
            ],
            [
              18.727892,
              50.364899
            ],
            [
              18.727895,
              50.36490799999999
            ]
          ]
        ]
      }
    },
    {
      "type": "Feature",
      "properties": {
        "source": "OpenStreetMap",
        "source_id": "way/156431994",
        "domain": "emergency",
        "asset_type": "fire_service",
        "confidence": "medium",
        "missing_fields": [],
        "limitations": [
          "OSM emergency and healthcare mapping completeness varies by area and facility type.",
          "The bounded committed snapshot is not a complete emergency-service registry or an operational-status statement.",
          "No qualified official hospital or ambulance/rescue facility registry is enabled for this provider AOI."
        ],
        "eligible_for_analysis": true,
        "osm_tags": {
          "name": "Ochotnicza Straż Pożarna Szałsza",
          "source": "Bing",
          "amenity": "fire_station",
          "building": "yes"
        }
      },
      "geometry": {
        "type": "Polygon",
        "coordinates": [
          [
            [
              18.7218285,
              50.3352298
            ],
            [
              18.7216849,
              50.335142899999994
            ],
            [
              18.7215328,
              50.335245399999984
            ],
            [
              18.7216764,
              50.3353323
            ],
            [
              18.7218285,
              50.3352298
            ]
          ]
        ]
      }
    },
    {
      "type": "Feature",
      "properties": {
        "source": "OpenStreetMap",
        "source_id": "way/165017473",
        "domain": "emergency",
        "asset_type": "fire_service",
        "confidence": "medium",
        "missing_fields": [],
        "limitations": [
          "OSM emergency and healthcare mapping completeness varies by area and facility type.",
          "The bounded committed snapshot is not a complete emergency-service registry or an operational-status statement.",
          "No qualified official hospital or ambulance/rescue facility registry is enabled for this provider AOI."
        ],
        "eligible_for_analysis": true,
        "osm_tags": {
          "name": "Ochotnicza Straż Pożarna w Sierakowicach",
          "amenity": "fire_station",
          "building": "yes"
        }
      },
      "geometry": {
        "type": "Polygon",
        "coordinates": [
          [
            [
              18.4576929,
              50.27527920000001
            ],
            [
              18.4577788,
              50.27536589999999
            ],
            [
              18.4578785,
              50.2754663
            ],
            [
              18.4580197,
              50.27540909999999
            ],
            [
              18.4578341,
              50.275222
            ],
            [
              18.4576929,
              50.27527920000001
            ]
          ]
        ]
      }
    },
    {
      "type": "Feature",
      "properties": {
        "source": "OpenStreetMap",
        "source_id": "way/169054449",
        "domain": "emergency",
        "asset_type": "fire_service",
        "confidence": "medium",
        "missing_fields": [],
        "limitations": [
          "OSM emergency and healthcare mapping completeness varies by area and facility type.",
          "The bounded committed snapshot is not a complete emergency-service registry or an operational-status statement.",
          "No qualified official hospital or ambulance/rescue facility registry is enabled for this provider AOI."
        ],
        "eligible_for_analysis": true,
        "osm_tags": {
          "name": "Ochotnicza Straż Pożarna w Sośnicowicach",
          "source": "www.geoportal.gov.pl",
          "amenity": "fire_station",
          "building": "fire_station"
        }
      },
      "geometry": {
        "type": "Polygon",
        "coordinates": [
          [
            [
              18.5307496,
              50.27280449999999
            ],
            [
              18.5306341,
              50.272841499999984
            ],
            [
              18.5307783,
              50.273021500000006
            ],
            [
              18.530793,
              50.27304
            ],
            [
              18.5308539,
              50.273021099999994
            ],
            [
              18.530839,
              50.2730024
            ],
            [
              18.5308689,
              50.2729917
            ],
            [
              18.5308918,
              50.27298379999999
            ],
            [
              18.5307496,
              50.27280449999999
            ]
          ]
        ]
      }
    },
    {
      "type": "Feature",
      "properties": {
        "source": "OpenStreetMap",
        "source_id": "way/169470718",
        "domain": "emergency",
        "asset_type": "fire_service",
        "confidence": "medium",
        "missing_fields": [],
        "limitations": [
          "OSM emergency and healthcare mapping completeness varies by area and facility type.",
          "The bounded committed snapshot is not a complete emergency-service registry or an operational-status statement.",
          "No qualified official hospital or ambulance/rescue facility registry is enabled for this provider AOI."
        ],
        "eligible_for_analysis": true,
        "osm_tags": {
          "name": "Ochotnicza Straż Pożarna w Rachowicach",
          "operator": "Urząd Miejski w Sośnicowicach",
          "start_date": "1888",
          "amenity": "fire_station",
          "building": "yes",
          "email": "osprachowice@gmail.com"
        }
      },
      "geometry": {
        "type": "Polygon",
        "coordinates": [
          [
            [
              18.4970747,
              50.3040485
            ],
            [
              18.4970708,
              50.304003599999994
            ],
            [
              18.4968948,
              50.3040097
            ],
            [
              18.4968987,
              50.304054699999995
            ],
            [
              18.4970747,
              50.3040485
            ]
          ]
        ]
      }
    },
    {
      "type": "Feature",
      "properties": {
        "source": "OpenStreetMap",
        "source_id": "way/172988175",
        "domain": "emergency",
        "asset_type": "fire_service",
        "confidence": "medium",
        "missing_fields": [],
        "limitations": [
          "OSM emergency and healthcare mapping completeness varies by area and facility type.",
          "The bounded committed snapshot is not a complete emergency-service registry or an operational-status statement.",
          "No qualified official hospital or ambulance/rescue facility registry is enabled for this provider AOI."
        ],
        "eligible_for_analysis": true,
        "osm_tags": {
          "name": "Ochotnicza Straż Pożarna w Mnichu",
          "amenity": "fire_station",
          "building": "yes"
        }
      },
      "geometry": {
        "type": "Polygon",
        "coordinates": [
          [
            [
              18.8023559,
              49.889119099999995
            ],
            [
              18.8023778,
              49.889125
            ],
            [
              18.8024033,
              49.88908549999999
            ],
            [
              18.802394600000003,
              49.889083199999995
            ],
            [
              18.8024835,
              49.888945799999995
            ],
            [
              18.8022606,
              49.888885899999984
            ],
            [
              18.8021221,
              49.8891
            ],
            [
              18.8019187,
              49.88904539999999
            ],
            [
              18.8018435,
              49.8891617
            ],
            [
              18.8022566,
              49.88927259999999
            ],
            [
              18.8023559,
              49.889119099999995
            ]
          ]
        ]
      }
    },
    {
      "type": "Feature",
      "properties": {
        "source": "OpenStreetMap",
        "source_id": "way/173901160",
        "domain": "emergency",
        "asset_type": "fire_service",
        "confidence": "medium",
        "missing_fields": [],
        "limitations": [
          "OSM emergency and healthcare mapping completeness varies by area and facility type.",
          "The bounded committed snapshot is not a complete emergency-service registry or an operational-status statement.",
          "No qualified official hospital or ambulance/rescue facility registry is enabled for this provider AOI."
        ],
        "eligible_for_analysis": true,
        "osm_tags": {
          "name": "Ochotnicza Straż Pożarna w Pławniowicach",
          "source": "Bing",
          "amenity": "fire_station",
          "building": "yes"
        }
      },
      "geometry": {
        "type": "Polygon",
        "coordinates": [
          [
            [
              18.4754654,
              50.38410259999999
            ],
            [
              18.4755374,
              50.384019499999994
            ],
            [
              18.4752619,
              50.38392139999999
            ],
            [
              18.4751897,
              50.384004399999995
            ],
            [
              18.4754654,
              50.38410259999999
            ]
          ]
        ]
      }
    },
    {
      "type": "Feature",
      "properties": {
        "source": "OpenStreetMap",
        "source_id": "way/180913040",
        "domain": "emergency",
        "asset_type": "fire_service",
        "confidence": "medium",
        "missing_fields": [],
        "limitations": [
          "OSM emergency and healthcare mapping completeness varies by area and facility type.",
          "The bounded committed snapshot is not a complete emergency-service registry or an operational-status statement.",
          "No qualified official hospital or ambulance/rescue facility registry is enabled for this provider AOI."
        ],
        "eligible_for_analysis": true,
        "osm_tags": {
          "name": "Jednostka Ratowniczo-Gaśnicza Państwowej Straży Pożarnej w Tychach",
          "amenity": "fire_station",
          "building": "yes"
        }
      },
      "geometry": {
        "type": "Polygon",
        "coordinates": [
          [
            [
              19.0068438,
              50.10961859999999
            ],
            [
              19.0071217,
              50.109557099999996
            ],
            [
              19.0070771,
              50.109475300000014
            ],
            [
              19.007217,
              50.109443799999994
            ],
            [
              19.0071915,
              50.10939849999999
            ],
            [
              19.0070516,
              50.1094293
            ],
            [
              19.0070498,
              50.10942619999999
            ],
            [
              19.006778100000002,
              50.1094873
            ],
            [
              19.0066201,
              50.1095228
            ],
            [
              19.006568,
              50.10942879999999
            ],
            [
              19.0064337,
              50.1094592
            ],
            [
              19.0065563,
              50.1096823
            ],
            [
              19.0068438,
              50.10961859999999
            ]
          ]
        ]
      }
    },
    {
      "type": "Feature",
      "properties": {
        "source": "OpenStreetMap",
        "source_id": "way/186496253",
        "domain": "emergency",
        "asset_type": "fire_service",
        "confidence": "medium",
        "missing_fields": [],
        "limitations": [
          "OSM emergency and healthcare mapping completeness varies by area and facility type.",
          "The bounded committed snapshot is not a complete emergency-service registry or an operational-status statement.",
          "No qualified official hospital or ambulance/rescue facility registry is enabled for this provider AOI."
        ],
        "eligible_for_analysis": true,
        "osm_tags": {
          "name": "Ochotnicza Straż Pożarna Wojnowice",
          "website": "https://osp-wojnowice.webnode.com/uber-uns/",
          "amenity": "fire_station",
          "building": "yes",
          "email": "marcinklein@vp.pl"
        }
      },
      "geometry": {
        "type": "Polygon",
        "coordinates": [
          [
            [
              18.1534157,
              50.0552866
            ],
            [
              18.1535095,
              50.055348800000004
            ],
            [
              18.1535527,
              50.05537749999999
            ],
            [
              18.153676,
              50.0553009
            ],
            [
              18.1536646,
              50.05529330000001
            ],
            [
              18.153739,
              50.055247099999995
            ],
            [
              18.1537022,
              50.0552226
            ],
            [
              18.1536233,
              50.05527159999999
            ],
            [
              18.1535346,
              50.05521269999999
            ],
            [
              18.1534157,
              50.0552866
            ]
          ]
        ]
      }
    },
    {
      "type": "Feature",
      "properties": {
        "source": "OpenStreetMap",
        "source_id": "way/189066285",
        "domain": "emergency",
        "asset_type": "fire_service",
        "confidence": "medium",
        "missing_fields": [],
        "limitations": [
          "OSM emergency and healthcare mapping completeness varies by area and facility type.",
          "The bounded committed snapshot is not a complete emergency-service registry or an operational-status statement.",
          "No qualified official hospital or ambulance/rescue facility registry is enabled for this provider AOI."
        ],
        "eligible_for_analysis": true,
        "osm_tags": {
          "name": "Ochotnicza Straż Pożarna Orzeszu-Jaśkowicach",
          "amenity": "fire_station",
          "building": "service"
        }
      },
      "geometry": {
        "type": "Polygon",
        "coordinates": [
          [
            [
              18.7426597,
              50.14647479999999
            ],
            [
              18.7426005,
              50.146362499999995
            ],
            [
              18.7425667,
              50.1462982
            ],
            [
              18.7424181,
              50.146330299999995
            ],
            [
              18.7425111,
              50.1465069
            ],
            [
              18.7426597,
              50.14647479999999
            ]
          ]
        ]
      }
    },
    {
      "type": "Feature",
      "properties": {
        "source": "OpenStreetMap",
        "source_id": "way/189122436",
        "domain": "emergency",
        "asset_type": "fire_service",
        "confidence": "medium",
        "missing_fields": [],
        "limitations": [
          "OSM emergency and healthcare mapping completeness varies by area and facility type.",
          "The bounded committed snapshot is not a complete emergency-service registry or an operational-status statement.",
          "No qualified official hospital or ambulance/rescue facility registry is enabled for this provider AOI."
        ],
        "eligible_for_analysis": true,
        "osm_tags": {
          "name": "Ochotnicza Straż Pożarna Bolesław",
          "amenity": "fire_station",
          "building": "civic"
        }
      },
      "geometry": {
        "type": "Polygon",
        "coordinates": [
          [
            [
              18.2015085,
              50.00550729999999
            ],
            [
              18.2016074,
              50.005598599999985
            ],
            [
              18.2016633,
              50.005571599999996
            ],
            [
              18.2016854,
              50.00558959999999
            ],
            [
              18.2018739,
              50.00550359999999
            ],
            [
              18.2018109,
              50.005450200000006
            ],
            [
              18.2017505,
              50.005398899999996
            ],
            [
              18.2015085,
              50.00550729999999
            ]
          ]
        ]
      }
    },
    {
      "type": "Feature",
      "properties": {
        "source": "OpenStreetMap",
        "source_id": "way/189194561",
        "domain": "emergency",
        "asset_type": "fire_service",
        "confidence": "medium",
        "missing_fields": [],
        "limitations": [
          "OSM emergency and healthcare mapping completeness varies by area and facility type.",
          "The bounded committed snapshot is not a complete emergency-service registry or an operational-status statement.",
          "No qualified official hospital or ambulance/rescue facility registry is enabled for this provider AOI."
        ],
        "eligible_for_analysis": true,
        "osm_tags": {
          "name": "Ochotnicza Straż Pożarna Gamów",
          "amenity": "fire_station",
          "building": "yes"
        }
      },
      "geometry": {
        "type": "Polygon",
        "coordinates": [
          [
            [
              18.1250191,
              50.1373532
            ],
            [
              18.124932,
              50.1372625
            ],
            [
              18.124795,
              50.1373165
            ],
            [
              18.1248821,
              50.137407200000006
            ],
            [
              18.1250191,
              50.1373532
            ]
          ]
        ]
      }
    },
    {
      "type": "Feature",
      "properties": {
        "source": "OpenStreetMap",
        "source_id": "way/189194566",
        "domain": "emergency",
        "asset_type": "fire_service",
        "confidence": "medium",
        "missing_fields": [],
        "limitations": [
          "OSM emergency and healthcare mapping completeness varies by area and facility type.",
          "The bounded committed snapshot is not a complete emergency-service registry or an operational-status statement.",
          "No qualified official hospital or ambulance/rescue facility registry is enabled for this provider AOI."
        ],
        "eligible_for_analysis": true,
        "osm_tags": {
          "name": "Ochotnicza Straż Pożarna Rowień",
          "source": "WMS UM Żory",
          "amenity": "fire_station",
          "building": "yes"
        }
      },
      "geometry": {
        "type": "Polygon",
        "coordinates": [
          [
            [
              18.6503851,
              50.0685831
            ],
            [
              18.650327200000003,
              50.06846339999999
            ],
            [
              18.6502391,
              50.068481
            ],
            [
              18.6501846,
              50.06849189999999
            ],
            [
              18.6502425,
              50.0686116
            ],
            [
              18.6503851,
              50.0685831
            ]
          ]
        ]
      }
    },
    {
      "type": "Feature",
      "properties": {
        "source": "OpenStreetMap",
        "source_id": "way/192211794",
        "domain": "emergency",
        "asset_type": "fire_service",
        "confidence": "medium",
        "missing_fields": [],
        "limitations": [
          "OSM emergency and healthcare mapping completeness varies by area and facility type.",
          "The bounded committed snapshot is not a complete emergency-service registry or an operational-status statement.",
          "No qualified official hospital or ambulance/rescue facility registry is enabled for this provider AOI."
        ],
        "eligible_for_analysis": true,
        "osm_tags": {
          "name": "Ochotnicza Straż Pożarna Żytna",
          "source": "Bing",
          "amenity": "fire_station",
          "building": "yes"
        }
      },
      "geometry": {
        "type": "Polygon",
        "coordinates": [
          [
            [
              18.3214503,
              50.1094082
            ],
            [
              18.321525,
              50.10932209999999
            ],
            [
              18.3212356,
              50.1092189
            ],
            [
              18.321161,
              50.10930489999999
            ],
            [
              18.3214503,
              50.1094082
            ]
          ]
        ]
      }
    },
    {
      "type": "Feature",
      "properties": {
        "source": "OpenStreetMap",
        "source_id": "way/192929079",
        "domain": "emergency",
        "asset_type": "fire_service",
        "confidence": "medium",
        "missing_fields": [],
        "limitations": [
          "OSM emergency and healthcare mapping completeness varies by area and facility type.",
          "The bounded committed snapshot is not a complete emergency-service registry or an operational-status statement.",
          "No qualified official hospital or ambulance/rescue facility registry is enabled for this provider AOI."
        ],
        "eligible_for_analysis": true,
        "osm_tags": {
          "name": "Państwowa Straż Pożarna w Świętochłowicach",
          "operator": "Państwowa Straż Pożarna",
          "operator:wikidata": "Q11815208",
          "amenity": "fire_station",
          "building": "yes"
        }
      },
      "geometry": {
        "type": "Polygon",
        "coordinates": [
          [
            [
              18.9148926,
              50.29560639999999
            ],
            [
              18.9146422,
              50.29567979999999
            ],
            [
              18.9147887,
              50.2958962
            ],
            [
              18.9147959,
              50.2959073
            ],
            [
              18.9147857,
              50.2959113
            ],
            [
              18.9148144,
              50.2959475
            ],
            [
              18.9147985,
              50.29595279999999
            ],
            [
              18.9148131,
              50.295972400000004
            ],
            [
              18.9148269,
              50.2959686
            ],
            [
              18.9148552,
              50.296011299999996
            ],
            [
              18.9152727,
              50.29589730000001
            ],
            [
              18.9154936,
              50.295837
            ],
            [
              18.9154248,
              50.2957341
            ],
            [
              18.915046,
              50.295837500000005
            ],
            [
              18.9148926,
              50.29560639999999
            ]
          ]
        ]
      }
    },
    {
      "type": "Feature",
      "properties": {
        "source": "OpenStreetMap",
        "source_id": "way/194259174",
        "domain": "emergency",
        "asset_type": "fire_service",
        "confidence": "medium",
        "missing_fields": [],
        "limitations": [
          "OSM emergency and healthcare mapping completeness varies by area and facility type.",
          "The bounded committed snapshot is not a complete emergency-service registry or an operational-status statement.",
          "No qualified official hospital or ambulance/rescue facility registry is enabled for this provider AOI."
        ],
        "eligible_for_analysis": true,
        "osm_tags": {
          "name": "Ochotnicza Straż Pożarna Rudziczka",
          "amenity": "fire_station"
        }
      },
      "geometry": {
        "type": "Polygon",
        "coordinates": [
          [
            [
              18.760301,
              50.03472529999999
            ],
            [
              18.7603913,
              50.0353772
            ],
            [
              18.7606599,
              50.0353696
            ],
            [
              18.7606979,
              50.0357787
            ],
            [
              18.7612564,
              50.0357512
            ],
            [
              18.7611827,
              50.0347055
            ],
            [
              18.760301,
              50.03472529999999
            ]
          ]
        ]
      }
    },
    {
      "type": "Feature",
      "properties": {
        "source": "OpenStreetMap",
        "source_id": "way/200043531",
        "domain": "emergency",
        "asset_type": "fire_service",
        "confidence": "medium",
        "missing_fields": [],
        "limitations": [
          "OSM emergency and healthcare mapping completeness varies by area and facility type.",
          "The bounded committed snapshot is not a complete emergency-service registry or an operational-status statement.",
          "No qualified official hospital or ambulance/rescue facility registry is enabled for this provider AOI."
        ],
        "eligible_for_analysis": true,
        "osm_tags": {
          "name": "Ochotnicza Straż Pożarna w Brzezówce",
          "amenity": "fire_station",
          "building": "yes"
        }
      },
      "geometry": {
        "type": "Polygon",
        "coordinates": [
          [
            [
              18.621742,
              49.8028021
            ],
            [
              18.6221736,
              49.8027696
            ],
            [
              18.6221677,
              49.8027368
            ],
            [
              18.6219331,
              49.8027544
            ],
            [
              18.6219101,
              49.80262669999999
            ],
            [
              18.621713,
              49.80264149999999
            ],
            [
              18.621742,
              49.8028021
            ]
          ]
        ]
      }
    },
    {
      "type": "Feature",
      "properties": {
        "source": "OpenStreetMap",
        "source_id": "way/201605689",
        "domain": "emergency",
        "asset_type": "fire_service",
        "confidence": "medium",
        "missing_fields": [],
        "limitations": [
          "OSM emergency and healthcare mapping completeness varies by area and facility type.",
          "The bounded committed snapshot is not a complete emergency-service registry or an operational-status statement.",
          "No qualified official hospital or ambulance/rescue facility registry is enabled for this provider AOI."
        ],
        "eligible_for_analysis": true,
        "osm_tags": {
          "name": "Jednostka Ratowniczo-Gaśnicza Państwowej Straży Pożarnej nr 2 w Katowicach",
          "website": "http://www.jrg2.strazpozarna.katowice.pl/index.htm",
          "source": "UM Katowice",
          "amenity": "fire_station",
          "building": "yes",
          "phone": "+48 32 352 31 20"
        }
      },
      "geometry": {
        "type": "Polygon",
        "coordinates": [
          [
            [
              18.9698365,
              50.21228740000001
            ],
            [
              18.9701304,
              50.212391199999985
            ],
            [
              18.9702095,
              50.2123001
            ],
            [
              18.9703604,
              50.21212649999999
            ],
            [
              18.9704038,
              50.21214150000001
            ],
            [
              18.9705415,
              50.212187699999994
            ],
            [
              18.9706231,
              50.212214999999986
            ],
            [
              18.9706368,
              50.2122196
            ],
            [
              18.970721,
              50.2121177
            ],
            [
              18.9704865,
              50.212039399999995
            ],
            [
              18.9704726,
              50.2120565
            ],
            [
              18.9704331,
              50.21204300000001
            ],
            [
              18.9704376,
              50.212037800000004
            ],
            [
              18.9703815,
              50.2120184
            ],
            [
              18.9703302,
              50.2120006
            ],
            [
              18.9701369,
              50.2119337
            ],
            [
              18.9701319,
              50.21193929999999
            ],
            [
              18.9700826,
              50.2119225
            ],
            [
              18.970098,
              50.21190429999999
            ],
            [
              18.9698638,
              50.211824099999994
            ],
            [
              18.9698087,
              50.21189169999999
            ],
            [
              18.9697939,
              50.21190959999999
            ],
            [
              18.9697895,
              50.21191489999998
            ],
            [
              18.9697796,
              50.21192669999999
            ],
            [
              18.9699005,
              50.21196849999999
            ],
            [
              18.969933,
              50.21197860000001
            ],
            [
              18.9699838,
              50.2119975
            ],
            [
              18.9700118,
              50.21200629999999
            ],
            [
              18.9700572,
              50.2120217
            ],
            [
              18.9700606,
              50.212022399999995
            ],
            [
              18.9698365,
              50.21228740000001
            ]
          ]
        ]
      }
    },
    {
      "type": "Feature",
      "properties": {
        "source": "OpenStreetMap",
        "source_id": "way/201667098",
        "domain": "emergency",
        "asset_type": "fire_service",
        "confidence": "medium",
        "missing_fields": [],
        "limitations": [
          "OSM emergency and healthcare mapping completeness varies by area and facility type.",
          "The bounded committed snapshot is not a complete emergency-service registry or an operational-status statement.",
          "No qualified official hospital or ambulance/rescue facility registry is enabled for this provider AOI."
        ],
        "eligible_for_analysis": true,
        "osm_tags": {
          "name": "Ochotnicza Straż Pożarna w Katowicach - Zarzeczu",
          "source": "UM Katowice",
          "amenity": "fire_station",
          "building": "yes"
        }
      },
      "geometry": {
        "type": "Polygon",
        "coordinates": [
          [
            [
              18.9513922,
              50.18446679999999
            ],
            [
              18.9513908,
              50.1844627
            ],
            [
              18.9515101,
              50.18444659999999
            ],
            [
              18.9515037,
              50.184427199999995
            ],
            [
              18.9515877,
              50.1843236
            ],
            [
              18.9513277,
              50.18424209999999
            ],
            [
              18.9512585,
              50.18433410000001
            ],
            [
              18.9512384,
              50.18440029999999
            ],
            [
              18.9512679,
              50.184485
            ],
            [
              18.9513922,
              50.18446679999999
            ]
          ]
        ]
      }
    },
    {
      "type": "Feature",
      "properties": {
        "source": "OpenStreetMap",
        "source_id": "way/201676093",
        "domain": "emergency",
        "asset_type": "fire_service",
        "confidence": "medium",
        "missing_fields": [],
        "limitations": [
          "OSM emergency and healthcare mapping completeness varies by area and facility type.",
          "The bounded committed snapshot is not a complete emergency-service registry or an operational-status statement.",
          "No qualified official hospital or ambulance/rescue facility registry is enabled for this provider AOI."
        ],
        "eligible_for_analysis": true,
        "osm_tags": {
          "name": "Ochotnicza Straż Pożarna Katowice-Podlesie",
          "source": "UM Katowice",
          "amenity": "fire_station",
          "building": "yes"
        }
      },
      "geometry": {
        "type": "Polygon",
        "coordinates": [
          [
            [
              18.9637688,
              50.179095899999986
            ],
            [
              18.963690700000004,
              50.1790332
            ],
            [
              18.9638523,
              50.17894669999999
            ],
            [
              18.963756000000004,
              50.178877699999994
            ],
            [
              18.9635831,
              50.178943399999994
            ],
            [
              18.963581900000005,
              50.178942299999996
            ],
            [
              18.9635453,
              50.17895930000001
            ],
            [
              18.9635465,
              50.178960399999994
            ],
            [
              18.9634827,
              50.17898919999999
            ],
            [
              18.9636681,
              50.179154999999994
            ],
            [
              18.9637688,
              50.179095899999986
            ]
          ]
        ]
      }
    },
    {
      "type": "Feature",
      "properties": {
        "source": "OpenStreetMap",
        "source_id": "way/201780925",
        "domain": "emergency",
        "asset_type": "fire_service",
        "confidence": "medium",
        "missing_fields": [],
        "limitations": [
          "OSM emergency and healthcare mapping completeness varies by area and facility type.",
          "The bounded committed snapshot is not a complete emergency-service registry or an operational-status statement.",
          "No qualified official hospital or ambulance/rescue facility registry is enabled for this provider AOI."
        ],
        "eligible_for_analysis": true,
        "osm_tags": {
          "name": "Ochotnicza Straż Pożarna w Kostuchnie",
          "source": "UM Katowice",
          "amenity": "fire_station",
          "building": "yes"
        }
      },
      "geometry": {
        "type": "Polygon",
        "coordinates": [
          [
            [
              18.9958631,
              50.1927748
            ],
            [
              18.995849,
              50.19272059999999
            ],
            [
              18.9958751,
              50.1927176
            ],
            [
              18.9958531,
              50.19263209999999
            ],
            [
              18.995539,
              50.19266759999999
            ],
            [
              18.9955625,
              50.19275390000001
            ],
            [
              18.9957149,
              50.1927367
            ],
            [
              18.995729000000004,
              50.19279019999999
            ],
            [
              18.9958631,
              50.1927748
            ]
          ]
        ]
      }
    },
    {
      "type": "Feature",
      "properties": {
        "source": "OpenStreetMap",
        "source_id": "way/204103634",
        "domain": "emergency",
        "asset_type": "fire_service",
        "confidence": "medium",
        "missing_fields": [],
        "limitations": [
          "OSM emergency and healthcare mapping completeness varies by area and facility type.",
          "The bounded committed snapshot is not a complete emergency-service registry or an operational-status statement.",
          "No qualified official hospital or ambulance/rescue facility registry is enabled for this provider AOI."
        ],
        "eligible_for_analysis": true,
        "osm_tags": {
          "name": "Ochotnicza Straż Pożarna Rudziniec",
          "operator": "Ochotnicza Straż Pożarna",
          "operator:wikidata": "Q55289175",
          "website": "https://www.facebook.com/osp.rudziniec/",
          "source": "Bing",
          "amenity": "fire_station",
          "building": "yes"
        }
      },
      "geometry": {
        "type": "Polygon",
        "coordinates": [
          [
            [
              18.4083721,
              50.3545367
            ],
            [
              18.4085132,
              50.354556099999996
            ],
            [
              18.4085477,
              50.35445399999999
            ],
            [
              18.4086338,
              50.35446549999999
            ],
            [
              18.408664200000004,
              50.3543728
            ],
            [
              18.4084377,
              50.3543426
            ],
            [
              18.4083721,
              50.3545367
            ]
          ]
        ]
      }
    },
    {
      "type": "Feature",
      "properties": {
        "source": "OpenStreetMap",
        "source_id": "way/204792679",
        "domain": "emergency",
        "asset_type": "fire_service",
        "confidence": "medium",
        "missing_fields": [],
        "limitations": [
          "OSM emergency and healthcare mapping completeness varies by area and facility type.",
          "The bounded committed snapshot is not a complete emergency-service registry or an operational-status statement.",
          "No qualified official hospital or ambulance/rescue facility registry is enabled for this provider AOI."
        ],
        "eligible_for_analysis": true,
        "osm_tags": {
          "name": "Ochotnicza Straż Pożarna Boguszowice",
          "amenity": "fire_station",
          "building": "yes"
        }
      },
      "geometry": {
        "type": "Polygon",
        "coordinates": [
          [
            [
              18.5932139,
              50.06482889999999
            ],
            [
              18.593142,
              50.064563899999996
            ],
            [
              18.592967,
              50.06458669999999
            ],
            [
              18.5930324,
              50.0648475
            ],
            [
              18.5932139,
              50.06482889999999
            ]
          ]
        ]
      }
    },
    {
      "type": "Feature",
      "properties": {
        "source": "OpenStreetMap",
        "source_id": "way/205043409",
        "domain": "emergency",
        "asset_type": "fire_service",
        "confidence": "medium",
        "missing_fields": [],
        "limitations": [
          "OSM emergency and healthcare mapping completeness varies by area and facility type.",
          "The bounded committed snapshot is not a complete emergency-service registry or an operational-status statement.",
          "No qualified official hospital or ambulance/rescue facility registry is enabled for this provider AOI."
        ],
        "eligible_for_analysis": true,
        "osm_tags": {
          "name": "Ochotnicza Straż Pożarna w Marklowicach Górnych",
          "website": "https://ospmarklowice.pl.tl/",
          "amenity": "fire_station",
          "building": "yes"
        }
      },
      "geometry": {
        "type": "Polygon",
        "coordinates": [
          [
            [
              18.5859655,
              49.8858465
            ],
            [
              18.5859973,
              49.8858681
            ],
            [
              18.585948600000002,
              49.88589790000001
            ],
            [
              18.5859724,
              49.88591399999999
            ],
            [
              18.5859376,
              49.88593530000001
            ],
            [
              18.5859884,
              49.88596979999999
            ],
            [
              18.5860278,
              49.88594569999999
            ],
            [
              18.5860987,
              49.8859939
            ],
            [
              18.5863498,
              49.8858405
            ],
            [
              18.5861725,
              49.88572009999999
            ],
            [
              18.5859655,
              49.8858465
            ]
          ]
        ]
      }
    },
    {
      "type": "Feature",
      "properties": {
        "source": "OpenStreetMap",
        "source_id": "way/205645026",
        "domain": "emergency",
        "asset_type": "fire_service",
        "confidence": "medium",
        "missing_fields": [],
        "limitations": [
          "OSM emergency and healthcare mapping completeness varies by area and facility type.",
          "The bounded committed snapshot is not a complete emergency-service registry or an operational-status statement.",
          "No qualified official hospital or ambulance/rescue facility registry is enabled for this provider AOI."
        ],
        "eligible_for_analysis": true,
        "osm_tags": {
          "name": "Ochotnicza Straż Pożarna w Rudzie Śląskiej",
          "website": "https://osprudaslaska.org/",
          "source": "Bing",
          "amenity": "fire_station",
          "building": "yes"
        }
      },
      "geometry": {
        "type": "Polygon",
        "coordinates": [
          [
            [
              18.8754194,
              50.322933699999986
            ],
            [
              18.8753786,
              50.322814699999995
            ],
            [
              18.8753301,
              50.322673299999984
            ],
            [
              18.8752424,
              50.3226858
            ],
            [
              18.8751793,
              50.32269469999999
            ],
            [
              18.8752687,
              50.32295559999999
            ],
            [
              18.8754194,
              50.322933699999986
            ]
          ]
        ]
      }
    },
    {
      "type": "Feature",
      "properties": {
        "source": "OpenStreetMap",
        "source_id": "way/206531366",
        "domain": "emergency",
        "asset_type": "fire_service",
        "confidence": "medium",
        "missing_fields": [],
        "limitations": [
          "OSM emergency and healthcare mapping completeness varies by area and facility type.",
          "The bounded committed snapshot is not a complete emergency-service registry or an operational-status statement.",
          "No qualified official hospital or ambulance/rescue facility registry is enabled for this provider AOI."
        ],
        "eligible_for_analysis": true,
        "osm_tags": {
          "name": "Ochotnicza Straż Pożarna w Jastrzębiu-Szerokiej Gmina Jastrzębie",
          "source": "UM Jastrzębie-Zdrój",
          "amenity": "fire_station",
          "building": "yes"
        }
      },
      "geometry": {
        "type": "Polygon",
        "coordinates": [
          [
            [
              18.6278019,
              49.987753600000005
            ],
            [
              18.6276648,
              49.987810499999995
            ],
            [
              18.6278392,
              49.987987
            ],
            [
              18.627972500000002,
              49.98793119999999
            ],
            [
              18.6278019,
              49.987753600000005
            ]
          ]
        ]
      }
    },
    {
      "type": "Feature",
      "properties": {
        "source": "OpenStreetMap",
        "source_id": "way/206654459",
        "domain": "emergency",
        "asset_type": "fire_service",
        "confidence": "medium",
        "missing_fields": [],
        "limitations": [
          "OSM emergency and healthcare mapping completeness varies by area and facility type.",
          "The bounded committed snapshot is not a complete emergency-service registry or an operational-status statement.",
          "No qualified official hospital or ambulance/rescue facility registry is enabled for this provider AOI."
        ],
        "eligible_for_analysis": true,
        "osm_tags": {
          "name": "Ochotnicza Straż Pożarna w Moszczenicy Gmina Jastrzębie Zdrój",
          "source": "UM Jastrzębie-Zdrój",
          "amenity": "fire_station",
          "building": "yes"
        }
      },
      "geometry": {
        "type": "Polygon",
        "coordinates": [
          [
            [
              18.5437596,
              49.93879199999999
            ],
            [
              18.5435652,
              49.93878939999999
            ],
            [
              18.5435657,
              49.9389311
            ],
            [
              18.5437574,
              49.93893039999998
            ],
            [
              18.5437569,
              49.9388734
            ],
            [
              18.5437596,
              49.93879199999999
            ]
          ]
        ]
      }
    },
    {
      "type": "Feature",
      "properties": {
        "source": "OpenStreetMap",
        "source_id": "way/206669967",
        "domain": "emergency",
        "asset_type": "fire_service",
        "confidence": "medium",
        "missing_fields": [],
        "limitations": [
          "OSM emergency and healthcare mapping completeness varies by area and facility type.",
          "The bounded committed snapshot is not a complete emergency-service registry or an operational-status statement.",
          "No qualified official hospital or ambulance/rescue facility registry is enabled for this provider AOI."
        ],
        "eligible_for_analysis": true,
        "osm_tags": {
          "name": "Ochotnicza Straż Pożarna w Jastrzębiu Zdroju - Bzie Zameckie",
          "source": "UM Jastrzębie-Zdrój",
          "amenity": "fire_station",
          "building": "yes"
        }
      },
      "geometry": {
        "type": "Polygon",
        "coordinates": [
          [
            [
              18.6458457,
              49.9367881
            ],
            [
              18.6458446,
              49.93670079999999
            ],
            [
              18.6457817,
              49.9367012
            ],
            [
              18.6457804,
              49.93659460000001
            ],
            [
              18.6455624,
              49.93659569999999
            ],
            [
              18.6455631,
              49.936650099999994
            ],
            [
              18.6455222,
              49.93665029999998
            ],
            [
              18.6455239,
              49.93678969999999
            ],
            [
              18.6455652,
              49.9367895
            ],
            [
              18.6455658,
              49.9368434
            ],
            [
              18.6457838,
              49.93684239999999
            ],
            [
              18.6457833,
              49.93679949999999
            ],
            [
              18.6457937,
              49.936799399999984
            ],
            [
              18.6457935,
              49.9367884
            ],
            [
              18.6458457,
              49.9367881
            ]
          ]
        ]
      }
    },
    {
      "type": "Feature",
      "properties": {
        "source": "OpenStreetMap",
        "source_id": "way/206672444",
        "domain": "emergency",
        "asset_type": "fire_service",
        "confidence": "medium",
        "missing_fields": [],
        "limitations": [
          "OSM emergency and healthcare mapping completeness varies by area and facility type.",
          "The bounded committed snapshot is not a complete emergency-service registry or an operational-status statement.",
          "No qualified official hospital or ambulance/rescue facility registry is enabled for this provider AOI."
        ],
        "eligible_for_analysis": true,
        "osm_tags": {
          "name": "Ochotnicza Straż Pożarna w Ruptawie",
          "source": "UM Jastrzębie-Zdrój",
          "amenity": "fire_station",
          "building": "yes"
        }
      },
      "geometry": {
        "type": "Polygon",
        "coordinates": [
          [
            [
              18.6008163,
              49.9279973
            ],
            [
              18.6007676,
              49.9280012
            ],
            [
              18.6007624,
              49.927974699999986
            ],
            [
              18.6006655,
              49.9279827
            ],
            [
              18.6006902,
              49.928108
            ],
            [
              18.6008148,
              49.9280979
            ],
            [
              18.6008045,
              49.92804859999999
            ],
            [
              18.6008254,
              49.928046800000004
            ],
            [
              18.6008163,
              49.9279973
            ]
          ]
        ]
      }
    },
    {
      "type": "Feature",
      "properties": {
        "source": "OpenStreetMap",
        "source_id": "way/206734775",
        "domain": "emergency",
        "asset_type": "fire_service",
        "confidence": "medium",
        "missing_fields": [],
        "limitations": [
          "OSM emergency and healthcare mapping completeness varies by area and facility type.",
          "The bounded committed snapshot is not a complete emergency-service registry or an operational-status statement.",
          "No qualified official hospital or ambulance/rescue facility registry is enabled for this provider AOI."
        ],
        "eligible_for_analysis": true,
        "osm_tags": {
          "name": "Jednostka Ratowniczo-Gaśnicza Państwowej Straży Pożarnej w Jastrzębiu-Zdroju",
          "source": "UM Jastrzębie-Zdrój",
          "amenity": "fire_station",
          "building": "yes"
        }
      },
      "geometry": {
        "type": "Polygon",
        "coordinates": [
          [
            [
              18.583307,
              49.93827809999999
            ],
            [
              18.5832453,
              49.938279300000005
            ],
            [
              18.5831712,
              49.93828059999999
            ],
            [
              18.5830865,
              49.9382822
            ],
            [
              18.5830095,
              49.938283600000005
            ],
            [
              18.5829196,
              49.938285300000004
            ],
            [
              18.5828297,
              49.93828700000001
            ],
            [
              18.5827762,
              49.93828799999999
            ],
            [
              18.582776,
              49.9382829
            ],
            [
              18.5825976,
              49.93828620000001
            ],
            [
              18.5825978,
              49.938290699999996
            ],
            [
              18.5826082,
              49.9385245
            ],
            [
              18.5827838,
              49.938521300000005
            ],
            [
              18.5827833,
              49.93851159999999
            ],
            [
              18.583317,
              49.938501699999996
            ],
            [
              18.583307,
              49.93827809999999
            ]
          ]
        ]
      }
    },
    {
      "type": "Feature",
      "properties": {
        "source": "OpenStreetMap",
        "source_id": "way/209834195",
        "domain": "emergency",
        "asset_type": "fire_service",
        "confidence": "medium",
        "missing_fields": [],
        "limitations": [
          "OSM emergency and healthcare mapping completeness varies by area and facility type.",
          "The bounded committed snapshot is not a complete emergency-service registry or an operational-status statement.",
          "No qualified official hospital or ambulance/rescue facility registry is enabled for this provider AOI."
        ],
        "eligible_for_analysis": true,
        "osm_tags": {
          "name": "Ochotnicza Straż Pożarna Racibórz-Miedonia",
          "source": "UM Racibórz",
          "amenity": "fire_station",
          "building": "yes"
        }
      },
      "geometry": {
        "type": "Polygon",
        "coordinates": [
          [
            [
              18.2205396,
              50.1217895
            ],
            [
              18.2206549,
              50.1217191
            ],
            [
              18.2206197,
              50.1216964
            ],
            [
              18.2206027,
              50.12170679999999
            ],
            [
              18.2204279,
              50.12158480000001
            ],
            [
              18.2202984,
              50.12166010000001
            ],
            [
              18.2204815,
              50.1217859
            ],
            [
              18.2205104,
              50.1217682
            ],
            [
              18.2205396,
              50.1217895
            ]
          ]
        ]
      }
    },
    {
      "type": "Feature",
      "properties": {
        "source": "OpenStreetMap",
        "source_id": "way/209855937",
        "domain": "emergency",
        "asset_type": "fire_service",
        "confidence": "medium",
        "missing_fields": [],
        "limitations": [
          "OSM emergency and healthcare mapping completeness varies by area and facility type.",
          "The bounded committed snapshot is not a complete emergency-service registry or an operational-status statement.",
          "No qualified official hospital or ambulance/rescue facility registry is enabled for this provider AOI."
        ],
        "eligible_for_analysis": true,
        "osm_tags": {
          "name": "Ochotnicza Straż Pożarna Sudół - Racibórz",
          "source": "UM Racibórz",
          "amenity": "fire_station",
          "building": "yes"
        }
      },
      "geometry": {
        "type": "Polygon",
        "coordinates": [
          [
            [
              18.1952786,
              50.05227779999999
            ],
            [
              18.1954405,
              50.052256799999995
            ],
            [
              18.1953995,
              50.052128399999994
            ],
            [
              18.1951502,
              50.05215960000001
            ],
            [
              18.1951693,
              50.0522226
            ],
            [
              18.1951893,
              50.05228850000001
            ],
            [
              18.1952786,
              50.05227779999999
            ]
          ]
        ]
      }
    },
    {
      "type": "Feature",
      "properties": {
        "source": "OpenStreetMap",
        "source_id": "way/209861744",
        "domain": "emergency",
        "asset_type": "fire_service",
        "confidence": "medium",
        "missing_fields": [],
        "limitations": [
          "OSM emergency and healthcare mapping completeness varies by area and facility type.",
          "The bounded committed snapshot is not a complete emergency-service registry or an operational-status statement.",
          "No qualified official hospital or ambulance/rescue facility registry is enabled for this provider AOI."
        ],
        "eligible_for_analysis": true,
        "osm_tags": {
          "name": "Ochotnicza Straż Pożarna Brzezie",
          "source": "UM Racibórz",
          "amenity": "fire_station",
          "building": "yes"
        }
      },
      "geometry": {
        "type": "Polygon",
        "coordinates": [
          [
            [
              18.2687207,
              50.07150339999999
            ],
            [
              18.2687863,
              50.0715246
            ],
            [
              18.268791600000004,
              50.0715176
            ],
            [
              18.2689807,
              50.071579
            ],
            [
              18.2689754,
              50.071587300000004
            ],
            [
              18.2690347,
              50.07160580000001
            ],
            [
              18.2690234,
              50.0716204
            ],
            [
              18.2690536,
              50.071630600000006
            ],
            [
              18.2690648,
              50.0716152
            ],
            [
              18.2691457,
              50.0715138
            ],
            [
              18.2689336,
              50.0714475
            ],
            [
              18.268857200000003,
              50.0714216
            ],
            [
              18.2688006,
              50.07140379999999
            ],
            [
              18.2687207,
              50.07150339999999
            ]
          ]
        ]
      }
    },
    {
      "type": "Feature",
      "properties": {
        "source": "OpenStreetMap",
        "source_id": "way/215463048",
        "domain": "emergency",
        "asset_type": "fire_service",
        "confidence": "medium",
        "missing_fields": [],
        "limitations": [
          "OSM emergency and healthcare mapping completeness varies by area and facility type.",
          "The bounded committed snapshot is not a complete emergency-service registry or an operational-status statement.",
          "No qualified official hospital or ambulance/rescue facility registry is enabled for this provider AOI."
        ],
        "eligible_for_analysis": true,
        "osm_tags": {
          "name": "Jednostka Ratowniczo-Gaśnicza Państwowej Straży Pożarnej w Raciborzu",
          "source": "UM Racibórz",
          "amenity": "fire_station",
          "building": "yes"
        }
      },
      "geometry": {
        "type": "Polygon",
        "coordinates": [
          [
            [
              18.219032,
              50.094160699999996
            ],
            [
              18.2190346,
              50.094166
            ],
            [
              18.2191054,
              50.0941531
            ],
            [
              18.2190653,
              50.0940579
            ],
            [
              18.2190418,
              50.09406179999999
            ],
            [
              18.2190338,
              50.094041999999995
            ],
            [
              18.2189915,
              50.09405
            ],
            [
              18.2189931,
              50.0940545
            ],
            [
              18.2188157,
              50.09408609999999
            ],
            [
              18.2188278,
              50.094114399999995
            ],
            [
              18.2188026,
              50.094119100000015
            ],
            [
              18.2188176,
              50.09415229999999
            ],
            [
              18.2188434,
              50.0941484
            ],
            [
              18.2188629,
              50.09419210000001
            ],
            [
              18.219032,
              50.094160699999996
            ]
          ]
        ]
      }
    },
    {
      "type": "Feature",
      "properties": {
        "source": "OpenStreetMap",
        "source_id": "way/215467832",
        "domain": "emergency",
        "asset_type": "fire_service",
        "confidence": "medium",
        "missing_fields": [],
        "limitations": [
          "OSM emergency and healthcare mapping completeness varies by area and facility type.",
          "The bounded committed snapshot is not a complete emergency-service registry or an operational-status statement.",
          "No qualified official hospital or ambulance/rescue facility registry is enabled for this provider AOI."
        ],
        "eligible_for_analysis": true,
        "osm_tags": {
          "name": "Ochotnicza Straż Pożarna Henkel Polska S.A.",
          "source": "UM Racibórz",
          "amenity": "fire_station",
          "building": "yes"
        }
      },
      "geometry": {
        "type": "Polygon",
        "coordinates": [
          [
            [
              18.2078035,
              50.07492589999998
            ],
            [
              18.2080628,
              50.07507519999999
            ],
            [
              18.2081787,
              50.07498970000001
            ],
            [
              18.208232,
              50.07495110000001
            ],
            [
              18.2079768,
              50.07480210000001
            ],
            [
              18.2078035,
              50.07492589999998
            ]
          ]
        ]
      }
    },
    {
      "type": "Feature",
      "properties": {
        "source": "OpenStreetMap",
        "source_id": "way/215549584",
        "domain": "emergency",
        "asset_type": "fire_service",
        "confidence": "medium",
        "missing_fields": [],
        "limitations": [
          "OSM emergency and healthcare mapping completeness varies by area and facility type.",
          "The bounded committed snapshot is not a complete emergency-service registry or an operational-status statement.",
          "No qualified official hospital or ambulance/rescue facility registry is enabled for this provider AOI."
        ],
        "eligible_for_analysis": true,
        "osm_tags": {
          "name": "Ochotnicza Straż Pożarna Rogoźna",
          "source": "WMS UM Żory",
          "amenity": "fire_station",
          "building": "yes"
        }
      },
      "geometry": {
        "type": "Polygon",
        "coordinates": [
          [
            [
              18.6526944,
              50.03456619999999
            ],
            [
              18.6526954,
              50.03454339999999
            ],
            [
              18.6526553,
              50.034541299999994
            ],
            [
              18.6526629,
              50.034449699999996
            ],
            [
              18.6522394,
              50.0344338
            ],
            [
              18.6522367,
              50.0344179
            ],
            [
              18.6520757,
              50.03441259999999
            ],
            [
              18.6520762,
              50.0344004
            ],
            [
              18.651873,
              50.034396799999996
            ],
            [
              18.651865400000002,
              50.03452159999999
            ],
            [
              18.651998,
              50.03452620000001
            ],
            [
              18.6520003,
              50.03451470000001
            ],
            [
              18.6522271,
              50.0345235
            ],
            [
              18.6522256,
              50.034558
            ],
            [
              18.6526944,
              50.03456619999999
            ]
          ]
        ]
      }
    },
    {
      "type": "Feature",
      "properties": {
        "source": "OpenStreetMap",
        "source_id": "way/215559714",
        "domain": "emergency",
        "asset_type": "fire_service",
        "confidence": "medium",
        "missing_fields": [],
        "limitations": [
          "OSM emergency and healthcare mapping completeness varies by area and facility type.",
          "The bounded committed snapshot is not a complete emergency-service registry or an operational-status statement.",
          "No qualified official hospital or ambulance/rescue facility registry is enabled for this provider AOI."
        ],
        "eligible_for_analysis": true,
        "osm_tags": {
          "name": "Ochotnicza Straż Pożarna Kleszczów",
          "source": "WMS UM Żory",
          "amenity": "fire_station",
          "building": "fire_station"
        }
      },
      "geometry": {
        "type": "Polygon",
        "coordinates": [
          [
            [
              18.722215,
              50.042566
            ],
            [
              18.722235,
              50.042660999999995
            ],
            [
              18.722467,
              50.04264100000001
            ],
            [
              18.722449,
              50.042545
            ],
            [
              18.722215,
              50.042566
            ]
          ]
        ]
      }
    },
    {
      "type": "Feature",
      "properties": {
        "source": "OpenStreetMap",
        "source_id": "way/217802084",
        "domain": "emergency",
        "asset_type": "fire_service",
        "confidence": "medium",
        "missing_fields": [],
        "limitations": [
          "OSM emergency and healthcare mapping completeness varies by area and facility type.",
          "The bounded committed snapshot is not a complete emergency-service registry or an operational-status statement.",
          "No qualified official hospital or ambulance/rescue facility registry is enabled for this provider AOI."
        ],
        "eligible_for_analysis": true,
        "osm_tags": {
          "name": "Ochotnicza Straż Pożarna Pogrzebień",
          "amenity": "fire_station",
          "building": "yes",
          "phone": "+48324301040"
        }
      },
      "geometry": {
        "type": "Polygon",
        "coordinates": [
          [
            [
              18.3006218,
              50.0676995
            ],
            [
              18.3004005,
              50.0675565
            ],
            [
              18.30038,
              50.06756949999999
            ],
            [
              18.3003498,
              50.06754999999999
            ],
            [
              18.300347,
              50.06755189999999
            ],
            [
              18.3003046,
              50.0675768
            ],
            [
              18.3005523,
              50.06773400000001
            ],
            [
              18.3005639,
              50.067741
            ],
            [
              18.3006218,
              50.0676995
            ]
          ]
        ]
      }
    },
    {
      "type": "Feature",
      "properties": {
        "source": "OpenStreetMap",
        "source_id": "way/218518421",
        "domain": "emergency",
        "asset_type": "fire_service",
        "confidence": "medium",
        "missing_fields": [],
        "limitations": [
          "OSM emergency and healthcare mapping completeness varies by area and facility type.",
          "The bounded committed snapshot is not a complete emergency-service registry or an operational-status statement.",
          "No qualified official hospital or ambulance/rescue facility registry is enabled for this provider AOI."
        ],
        "eligible_for_analysis": true,
        "osm_tags": {
          "name": "Ochotnicza Straż Pożarna Krowiarki",
          "website": "http://osp.krowiarki.org/",
          "amenity": "fire_station",
          "building": "yes",
          "email": "osp@krowiarki.org"
        }
      },
      "geometry": {
        "type": "Polygon",
        "coordinates": [
          [
            [
              18.0801119,
              50.13605760000001
            ],
            [
              18.0801669,
              50.13614679999999
            ],
            [
              18.0801083,
              50.13615969999999
            ],
            [
              18.0801357,
              50.136201899999996
            ],
            [
              18.0802987,
              50.13615850000001
            ],
            [
              18.0802145,
              50.13603179999999
            ],
            [
              18.0801119,
              50.13605760000001
            ]
          ]
        ]
      }
    },
    {
      "type": "Feature",
      "properties": {
        "source": "OpenStreetMap",
        "source_id": "way/219249683",
        "domain": "emergency",
        "asset_type": "fire_service",
        "confidence": "medium",
        "missing_fields": [],
        "limitations": [
          "OSM emergency and healthcare mapping completeness varies by area and facility type.",
          "The bounded committed snapshot is not a complete emergency-service registry or an operational-status statement.",
          "No qualified official hospital or ambulance/rescue facility registry is enabled for this provider AOI."
        ],
        "eligible_for_analysis": true,
        "osm_tags": {
          "name": "Ochotnicza Straż Pożarna Pawłów",
          "amenity": "fire_station",
          "building": "yes",
          "phone": "+4832 419 80 33"
        }
      },
      "geometry": {
        "type": "Polygon",
        "coordinates": [
          [
            [
              18.1369055,
              50.1073605
            ],
            [
              18.13695,
              50.1074706
            ],
            [
              18.1371062,
              50.107444599999994
            ],
            [
              18.1370616,
              50.10733449999999
            ],
            [
              18.1369055,
              50.1073605
            ]
          ]
        ]
      }
    },
    {
      "type": "Feature",
      "properties": {
        "source": "OpenStreetMap",
        "source_id": "way/219415780",
        "domain": "emergency",
        "asset_type": "fire_service",
        "confidence": "medium",
        "missing_fields": [],
        "limitations": [
          "OSM emergency and healthcare mapping completeness varies by area and facility type.",
          "The bounded committed snapshot is not a complete emergency-service registry or an operational-status statement.",
          "No qualified official hospital or ambulance/rescue facility registry is enabled for this provider AOI."
        ],
        "eligible_for_analysis": true,
        "osm_tags": {
          "name": "Ochotnicza Straż Pożarna Krzyżanowice",
          "website": "http://krzyzanowice.osp.org.pl/",
          "amenity": "fire_station",
          "building": "yes",
          "email": "ospkrzyzanowice@tlen.pl"
        }
      },
      "geometry": {
        "type": "Polygon",
        "coordinates": [
          [
            [
              18.2614246,
              49.980898999999994
            ],
            [
              18.261503,
              49.980818199999995
            ],
            [
              18.2614148,
              49.9807825
            ],
            [
              18.2613363,
              49.980863199999995
            ],
            [
              18.2614246,
              49.980898999999994
            ]
          ]
        ]
      }
    },
    {
      "type": "Feature",
      "properties": {
        "source": "OpenStreetMap",
        "source_id": "way/219436837",
        "domain": "emergency",
        "asset_type": "fire_service",
        "confidence": "medium",
        "missing_fields": [],
        "limitations": [
          "OSM emergency and healthcare mapping completeness varies by area and facility type.",
          "The bounded committed snapshot is not a complete emergency-service registry or an operational-status statement.",
          "No qualified official hospital or ambulance/rescue facility registry is enabled for this provider AOI."
        ],
        "eligible_for_analysis": true,
        "osm_tags": {
          "name": "Ochotnicza Straż Pożarna Rudy Raciborskie",
          "amenity": "fire_station",
          "building": "yes"
        }
      },
      "geometry": {
        "type": "Polygon",
        "coordinates": [
          [
            [
              18.4515469,
              50.1904981
            ],
            [
              18.4516072,
              50.19044950000001
            ],
            [
              18.4516674,
              50.190400999999994
            ],
            [
              18.4514128,
              50.19027149999998
            ],
            [
              18.4513601,
              50.190314
            ],
            [
              18.451465,
              50.1903674
            ],
            [
              18.4513972,
              50.190422000000005
            ],
            [
              18.4515469,
              50.1904981
            ]
          ]
        ]
      }
    },
    {
      "type": "Feature",
      "properties": {
        "source": "OpenStreetMap",
        "source_id": "way/220037020",
        "domain": "emergency",
        "asset_type": "fire_service",
        "confidence": "medium",
        "missing_fields": [],
        "limitations": [
          "OSM emergency and healthcare mapping completeness varies by area and facility type.",
          "The bounded committed snapshot is not a complete emergency-service registry or an operational-status statement.",
          "No qualified official hospital or ambulance/rescue facility registry is enabled for this provider AOI."
        ],
        "eligible_for_analysis": true,
        "osm_tags": {
          "name": "OSP Tłustomosty",
          "amenity": "fire_station",
          "building": "yes"
        }
      },
      "geometry": {
        "type": "Polygon",
        "coordinates": [
          [
            [
              18.0598746,
              50.1138161
            ],
            [
              18.0598488,
              50.11371230000001
            ],
            [
              18.0597202,
              50.11372550000001
            ],
            [
              18.059746,
              50.113829199999984
            ],
            [
              18.0598746,
              50.1138161
            ]
          ]
        ]
      }
    },
    {
      "type": "Feature",
      "properties": {
        "source": "OpenStreetMap",
        "source_id": "way/220072379",
        "domain": "emergency",
        "asset_type": "fire_service",
        "confidence": "medium",
        "missing_fields": [],
        "limitations": [
          "OSM emergency and healthcare mapping completeness varies by area and facility type.",
          "The bounded committed snapshot is not a complete emergency-service registry or an operational-status statement.",
          "No qualified official hospital or ambulance/rescue facility registry is enabled for this provider AOI."
        ],
        "eligible_for_analysis": true,
        "osm_tags": {
          "name": "Ochotnicza Straż Pożarna Bojanów",
          "amenity": "fire_station",
          "building": "yes"
        }
      },
      "geometry": {
        "type": "Polygon",
        "coordinates": [
          [
            [
              18.1620148,
              50.03082969999999
            ],
            [
              18.1620395,
              50.03084870000001
            ],
            [
              18.1621348,
              50.0307969
            ],
            [
              18.1620292,
              50.0307162
            ],
            [
              18.1619339,
              50.0307677
            ],
            [
              18.1620148,
              50.03082969999999
            ]
          ]
        ]
      }
    },
    {
      "type": "Feature",
      "properties": {
        "source": "OpenStreetMap",
        "source_id": "way/220072380",
        "domain": "emergency",
        "asset_type": "fire_service",
        "confidence": "medium",
        "missing_fields": [],
        "limitations": [
          "OSM emergency and healthcare mapping completeness varies by area and facility type.",
          "The bounded committed snapshot is not a complete emergency-service registry or an operational-status statement.",
          "No qualified official hospital or ambulance/rescue facility registry is enabled for this provider AOI."
        ],
        "eligible_for_analysis": true,
        "osm_tags": {
          "name": "Ochotnicza Straż Pożarna Krzanowice",
          "website": "http://www.osp-krzanowice.yoyo.pl/",
          "amenity": "fire_station",
          "building": "yes"
        }
      },
      "geometry": {
        "type": "Polygon",
        "coordinates": [
          [
            [
              18.123287200000004,
              50.018339699999984
            ],
            [
              18.1233087,
              50.018271099999986
            ],
            [
              18.1233092,
              50.018269499999995
            ],
            [
              18.1232896,
              50.0182577
            ],
            [
              18.1231302,
              50.01823809999999
            ],
            [
              18.1231061,
              50.01831800000001
            ],
            [
              18.123287200000004,
              50.018339699999984
            ]
          ]
        ]
      }
    },
    {
      "type": "Feature",
      "properties": {
        "source": "OpenStreetMap",
        "source_id": "way/220099696",
        "domain": "emergency",
        "asset_type": "fire_service",
        "confidence": "medium",
        "missing_fields": [],
        "limitations": [
          "OSM emergency and healthcare mapping completeness varies by area and facility type.",
          "The bounded committed snapshot is not a complete emergency-service registry or an operational-status statement.",
          "No qualified official hospital or ambulance/rescue facility registry is enabled for this provider AOI."
        ],
        "eligible_for_analysis": true,
        "osm_tags": {
          "name": "Ochotnicza Straż Pożarna Tworków",
          "amenity": "fire_station",
          "building": "yes"
        }
      },
      "geometry": {
        "type": "Polygon",
        "coordinates": [
          [
            [
              18.2346358,
              50.00829499999999
            ],
            [
              18.234609,
              50.00828370000001
            ],
            [
              18.2345796,
              50.00831239999999
            ],
            [
              18.2346146,
              50.00832719999998
            ],
            [
              18.2345824,
              50.0083586
            ],
            [
              18.2346914,
              50.0084047
            ],
            [
              18.2347921,
              50.00830639999999
            ],
            [
              18.2346749,
              50.0082568
            ],
            [
              18.2346358,
              50.00829499999999
            ]
          ]
        ]
      }
    },
    {
      "type": "Feature",
      "properties": {
        "source": "OpenStreetMap",
        "source_id": "way/221468213",
        "domain": "emergency",
        "asset_type": "fire_service",
        "confidence": "medium",
        "missing_fields": [],
        "limitations": [
          "OSM emergency and healthcare mapping completeness varies by area and facility type.",
          "The bounded committed snapshot is not a complete emergency-service registry or an operational-status statement.",
          "No qualified official hospital or ambulance/rescue facility registry is enabled for this provider AOI."
        ],
        "eligible_for_analysis": true,
        "osm_tags": {
          "name": "Ochotnicza Straż Pożarna Kornice",
          "amenity": "fire_station",
          "building": "yes",
          "phone": "+4832419 85 25"
        }
      },
      "geometry": {
        "type": "Polygon",
        "coordinates": [
          [
            [
              18.1067336,
              50.0922521
            ],
            [
              18.1067431,
              50.0923652
            ],
            [
              18.1067136,
              50.092366199999994
            ],
            [
              18.106722,
              50.09246559999999
            ],
            [
              18.1069048,
              50.0924593
            ],
            [
              18.1068824,
              50.092193900000005
            ],
            [
              18.1066145,
              50.0922032
            ],
            [
              18.106619,
              50.09225609999999
            ],
            [
              18.1067336,
              50.0922521
            ]
          ]
        ]
      }
    },
    {
      "type": "Feature",
      "properties": {
        "source": "OpenStreetMap",
        "source_id": "way/221468214",
        "domain": "emergency",
        "asset_type": "fire_service",
        "confidence": "medium",
        "missing_fields": [],
        "limitations": [
          "OSM emergency and healthcare mapping completeness varies by area and facility type.",
          "The bounded committed snapshot is not a complete emergency-service registry or an operational-status statement.",
          "No qualified official hospital or ambulance/rescue facility registry is enabled for this provider AOI."
        ],
        "eligible_for_analysis": true,
        "osm_tags": {
          "name": "Ochotnicza Straż Pożarna Lekartów",
          "amenity": "fire_station",
          "building": "yes"
        }
      },
      "geometry": {
        "type": "Polygon",
        "coordinates": [
          [
            [
              18.137932000000003,
              50.0688633
            ],
            [
              18.1378875,
              50.068788000000005
            ],
            [
              18.1378042,
              50.0688083
            ],
            [
              18.1378487,
              50.06888359999999
            ],
            [
              18.137932000000003,
              50.0688633
            ]
          ]
        ]
      }
    },
    {
      "type": "Feature",
      "properties": {
        "source": "OpenStreetMap",
        "source_id": "way/221468215",
        "domain": "emergency",
        "asset_type": "fire_service",
        "confidence": "medium",
        "missing_fields": [],
        "limitations": [
          "OSM emergency and healthcare mapping completeness varies by area and facility type.",
          "The bounded committed snapshot is not a complete emergency-service registry or an operational-status statement.",
          "No qualified official hospital or ambulance/rescue facility registry is enabled for this provider AOI."
        ],
        "eligible_for_analysis": true,
        "osm_tags": {
          "name": "Ochotnicza Straż Pożarna Cyprzanów",
          "amenity": "fire_station",
          "building": "yes",
          "phone": "+4832 419 81 02"
        }
      },
      "geometry": {
        "type": "Polygon",
        "coordinates": [
          [
            [
              18.1171711,
              50.0712446
            ],
            [
              18.1171473,
              50.0711715
            ],
            [
              18.117099,
              50.07117279999999
            ],
            [
              18.1170564,
              50.071183500000004
            ],
            [
              18.1170581,
              50.0711871
            ],
            [
              18.1169374,
              50.07120309999999
            ],
            [
              18.1169599,
              50.071272799999996
            ],
            [
              18.1171711,
              50.0712446
            ]
          ]
        ]
      }
    },
    {
      "type": "Feature",
      "properties": {
        "source": "OpenStreetMap",
        "source_id": "way/221652189",
        "domain": "emergency",
        "asset_type": "fire_service",
        "confidence": "medium",
        "missing_fields": [],
        "limitations": [
          "OSM emergency and healthcare mapping completeness varies by area and facility type.",
          "The bounded committed snapshot is not a complete emergency-service registry or an operational-status statement.",
          "No qualified official hospital or ambulance/rescue facility registry is enabled for this provider AOI."
        ],
        "eligible_for_analysis": true,
        "osm_tags": {
          "name": "Ochotnicza Straż Pożarna Samborowice",
          "amenity": "fire_station",
          "building": "yes",
          "phone": "+4832 419 82 83"
        }
      },
      "geometry": {
        "type": "Polygon",
        "coordinates": [
          [
            [
              18.1240036,
              50.0596081
            ],
            [
              18.1240077,
              50.059567799999996
            ],
            [
              18.124255,
              50.0595779
            ],
            [
              18.124261400000005,
              50.0595134
            ],
            [
              18.1238613,
              50.05949700000001
            ],
            [
              18.1238509,
              50.05960189999999
            ],
            [
              18.1240036,
              50.0596081
            ]
          ]
        ]
      }
    },
    {
      "type": "Feature",
      "properties": {
        "source": "OpenStreetMap",
        "source_id": "way/231367500",
        "domain": "emergency",
        "asset_type": "fire_service",
        "confidence": "medium",
        "missing_fields": [],
        "limitations": [
          "OSM emergency and healthcare mapping completeness varies by area and facility type.",
          "The bounded committed snapshot is not a complete emergency-service registry or an operational-status statement.",
          "No qualified official hospital or ambulance/rescue facility registry is enabled for this provider AOI."
        ],
        "eligible_for_analysis": true,
        "osm_tags": {
          "name": "Ochotnicza Straż Pożarna Zabełków",
          "amenity": "fire_station",
          "building": "yes"
        }
      },
      "geometry": {
        "type": "Polygon",
        "coordinates": [
          [
            [
              18.3239289,
              49.93879510000001
            ],
            [
              18.3239392,
              49.938826299999995
            ],
            [
              18.3240371,
              49.938813
            ],
            [
              18.3240126,
              49.9387381
            ],
            [
              18.3239106,
              49.938751599999996
            ],
            [
              18.323727700000003,
              49.9387759
            ],
            [
              18.3237016,
              49.93878029999999
            ],
            [
              18.3237159,
              49.93882399999999
            ],
            [
              18.3239289,
              49.93879510000001
            ]
          ]
        ]
      }
    },
    {
      "type": "Feature",
      "properties": {
        "source": "OpenStreetMap",
        "source_id": "way/236016617",
        "domain": "emergency",
        "asset_type": "fire_service",
        "confidence": "medium",
        "missing_fields": [],
        "limitations": [
          "OSM emergency and healthcare mapping completeness varies by area and facility type.",
          "The bounded committed snapshot is not a complete emergency-service registry or an operational-status statement.",
          "No qualified official hospital or ambulance/rescue facility registry is enabled for this provider AOI."
        ],
        "eligible_for_analysis": true,
        "osm_tags": {
          "name": "Ochotnicza Straż Pożarna w Kończycach Wielkich",
          "amenity": "fire_station",
          "building": "yes"
        }
      },
      "geometry": {
        "type": "Polygon",
        "coordinates": [
          [
            [
              18.6523775,
              49.832459300000004
            ],
            [
              18.6521171,
              49.832494600000004
            ],
            [
              18.6521512,
              49.832599399999985
            ],
            [
              18.6524116,
              49.8325641
            ],
            [
              18.6523775,
              49.832459300000004
            ]
          ]
        ]
      }
    },
    {
      "type": "Feature",
      "properties": {
        "source": "OpenStreetMap",
        "source_id": "way/238512027",
        "domain": "emergency",
        "asset_type": "fire_service",
        "confidence": "medium",
        "missing_fields": [],
        "limitations": [
          "OSM emergency and healthcare mapping completeness varies by area and facility type.",
          "The bounded committed snapshot is not a complete emergency-service registry or an operational-status statement.",
          "No qualified official hospital or ambulance/rescue facility registry is enabled for this provider AOI."
        ],
        "eligible_for_analysis": true,
        "osm_tags": {
          "name": "Ochotnicza Straż Pożarna w Pogwizdowie",
          "image": "https://commons.wikimedia.org/wiki/File:POL_Pogwizd%C3%B3w_OSP.JPG",
          "amenity": "fire_station",
          "building": "yes"
        }
      },
      "geometry": {
        "type": "Polygon",
        "coordinates": [
          [
            [
              18.6002549,
              49.80320909999999
            ],
            [
              18.6000428,
              49.80317099999999
            ],
            [
              18.600004,
              49.80326099999999
            ],
            [
              18.6000982,
              49.80327789999999
            ],
            [
              18.600082,
              49.80331579999999
            ],
            [
              18.6001999,
              49.80333689999999
            ],
            [
              18.6002549,
              49.80320909999999
            ]
          ]
        ]
      }
    },
    {
      "type": "Feature",
      "properties": {
        "source": "OpenStreetMap",
        "source_id": "way/258901117",
        "domain": "emergency",
        "asset_type": "fire_service",
        "confidence": "medium",
        "missing_fields": [],
        "limitations": [
          "OSM emergency and healthcare mapping completeness varies by area and facility type.",
          "The bounded committed snapshot is not a complete emergency-service registry or an operational-status statement.",
          "No qualified official hospital or ambulance/rescue facility registry is enabled for this provider AOI."
        ],
        "eligible_for_analysis": true,
        "osm_tags": {
          "name": "Ochotnicza Straż Pożarna w Bargłówce",
          "amenity": "fire_station",
          "building": "yes"
        }
      },
      "geometry": {
        "type": "Polygon",
        "coordinates": [
          [
            [
              18.4755413,
              50.228828299999996
            ],
            [
              18.4754217,
              50.2289047
            ],
            [
              18.4754514,
              50.22892370000001
            ],
            [
              18.4753946,
              50.22896119999999
            ],
            [
              18.4755339,
              50.22904749999999
            ],
            [
              18.475706,
              50.2289338
            ],
            [
              18.4755413,
              50.228828299999996
            ]
          ]
        ]
      }
    },
    {
      "type": "Feature",
      "properties": {
        "source": "OpenStreetMap",
        "source_id": "way/259717776",
        "domain": "emergency",
        "asset_type": "fire_service",
        "confidence": "medium",
        "missing_fields": [],
        "limitations": [
          "OSM emergency and healthcare mapping completeness varies by area and facility type.",
          "The bounded committed snapshot is not a complete emergency-service registry or an operational-status statement.",
          "No qualified official hospital or ambulance/rescue facility registry is enabled for this provider AOI."
        ],
        "eligible_for_analysis": true,
        "osm_tags": {
          "name": "Ochotnicza Straż Pożarna w Stanicy",
          "amenity": "fire_station",
          "building": "yes"
        }
      },
      "geometry": {
        "type": "Polygon",
        "coordinates": [
          [
            [
              18.5138726,
              50.1994667
            ],
            [
              18.5139438,
              50.1994239
            ],
            [
              18.5138065,
              50.1993302
            ],
            [
              18.5137352,
              50.1993729
            ],
            [
              18.5138726,
              50.1994667
            ]
          ]
        ]
      }
    },
    {
      "type": "Feature",
      "properties": {
        "source": "OpenStreetMap",
        "source_id": "way/266893188",
        "domain": "emergency",
        "asset_type": "fire_service",
        "confidence": "medium",
        "missing_fields": [],
        "limitations": [
          "OSM emergency and healthcare mapping completeness varies by area and facility type.",
          "The bounded committed snapshot is not a complete emergency-service registry or an operational-status statement.",
          "No qualified official hospital or ambulance/rescue facility registry is enabled for this provider AOI."
        ],
        "eligible_for_analysis": true,
        "osm_tags": {
          "name": "Ochotnicza Straż Pożarna Rybnik Stodoły",
          "amenity": "fire_station",
          "building": "yes"
        }
      },
      "geometry": {
        "type": "Polygon",
        "coordinates": [
          [
            [
              18.4774203,
              50.1542297
            ],
            [
              18.4774161,
              50.1540993
            ],
            [
              18.4771421,
              50.154102900000005
            ],
            [
              18.4771463,
              50.15423330000001
            ],
            [
              18.4774203,
              50.1542297
            ]
          ]
        ]
      }
    },
    {
      "type": "Feature",
      "properties": {
        "source": "OpenStreetMap",
        "source_id": "way/267261215",
        "domain": "emergency",
        "asset_type": "fire_service",
        "confidence": "medium",
        "missing_fields": [],
        "limitations": [
          "OSM emergency and healthcare mapping completeness varies by area and facility type.",
          "The bounded committed snapshot is not a complete emergency-service registry or an operational-status statement.",
          "No qualified official hospital or ambulance/rescue facility registry is enabled for this provider AOI."
        ],
        "eligible_for_analysis": true,
        "osm_tags": {
          "name": "Ochotnicza Straż Pożarna w Golejowie",
          "amenity": "fire_station",
          "building": "yes"
        }
      },
      "geometry": {
        "type": "Polygon",
        "coordinates": [
          [
            [
              18.5485232,
              50.14255489999999
            ],
            [
              18.5485446,
              50.1424764
            ],
            [
              18.5486118,
              50.1422303
            ],
            [
              18.5484675,
              50.1422141
            ],
            [
              18.548379,
              50.1425387
            ],
            [
              18.5485232,
              50.14255489999999
            ]
          ]
        ]
      }
    },
    {
      "type": "Feature",
      "properties": {
        "source": "OpenStreetMap",
        "source_id": "way/268872096",
        "domain": "emergency",
        "asset_type": "fire_service",
        "confidence": "medium",
        "missing_fields": [],
        "limitations": [
          "OSM emergency and healthcare mapping completeness varies by area and facility type.",
          "The bounded committed snapshot is not a complete emergency-service registry or an operational-status statement.",
          "No qualified official hospital or ambulance/rescue facility registry is enabled for this provider AOI."
        ],
        "eligible_for_analysis": true,
        "osm_tags": {
          "name": "Ochotnicza Straż Pożarna w Woszczycach",
          "website": "https://osp-woszczyce.pl/",
          "source": "Powiat mikołowski",
          "amenity": "fire_station",
          "building": "service",
          "phone": "+48322215196"
        }
      },
      "geometry": {
        "type": "Polygon",
        "coordinates": [
          [
            [
              18.7597252,
              50.08197419999999
            ],
            [
              18.7598762,
              50.08190469999999
            ],
            [
              18.7598323,
              50.0818668
            ],
            [
              18.7598026,
              50.08188189999999
            ],
            [
              18.7597317,
              50.08181820000001
            ],
            [
              18.7597317,
              50.081816
            ],
            [
              18.7597359,
              50.08181509999999
            ],
            [
              18.7597358,
              50.081810999999995
            ],
            [
              18.75971,
              50.081788999999986
            ],
            [
              18.7596873,
              50.081799700000005
            ],
            [
              18.7596908,
              50.0818029
            ],
            [
              18.7596898,
              50.0818055
            ],
            [
              18.7596586,
              50.0818188
            ],
            [
              18.7596794,
              50.081835399999996
            ],
            [
              18.7596186,
              50.081861700000005
            ],
            [
              18.7596322,
              50.0818754
            ],
            [
              18.7594552,
              50.081953
            ],
            [
              18.7595332,
              50.08202219999999
            ],
            [
              18.7596961,
              50.081946699999996
            ],
            [
              18.7597252,
              50.08197419999999
            ]
          ]
        ]
      }
    },
    {
      "type": "Feature",
      "properties": {
        "source": "OpenStreetMap",
        "source_id": "way/268872277",
        "domain": "emergency",
        "asset_type": "fire_service",
        "confidence": "medium",
        "missing_fields": [],
        "limitations": [
          "OSM emergency and healthcare mapping completeness varies by area and facility type.",
          "The bounded committed snapshot is not a complete emergency-service registry or an operational-status statement.",
          "No qualified official hospital or ambulance/rescue facility registry is enabled for this provider AOI."
        ],
        "eligible_for_analysis": true,
        "osm_tags": {
          "name": "Ochotnicza Straż Pożarna w Zgoniu",
          "source": "Powiat mikołowski",
          "amenity": "fire_station",
          "building": "service"
        }
      },
      "geometry": {
        "type": "Polygon",
        "coordinates": [
          [
            [
              18.8283866,
              50.0830293
            ],
            [
              18.8284692,
              50.0830456
            ],
            [
              18.8285451,
              50.083060499999995
            ],
            [
              18.828584,
              50.08297569999999
            ],
            [
              18.828427,
              50.0829454
            ],
            [
              18.8283866,
              50.0830293
            ]
          ]
        ]
      }
    },
    {
      "type": "Feature",
      "properties": {
        "source": "OpenStreetMap",
        "source_id": "way/268897766",
        "domain": "emergency",
        "asset_type": "fire_service",
        "confidence": "medium",
        "missing_fields": [],
        "limitations": [
          "OSM emergency and healthcare mapping completeness varies by area and facility type.",
          "The bounded committed snapshot is not a complete emergency-service registry or an operational-status statement.",
          "No qualified official hospital or ambulance/rescue facility registry is enabled for this provider AOI."
        ],
        "eligible_for_analysis": true,
        "osm_tags": {
          "name": "Ochotnicza Straż Pożarna w Orzeszu - Gardawice",
          "source": "Powiat mikołowski",
          "amenity": "fire_station",
          "building": "service"
        }
      },
      "geometry": {
        "type": "Polygon",
        "coordinates": [
          [
            [
              18.7965082,
              50.11172880000001
            ],
            [
              18.79653,
              50.1118285
            ],
            [
              18.7968737,
              50.11179889999999
            ],
            [
              18.7968534,
              50.111698200000006
            ],
            [
              18.7965082,
              50.11172880000001
            ]
          ]
        ]
      }
    },
    {
      "type": "Feature",
      "properties": {
        "source": "OpenStreetMap",
        "source_id": "way/275766471",
        "domain": "emergency",
        "asset_type": "fire_service",
        "confidence": "medium",
        "missing_fields": [],
        "limitations": [
          "OSM emergency and healthcare mapping completeness varies by area and facility type.",
          "The bounded committed snapshot is not a complete emergency-service registry or an operational-status statement.",
          "No qualified official hospital or ambulance/rescue facility registry is enabled for this provider AOI."
        ],
        "eligible_for_analysis": true,
        "osm_tags": {
          "name": "Ochotnicza Straż Pożarna w Starej Kuźni",
          "source": "http://sdi.opolskie.pl/mapa_bazowa/request.aspx",
          "amenity": "fire_station",
          "building": "yes"
        }
      },
      "geometry": {
        "type": "Polygon",
        "coordinates": [
          [
            [
              18.3432446,
              50.3016689
            ],
            [
              18.3431977,
              50.301671899999995
            ],
            [
              18.3432325,
              50.3018103
            ],
            [
              18.3433999,
              50.3017708
            ],
            [
              18.3433884,
              50.3017106
            ],
            [
              18.3433837,
              50.301686
            ],
            [
              18.343352200000005,
              50.30168909999999
            ],
            [
              18.3433437,
              50.3016427
            ],
            [
              18.3432418,
              50.3016493
            ],
            [
              18.3432446,
              50.3016689
            ]
          ]
        ]
      }
    },
    {
      "type": "Feature",
      "properties": {
        "source": "OpenStreetMap",
        "source_id": "way/276831631",
        "domain": "emergency",
        "asset_type": "fire_service",
        "confidence": "medium",
        "missing_fields": [],
        "limitations": [
          "OSM emergency and healthcare mapping completeness varies by area and facility type.",
          "The bounded committed snapshot is not a complete emergency-service registry or an operational-status statement.",
          "No qualified official hospital or ambulance/rescue facility registry is enabled for this provider AOI."
        ],
        "eligible_for_analysis": true,
        "osm_tags": {
          "name": "Ochotnicza Straż Pożarna Rybnik Kłokocin",
          "amenity": "fire_station",
          "building": "yes"
        }
      },
      "geometry": {
        "type": "Polygon",
        "coordinates": [
          [
            [
              18.6298785,
              50.052698899999996
            ],
            [
              18.6296941,
              50.0525692
            ],
            [
              18.6294766,
              50.05269669999999
            ],
            [
              18.629661,
              50.052826399999994
            ],
            [
              18.6298785,
              50.052698899999996
            ]
          ]
        ]
      }
    },
    {
      "type": "Feature",
      "properties": {
        "source": "OpenStreetMap",
        "source_id": "way/284341528",
        "domain": "emergency",
        "asset_type": "fire_service",
        "confidence": "medium",
        "missing_fields": [],
        "limitations": [
          "OSM emergency and healthcare mapping completeness varies by area and facility type.",
          "The bounded committed snapshot is not a complete emergency-service registry or an operational-status statement.",
          "No qualified official hospital or ambulance/rescue facility registry is enabled for this provider AOI."
        ],
        "eligible_for_analysis": true,
        "osm_tags": {
          "name": "Ochotnicza Straż Pożarna Bujaków",
          "source": "Powiat mikołowski",
          "amenity": "fire_station",
          "building": "service"
        }
      },
      "geometry": {
        "type": "Polygon",
        "coordinates": [
          [
            [
              18.7950077,
              50.18574809999999
            ],
            [
              18.7948433,
              50.18570129999999
            ],
            [
              18.7947498,
              50.18583490000001
            ],
            [
              18.7949536,
              50.1858922
            ],
            [
              18.795006,
              50.1858192
            ],
            [
              18.7949659,
              50.185807000000004
            ],
            [
              18.7950077,
              50.18574809999999
            ]
          ]
        ]
      }
    },
    {
      "type": "Feature",
      "properties": {
        "source": "OpenStreetMap",
        "source_id": "way/284342186",
        "domain": "emergency",
        "asset_type": "fire_service",
        "confidence": "medium",
        "missing_fields": [],
        "limitations": [
          "OSM emergency and healthcare mapping completeness varies by area and facility type.",
          "The bounded committed snapshot is not a complete emergency-service registry or an operational-status statement.",
          "No qualified official hospital or ambulance/rescue facility registry is enabled for this provider AOI."
        ],
        "eligible_for_analysis": true,
        "osm_tags": {
          "name": "Ochotnicza Straż Pożarna w Paniowach",
          "source": "Powiat mikołowski",
          "amenity": "fire_station",
          "building": "service",
          "phone": "+48323225092"
        }
      },
      "geometry": {
        "type": "Polygon",
        "coordinates": [
          [
            [
              18.8219508,
              50.2079808
            ],
            [
              18.822049,
              50.207894899999985
            ],
            [
              18.821933800000004,
              50.20784009999999
            ],
            [
              18.8219012,
              50.20782479999998
            ],
            [
              18.821760000000005,
              50.207949199999995
            ],
            [
              18.8217782,
              50.20795879999999
            ],
            [
              18.8218456,
              50.20799079999999
            ],
            [
              18.8218728,
              50.2080038
            ],
            [
              18.8219067,
              50.2080199
            ],
            [
              18.8219508,
              50.2079808
            ]
          ]
        ]
      }
    },
    {
      "type": "Feature",
      "properties": {
        "source": "OpenStreetMap",
        "source_id": "way/286446452",
        "domain": "emergency",
        "asset_type": "fire_service",
        "confidence": "medium",
        "missing_fields": [],
        "limitations": [
          "OSM emergency and healthcare mapping completeness varies by area and facility type.",
          "The bounded committed snapshot is not a complete emergency-service registry or an operational-status statement.",
          "No qualified official hospital or ambulance/rescue facility registry is enabled for this provider AOI."
        ],
        "eligible_for_analysis": true,
        "osm_tags": {
          "name": "Ochotnicza Straż Pożarna Wisła Mała",
          "amenity": "fire_station",
          "building": "yes"
        }
      },
      "geometry": {
        "type": "Polygon",
        "coordinates": [
          [
            [
              18.7955653,
              49.9379645
            ],
            [
              18.7954498,
              49.93791379999998
            ],
            [
              18.795239,
              49.938113900000005
            ],
            [
              18.7953545,
              49.9381646
            ],
            [
              18.7955653,
              49.9379645
            ]
          ]
        ]
      }
    },
    {
      "type": "Feature",
      "properties": {
        "source": "OpenStreetMap",
        "source_id": "way/293102255",
        "domain": "emergency",
        "asset_type": "fire_service",
        "confidence": "medium",
        "missing_fields": [],
        "limitations": [
          "OSM emergency and healthcare mapping completeness varies by area and facility type.",
          "The bounded committed snapshot is not a complete emergency-service registry or an operational-status statement.",
          "No qualified official hospital or ambulance/rescue facility registry is enabled for this provider AOI."
        ],
        "eligible_for_analysis": true,
        "osm_tags": {
          "name": "Ochotnicza Straż Pożarna Szczejkowice",
          "amenity": "fire_station",
          "building": "yes",
          "phone": "+48 784 083 429",
          "email": "ospszcz@wp.pl"
        }
      },
      "geometry": {
        "type": "Polygon",
        "coordinates": [
          [
            [
              18.6788627,
              50.099166399999994
            ],
            [
              18.678854,
              50.0990502
            ],
            [
              18.6785057,
              50.0990609
            ],
            [
              18.6785073,
              50.099082700000004
            ],
            [
              18.6783611,
              50.0990872
            ],
            [
              18.6783681,
              50.099181599999994
            ],
            [
              18.6788627,
              50.099166399999994
            ]
          ]
        ]
      }
    },
    {
      "type": "Feature",
      "properties": {
        "source": "OpenStreetMap",
        "source_id": "way/293116555",
        "domain": "emergency",
        "asset_type": "fire_service",
        "confidence": "medium",
        "missing_fields": [],
        "limitations": [
          "OSM emergency and healthcare mapping completeness varies by area and facility type.",
          "The bounded committed snapshot is not a complete emergency-service registry or an operational-status statement.",
          "No qualified official hospital or ambulance/rescue facility registry is enabled for this provider AOI."
        ],
        "eligible_for_analysis": true,
        "osm_tags": {
          "name": "Ochotnicza Straż Pożarna Bełk",
          "amenity": "fire_station",
          "building": "yes",
          "phone": "+48 784 055 407"
        }
      },
      "geometry": {
        "type": "Polygon",
        "coordinates": [
          [
            [
              18.710222700000003,
              50.129291800000004
            ],
            [
              18.7102521,
              50.129288900000006
            ],
            [
              18.7102311,
              50.1292002
            ],
            [
              18.7100214,
              50.129220499999995
            ],
            [
              18.710047800000005,
              50.12933219999999
            ],
            [
              18.7100695,
              50.1293301
            ],
            [
              18.7100936,
              50.129432099999995
            ],
            [
              18.7102522,
              50.12941669999999
            ],
            [
              18.710222700000003,
              50.129291800000004
            ]
          ]
        ]
      }
    },
    {
      "type": "Feature",
      "properties": {
        "source": "OpenStreetMap",
        "source_id": "way/294673844",
        "domain": "emergency",
        "asset_type": "fire_service",
        "confidence": "medium",
        "missing_fields": [],
        "limitations": [
          "OSM emergency and healthcare mapping completeness varies by area and facility type.",
          "The bounded committed snapshot is not a complete emergency-service registry or an operational-status statement.",
          "No qualified official hospital or ambulance/rescue facility registry is enabled for this provider AOI."
        ],
        "eligible_for_analysis": true,
        "osm_tags": {
          "name": "Ochotnicza Straż Pożarna Leszczyny",
          "amenity": "fire_station",
          "building": "yes",
          "phone": "+48 784085572"
        }
      },
      "geometry": {
        "type": "Polygon",
        "coordinates": [
          [
            [
              18.642311,
              50.1362445
            ],
            [
              18.6422343,
              50.13621969999999
            ],
            [
              18.6422441,
              50.1362072
            ],
            [
              18.6421988,
              50.1361926
            ],
            [
              18.6421886,
              50.13620559999999
            ],
            [
              18.6421849,
              50.13620449999999
            ],
            [
              18.6420791,
              50.13633939999999
            ],
            [
              18.6422046,
              50.1363801
            ],
            [
              18.642311,
              50.1362445
            ]
          ]
        ]
      }
    },
    {
      "type": "Feature",
      "properties": {
        "source": "OpenStreetMap",
        "source_id": "way/295141142",
        "domain": "emergency",
        "asset_type": "fire_service",
        "confidence": "medium",
        "missing_fields": [],
        "limitations": [
          "OSM emergency and healthcare mapping completeness varies by area and facility type.",
          "The bounded committed snapshot is not a complete emergency-service registry or an operational-status statement.",
          "No qualified official hospital or ambulance/rescue facility registry is enabled for this provider AOI."
        ],
        "eligible_for_analysis": true,
        "osm_tags": {
          "name": "Ochotnicza Straż Pożarna Dębieńsko",
          "amenity": "fire_station",
          "building": "yes"
        }
      },
      "geometry": {
        "type": "Polygon",
        "coordinates": [
          [
            [
              18.703246100000005,
              50.1716009
            ],
            [
              18.7032397,
              50.171586899999994
            ],
            [
              18.7033822,
              50.171560199999995
            ],
            [
              18.7033868,
              50.1715702
            ],
            [
              18.7034566,
              50.1715572
            ],
            [
              18.7033711,
              50.1713702
            ],
            [
              18.7032412,
              50.1713945
            ],
            [
              18.7032534,
              50.1714213
            ],
            [
              18.7030995,
              50.1714502
            ],
            [
              18.7031746,
              50.1716144
            ],
            [
              18.703246100000005,
              50.1716009
            ]
          ]
        ]
      }
    },
    {
      "type": "Feature",
      "properties": {
        "source": "OpenStreetMap",
        "source_id": "way/295393461",
        "domain": "emergency",
        "asset_type": "fire_service",
        "confidence": "medium",
        "missing_fields": [],
        "limitations": [
          "OSM emergency and healthcare mapping completeness varies by area and facility type.",
          "The bounded committed snapshot is not a complete emergency-service registry or an operational-status statement.",
          "No qualified official hospital or ambulance/rescue facility registry is enabled for this provider AOI."
        ],
        "eligible_for_analysis": true,
        "osm_tags": {
          "name": "Ochotnicza Straż Pożarna Jankowice",
          "amenity": "fire_station",
          "building": "yes"
        }
      },
      "geometry": {
        "type": "Polygon",
        "coordinates": [
          [
            [
              18.5640914,
              50.0472106
            ],
            [
              18.5638422,
              50.0471378
            ],
            [
              18.5638302,
              50.047154799999994
            ],
            [
              18.563613000000004,
              50.0470913
            ],
            [
              18.5635403,
              50.047194000000005
            ],
            [
              18.5637619,
              50.047258699999986
            ],
            [
              18.5637461,
              50.04728099999999
            ],
            [
              18.5639909,
              50.0473525
            ],
            [
              18.5640914,
              50.0472106
            ]
          ]
        ]
      }
    },
    {
      "type": "Feature",
      "properties": {
        "source": "OpenStreetMap",
        "source_id": "way/298498468",
        "domain": "emergency",
        "asset_type": "fire_service",
        "confidence": "medium",
        "missing_fields": [],
        "limitations": [
          "OSM emergency and healthcare mapping completeness varies by area and facility type.",
          "The bounded committed snapshot is not a complete emergency-service registry or an operational-status statement.",
          "No qualified official hospital or ambulance/rescue facility registry is enabled for this provider AOI."
        ],
        "eligible_for_analysis": true,
        "osm_tags": {
          "name": "Ochotnicza Straż Pożarna w Landeku",
          "amenity": "fire_station",
          "building": "yes",
          "phone": "+48 33 815 27 62"
        }
      },
      "geometry": {
        "type": "Polygon",
        "coordinates": [
          [
            [
              18.8716976,
              49.88021439999999
            ],
            [
              18.8718016,
              49.8801916
            ],
            [
              18.8717481,
              49.8800903
            ],
            [
              18.8717324,
              49.8800937
            ],
            [
              18.8716891,
              49.88001179999999
            ],
            [
              18.871604000000005,
              49.880030399999995
            ],
            [
              18.8715988,
              49.88002039999999
            ],
            [
              18.8714194,
              49.8800598
            ],
            [
              18.8714504,
              49.8801185
            ],
            [
              18.8714852,
              49.8801109
            ],
            [
              18.8715032,
              49.8801451
            ],
            [
              18.8715144,
              49.8801426
            ],
            [
              18.8715757,
              49.88025879999999
            ],
            [
              18.8717059,
              49.88023019999999
            ],
            [
              18.8716976,
              49.88021439999999
            ]
          ]
        ]
      }
    },
    {
      "type": "Feature",
      "properties": {
        "source": "OpenStreetMap",
        "source_id": "way/299346775",
        "domain": "emergency",
        "asset_type": "fire_service",
        "confidence": "medium",
        "missing_fields": [],
        "limitations": [
          "OSM emergency and healthcare mapping completeness varies by area and facility type.",
          "The bounded committed snapshot is not a complete emergency-service registry or an operational-status statement.",
          "No qualified official hospital or ambulance/rescue facility registry is enabled for this provider AOI."
        ],
        "eligible_for_analysis": true,
        "osm_tags": {
          "name": "Ochotnicza Straż Pożarna w Dzimierzu",
          "amenity": "fire_station",
          "building": "yes"
        }
      },
      "geometry": {
        "type": "Polygon",
        "coordinates": [
          [
            [
              18.3527473,
              50.10576559999999
            ],
            [
              18.3526214,
              50.105745899999995
            ],
            [
              18.3526178,
              50.1057553
            ],
            [
              18.3525994,
              50.10580540000001
            ],
            [
              18.3527245,
              50.1058244
            ],
            [
              18.3527473,
              50.10576559999999
            ]
          ]
        ]
      }
    },
    {
      "type": "Feature",
      "properties": {
        "source": "OpenStreetMap",
        "source_id": "way/302651057",
        "domain": "emergency",
        "asset_type": "fire_service",
        "confidence": "medium",
        "missing_fields": [],
        "limitations": [
          "OSM emergency and healthcare mapping completeness varies by area and facility type.",
          "The bounded committed snapshot is not a complete emergency-service registry or an operational-status statement.",
          "No qualified official hospital or ambulance/rescue facility registry is enabled for this provider AOI."
        ],
        "eligible_for_analysis": true,
        "osm_tags": {
          "name": "Ochotnicza Straż Pożarna Mikołów-Kamionka",
          "source": "Powiat mikołowski",
          "amenity": "fire_station",
          "building": "yes"
        }
      },
      "geometry": {
        "type": "Polygon",
        "coordinates": [
          [
            [
              18.9232459,
              50.1902689
            ],
            [
              18.9231117,
              50.1902857
            ],
            [
              18.923139400000004,
              50.1903728
            ],
            [
              18.9232736,
              50.1903559
            ],
            [
              18.9232459,
              50.1902689
            ]
          ]
        ]
      }
    },
    {
      "type": "Feature",
      "properties": {
        "source": "OpenStreetMap",
        "source_id": "way/302829048",
        "domain": "emergency",
        "asset_type": "fire_service",
        "confidence": "medium",
        "missing_fields": [],
        "limitations": [
          "OSM emergency and healthcare mapping completeness varies by area and facility type.",
          "The bounded committed snapshot is not a complete emergency-service registry or an operational-status statement.",
          "No qualified official hospital or ambulance/rescue facility registry is enabled for this provider AOI."
        ],
        "eligible_for_analysis": true,
        "osm_tags": {
          "name": "Ochotnicza Straż Pożarna w Łaziskach Górnych",
          "source": "Powiat mikołowski",
          "amenity": "fire_station",
          "building": "service"
        }
      },
      "geometry": {
        "type": "Polygon",
        "coordinates": [
          [
            [
              18.8393594,
              50.1497548
            ],
            [
              18.8395319,
              50.149764999999995
            ],
            [
              18.8396061,
              50.14976919999999
            ],
            [
              18.8396175,
              50.1496953
            ],
            [
              18.839302,
              50.14967750000001
            ],
            [
              18.8392919,
              50.1497514
            ],
            [
              18.8393594,
              50.1497548
            ]
          ]
        ]
      }
    },
    {
      "type": "Feature",
      "properties": {
        "source": "OpenStreetMap",
        "source_id": "way/302832697",
        "domain": "emergency",
        "asset_type": "fire_service",
        "confidence": "medium",
        "missing_fields": [],
        "limitations": [
          "OSM emergency and healthcare mapping completeness varies by area and facility type.",
          "The bounded committed snapshot is not a complete emergency-service registry or an operational-status statement.",
          "No qualified official hospital or ambulance/rescue facility registry is enabled for this provider AOI."
        ],
        "eligible_for_analysis": true,
        "osm_tags": {
          "name": "Ochotnicza Straż Pożarna w Łaziskach Średnich",
          "source": "Powiat mikołowski",
          "amenity": "fire_station",
          "building": "service"
        }
      },
      "geometry": {
        "type": "Polygon",
        "coordinates": [
          [
            [
              18.8633168,
              50.143429899999994
            ],
            [
              18.8632504,
              50.1434084
            ],
            [
              18.8631957,
              50.14347779999999
            ],
            [
              18.863308600000003,
              50.14351429999999
            ],
            [
              18.8633633,
              50.14344499999999
            ],
            [
              18.8633168,
              50.143429899999994
            ]
          ]
        ]
      }
    },
    {
      "type": "Feature",
      "properties": {
        "source": "OpenStreetMap",
        "source_id": "way/303026323",
        "domain": "emergency",
        "asset_type": "fire_service",
        "confidence": "medium",
        "missing_fields": [],
        "limitations": [
          "OSM emergency and healthcare mapping completeness varies by area and facility type.",
          "The bounded committed snapshot is not a complete emergency-service registry or an operational-status statement.",
          "No qualified official hospital or ambulance/rescue facility registry is enabled for this provider AOI."
        ],
        "eligible_for_analysis": true,
        "osm_tags": {
          "name": "Ochotnicza Straż Pożarna w Kobiórze",
          "website": "http://www.osp.kobior.net",
          "amenity": "fire_station",
          "building": "yes"
        }
      },
      "geometry": {
        "type": "Polygon",
        "coordinates": [
          [
            [
              18.933662,
              50.060383599999994
            ],
            [
              18.9336624,
              50.06020310000001
            ],
            [
              18.9335269,
              50.060201899999996
            ],
            [
              18.9335266,
              50.06038239999999
            ],
            [
              18.933662,
              50.060383599999994
            ]
          ]
        ]
      }
    },
    {
      "type": "Feature",
      "properties": {
        "source": "OpenStreetMap",
        "source_id": "way/307869188",
        "domain": "emergency",
        "asset_type": "fire_service",
        "confidence": "medium",
        "missing_fields": [],
        "limitations": [
          "OSM emergency and healthcare mapping completeness varies by area and facility type.",
          "The bounded committed snapshot is not a complete emergency-service registry or an operational-status statement.",
          "No qualified official hospital or ambulance/rescue facility registry is enabled for this provider AOI."
        ],
        "eligible_for_analysis": true,
        "osm_tags": {
          "name": "Ochotnicza Straż Pożarna w Gliwicach - Brzezince",
          "amenity": "fire_station",
          "building": "garage"
        }
      },
      "geometry": {
        "type": "Polygon",
        "coordinates": [
          [
            [
              18.5724922,
              50.3267615
            ],
            [
              18.5725093,
              50.326736099999984
            ],
            [
              18.5725483,
              50.3266781
            ],
            [
              18.5724189,
              50.3266426
            ],
            [
              18.5723628,
              50.3267261
            ],
            [
              18.5724922,
              50.3267615
            ]
          ]
        ]
      }
    },
    {
      "type": "Feature",
      "properties": {
        "source": "OpenStreetMap",
        "source_id": "way/308816707",
        "domain": "emergency",
        "asset_type": "fire_service",
        "confidence": "medium",
        "missing_fields": [],
        "limitations": [
          "OSM emergency and healthcare mapping completeness varies by area and facility type.",
          "The bounded committed snapshot is not a complete emergency-service registry or an operational-status statement.",
          "No qualified official hospital or ambulance/rescue facility registry is enabled for this provider AOI."
        ],
        "eligible_for_analysis": true,
        "osm_tags": {
          "name": "Ochotnicza Straż Pożarna w Śmiłowicach",
          "source": "Powiat mikołowski",
          "amenity": "fire_station",
          "building": "service"
        }
      },
      "geometry": {
        "type": "Polygon",
        "coordinates": [
          [
            [
              18.8621757,
              50.197104
            ],
            [
              18.8621702,
              50.1971113
            ],
            [
              18.8621599,
              50.1971779
            ],
            [
              18.8623168,
              50.19717399999999
            ],
            [
              18.8623258,
              50.197123
            ],
            [
              18.8623285,
              50.1971218
            ],
            [
              18.8623418,
              50.197123600000005
            ],
            [
              18.8623441,
              50.197120699999985
            ],
            [
              18.8623672,
              50.1969877
            ],
            [
              18.8623292,
              50.196981699999995
            ],
            [
              18.862333,
              50.196957299999994
            ],
            [
              18.8622616,
              50.19694710000001
            ],
            [
              18.8622803,
              50.19689739999999
            ],
            [
              18.8621848,
              50.19688310000001
            ],
            [
              18.8621482,
              50.19697589999999
            ],
            [
              18.8621998,
              50.1969837
            ],
            [
              18.8621757,
              50.197104
            ]
          ]
        ]
      }
    },
    {
      "type": "Feature",
      "properties": {
        "source": "OpenStreetMap",
        "source_id": "way/308818047",
        "domain": "emergency",
        "asset_type": "fire_service",
        "confidence": "medium",
        "missing_fields": [],
        "limitations": [
          "OSM emergency and healthcare mapping completeness varies by area and facility type.",
          "The bounded committed snapshot is not a complete emergency-service registry or an operational-status statement.",
          "No qualified official hospital or ambulance/rescue facility registry is enabled for this provider AOI."
        ],
        "eligible_for_analysis": true,
        "osm_tags": {
          "name": "Ochotnicza Straż Pożarna w Mokrem",
          "source": "Powiat mikołowski",
          "amenity": "fire_station",
          "building": "service"
        }
      },
      "geometry": {
        "type": "Polygon",
        "coordinates": [
          [
            [
              18.8536429,
              50.179851699999986
            ],
            [
              18.8535633,
              50.179710199999995
            ],
            [
              18.8533682,
              50.17975580000001
            ],
            [
              18.8534724,
              50.1799429
            ],
            [
              18.8536033,
              50.179913200000016
            ],
            [
              18.8535783,
              50.1798667
            ],
            [
              18.8536429,
              50.179851699999986
            ]
          ]
        ]
      }
    },
    {
      "type": "Feature",
      "properties": {
        "source": "OpenStreetMap",
        "source_id": "way/314576127",
        "domain": "emergency",
        "asset_type": "fire_service",
        "confidence": "medium",
        "missing_fields": [],
        "limitations": [
          "OSM emergency and healthcare mapping completeness varies by area and facility type.",
          "The bounded committed snapshot is not a complete emergency-service registry or an operational-status statement.",
          "No qualified official hospital or ambulance/rescue facility registry is enabled for this provider AOI."
        ],
        "eligible_for_analysis": true,
        "osm_tags": {
          "name": "Ochotnicza Straż Pożarna Przegędza",
          "amenity": "fire_station",
          "building": "yes"
        }
      },
      "geometry": {
        "type": "Polygon",
        "coordinates": [
          [
            [
              18.631200200000002,
              50.12221319999998
            ],
            [
              18.6313273,
              50.122178600000005
            ],
            [
              18.631247,
              50.12205550000001
            ],
            [
              18.6311179,
              50.12209459999999
            ],
            [
              18.631200200000002,
              50.12221319999998
            ]
          ]
        ]
      }
    },
    {
      "type": "Feature",
      "properties": {
        "source": "OpenStreetMap",
        "source_id": "way/314772112",
        "domain": "emergency",
        "asset_type": "fire_service",
        "confidence": "medium",
        "missing_fields": [],
        "limitations": [
          "OSM emergency and healthcare mapping completeness varies by area and facility type.",
          "The bounded committed snapshot is not a complete emergency-service registry or an operational-status statement.",
          "No qualified official hospital or ambulance/rescue facility registry is enabled for this provider AOI."
        ],
        "eligible_for_analysis": true,
        "osm_tags": {
          "name": "Ochotnicza Straż Pożarna Zarzecze-Frelichów",
          "amenity": "fire_station",
          "building": "yes"
        }
      },
      "geometry": {
        "type": "Polygon",
        "coordinates": [
          [
            [
              18.8423332,
              49.91463209999998
            ],
            [
              18.8424109,
              49.91463559999999
            ],
            [
              18.8424116,
              49.9146289
            ],
            [
              18.8424998,
              49.914632899999994
            ],
            [
              18.8425095,
              49.9145442
            ],
            [
              18.8424249,
              49.914540299999985
            ],
            [
              18.8424257,
              49.91453289999999
            ],
            [
              18.8423445,
              49.91452919999998
            ],
            [
              18.8423422,
              49.91454960000001
            ],
            [
              18.8423332,
              49.91463209999998
            ]
          ]
        ]
      }
    },
    {
      "type": "Feature",
      "properties": {
        "source": "OpenStreetMap",
        "source_id": "way/315208074",
        "domain": "emergency",
        "asset_type": "fire_service",
        "confidence": "medium",
        "missing_fields": [],
        "limitations": [
          "OSM emergency and healthcare mapping completeness varies by area and facility type.",
          "The bounded committed snapshot is not a complete emergency-service registry or an operational-status statement.",
          "No qualified official hospital or ambulance/rescue facility registry is enabled for this provider AOI."
        ],
        "eligible_for_analysis": true,
        "osm_tags": {
          "name": "Ochotnicza Straż Pożarna Wisła Wielka",
          "amenity": "fire_station",
          "building": "commercial"
        }
      },
      "geometry": {
        "type": "Polygon",
        "coordinates": [
          [
            [
              18.8558566,
              49.952386
            ],
            [
              18.8559523,
              49.952301199999994
            ],
            [
              18.8556988,
              49.95218259999999
            ],
            [
              18.855603,
              49.95226739999998
            ],
            [
              18.8558566,
              49.952386
            ]
          ]
        ]
      }
    },
    {
      "type": "Feature",
      "properties": {
        "source": "OpenStreetMap",
        "source_id": "way/317723488",
        "domain": "emergency",
        "asset_type": "fire_service",
        "confidence": "medium",
        "missing_fields": [],
        "limitations": [
          "OSM emergency and healthcare mapping completeness varies by area and facility type.",
          "The bounded committed snapshot is not a complete emergency-service registry or an operational-status statement.",
          "No qualified official hospital or ambulance/rescue facility registry is enabled for this provider AOI."
        ],
        "eligible_for_analysis": true,
        "osm_tags": {
          "name": "Ochotnicza Straż Pożarna w Żernicy Gmina Pilchowice",
          "website": "http://www.ospzernica.pilchowice.pl/",
          "amenity": "fire_station",
          "building": "house",
          "contact:phone": "+48 32 332 71 74",
          "contact:email": "ospzernica@gni.pl"
        }
      },
      "geometry": {
        "type": "Polygon",
        "coordinates": [
          [
            [
              18.6153039,
              50.2466682
            ],
            [
              18.6153071,
              50.2465444
            ],
            [
              18.6152652,
              50.24654399999999
            ],
            [
              18.6152661,
              50.2465071
            ],
            [
              18.6151797,
              50.24650609999999
            ],
            [
              18.6151788,
              50.2465423
            ],
            [
              18.6150958,
              50.2465414
            ],
            [
              18.6150924,
              50.24666680000001
            ],
            [
              18.6153039,
              50.2466682
            ]
          ]
        ]
      }
    },
    {
      "type": "Feature",
      "properties": {
        "source": "OpenStreetMap",
        "source_id": "way/319931579",
        "domain": "emergency",
        "asset_type": "fire_service",
        "confidence": "medium",
        "missing_fields": [],
        "limitations": [
          "OSM emergency and healthcare mapping completeness varies by area and facility type.",
          "The bounded committed snapshot is not a complete emergency-service registry or an operational-status statement.",
          "No qualified official hospital or ambulance/rescue facility registry is enabled for this provider AOI."
        ],
        "eligible_for_analysis": true,
        "osm_tags": {
          "name": "Ochotnicza Straż Pożarna Łany",
          "operator": "Ochotnicza Straż Pożarna",
          "operator:wikidata": "Q55289175",
          "website": "https://www.facebook.com/profile.php?id=100070425850556",
          "amenity": "fire_station",
          "building": "detached"
        }
      },
      "geometry": {
        "type": "Polygon",
        "coordinates": [
          [
            [
              18.4320885,
              50.38967039999999
            ],
            [
              18.4321748,
              50.3895628
            ],
            [
              18.4320956,
              50.389537000000004
            ],
            [
              18.4320795,
              50.389557100000005
            ],
            [
              18.4320452,
              50.389545899999995
            ],
            [
              18.431975,
              50.38963340000001
            ],
            [
              18.4320885,
              50.38967039999999
            ]
          ]
        ]
      }
    },
    {
      "type": "Feature",
      "properties": {
        "source": "OpenStreetMap",
        "source_id": "way/329845570",
        "domain": "emergency",
        "asset_type": "fire_service",
        "confidence": "medium",
        "missing_fields": [],
        "limitations": [
          "OSM emergency and healthcare mapping completeness varies by area and facility type.",
          "The bounded committed snapshot is not a complete emergency-service registry or an operational-status statement.",
          "No qualified official hospital or ambulance/rescue facility registry is enabled for this provider AOI."
        ],
        "eligible_for_analysis": true,
        "osm_tags": {
          "name": "Ochotnicza Straż Pożarna Rzuchów",
          "amenity": "fire_station",
          "building": "yes"
        }
      },
      "geometry": {
        "type": "Polygon",
        "coordinates": [
          [
            [
              18.3568956,
              50.070110899999996
            ],
            [
              18.3569974,
              50.07014980000001
            ],
            [
              18.3570537,
              50.0701714
            ],
            [
              18.3571422,
              50.07007670000001
            ],
            [
              18.3569719,
              50.0700133
            ],
            [
              18.3570078,
              50.0699748
            ],
            [
              18.3570514,
              50.069928
            ],
            [
              18.3569038,
              50.06987189999998
            ],
            [
              18.3568232,
              50.0699579
            ],
            [
              18.3568039,
              50.0699513
            ],
            [
              18.356718800000003,
              50.0700431
            ],
            [
              18.3568956,
              50.070110899999996
            ]
          ]
        ]
      }
    },
    {
      "type": "Feature",
      "properties": {
        "source": "OpenStreetMap",
        "source_id": "way/333796079",
        "domain": "emergency",
        "asset_type": "fire_service",
        "confidence": "medium",
        "missing_fields": [],
        "limitations": [
          "OSM emergency and healthcare mapping completeness varies by area and facility type.",
          "The bounded committed snapshot is not a complete emergency-service registry or an operational-status statement.",
          "No qualified official hospital or ambulance/rescue facility registry is enabled for this provider AOI."
        ],
        "eligible_for_analysis": true,
        "osm_tags": {
          "name": "Ochotnicza Straż Pożarna Rogów",
          "amenity": "fire_station",
          "building": "fire_station"
        }
      },
      "geometry": {
        "type": "Polygon",
        "coordinates": [
          [
            [
              18.353273000000005,
              49.990322
            ],
            [
              18.353301,
              49.99030699999999
            ],
            [
              18.3532,
              49.99022699999999
            ],
            [
              18.352953,
              49.990358
            ],
            [
              18.353054,
              49.99043799999999
            ],
            [
              18.3532,
              49.99036099999999
            ],
            [
              18.353273000000005,
              49.990322
            ]
          ]
        ]
      }
    },
    {
      "type": "Feature",
      "properties": {
        "source": "OpenStreetMap",
        "source_id": "way/333796080",
        "domain": "emergency",
        "asset_type": "fire_service",
        "confidence": "medium",
        "missing_fields": [],
        "limitations": [
          "OSM emergency and healthcare mapping completeness varies by area and facility type.",
          "The bounded committed snapshot is not a complete emergency-service registry or an operational-status statement.",
          "No qualified official hospital or ambulance/rescue facility registry is enabled for this provider AOI."
        ],
        "eligible_for_analysis": true,
        "osm_tags": {
          "name": "Ochotnicza Straż Pożarna Syrynia",
          "amenity": "fire_station",
          "building": "yes"
        }
      },
      "geometry": {
        "type": "Polygon",
        "coordinates": [
          [
            [
              18.3383295,
              50.02359909999999
            ],
            [
              18.3382669,
              50.0235787
            ],
            [
              18.3382459,
              50.0236053
            ],
            [
              18.3381915,
              50.02358759999999
            ],
            [
              18.3381346,
              50.02365960000001
            ],
            [
              18.3382516,
              50.02369770000001
            ],
            [
              18.3383295,
              50.02359909999999
            ]
          ]
        ]
      }
    },
    {
      "type": "Feature",
      "properties": {
        "source": "OpenStreetMap",
        "source_id": "way/333796081",
        "domain": "emergency",
        "asset_type": "fire_service",
        "confidence": "medium",
        "missing_fields": [],
        "limitations": [
          "OSM emergency and healthcare mapping completeness varies by area and facility type.",
          "The bounded committed snapshot is not a complete emergency-service registry or an operational-status statement.",
          "No qualified official hospital or ambulance/rescue facility registry is enabled for this provider AOI."
        ],
        "eligible_for_analysis": true,
        "osm_tags": {
          "name": "Ochotnicza Straż Pożarna Bełsznica",
          "amenity": "fire_station",
          "building": "yes"
        }
      },
      "geometry": {
        "type": "Polygon",
        "coordinates": [
          [
            [
              18.365089,
              49.97798239999999
            ],
            [
              18.3650642,
              49.9779114
            ],
            [
              18.36501,
              49.9779192
            ],
            [
              18.3649655,
              49.97779160000001
            ],
            [
              18.3648324,
              49.97781080000001
            ],
            [
              18.3648683,
              49.97791360000001
            ],
            [
              18.3647858,
              49.977925499999984
            ],
            [
              18.3648192,
              49.978021299999995
            ],
            [
              18.365089,
              49.97798239999999
            ]
          ]
        ]
      }
    },
    {
      "type": "Feature",
      "properties": {
        "source": "OpenStreetMap",
        "source_id": "way/333796172",
        "domain": "emergency",
        "asset_type": "fire_service",
        "confidence": "medium",
        "missing_fields": [],
        "limitations": [
          "OSM emergency and healthcare mapping completeness varies by area and facility type.",
          "The bounded committed snapshot is not a complete emergency-service registry or an operational-status statement.",
          "No qualified official hospital or ambulance/rescue facility registry is enabled for this provider AOI."
        ],
        "eligible_for_analysis": true,
        "osm_tags": {
          "name": "Ochotnicza Straż Pożarna Bluszczów",
          "amenity": "fire_station",
          "building": "yes"
        }
      },
      "geometry": {
        "type": "Polygon",
        "coordinates": [
          [
            [
              18.330550200000005,
              49.9905171
            ],
            [
              18.3305526,
              49.990422900000006
            ],
            [
              18.3304278,
              49.9904215
            ],
            [
              18.3304254,
              49.99051579999999
            ],
            [
              18.330550200000005,
              49.9905171
            ]
          ]
        ]
      }
    },
    {
      "type": "Feature",
      "properties": {
        "source": "OpenStreetMap",
        "source_id": "way/336701254",
        "domain": "emergency",
        "asset_type": "fire_service",
        "confidence": "medium",
        "missing_fields": [],
        "limitations": [
          "OSM emergency and healthcare mapping completeness varies by area and facility type.",
          "The bounded committed snapshot is not a complete emergency-service registry or an operational-status statement.",
          "No qualified official hospital or ambulance/rescue facility registry is enabled for this provider AOI."
        ],
        "eligible_for_analysis": true,
        "osm_tags": {
          "name": "Ochotnicza Straż Pożarna Zebrzydowice",
          "amenity": "fire_station",
          "building": "yes",
          "phone": "+48324691032",
          "email": "zebrzydowice@web.osp.org.pl"
        }
      },
      "geometry": {
        "type": "Polygon",
        "coordinates": [
          [
            [
              18.6130798,
              49.876791
            ],
            [
              18.6134442,
              49.876669699999994
            ],
            [
              18.6134315,
              49.876653899999994
            ],
            [
              18.6134748,
              49.876639499999996
            ],
            [
              18.6134138,
              49.876563299999994
            ],
            [
              18.6130061,
              49.87669910000001
            ],
            [
              18.6130798,
              49.876791
            ]
          ]
        ]
      }
    },
    {
      "type": "Feature",
      "properties": {
        "source": "OpenStreetMap",
        "source_id": "way/340353607",
        "domain": "emergency",
        "asset_type": "fire_service",
        "confidence": "medium",
        "missing_fields": [],
        "limitations": [
          "OSM emergency and healthcare mapping completeness varies by area and facility type.",
          "The bounded committed snapshot is not a complete emergency-service registry or an operational-status statement.",
          "No qualified official hospital or ambulance/rescue facility registry is enabled for this provider AOI."
        ],
        "eligible_for_analysis": true,
        "osm_tags": {
          "name": "Ochotnicza Straż Pożarna w Hażlachu",
          "amenity": "fire_station",
          "building": "yes"
        }
      },
      "geometry": {
        "type": "Polygon",
        "coordinates": [
          [
            [
              18.6577492,
              49.8068695
            ],
            [
              18.6577525,
              49.80679179999999
            ],
            [
              18.6576465,
              49.80678999999999
            ],
            [
              18.6576432,
              49.8068677
            ],
            [
              18.6577492,
              49.8068695
            ]
          ]
        ]
      }
    },
    {
      "type": "Feature",
      "properties": {
        "source": "OpenStreetMap",
        "source_id": "way/340640116",
        "domain": "emergency",
        "asset_type": "fire_service",
        "confidence": "medium",
        "missing_fields": [],
        "limitations": [
          "OSM emergency and healthcare mapping completeness varies by area and facility type.",
          "The bounded committed snapshot is not a complete emergency-service registry or an operational-status statement.",
          "No qualified official hospital or ambulance/rescue facility registry is enabled for this provider AOI."
        ],
        "eligible_for_analysis": true,
        "osm_tags": {
          "name": "Ochotnicza Straż Pożarna Ćwiklice",
          "amenity": "fire_station",
          "building": "yes"
        }
      },
      "geometry": {
        "type": "Polygon",
        "coordinates": [
          [
            [
              18.9878764,
              49.9694852
            ],
            [
              18.9878025,
              49.969430900000006
            ],
            [
              18.9877894,
              49.9694213
            ],
            [
              18.9875384,
              49.96955749999999
            ],
            [
              18.9876341,
              49.9696253
            ],
            [
              18.9876896,
              49.9695952
            ],
            [
              18.9876829,
              49.969590199999985
            ],
            [
              18.9878764,
              49.9694852
            ]
          ]
        ]
      }
    },
    {
      "type": "Feature",
      "properties": {
        "source": "OpenStreetMap",
        "source_id": "way/347098037",
        "domain": "emergency",
        "asset_type": "fire_service",
        "confidence": "medium",
        "missing_fields": [],
        "limitations": [
          "OSM emergency and healthcare mapping completeness varies by area and facility type.",
          "The bounded committed snapshot is not a complete emergency-service registry or an operational-status statement.",
          "No qualified official hospital or ambulance/rescue facility registry is enabled for this provider AOI."
        ],
        "eligible_for_analysis": true,
        "osm_tags": {
          "name": "Ochotnicza Straż Pożarna Jejkowice",
          "amenity": "fire_station",
          "building": "yes"
        }
      },
      "geometry": {
        "type": "Polygon",
        "coordinates": [
          [
            [
              18.4796864,
              50.1074909
            ],
            [
              18.4795608,
              50.1073384
            ],
            [
              18.4794409,
              50.107379
            ],
            [
              18.4795665,
              50.1075315
            ],
            [
              18.4796864,
              50.1074909
            ]
          ]
        ]
      }
    },
    {
      "type": "Feature",
      "properties": {
        "source": "OpenStreetMap",
        "source_id": "way/350144431",
        "domain": "emergency",
        "asset_type": "fire_service",
        "confidence": "medium",
        "missing_fields": [],
        "limitations": [
          "OSM emergency and healthcare mapping completeness varies by area and facility type.",
          "The bounded committed snapshot is not a complete emergency-service registry or an operational-status statement.",
          "No qualified official hospital or ambulance/rescue facility registry is enabled for this provider AOI."
        ],
        "eligible_for_analysis": true,
        "osm_tags": {
          "name": "OSP Dziergowice",
          "source": "http://sdi.opolskie.pl/mapa_bazowa/request.aspx",
          "amenity": "fire_station",
          "building": "yes"
        }
      },
      "geometry": {
        "type": "Polygon",
        "coordinates": [
          [
            [
              18.2860186,
              50.2373076
            ],
            [
              18.2860113,
              50.2372306
            ],
            [
              18.2858464,
              50.23723489999999
            ],
            [
              18.2858526,
              50.23731120000001
            ],
            [
              18.2860186,
              50.2373076
            ]
          ]
        ]
      }
    },
    {
      "type": "Feature",
      "properties": {
        "source": "OpenStreetMap",
        "source_id": "way/354481231",
        "domain": "emergency",
        "asset_type": "fire_service",
        "confidence": "medium",
        "missing_fields": [],
        "limitations": [
          "OSM emergency and healthcare mapping completeness varies by area and facility type.",
          "The bounded committed snapshot is not a complete emergency-service registry or an operational-status statement.",
          "No qualified official hospital or ambulance/rescue facility registry is enabled for this provider AOI."
        ],
        "eligible_for_analysis": true,
        "osm_tags": {
          "name": "Ochotnicza Straż Pożarna Babice",
          "amenity": "fire_station",
          "building": "yes"
        }
      },
      "geometry": {
        "type": "Polygon",
        "coordinates": [
          [
            [
              18.3010721,
              50.136739199999994
            ],
            [
              18.301,
              50.1366606
            ],
            [
              18.3009248,
              50.1366889
            ],
            [
              18.300997,
              50.1367676
            ],
            [
              18.3010721,
              50.136739199999994
            ]
          ]
        ]
      }
    },
    {
      "type": "Feature",
      "properties": {
        "source": "OpenStreetMap",
        "source_id": "way/355805622",
        "domain": "emergency",
        "asset_type": "fire_service",
        "confidence": "medium",
        "missing_fields": [],
        "limitations": [
          "OSM emergency and healthcare mapping completeness varies by area and facility type.",
          "The bounded committed snapshot is not a complete emergency-service registry or an operational-status statement.",
          "No qualified official hospital or ambulance/rescue facility registry is enabled for this provider AOI."
        ],
        "eligible_for_analysis": true,
        "osm_tags": {
          "name": "Ochotnicza Straż Pożarna Czerwionka",
          "amenity": "fire_station",
          "building": "yes"
        }
      },
      "geometry": {
        "type": "Polygon",
        "coordinates": [
          [
            [
              18.6748601,
              50.148867499999994
            ],
            [
              18.6748522,
              50.1488771
            ],
            [
              18.6749116,
              50.14889720000001
            ],
            [
              18.6749596,
              50.14883889999999
            ],
            [
              18.674947,
              50.14883459999999
            ],
            [
              18.6748986,
              50.1488183
            ],
            [
              18.6749236,
              50.148787799999994
            ],
            [
              18.6745801,
              50.1486718
            ],
            [
              18.674515,
              50.148751
            ],
            [
              18.6748601,
              50.148867499999994
            ]
          ]
        ]
      }
    },
    {
      "type": "Feature",
      "properties": {
        "source": "OpenStreetMap",
        "source_id": "way/361385719",
        "domain": "emergency",
        "asset_type": "fire_service",
        "confidence": "medium",
        "missing_fields": [],
        "limitations": [
          "OSM emergency and healthcare mapping completeness varies by area and facility type.",
          "The bounded committed snapshot is not a complete emergency-service registry or an operational-status statement.",
          "No qualified official hospital or ambulance/rescue facility registry is enabled for this provider AOI."
        ],
        "eligible_for_analysis": true,
        "osm_tags": {
          "name": "Ochotnicza Straż Pożarna w Bycinie Gmina Rudziniec",
          "amenity": "fire_station",
          "building": "yes"
        }
      },
      "geometry": {
        "type": "Polygon",
        "coordinates": [
          [
            [
              18.5309914,
              50.390408199999996
            ],
            [
              18.5310041,
              50.39041969999999
            ],
            [
              18.5310362,
              50.390423
            ],
            [
              18.5310614,
              50.3904106
            ],
            [
              18.5310582,
              50.39039300000001
            ],
            [
              18.5310458,
              50.39038209999999
            ],
            [
              18.5310732,
              50.3903695
            ],
            [
              18.5309214,
              50.39023339999999
            ],
            [
              18.530819,
              50.39027999999999
            ],
            [
              18.5308645,
              50.39032069999999
            ],
            [
              18.5308595,
              50.390330899999995
            ],
            [
              18.5308272,
              50.39032340000001
            ],
            [
              18.5307861,
              50.39034250000001
            ],
            [
              18.5307861,
              50.3903638
            ],
            [
              18.5307988,
              50.3903764
            ],
            [
              18.530748,
              50.3904006
            ],
            [
              18.5308356,
              50.3904789
            ],
            [
              18.5309914,
              50.390408199999996
            ]
          ]
        ]
      }
    },
    {
      "type": "Feature",
      "properties": {
        "source": "OpenStreetMap",
        "source_id": "way/368796676",
        "domain": "emergency",
        "asset_type": "fire_service",
        "confidence": "medium",
        "missing_fields": [],
        "limitations": [
          "OSM emergency and healthcare mapping completeness varies by area and facility type.",
          "The bounded committed snapshot is not a complete emergency-service registry or an operational-status statement.",
          "No qualified official hospital or ambulance/rescue facility registry is enabled for this provider AOI."
        ],
        "eligible_for_analysis": true,
        "osm_tags": {
          "name": "Ochotnicza Straż Pożarna Gogołowa",
          "amenity": "fire_station",
          "building": "office"
        }
      },
      "geometry": {
        "type": "Polygon",
        "coordinates": [
          [
            [
              18.5930548,
              49.9870436
            ],
            [
              18.5931418,
              49.98694569999999
            ],
            [
              18.5931572,
              49.98695229999999
            ],
            [
              18.5931823,
              49.986922099999994
            ],
            [
              18.593167,
              49.9869164
            ],
            [
              18.5931914,
              49.986888599999986
            ],
            [
              18.5932074,
              49.98689370000001
            ],
            [
              18.5932322,
              49.986867700000005
            ],
            [
              18.5932155,
              49.9868613
            ],
            [
              18.5933486,
              49.98671199999999
            ],
            [
              18.5931727,
              49.98664999999999
            ],
            [
              18.5928763,
              49.9869805
            ],
            [
              18.5930548,
              49.9870436
            ]
          ]
        ]
      }
    },
    {
      "type": "Feature",
      "properties": {
        "source": "OpenStreetMap",
        "source_id": "way/369949757",
        "domain": "emergency",
        "asset_type": "fire_service",
        "confidence": "medium",
        "missing_fields": [],
        "limitations": [
          "OSM emergency and healthcare mapping completeness varies by area and facility type.",
          "The bounded committed snapshot is not a complete emergency-service registry or an operational-status statement.",
          "No qualified official hospital or ambulance/rescue facility registry is enabled for this provider AOI."
        ],
        "eligible_for_analysis": true,
        "osm_tags": {
          "name": "Ochotnicza Straż Pożarna w Mszanie",
          "amenity": "fire_station",
          "building": "yes"
        }
      },
      "geometry": {
        "type": "Polygon",
        "coordinates": [
          [
            [
              18.5300336,
              49.9672278
            ],
            [
              18.5299291,
              49.96705540000001
            ],
            [
              18.52979,
              49.967090699999986
            ],
            [
              18.5298128,
              49.96712819999999
            ],
            [
              18.5297556,
              49.9671432
            ],
            [
              18.5298289,
              49.96726420000001
            ],
            [
              18.5298873,
              49.9672499
            ],
            [
              18.5298997,
              49.96726360000001
            ],
            [
              18.5300336,
              49.9672278
            ]
          ]
        ]
      }
    },
    {
      "type": "Feature",
      "properties": {
        "source": "OpenStreetMap",
        "source_id": "way/374301682",
        "domain": "emergency",
        "asset_type": "fire_service",
        "confidence": "medium",
        "missing_fields": [],
        "limitations": [
          "OSM emergency and healthcare mapping completeness varies by area and facility type.",
          "The bounded committed snapshot is not a complete emergency-service registry or an operational-status statement.",
          "No qualified official hospital or ambulance/rescue facility registry is enabled for this provider AOI."
        ],
        "eligible_for_analysis": true,
        "osm_tags": {
          "name": "Ochotnicza Straż Pożarna Borucin",
          "amenity": "fire_station",
          "building": "yes"
        }
      },
      "geometry": {
        "type": "Polygon",
        "coordinates": [
          [
            [
              18.1569925,
              50.0048143
            ],
            [
              18.1569817,
              50.004714500000006
            ],
            [
              18.1567875,
              50.0047232
            ],
            [
              18.1567983,
              50.0048229
            ],
            [
              18.1569925,
              50.0048143
            ]
          ]
        ]
      }
    },
    {
      "type": "Feature",
      "properties": {
        "source": "OpenStreetMap",
        "source_id": "way/376473379",
        "domain": "emergency",
        "asset_type": "fire_service",
        "confidence": "medium",
        "missing_fields": [],
        "limitations": [
          "OSM emergency and healthcare mapping completeness varies by area and facility type.",
          "The bounded committed snapshot is not a complete emergency-service registry or an operational-status statement.",
          "No qualified official hospital or ambulance/rescue facility registry is enabled for this provider AOI."
        ],
        "eligible_for_analysis": true,
        "osm_tags": {
          "name": "Ochotnicza Straż Pożarna Palowice",
          "amenity": "fire_station",
          "building": "yes"
        }
      },
      "geometry": {
        "type": "Polygon",
        "coordinates": [
          [
            [
              18.725752,
              50.099586499999994
            ],
            [
              18.7257679,
              50.09956089999999
            ],
            [
              18.7257871,
              50.09956599999999
            ],
            [
              18.7258558,
              50.09945679999999
            ],
            [
              18.7257297,
              50.0994241
            ],
            [
              18.7257197,
              50.0994401
            ],
            [
              18.7256615,
              50.0994249
            ],
            [
              18.7255868,
              50.0995436
            ],
            [
              18.725752,
              50.099586499999994
            ]
          ]
        ]
      }
    },
    {
      "type": "Feature",
      "properties": {
        "source": "OpenStreetMap",
        "source_id": "way/376801247",
        "domain": "emergency",
        "asset_type": "fire_service",
        "confidence": "medium",
        "missing_fields": [],
        "limitations": [
          "OSM emergency and healthcare mapping completeness varies by area and facility type.",
          "The bounded committed snapshot is not a complete emergency-service registry or an operational-status statement.",
          "No qualified official hospital or ambulance/rescue facility registry is enabled for this provider AOI."
        ],
        "eligible_for_analysis": true,
        "osm_tags": {
          "name": "Ochotnicza Straż Pożarna w Łące",
          "amenity": "fire_station",
          "building": "yes"
        }
      },
      "geometry": {
        "type": "Polygon",
        "coordinates": [
          [
            [
              18.9075822,
              49.957649800000006
            ],
            [
              18.9076265,
              49.95750280000001
            ],
            [
              18.9074598,
              49.95747600000001
            ],
            [
              18.907416,
              49.9576275
            ],
            [
              18.9075822,
              49.957649800000006
            ]
          ]
        ]
      }
    },
    {
      "type": "Feature",
      "properties": {
        "source": "OpenStreetMap",
        "source_id": "way/376855984",
        "domain": "emergency",
        "asset_type": "fire_service",
        "confidence": "medium",
        "missing_fields": [],
        "limitations": [
          "OSM emergency and healthcare mapping completeness varies by area and facility type.",
          "The bounded committed snapshot is not a complete emergency-service registry or an operational-status statement.",
          "No qualified official hospital or ambulance/rescue facility registry is enabled for this provider AOI."
        ],
        "eligible_for_analysis": true,
        "osm_tags": {
          "name": "Ochotnicza Straż Pożarna Studzienice",
          "amenity": "fire_station",
          "building": "yes"
        }
      },
      "geometry": {
        "type": "Polygon",
        "coordinates": [
          [
            [
              18.9814493,
              50.020686600000005
            ],
            [
              18.9814935,
              50.02058130000001
            ],
            [
              18.9813549,
              50.020557100000005
            ],
            [
              18.9813107,
              50.02066250000001
            ],
            [
              18.9814493,
              50.020686600000005
            ]
          ]
        ]
      }
    },
    {
      "type": "Feature",
      "properties": {
        "source": "OpenStreetMap",
        "source_id": "way/378355426",
        "domain": "emergency",
        "asset_type": "fire_service",
        "confidence": "medium",
        "missing_fields": [],
        "limitations": [
          "OSM emergency and healthcare mapping completeness varies by area and facility type.",
          "The bounded committed snapshot is not a complete emergency-service registry or an operational-status statement.",
          "No qualified official hospital or ambulance/rescue facility registry is enabled for this provider AOI."
        ],
        "eligible_for_analysis": true,
        "osm_tags": {
          "name": "Ochotnicza Straż Pożarna w Kaczycach",
          "amenity": "fire_station",
          "building": "yes"
        }
      },
      "geometry": {
        "type": "Polygon",
        "coordinates": [
          [
            [
              18.5921738,
              49.8356981
            ],
            [
              18.5920923,
              49.835529000000015
            ],
            [
              18.5918493,
              49.835577999999984
            ],
            [
              18.5919308,
              49.8357471
            ],
            [
              18.5921738,
              49.8356981
            ]
          ]
        ]
      }
    },
    {
      "type": "Feature",
      "properties": {
        "source": "OpenStreetMap",
        "source_id": "way/382002599",
        "domain": "emergency",
        "asset_type": "fire_service",
        "confidence": "medium",
        "missing_fields": [],
        "limitations": [
          "OSM emergency and healthcare mapping completeness varies by area and facility type.",
          "The bounded committed snapshot is not a complete emergency-service registry or an operational-status statement.",
          "No qualified official hospital or ambulance/rescue facility registry is enabled for this provider AOI."
        ],
        "eligible_for_analysis": true,
        "osm_tags": {
          "name": "Ochotnicza Straż Pożarna w Chudowie",
          "amenity": "fire_station",
          "building": "yes"
        }
      },
      "geometry": {
        "type": "Polygon",
        "coordinates": [
          [
            [
              18.7789898,
              50.2111953
            ],
            [
              18.77892,
              50.2111557
            ],
            [
              18.7789478,
              50.211135600000006
            ],
            [
              18.7788238,
              50.2110653
            ],
            [
              18.7787628,
              50.2111094
            ],
            [
              18.7787197,
              50.211084899999996
            ],
            [
              18.7786834,
              50.2111111
            ],
            [
              18.778751,
              50.211149299999995
            ],
            [
              18.7787359,
              50.21116020000001
            ],
            [
              18.7787487,
              50.211167499999995
            ],
            [
              18.7786896,
              50.21121019999999
            ],
            [
              18.7788463,
              50.211298899999996
            ],
            [
              18.7789898,
              50.2111953
            ]
          ]
        ]
      }
    },
    {
      "type": "Feature",
      "properties": {
        "source": "OpenStreetMap",
        "source_id": "way/382134583",
        "domain": "emergency",
        "asset_type": "fire_service",
        "confidence": "medium",
        "missing_fields": [],
        "limitations": [
          "OSM emergency and healthcare mapping completeness varies by area and facility type.",
          "The bounded committed snapshot is not a complete emergency-service registry or an operational-status statement.",
          "No qualified official hospital or ambulance/rescue facility registry is enabled for this provider AOI."
        ],
        "eligible_for_analysis": true,
        "osm_tags": {
          "name": "Ochotnicza Straż Pożarna Wilcza",
          "amenity": "fire_station",
          "building": "yes"
        }
      },
      "geometry": {
        "type": "Polygon",
        "coordinates": [
          [
            [
              18.5962274,
              50.188742299999994
            ],
            [
              18.596215200000003,
              50.1887511
            ],
            [
              18.5962492,
              50.1887714
            ],
            [
              18.5963173,
              50.1887175
            ],
            [
              18.5963354,
              50.1886575
            ],
            [
              18.5961195,
              50.1885384
            ],
            [
              18.5960665,
              50.1885775
            ],
            [
              18.5960084,
              50.188620199999995
            ],
            [
              18.5962274,
              50.188742299999994
            ]
          ]
        ]
      }
    },
    {
      "type": "Feature",
      "properties": {
        "source": "OpenStreetMap",
        "source_id": "way/399324473",
        "domain": "emergency",
        "asset_type": "fire_service",
        "confidence": "medium",
        "missing_fields": [],
        "limitations": [
          "OSM emergency and healthcare mapping completeness varies by area and facility type.",
          "The bounded committed snapshot is not a complete emergency-service registry or an operational-status statement.",
          "No qualified official hospital or ambulance/rescue facility registry is enabled for this provider AOI."
        ],
        "eligible_for_analysis": true,
        "osm_tags": {
          "amenity": "fire_station"
        }
      },
      "geometry": {
        "type": "Polygon",
        "coordinates": [
          [
            [
              18.8536996,
              49.8602131
            ],
            [
              18.8541972,
              49.860460799999984
            ],
            [
              18.8543756,
              49.860315799999995
            ],
            [
              18.854329,
              49.86028569999999
            ],
            [
              18.8544641,
              49.8601983
            ],
            [
              18.8547848,
              49.85999069999999
            ],
            [
              18.8543592,
              49.85990309999999
            ],
            [
              18.854247,
              49.859910899999996
            ],
            [
              18.8540575,
              49.85992399999999
            ],
            [
              18.8532964,
              49.859980900000004
            ],
            [
              18.8532586,
              49.86000930000001
            ],
            [
              18.8536996,
              49.8602131
            ]
          ]
        ]
      }
    },
    {
      "type": "Feature",
      "properties": {
        "source": "OpenStreetMap",
        "source_id": "way/414194392",
        "domain": "emergency",
        "asset_type": "fire_service",
        "confidence": "medium",
        "missing_fields": [],
        "limitations": [
          "OSM emergency and healthcare mapping completeness varies by area and facility type.",
          "The bounded committed snapshot is not a complete emergency-service registry or an operational-status statement.",
          "No qualified official hospital or ambulance/rescue facility registry is enabled for this provider AOI."
        ],
        "eligible_for_analysis": true,
        "osm_tags": {
          "name": "Ochotnicza Straż Pożarna w Pruchnej",
          "website": "http://pruchna.osp.org.pl",
          "start_date": "15.09.1901",
          "amenity": "fire_station",
          "building": "yes"
        }
      },
      "geometry": {
        "type": "Polygon",
        "coordinates": [
          [
            [
              18.6964501,
              49.866938499999996
            ],
            [
              18.6964655,
              49.86699519999999
            ],
            [
              18.6965486,
              49.8669857
            ],
            [
              18.6965974,
              49.86716500000001
            ],
            [
              18.6966772,
              49.86715589999999
            ],
            [
              18.6966694,
              49.86712719999999
            ],
            [
              18.6967779,
              49.86711489999998
            ],
            [
              18.6967343,
              49.8669548
            ],
            [
              18.6967886,
              49.8669487
            ],
            [
              18.6967754,
              49.866900199999996
            ],
            [
              18.6966897,
              49.86690999999999
            ],
            [
              18.696663,
              49.86681209999999
            ],
            [
              18.696378800000005,
              49.8668444
            ],
            [
              18.6964058,
              49.86694360000001
            ],
            [
              18.6964501,
              49.866938499999996
            ]
          ]
        ]
      }
    },
    {
      "type": "Feature",
      "properties": {
        "source": "OpenStreetMap",
        "source_id": "way/418899717",
        "domain": "emergency",
        "asset_type": "fire_service",
        "confidence": "medium",
        "missing_fields": [],
        "limitations": [
          "OSM emergency and healthcare mapping completeness varies by area and facility type.",
          "The bounded committed snapshot is not a complete emergency-service registry or an operational-status statement.",
          "No qualified official hospital or ambulance/rescue facility registry is enabled for this provider AOI."
        ],
        "eligible_for_analysis": true,
        "osm_tags": {
          "name": "Ochotnicza Straż Pożarna Orzepowice",
          "amenity": "fire_station",
          "building": "yes"
        }
      },
      "geometry": {
        "type": "Polygon",
        "coordinates": [
          [
            [
              18.508937400000004,
              50.115725999999995
            ],
            [
              18.5086762,
              50.11558259999999
            ],
            [
              18.5086701,
              50.1155949
            ],
            [
              18.5086517,
              50.1156195
            ],
            [
              18.5086176,
              50.11565319999999
            ],
            [
              18.5085801,
              50.1156773
            ],
            [
              18.5085372,
              50.11569970000001
            ],
            [
              18.5087915,
              50.1158353
            ],
            [
              18.508937400000004,
              50.115725999999995
            ]
          ]
        ]
      }
    },
    {
      "type": "Feature",
      "properties": {
        "source": "OpenStreetMap",
        "source_id": "way/423650323",
        "domain": "emergency",
        "asset_type": "fire_service",
        "confidence": "medium",
        "missing_fields": [],
        "limitations": [
          "OSM emergency and healthcare mapping completeness varies by area and facility type.",
          "The bounded committed snapshot is not a complete emergency-service registry or an operational-status statement.",
          "No qualified official hospital or ambulance/rescue facility registry is enabled for this provider AOI."
        ],
        "eligible_for_analysis": true,
        "osm_tags": {
          "name": "Ochotnicza Straż Pożarna Zaborze",
          "amenity": "fire_station",
          "building": "yes"
        }
      },
      "geometry": {
        "type": "Polygon",
        "coordinates": [
          [
            [
              18.8085434,
              49.871206799999996
            ],
            [
              18.8085295,
              49.87116760000001
            ],
            [
              18.8085078,
              49.871106799999986
            ],
            [
              18.808428,
              49.871118599999996
            ],
            [
              18.80842,
              49.87109589999999
            ],
            [
              18.8083265,
              49.87110970000001
            ],
            [
              18.808294,
              49.87101849999999
            ],
            [
              18.8081648,
              49.871037599999994
            ],
            [
              18.8082015,
              49.87114069999999
            ],
            [
              18.8081045,
              49.871154999999995
            ],
            [
              18.8081439,
              49.87126589999999
            ],
            [
              18.8085434,
              49.871206799999996
            ]
          ]
        ]
      }
    },
    {
      "type": "Feature",
      "properties": {
        "source": "OpenStreetMap",
        "source_id": "way/432516958",
        "domain": "emergency",
        "asset_type": "fire_service",
        "confidence": "medium",
        "missing_fields": [],
        "limitations": [
          "OSM emergency and healthcare mapping completeness varies by area and facility type.",
          "The bounded committed snapshot is not a complete emergency-service registry or an operational-status statement.",
          "No qualified official hospital or ambulance/rescue facility registry is enabled for this provider AOI."
        ],
        "eligible_for_analysis": true,
        "osm_tags": {
          "source": "http://sdi.opolskie.pl/mapa_bazowa/request.aspx",
          "amenity": "fire_station",
          "building": "fire_station"
        }
      },
      "geometry": {
        "type": "Polygon",
        "coordinates": [
          [
            [
              18.2260915,
              50.2110448
            ],
            [
              18.2260708,
              50.21098870000001
            ],
            [
              18.2260448,
              50.2109928
            ],
            [
              18.226003,
              50.210886499999994
            ],
            [
              18.2258345,
              50.2109138
            ],
            [
              18.2258774,
              50.21102279999999
            ],
            [
              18.2259185,
              50.21101550000001
            ],
            [
              18.2259416,
              50.2110687
            ],
            [
              18.2260915,
              50.2110448
            ]
          ]
        ]
      }
    },
    {
      "type": "Feature",
      "properties": {
        "source": "OpenStreetMap",
        "source_id": "way/438361594",
        "domain": "emergency",
        "asset_type": "fire_service",
        "confidence": "medium",
        "missing_fields": [],
        "limitations": [
          "OSM emergency and healthcare mapping completeness varies by area and facility type.",
          "The bounded committed snapshot is not a complete emergency-service registry or an operational-status statement.",
          "No qualified official hospital or ambulance/rescue facility registry is enabled for this provider AOI."
        ],
        "eligible_for_analysis": true,
        "osm_tags": {
          "name": "Ochotnicza Straż Pożarna Radlin 2",
          "website": "http://www.radlin2.osp.org.pl/",
          "start_date": "1907",
          "amenity": "fire_station",
          "building": "yes",
          "phone": "+48 324565996"
        }
      },
      "geometry": {
        "type": "Polygon",
        "coordinates": [
          [
            [
              18.460222,
              50.0229912
            ],
            [
              18.4602146,
              50.02291429999999
            ],
            [
              18.4602145,
              50.02290959999999
            ],
            [
              18.460128,
              50.02291269999999
            ],
            [
              18.460069400000002,
              50.022914799999995
            ],
            [
              18.460014,
              50.02291679999999
            ],
            [
              18.4599802,
              50.022918
            ],
            [
              18.4599872,
              50.022999399999996
            ],
            [
              18.460222,
              50.0229912
            ]
          ]
        ]
      }
    },
    {
      "type": "Feature",
      "properties": {
        "source": "OpenStreetMap",
        "source_id": "way/438868437",
        "domain": "emergency",
        "asset_type": "fire_service",
        "confidence": "medium",
        "missing_fields": [],
        "limitations": [
          "OSM emergency and healthcare mapping completeness varies by area and facility type.",
          "The bounded committed snapshot is not a complete emergency-service registry or an operational-status statement.",
          "No qualified official hospital or ambulance/rescue facility registry is enabled for this provider AOI."
        ],
        "eligible_for_analysis": true,
        "osm_tags": {
          "name": "OSP w Niezdrowicach",
          "source": "http://sdi.opolskie.pl/mapa_bazowa/request.aspx",
          "amenity": "fire_station",
          "building": "fire_station"
        }
      },
      "geometry": {
        "type": "Polygon",
        "coordinates": [
          [
            [
              18.3627314,
              50.3754682
            ],
            [
              18.3627106,
              50.3754164
            ],
            [
              18.3626022,
              50.37543329999999
            ],
            [
              18.3626221,
              50.375485399999995
            ],
            [
              18.3627314,
              50.3754682
            ]
          ]
        ]
      }
    },
    {
      "type": "Feature",
      "properties": {
        "source": "OpenStreetMap",
        "source_id": "way/438939660",
        "domain": "emergency",
        "asset_type": "fire_service",
        "confidence": "medium",
        "missing_fields": [],
        "limitations": [
          "OSM emergency and healthcare mapping completeness varies by area and facility type.",
          "The bounded committed snapshot is not a complete emergency-service registry or an operational-status statement.",
          "No qualified official hospital or ambulance/rescue facility registry is enabled for this provider AOI."
        ],
        "eligible_for_analysis": true,
        "osm_tags": {
          "name": "Jednostka Ratownicza Blachownia Kędzierzyn-Koźle",
          "operator": "Serwis Blachownia Sp. z o.o.",
          "amenity": "fire_station",
          "building": "industrial"
        }
      },
      "geometry": {
        "type": "Polygon",
        "coordinates": [
          [
            [
              18.2814368,
              50.35805109999999
            ],
            [
              18.2814262,
              50.358074900000005
            ],
            [
              18.2814883,
              50.3580863
            ],
            [
              18.281517,
              50.358036999999996
            ],
            [
              18.281534,
              50.35800100000001
            ],
            [
              18.281642,
              50.358020999999994
            ],
            [
              18.281702700000004,
              50.35788779999999
            ],
            [
              18.281626,
              50.357873
            ],
            [
              18.2815982,
              50.3579339
            ],
            [
              18.2812375,
              50.3578671
            ],
            [
              18.2813563,
              50.35760760000001
            ],
            [
              18.2814149,
              50.357617700000006
            ],
            [
              18.2814749,
              50.357481
            ],
            [
              18.2813872,
              50.35746519999999
            ],
            [
              18.2813981,
              50.35743909999999
            ],
            [
              18.2813027,
              50.35742170000001
            ],
            [
              18.2812904,
              50.357447499999985
            ],
            [
              18.2812048,
              50.35743169999999
            ],
            [
              18.280966,
              50.357963
            ],
            [
              18.2814368,
              50.35805109999999
            ]
          ]
        ]
      }
    },
    {
      "type": "Feature",
      "properties": {
        "source": "OpenStreetMap",
        "source_id": "way/452694946",
        "domain": "emergency",
        "asset_type": "fire_service",
        "confidence": "medium",
        "missing_fields": [],
        "limitations": [
          "OSM emergency and healthcare mapping completeness varies by area and facility type.",
          "The bounded committed snapshot is not a complete emergency-service registry or an operational-status statement.",
          "No qualified official hospital or ambulance/rescue facility registry is enabled for this provider AOI."
        ],
        "eligible_for_analysis": true,
        "osm_tags": {
          "name": "Ochotnicza Straż Pożarna Ruda",
          "amenity": "fire_station",
          "building": "yes"
        }
      },
      "geometry": {
        "type": "Polygon",
        "coordinates": [
          [
            [
              18.250271400000003,
              50.2124543
            ],
            [
              18.250257,
              50.2123977
            ],
            [
              18.2500841,
              50.212416600000005
            ],
            [
              18.2500985,
              50.21247180000001
            ],
            [
              18.250271400000003,
              50.2124543
            ]
          ]
        ]
      }
    },
    {
      "type": "Feature",
      "properties": {
        "source": "OpenStreetMap",
        "source_id": "way/454613938",
        "domain": "emergency",
        "asset_type": "fire_service",
        "confidence": "medium",
        "missing_fields": [],
        "limitations": [
          "OSM emergency and healthcare mapping completeness varies by area and facility type.",
          "The bounded committed snapshot is not a complete emergency-service registry or an operational-status statement.",
          "No qualified official hospital or ambulance/rescue facility registry is enabled for this provider AOI."
        ],
        "eligible_for_analysis": true,
        "osm_tags": {
          "name": "Ochotnicza Straż Pożarna w Gliwicach-Ostropie",
          "website": "https://www.facebook.com/OspOstropa/",
          "amenity": "fire_station",
          "building": "fire_station"
        }
      },
      "geometry": {
        "type": "Polygon",
        "coordinates": [
          [
            [
              18.594460200000004,
              50.2850828
            ],
            [
              18.5945128,
              50.28495449999999
            ],
            [
              18.5945046,
              50.284953099999996
            ],
            [
              18.5944802,
              50.284948899999996
            ],
            [
              18.5944636,
              50.28498950000001
            ],
            [
              18.5944018,
              50.284979199999995
            ],
            [
              18.5943695,
              50.284973599999994
            ],
            [
              18.5943335,
              50.2850616
            ],
            [
              18.594460200000004,
              50.2850828
            ]
          ]
        ]
      }
    },
    {
      "type": "Feature",
      "properties": {
        "source": "OpenStreetMap",
        "source_id": "way/455273869",
        "domain": "emergency",
        "asset_type": "fire_service",
        "confidence": "medium",
        "missing_fields": [],
        "limitations": [
          "OSM emergency and healthcare mapping completeness varies by area and facility type.",
          "The bounded committed snapshot is not a complete emergency-service registry or an operational-status statement.",
          "No qualified official hospital or ambulance/rescue facility registry is enabled for this provider AOI."
        ],
        "eligible_for_analysis": true,
        "osm_tags": {
          "name": "Ochotnicza Straż Pożarna w Łączy Gmina Rudziniec",
          "amenity": "fire_station",
          "building": "yes"
        }
      },
      "geometry": {
        "type": "Polygon",
        "coordinates": [
          [
            [
              18.4419661,
              50.32075749999999
            ],
            [
              18.4418806,
              50.320766799999994
            ],
            [
              18.4417835,
              50.320777299999996
            ],
            [
              18.4417956,
              50.320822799999995
            ],
            [
              18.4418667,
              50.3208151
            ],
            [
              18.4418875,
              50.32089319999999
            ],
            [
              18.441999,
              50.3208811
            ],
            [
              18.4419781,
              50.3208026
            ],
            [
              18.4419661,
              50.32075749999999
            ]
          ]
        ]
      }
    },
    {
      "type": "Feature",
      "properties": {
        "source": "OpenStreetMap",
        "source_id": "way/464526066",
        "domain": "emergency",
        "asset_type": "fire_service",
        "confidence": "medium",
        "missing_fields": [],
        "limitations": [
          "OSM emergency and healthcare mapping completeness varies by area and facility type.",
          "The bounded committed snapshot is not a complete emergency-service registry or an operational-status statement.",
          "No qualified official hospital or ambulance/rescue facility registry is enabled for this provider AOI."
        ],
        "eligible_for_analysis": true,
        "osm_tags": {
          "name": "Ochotnicza Straż Pożarna w Strumieniu",
          "amenity": "fire_station",
          "building": "yes"
        }
      },
      "geometry": {
        "type": "Polygon",
        "coordinates": [
          [
            [
              18.7588871,
              49.9157695
            ],
            [
              18.7589413,
              49.91567310000001
            ],
            [
              18.7585823,
              49.9155888
            ],
            [
              18.7585286,
              49.9156853
            ],
            [
              18.7588871,
              49.9157695
            ]
          ]
        ]
      }
    },
    {
      "type": "Feature",
      "properties": {
        "source": "OpenStreetMap",
        "source_id": "way/468969475",
        "domain": "emergency",
        "asset_type": "fire_service",
        "confidence": "medium",
        "missing_fields": [],
        "limitations": [
          "OSM emergency and healthcare mapping completeness varies by area and facility type.",
          "The bounded committed snapshot is not a complete emergency-service registry or an operational-status statement.",
          "No qualified official hospital or ambulance/rescue facility registry is enabled for this provider AOI."
        ],
        "eligible_for_analysis": true,
        "osm_tags": {
          "name": "Ochotnicza Straż Pożarna Maków",
          "amenity": "fire_station",
          "building": "yes"
        }
      },
      "geometry": {
        "type": "Polygon",
        "coordinates": [
          [
            [
              18.084542,
              50.107466900000006
            ],
            [
              18.0845814,
              50.10745519999999
            ],
            [
              18.0845363,
              50.10739689999999
            ],
            [
              18.0844992,
              50.10740869999999
            ],
            [
              18.084542,
              50.107466900000006
            ]
          ]
        ]
      }
    },
    {
      "type": "Feature",
      "properties": {
        "source": "OpenStreetMap",
        "source_id": "way/475289889",
        "domain": "emergency",
        "asset_type": "fire_service",
        "confidence": "medium",
        "missing_fields": [],
        "limitations": [
          "OSM emergency and healthcare mapping completeness varies by area and facility type.",
          "The bounded committed snapshot is not a complete emergency-service registry or an operational-status statement.",
          "No qualified official hospital or ambulance/rescue facility registry is enabled for this provider AOI."
        ],
        "eligible_for_analysis": true,
        "osm_tags": {
          "name": "Ochotnicza Straż Pożarna Smolnica",
          "amenity": "fire_station",
          "building": "yes"
        }
      },
      "geometry": {
        "type": "Polygon",
        "coordinates": [
          [
            [
              18.5499915,
              50.25750819999999
            ],
            [
              18.5500182,
              50.25754319999999
            ],
            [
              18.5501869,
              50.25749059999999
            ],
            [
              18.5500838,
              50.2573554
            ],
            [
              18.5497355,
              50.25746399999999
            ],
            [
              18.5498118,
              50.2575642
            ],
            [
              18.5499915,
              50.25750819999999
            ]
          ]
        ]
      }
    },
    {
      "type": "Feature",
      "properties": {
        "source": "OpenStreetMap",
        "source_id": "way/476615261",
        "domain": "emergency",
        "asset_type": "fire_service",
        "confidence": "medium",
        "missing_fields": [],
        "limitations": [
          "OSM emergency and healthcare mapping completeness varies by area and facility type.",
          "The bounded committed snapshot is not a complete emergency-service registry or an operational-status statement.",
          "No qualified official hospital or ambulance/rescue facility registry is enabled for this provider AOI."
        ],
        "eligible_for_analysis": true,
        "osm_tags": {
          "name": "Ochotnicza Straż Pożarna w Trachach",
          "amenity": "fire_station",
          "building": "yes"
        }
      },
      "geometry": {
        "type": "Polygon",
        "coordinates": [
          [
            [
              18.5134937,
              50.2548997
            ],
            [
              18.5134532,
              50.25477899999999
            ],
            [
              18.5133659,
              50.254791199999985
            ],
            [
              18.5134058,
              50.2549121
            ],
            [
              18.5134937,
              50.2548997
            ]
          ]
        ]
      }
    },
    {
      "type": "Feature",
      "properties": {
        "source": "OpenStreetMap",
        "source_id": "way/485491986",
        "domain": "emergency",
        "asset_type": "fire_service",
        "confidence": "medium",
        "missing_fields": [],
        "limitations": [
          "OSM emergency and healthcare mapping completeness varies by area and facility type.",
          "The bounded committed snapshot is not a complete emergency-service registry or an operational-status statement.",
          "No qualified official hospital or ambulance/rescue facility registry is enabled for this provider AOI."
        ],
        "eligible_for_analysis": true,
        "osm_tags": {
          "name": "Ochotnicza Straż Pożarna w Kotlarni",
          "amenity": "fire_station",
          "building": "yes"
        }
      },
      "geometry": {
        "type": "Polygon",
        "coordinates": [
          [
            [
              18.3735598,
              50.27602259999999
            ],
            [
              18.3735256,
              50.275976299999996
            ],
            [
              18.373329,
              50.27603449999999
            ],
            [
              18.3733623,
              50.27608089999999
            ],
            [
              18.3735598,
              50.27602259999999
            ]
          ]
        ]
      }
    },
    {
      "type": "Feature",
      "properties": {
        "source": "OpenStreetMap",
        "source_id": "way/487057990",
        "domain": "emergency",
        "asset_type": "fire_service",
        "confidence": "medium",
        "missing_fields": [],
        "limitations": [
          "OSM emergency and healthcare mapping completeness varies by area and facility type.",
          "The bounded committed snapshot is not a complete emergency-service registry or an operational-status statement.",
          "No qualified official hospital or ambulance/rescue facility registry is enabled for this provider AOI."
        ],
        "eligible_for_analysis": true,
        "osm_tags": {
          "name": "Ochotnicza Straż Pożarna Rybnik Ochojec",
          "operator": "Państwowa Straż Pożarna",
          "operator:wikidata": "Q11815208",
          "amenity": "fire_station",
          "building": "yes"
        }
      },
      "geometry": {
        "type": "Polygon",
        "coordinates": [
          [
            [
              18.5401155,
              50.1663723
            ],
            [
              18.540132500000002,
              50.1662845
            ],
            [
              18.5398209,
              50.16625969999999
            ],
            [
              18.5398038,
              50.16634749999999
            ],
            [
              18.5401155,
              50.1663723
            ]
          ]
        ]
      }
    },
    {
      "type": "Feature",
      "properties": {
        "source": "OpenStreetMap",
        "source_id": "way/487057991",
        "domain": "emergency",
        "asset_type": "fire_service",
        "confidence": "medium",
        "missing_fields": [],
        "limitations": [
          "OSM emergency and healthcare mapping completeness varies by area and facility type.",
          "The bounded committed snapshot is not a complete emergency-service registry or an operational-status statement.",
          "No qualified official hospital or ambulance/rescue facility registry is enabled for this provider AOI."
        ],
        "eligible_for_analysis": true,
        "osm_tags": {
          "name": "Ochotnicza Straż Pożarna Rybnik Ochojec",
          "operator": "Państwowa Straż Pożarna",
          "operator:wikidata": "Q11815208",
          "amenity": "fire_station",
          "building": "yes"
        }
      },
      "geometry": {
        "type": "Polygon",
        "coordinates": [
          [
            [
              18.540147,
              50.16622000000001
            ],
            [
              18.540184,
              50.166048
            ],
            [
              18.540185,
              50.166042000000004
            ],
            [
              18.540191,
              50.166018
            ],
            [
              18.540194,
              50.166002
            ],
            [
              18.540024000000003,
              50.165986
            ],
            [
              18.540011,
              50.1660432
            ],
            [
              18.539976,
              50.166203999999986
            ],
            [
              18.540147,
              50.16622000000001
            ]
          ]
        ]
      }
    },
    {
      "type": "Feature",
      "properties": {
        "source": "OpenStreetMap",
        "source_id": "way/497385668",
        "domain": "emergency",
        "asset_type": "fire_service",
        "confidence": "medium",
        "missing_fields": [],
        "limitations": [
          "OSM emergency and healthcare mapping completeness varies by area and facility type.",
          "The bounded committed snapshot is not a complete emergency-service registry or an operational-status statement.",
          "No qualified official hospital or ambulance/rescue facility registry is enabled for this provider AOI."
        ],
        "eligible_for_analysis": true,
        "osm_tags": {
          "name": "Ochotnicza Straż Pożarna Pszczyna",
          "website": "https://pszczyna.fotopolska.eu/Pszczyna/b68406,Remiza_Ochotniczej_Strazy_Pozarnej.html",
          "amenity": "fire_station",
          "building": "warehouse"
        }
      },
      "geometry": {
        "type": "Polygon",
        "coordinates": [
          [
            [
              18.947025,
              49.982473
            ],
            [
              18.9468119,
              49.9821628
            ],
            [
              18.9466677,
              49.982203899999995
            ],
            [
              18.9468808,
              49.9825142
            ],
            [
              18.947025,
              49.982473
            ]
          ]
        ]
      }
    },
    {
      "type": "Feature",
      "properties": {
        "source": "OpenStreetMap",
        "source_id": "way/498086341",
        "domain": "emergency",
        "asset_type": "fire_service",
        "confidence": "medium",
        "missing_fields": [],
        "limitations": [
          "OSM emergency and healthcare mapping completeness varies by area and facility type.",
          "The bounded committed snapshot is not a complete emergency-service registry or an operational-status statement.",
          "No qualified official hospital or ambulance/rescue facility registry is enabled for this provider AOI."
        ],
        "eligible_for_analysis": true,
        "osm_tags": {
          "name": "Ochotnicza Straż Pożarna Jankowice",
          "amenity": "fire_station",
          "building": "yes"
        }
      },
      "geometry": {
        "type": "Polygon",
        "coordinates": [
          [
            [
              18.9908119,
              50.0017276
            ],
            [
              18.9907675,
              50.00164650000001
            ],
            [
              18.9907544,
              50.00162259999999
            ],
            [
              18.9905169,
              50.0016738
            ],
            [
              18.9905483,
              50.00173209999999
            ],
            [
              18.990574900000002,
              50.0017815
            ],
            [
              18.9908119,
              50.0017276
            ]
          ]
        ]
      }
    },
    {
      "type": "Feature",
      "properties": {
        "source": "OpenStreetMap",
        "source_id": "way/510948602",
        "domain": "emergency",
        "asset_type": "fire_service",
        "confidence": "medium",
        "missing_fields": [],
        "limitations": [
          "OSM emergency and healthcare mapping completeness varies by area and facility type.",
          "The bounded committed snapshot is not a complete emergency-service registry or an operational-status statement.",
          "No qualified official hospital or ambulance/rescue facility registry is enabled for this provider AOI."
        ],
        "eligible_for_analysis": true,
        "osm_tags": {
          "name": "Ochotnicza Straż Pożarna Zwonowice",
          "amenity": "fire_station",
          "building": "yes"
        }
      },
      "geometry": {
        "type": "Polygon",
        "coordinates": [
          [
            [
              18.4380719,
              50.1448187
            ],
            [
              18.4380494,
              50.14470599999999
            ],
            [
              18.4377934,
              50.144727
            ],
            [
              18.4378159,
              50.1448397
            ],
            [
              18.4380719,
              50.1448187
            ]
          ]
        ]
      }
    },
    {
      "type": "Feature",
      "properties": {
        "source": "OpenStreetMap",
        "source_id": "way/511932483",
        "domain": "emergency",
        "asset_type": "fire_service",
        "confidence": "medium",
        "missing_fields": [],
        "limitations": [
          "OSM emergency and healthcare mapping completeness varies by area and facility type.",
          "The bounded committed snapshot is not a complete emergency-service registry or an operational-status statement.",
          "No qualified official hospital or ambulance/rescue facility registry is enabled for this provider AOI."
        ],
        "eligible_for_analysis": true,
        "osm_tags": {
          "name": "Ochotnicza Straż Pożarna Adamowice",
          "amenity": "fire_station",
          "building": "yes",
          "phone": "+48324300874"
        }
      },
      "geometry": {
        "type": "Polygon",
        "coordinates": [
          [
            [
              18.3308778,
              50.130751999999994
            ],
            [
              18.330744800000005,
              50.1306882
            ],
            [
              18.3306442,
              50.13077440000001
            ],
            [
              18.3307772,
              50.1308382
            ],
            [
              18.3308778,
              50.130751999999994
            ]
          ]
        ]
      }
    },
    {
      "type": "Feature",
      "properties": {
        "source": "OpenStreetMap",
        "source_id": "way/514252672",
        "domain": "emergency",
        "asset_type": "fire_service",
        "confidence": "medium",
        "missing_fields": [],
        "limitations": [
          "OSM emergency and healthcare mapping completeness varies by area and facility type.",
          "The bounded committed snapshot is not a complete emergency-service registry or an operational-status statement.",
          "No qualified official hospital or ambulance/rescue facility registry is enabled for this provider AOI."
        ],
        "eligible_for_analysis": true,
        "osm_tags": {
          "name": "Ochotnicza Straż Pożarna Pietrowice Wielkie",
          "website": "https://m.facebook.com/Ochotnicza-Stra%C5%BC-Po%C5%BCarna-Pietrowice-Wielkie-279926175407007/",
          "amenity": "fire_station",
          "building": "yes",
          "opening_hours": "24/7",
          "phone": "998 112"
        }
      },
      "geometry": {
        "type": "Polygon",
        "coordinates": [
          [
            [
              18.0921711,
              50.08523780000001
            ],
            [
              18.0921694,
              50.0850396
            ],
            [
              18.0921691,
              50.08500019999999
            ],
            [
              18.091978,
              50.085000900000004
            ],
            [
              18.0919792,
              50.08515940000001
            ],
            [
              18.091902,
              50.0851596
            ],
            [
              18.0919026,
              50.08523869999999
            ],
            [
              18.0921711,
              50.08523780000001
            ]
          ]
        ]
      }
    },
    {
      "type": "Feature",
      "properties": {
        "source": "OpenStreetMap",
        "source_id": "way/526896007",
        "domain": "emergency",
        "asset_type": "fire_service",
        "confidence": "medium",
        "missing_fields": [],
        "limitations": [
          "OSM emergency and healthcare mapping completeness varies by area and facility type.",
          "The bounded committed snapshot is not a complete emergency-service registry or an operational-status statement.",
          "No qualified official hospital or ambulance/rescue facility registry is enabled for this provider AOI."
        ],
        "eligible_for_analysis": true,
        "osm_tags": {
          "name": "Ochotnicza Straż Pożarna w Szczygłowicach",
          "amenity": "fire_station",
          "building": "yes"
        }
      },
      "geometry": {
        "type": "Polygon",
        "coordinates": [
          [
            [
              18.6478139,
              50.197294899999996
            ],
            [
              18.6478529,
              50.1972478
            ],
            [
              18.6478066,
              50.197232
            ],
            [
              18.6477537,
              50.197213899999994
            ],
            [
              18.6477147,
              50.1972608
            ],
            [
              18.6478139,
              50.197294899999996
            ]
          ]
        ]
      }
    },
    {
      "type": "Feature",
      "properties": {
        "source": "OpenStreetMap",
        "source_id": "way/528859186",
        "domain": "emergency",
        "asset_type": "fire_service",
        "confidence": "medium",
        "missing_fields": [],
        "limitations": [
          "OSM emergency and healthcare mapping completeness varies by area and facility type.",
          "The bounded committed snapshot is not a complete emergency-service registry or an operational-status statement.",
          "No qualified official hospital or ambulance/rescue facility registry is enabled for this provider AOI."
        ],
        "eligible_for_analysis": true,
        "osm_tags": {
          "name": "Ochotnicza Straż Pożarna w Pilchowicach",
          "amenity": "fire_station",
          "building": "yes"
        }
      },
      "geometry": {
        "type": "Polygon",
        "coordinates": [
          [
            [
              18.5633325,
              50.2159836
            ],
            [
              18.5633658,
              50.21606750000001
            ],
            [
              18.5635726,
              50.21603389999999
            ],
            [
              18.5635393,
              50.215949900000005
            ],
            [
              18.5633325,
              50.2159836
            ]
          ]
        ]
      }
    },
    {
      "type": "Feature",
      "properties": {
        "source": "OpenStreetMap",
        "source_id": "way/532248870",
        "domain": "emergency",
        "asset_type": "fire_service",
        "confidence": "medium",
        "missing_fields": [],
        "limitations": [
          "OSM emergency and healthcare mapping completeness varies by area and facility type.",
          "The bounded committed snapshot is not a complete emergency-service registry or an operational-status statement.",
          "No qualified official hospital or ambulance/rescue facility registry is enabled for this provider AOI."
        ],
        "eligible_for_analysis": true,
        "osm_tags": {
          "name": "OSP Bojszów (poprzednia siedziba)",
          "amenity": "fire_station",
          "building": "yes"
        }
      },
      "geometry": {
        "type": "Polygon",
        "coordinates": [
          [
            [
              18.4893531,
              50.33105249999999
            ],
            [
              18.4893102,
              50.33102809999999
            ],
            [
              18.4892836,
              50.33101289999999
            ],
            [
              18.4892342,
              50.3310496
            ],
            [
              18.4892088,
              50.3310376
            ],
            [
              18.489157,
              50.3310789
            ],
            [
              18.4892512,
              50.33113000000001
            ],
            [
              18.4893531,
              50.33105249999999
            ]
          ]
        ]
      }
    },
    {
      "type": "Feature",
      "properties": {
        "source": "OpenStreetMap",
        "source_id": "way/539344470",
        "domain": "emergency",
        "asset_type": "fire_service",
        "confidence": "medium",
        "missing_fields": [],
        "limitations": [
          "OSM emergency and healthcare mapping completeness varies by area and facility type.",
          "The bounded committed snapshot is not a complete emergency-service registry or an operational-status statement.",
          "No qualified official hospital or ambulance/rescue facility registry is enabled for this provider AOI."
        ],
        "eligible_for_analysis": true,
        "osm_tags": {
          "name": "Ochotnicza Straż Pożarna w Bieńkowicach",
          "amenity": "fire_station",
          "building": "yes"
        }
      },
      "geometry": {
        "type": "Polygon",
        "coordinates": [
          [
            [
              18.2139777,
              50.0225351
            ],
            [
              18.2140645,
              50.0225208
            ],
            [
              18.2140278,
              50.02242760000001
            ],
            [
              18.2139919,
              50.02243349999999
            ],
            [
              18.213943300000004,
              50.0224415
            ],
            [
              18.2139777,
              50.0225351
            ]
          ]
        ]
      }
    },
    {
      "type": "Feature",
      "properties": {
        "source": "OpenStreetMap",
        "source_id": "way/545942456",
        "domain": "emergency",
        "asset_type": "fire_service",
        "confidence": "medium",
        "missing_fields": [],
        "limitations": [
          "OSM emergency and healthcare mapping completeness varies by area and facility type.",
          "The bounded committed snapshot is not a complete emergency-service registry or an operational-status statement.",
          "No qualified official hospital or ambulance/rescue facility registry is enabled for this provider AOI."
        ],
        "eligible_for_analysis": true,
        "osm_tags": {
          "name": "Ochotnicza Straż Pożarna Rybnik Gotartowice",
          "amenity": "fire_station",
          "building": "yes"
        }
      },
      "geometry": {
        "type": "Polygon",
        "coordinates": [
          [
            [
              18.6177347,
              50.0754459
            ],
            [
              18.6178187,
              50.07551410000001
            ],
            [
              18.6178056,
              50.075520499999996
            ],
            [
              18.6178973,
              50.07559169999999
            ],
            [
              18.6179465,
              50.07556749999999
            ],
            [
              18.6179958,
              50.0756095
            ],
            [
              18.6180837,
              50.075568899999986
            ],
            [
              18.6180336,
              50.07552689999999
            ],
            [
              18.6180374,
              50.07551999999999
            ],
            [
              18.6178672,
              50.0753855
            ],
            [
              18.617877300000004,
              50.0753806
            ],
            [
              18.6177662,
              50.07530779999999
            ],
            [
              18.6177489,
              50.075325199999995
            ],
            [
              18.6177193,
              50.075303
            ],
            [
              18.6176329,
              50.075348999999996
            ],
            [
              18.6176675,
              50.07537269999999
            ],
            [
              18.6176305,
              50.075387
            ],
            [
              18.6177193,
              50.0754551
            ],
            [
              18.6177347,
              50.0754459
            ]
          ]
        ]
      }
    },
    {
      "type": "Feature",
      "properties": {
        "source": "OpenStreetMap",
        "source_id": "way/548196838",
        "domain": "emergency",
        "asset_type": "fire_service",
        "confidence": "medium",
        "missing_fields": [],
        "limitations": [
          "OSM emergency and healthcare mapping completeness varies by area and facility type.",
          "The bounded committed snapshot is not a complete emergency-service registry or an operational-status statement.",
          "No qualified official hospital or ambulance/rescue facility registry is enabled for this provider AOI."
        ],
        "eligible_for_analysis": true,
        "osm_tags": {
          "name": "Ochotnicza Straż Pożarna w Paniówkach",
          "amenity": "fire_station",
          "building": "residential"
        }
      },
      "geometry": {
        "type": "Polygon",
        "coordinates": [
          [
            [
              18.7750856,
              50.22858949999999
            ],
            [
              18.7749836,
              50.2285274
            ],
            [
              18.7749982,
              50.228517599999996
            ],
            [
              18.7749815,
              50.22850789999999
            ],
            [
              18.7749674,
              50.2285173
            ],
            [
              18.7748959,
              50.228474
            ],
            [
              18.7748128,
              50.22853189999999
            ],
            [
              18.774874,
              50.228569
            ],
            [
              18.774808,
              50.22861369999999
            ],
            [
              18.7748724,
              50.228652699999984
            ],
            [
              18.7749357,
              50.22869109999999
            ],
            [
              18.7750856,
              50.22858949999999
            ]
          ]
        ]
      }
    },
    {
      "type": "Feature",
      "properties": {
        "source": "OpenStreetMap",
        "source_id": "way/548523286",
        "domain": "emergency",
        "asset_type": "fire_service",
        "confidence": "medium",
        "missing_fields": [],
        "limitations": [
          "OSM emergency and healthcare mapping completeness varies by area and facility type.",
          "The bounded committed snapshot is not a complete emergency-service registry or an operational-status statement.",
          "No qualified official hospital or ambulance/rescue facility registry is enabled for this provider AOI."
        ],
        "eligible_for_analysis": true,
        "osm_tags": {
          "name": "Ochotnicza Straż Pożarna w Przyszowicach Gmina Gierałtowice",
          "amenity": "fire_station",
          "building": "yes"
        }
      },
      "geometry": {
        "type": "Polygon",
        "coordinates": [
          [
            [
              18.7434066,
              50.2491184
            ],
            [
              18.7434828,
              50.249171699999984
            ],
            [
              18.7437233,
              50.249031
            ],
            [
              18.7436582,
              50.2489855
            ],
            [
              18.7436138,
              50.2490115
            ],
            [
              18.7434065,
              50.24886660000001
            ],
            [
              18.7433084,
              50.248923999999995
            ],
            [
              18.7434131,
              50.24899709999999
            ],
            [
              18.7433593,
              50.2490286
            ],
            [
              18.7433511,
              50.249033399999995
            ],
            [
              18.7434426,
              50.2490973
            ],
            [
              18.7434066,
              50.2491184
            ]
          ]
        ]
      }
    },
    {
      "type": "Feature",
      "properties": {
        "source": "OpenStreetMap",
        "source_id": "way/548535483",
        "domain": "emergency",
        "asset_type": "fire_service",
        "confidence": "medium",
        "missing_fields": [],
        "limitations": [
          "OSM emergency and healthcare mapping completeness varies by area and facility type.",
          "The bounded committed snapshot is not a complete emergency-service registry or an operational-status statement.",
          "No qualified official hospital or ambulance/rescue facility registry is enabled for this provider AOI."
        ],
        "eligible_for_analysis": true,
        "osm_tags": {
          "name": "Ochotnicza Straż Pożarna w Kozłowie",
          "amenity": "fire_station",
          "building": "yes"
        }
      },
      "geometry": {
        "type": "Polygon",
        "coordinates": [
          [
            [
              18.5589874,
              50.3067541
            ],
            [
              18.5589247,
              50.306751199999994
            ],
            [
              18.5589169,
              50.3068063
            ],
            [
              18.5591041,
              50.306817599999995
            ],
            [
              18.5591087,
              50.30678819999999
            ],
            [
              18.5591287,
              50.3067896
            ],
            [
              18.5591433,
              50.306696300000006
            ],
            [
              18.5590898,
              50.3066924
            ],
            [
              18.558998500000005,
              50.30668570000001
            ],
            [
              18.5589874,
              50.3067541
            ]
          ]
        ]
      }
    },
    {
      "type": "Feature",
      "properties": {
        "source": "OpenStreetMap",
        "source_id": "way/550113317",
        "domain": "emergency",
        "asset_type": "fire_service",
        "confidence": "medium",
        "missing_fields": [],
        "limitations": [
          "OSM emergency and healthcare mapping completeness varies by area and facility type.",
          "The bounded committed snapshot is not a complete emergency-service registry or an operational-status statement.",
          "No qualified official hospital or ambulance/rescue facility registry is enabled for this provider AOI."
        ],
        "eligible_for_analysis": true,
        "osm_tags": {
          "name": "Ochotnicza Straż Pożarna Racibórz - Markowice",
          "source": "UM Racibórz",
          "amenity": "fire_station",
          "building": "yes"
        }
      },
      "geometry": {
        "type": "Polygon",
        "coordinates": [
          [
            [
              18.2765722,
              50.109929400000006
            ],
            [
              18.2765351,
              50.1098912
            ],
            [
              18.2767192,
              50.1098177
            ],
            [
              18.2766259,
              50.10972149999999
            ],
            [
              18.276373,
              50.10982239999999
            ],
            [
              18.2762871,
              50.1098567
            ],
            [
              18.2764176,
              50.1099911
            ],
            [
              18.2765722,
              50.109929400000006
            ]
          ]
        ]
      }
    },
    {
      "type": "Feature",
      "properties": {
        "source": "OpenStreetMap",
        "source_id": "way/563959006",
        "domain": "emergency",
        "asset_type": "fire_service",
        "confidence": "medium",
        "missing_fields": [],
        "limitations": [
          "OSM emergency and healthcare mapping completeness varies by area and facility type.",
          "The bounded committed snapshot is not a complete emergency-service registry or an operational-status statement.",
          "No qualified official hospital or ambulance/rescue facility registry is enabled for this provider AOI."
        ],
        "eligible_for_analysis": true,
        "osm_tags": {
          "name": "Ochotnicza Straż Pożarna w Gliwicach - Bojkowie",
          "amenity": "fire_station",
          "building": "yes"
        }
      },
      "geometry": {
        "type": "Polygon",
        "coordinates": [
          [
            [
              18.6866811,
              50.253492800000004
            ],
            [
              18.686697700000003,
              50.2534119
            ],
            [
              18.6864978,
              50.2533951
            ],
            [
              18.6864884,
              50.253440999999995
            ],
            [
              18.6864476,
              50.25343759999999
            ],
            [
              18.6864404,
              50.2534725
            ],
            [
              18.6866811,
              50.253492800000004
            ]
          ]
        ]
      }
    },
    {
      "type": "Feature",
      "properties": {
        "source": "OpenStreetMap",
        "source_id": "way/567567692",
        "domain": "emergency",
        "asset_type": "fire_service",
        "confidence": "medium",
        "missing_fields": [],
        "limitations": [
          "OSM emergency and healthcare mapping completeness varies by area and facility type.",
          "The bounded committed snapshot is not a complete emergency-service registry or an operational-status statement.",
          "No qualified official hospital or ambulance/rescue facility registry is enabled for this provider AOI."
        ],
        "eligible_for_analysis": true,
        "osm_tags": {
          "amenity": "fire_station"
        }
      },
      "geometry": {
        "type": "Polygon",
        "coordinates": [
          [
            [
              18.2435309,
              50.31258759999999
            ],
            [
              18.2442475,
              50.3118734
            ],
            [
              18.2442522,
              50.3118071
            ],
            [
              18.2442046,
              50.311760299999996
            ],
            [
              18.2424648,
              50.3110912
            ],
            [
              18.2417073,
              50.3118937
            ],
            [
              18.2435309,
              50.31258759999999
            ]
          ]
        ]
      }
    },
    {
      "type": "Feature",
      "properties": {
        "source": "OpenStreetMap",
        "source_id": "way/580837757",
        "domain": "emergency",
        "asset_type": "fire_service",
        "confidence": "medium",
        "missing_fields": [],
        "limitations": [
          "OSM emergency and healthcare mapping completeness varies by area and facility type.",
          "The bounded committed snapshot is not a complete emergency-service registry or an operational-status statement.",
          "No qualified official hospital or ambulance/rescue facility registry is enabled for this provider AOI."
        ],
        "eligible_for_analysis": true,
        "osm_tags": {
          "name": "Ochotnicza Straż Pożarna w Szczerbicach",
          "website": "http://szczerbice.osp.org.pl",
          "amenity": "fire_station",
          "building": "yes",
          "phone": "+48 32 430 55 60",
          "email": "ospszczerbice@wp.pl"
        }
      },
      "geometry": {
        "type": "Polygon",
        "coordinates": [
          [
            [
              18.450213,
              50.10275229999999
            ],
            [
              18.4502142,
              50.1027576
            ],
            [
              18.4504597,
              50.1027334
            ],
            [
              18.4504572,
              50.1027228
            ],
            [
              18.4505166,
              50.102717
            ],
            [
              18.4504956,
              50.10262920000001
            ],
            [
              18.4503679,
              50.1026418
            ],
            [
              18.4503655,
              50.10263189999999
            ],
            [
              18.4501892,
              50.1026492
            ],
            [
              18.4501768,
              50.1025975
            ],
            [
              18.4500403,
              50.102610899999995
            ],
            [
              18.4500773,
              50.1027656
            ],
            [
              18.450213,
              50.10275229999999
            ]
          ]
        ]
      }
    },
    {
      "type": "Feature",
      "properties": {
        "source": "OpenStreetMap",
        "source_id": "way/581585408",
        "domain": "emergency",
        "asset_type": "fire_service",
        "confidence": "medium",
        "missing_fields": [],
        "limitations": [
          "OSM emergency and healthcare mapping completeness varies by area and facility type.",
          "The bounded committed snapshot is not a complete emergency-service registry or an operational-status statement.",
          "No qualified official hospital or ambulance/rescue facility registry is enabled for this provider AOI."
        ],
        "eligible_for_analysis": true,
        "osm_tags": {
          "name": "Ochotnicza Straż Pożarna w Godowie",
          "website": "http://zogosp-godow.cba.pl/index.php/godow",
          "amenity": "fire_station",
          "building": "yes"
        }
      },
      "geometry": {
        "type": "Polygon",
        "coordinates": [
          [
            [
              18.4766399,
              49.924611799999994
            ],
            [
              18.4766581,
              49.92450480000001
            ],
            [
              18.476394,
              49.9244861
            ],
            [
              18.4763271,
              49.92448139999999
            ],
            [
              18.4763088,
              49.92458849999999
            ],
            [
              18.4766399,
              49.924611799999994
            ]
          ]
        ]
      }
    },
    {
      "type": "Feature",
      "properties": {
        "source": "OpenStreetMap",
        "source_id": "way/589450993",
        "domain": "emergency",
        "asset_type": "fire_service",
        "confidence": "medium",
        "missing_fields": [],
        "limitations": [
          "OSM emergency and healthcare mapping completeness varies by area and facility type.",
          "The bounded committed snapshot is not a complete emergency-service registry or an operational-status statement.",
          "No qualified official hospital or ambulance/rescue facility registry is enabled for this provider AOI."
        ],
        "eligible_for_analysis": true,
        "osm_tags": {
          "name": "Ochotnicza Straż Pożarna Chwałowice",
          "website": "http://www.osp-chwalowice.cba.pl http://www.facebook.com/OSP-Chwa%C5%82owice-458317587701489/",
          "amenity": "fire_station",
          "building": "yes",
          "email": "ospchwalowice@wp.pl"
        }
      },
      "geometry": {
        "type": "Polygon",
        "coordinates": [
          [
            [
              18.55112,
              50.06308659999999
            ],
            [
              18.5509976,
              50.062923399999995
            ],
            [
              18.5508827,
              50.062959
            ],
            [
              18.5509176,
              50.063005499999996
            ],
            [
              18.5508837,
              50.0630159
            ],
            [
              18.5509712,
              50.0631326
            ],
            [
              18.55112,
              50.06308659999999
            ]
          ]
        ]
      }
    },
    {
      "type": "Feature",
      "properties": {
        "source": "OpenStreetMap",
        "source_id": "way/678729133",
        "domain": "emergency",
        "asset_type": "fire_service",
        "confidence": "medium",
        "missing_fields": [],
        "limitations": [
          "OSM emergency and healthcare mapping completeness varies by area and facility type.",
          "The bounded committed snapshot is not a complete emergency-service registry or an operational-status statement.",
          "No qualified official hospital or ambulance/rescue facility registry is enabled for this provider AOI."
        ],
        "eligible_for_analysis": true,
        "osm_tags": {
          "name": "Ochotnicza Starż Pożarna w Bakowie",
          "amenity": "fire_station",
          "building": "yes"
        }
      },
      "geometry": {
        "type": "Polygon",
        "coordinates": [
          [
            [
              18.7346155,
              49.89949579999999
            ],
            [
              18.7346013,
              49.8995118
            ],
            [
              18.7346693,
              49.899536999999995
            ],
            [
              18.7346938,
              49.899509699999996
            ],
            [
              18.7349884,
              49.899618999999994
            ],
            [
              18.735090100000004,
              49.8995052
            ],
            [
              18.734675,
              49.8993513
            ],
            [
              18.7346184,
              49.89941459999999
            ],
            [
              18.7345964,
              49.89940639999999
            ],
            [
              18.7345411,
              49.899468199999994
            ],
            [
              18.7346155,
              49.89949579999999
            ]
          ]
        ]
      }
    },
    {
      "type": "Feature",
      "properties": {
        "source": "OpenStreetMap",
        "source_id": "way/691646252",
        "domain": "emergency",
        "asset_type": "fire_service",
        "confidence": "medium",
        "missing_fields": [],
        "limitations": [
          "OSM emergency and healthcare mapping completeness varies by area and facility type.",
          "The bounded committed snapshot is not a complete emergency-service registry or an operational-status statement.",
          "No qualified official hospital or ambulance/rescue facility registry is enabled for this provider AOI."
        ],
        "eligible_for_analysis": true,
        "osm_tags": {
          "name": "Ochotnicza Straż Pożarna w Marklowicach",
          "amenity": "fire_station",
          "building": "yes"
        }
      },
      "geometry": {
        "type": "Polygon",
        "coordinates": [
          [
            [
              18.5292943,
              50.015668299999994
            ],
            [
              18.52903,
              50.0156142
            ],
            [
              18.5289916,
              50.01569159999999
            ],
            [
              18.5290221,
              50.0156978
            ],
            [
              18.528968,
              50.0158068
            ],
            [
              18.529015,
              50.0158164
            ],
            [
              18.528967,
              50.01591299999999
            ],
            [
              18.5290747,
              50.01593509999999
            ],
            [
              18.5291768,
              50.015729399999984
            ],
            [
              18.5292559,
              50.0157456
            ],
            [
              18.5292943,
              50.015668299999994
            ]
          ]
        ]
      }
    },
    {
      "type": "Feature",
      "properties": {
        "source": "OpenStreetMap",
        "source_id": "way/706510723",
        "domain": "emergency",
        "asset_type": "fire_service",
        "confidence": "medium",
        "missing_fields": [],
        "limitations": [
          "OSM emergency and healthcare mapping completeness varies by area and facility type.",
          "The bounded committed snapshot is not a complete emergency-service registry or an operational-status statement.",
          "No qualified official hospital or ambulance/rescue facility registry is enabled for this provider AOI."
        ],
        "eligible_for_analysis": true,
        "osm_tags": {
          "name": "Ochotnicza Straż Pożarna w Ornontowicach",
          "source": "Bing",
          "amenity": "fire_station",
          "building": "yes"
        }
      },
      "geometry": {
        "type": "Polygon",
        "coordinates": [
          [
            [
              18.7628198,
              50.183622199999995
            ],
            [
              18.7629108,
              50.183517
            ],
            [
              18.762532,
              50.1833827
            ],
            [
              18.762441,
              50.1834879
            ],
            [
              18.7628198,
              50.183622199999995
            ]
          ]
        ]
      }
    },
    {
      "type": "Feature",
      "properties": {
        "source": "OpenStreetMap",
        "source_id": "way/740146393",
        "domain": "emergency",
        "asset_type": "fire_service",
        "confidence": "medium",
        "missing_fields": [],
        "limitations": [
          "OSM emergency and healthcare mapping completeness varies by area and facility type.",
          "The bounded committed snapshot is not a complete emergency-service registry or an operational-status statement.",
          "No qualified official hospital or ambulance/rescue facility registry is enabled for this provider AOI."
        ],
        "eligible_for_analysis": true,
        "osm_tags": {
          "name": "Ochotnicza Straż Pożarna Stanowice",
          "amenity": "fire_station",
          "building": "yes",
          "phone": "+48 32 431 10 64"
        }
      },
      "geometry": {
        "type": "Polygon",
        "coordinates": [
          [
            [
              18.6708092,
              50.12644849999999
            ],
            [
              18.6707733,
              50.126283199999996
            ],
            [
              18.6707685,
              50.1262655
            ],
            [
              18.6705412,
              50.126286300000004
            ],
            [
              18.670581900000002,
              50.12646929999999
            ],
            [
              18.6708092,
              50.12644849999999
            ]
          ]
        ]
      }
    },
    {
      "type": "Feature",
      "properties": {
        "source": "OpenStreetMap",
        "source_id": "way/776705672",
        "domain": "emergency",
        "asset_type": "fire_service",
        "confidence": "medium",
        "missing_fields": [],
        "limitations": [
          "OSM emergency and healthcare mapping completeness varies by area and facility type.",
          "The bounded committed snapshot is not a complete emergency-service registry or an operational-status statement.",
          "No qualified official hospital or ambulance/rescue facility registry is enabled for this provider AOI."
        ],
        "eligible_for_analysis": true,
        "osm_tags": {
          "name": "Ochotnicza Straż Pożarna Jarząbkowice",
          "source": "www.geoportal.gov.pl",
          "amenity": "fire_station",
          "building": "yes"
        }
      },
      "geometry": {
        "type": "Polygon",
        "coordinates": [
          [
            [
              18.7088097,
              49.902326
            ],
            [
              18.7088087,
              49.9022447
            ],
            [
              18.7092204,
              49.902242699999995
            ],
            [
              18.7092188,
              49.9021014
            ],
            [
              18.7090585,
              49.902102199999995
            ],
            [
              18.7090588,
              49.90212979999999
            ],
            [
              18.708539,
              49.9021324
            ],
            [
              18.7085413,
              49.9023274
            ],
            [
              18.7088097,
              49.902326
            ]
          ]
        ]
      }
    },
    {
      "type": "Feature",
      "properties": {
        "source": "OpenStreetMap",
        "source_id": "way/778009812",
        "domain": "emergency",
        "asset_type": "fire_service",
        "confidence": "medium",
        "missing_fields": [],
        "limitations": [
          "OSM emergency and healthcare mapping completeness varies by area and facility type.",
          "The bounded committed snapshot is not a complete emergency-service registry or an operational-status statement.",
          "No qualified official hospital or ambulance/rescue facility registry is enabled for this provider AOI."
        ],
        "eligible_for_analysis": true,
        "osm_tags": {
          "name": "Ochotnicza Straż Pożarna w Rudniku",
          "amenity": "fire_station",
          "building": "yes"
        }
      },
      "geometry": {
        "type": "Polygon",
        "coordinates": [
          [
            [
              18.6862579,
              49.8406961
            ],
            [
              18.6863656,
              49.840551700000006
            ],
            [
              18.6862517,
              49.84051639999999
            ],
            [
              18.686144,
              49.840660699999994
            ],
            [
              18.6862579,
              49.8406961
            ]
          ]
        ]
      }
    },
    {
      "type": "Feature",
      "properties": {
        "source": "OpenStreetMap",
        "source_id": "way/808693447",
        "domain": "emergency",
        "asset_type": "fire_service",
        "confidence": "medium",
        "missing_fields": [],
        "limitations": [
          "OSM emergency and healthcare mapping completeness varies by area and facility type.",
          "The bounded committed snapshot is not a complete emergency-service registry or an operational-status statement.",
          "No qualified official hospital or ambulance/rescue facility registry is enabled for this provider AOI."
        ],
        "eligible_for_analysis": true,
        "osm_tags": {
          "name": "Ochotnicza Straż Pożarna Kończyce Małe",
          "source": "www.geoportal.gov.pl",
          "amenity": "fire_station",
          "building": "fire_station"
        }
      },
      "geometry": {
        "type": "Polygon",
        "coordinates": [
          [
            [
              18.6303181,
              49.858763
            ],
            [
              18.6304359,
              49.85876119999999
            ],
            [
              18.6304729,
              49.8587606
            ],
            [
              18.6304758,
              49.858812799999995
            ],
            [
              18.6306085,
              49.8588096
            ],
            [
              18.6306081,
              49.858802799999985
            ],
            [
              18.6306425,
              49.858802
            ],
            [
              18.6306411,
              49.858778099999995
            ],
            [
              18.6306395,
              49.858750199999996
            ],
            [
              18.630605,
              49.85875109999999
            ],
            [
              18.6306034,
              49.8587204
            ],
            [
              18.6306214,
              49.85871989999999
            ],
            [
              18.6306186,
              49.858672399999996
            ],
            [
              18.6303157,
              49.858679599999995
            ],
            [
              18.6303181,
              49.858763
            ]
          ]
        ]
      }
    },
    {
      "type": "Feature",
      "properties": {
        "source": "OpenStreetMap",
        "source_id": "way/808698338",
        "domain": "emergency",
        "asset_type": "fire_service",
        "confidence": "medium",
        "missing_fields": [],
        "limitations": [
          "OSM emergency and healthcare mapping completeness varies by area and facility type.",
          "The bounded committed snapshot is not a complete emergency-service registry or an operational-status statement.",
          "No qualified official hospital or ambulance/rescue facility registry is enabled for this provider AOI."
        ],
        "eligible_for_analysis": true,
        "osm_tags": {
          "name": "Ochotnicza Straż Pożarna Suszec",
          "source": "www.geoportal.gov.pl",
          "amenity": "fire_station",
          "building": "yes"
        }
      },
      "geometry": {
        "type": "Polygon",
        "coordinates": [
          [
            [
              18.786853,
              50.036296899999996
            ],
            [
              18.7869137,
              50.036272399999994
            ],
            [
              18.7869749,
              50.0362505
            ],
            [
              18.7868927,
              50.036162
            ],
            [
              18.7869027,
              50.036158199999996
            ],
            [
              18.7868059,
              50.03605389999999
            ],
            [
              18.7867959,
              50.03605779999999
            ],
            [
              18.7866487,
              50.036112799999984
            ],
            [
              18.7867269,
              50.03619700000001
            ],
            [
              18.7867487,
              50.0361889
            ],
            [
              18.786765,
              50.036206400000005
            ],
            [
              18.786853,
              50.036296899999996
            ]
          ]
        ]
      }
    },
    {
      "type": "Feature",
      "properties": {
        "source": "OpenStreetMap",
        "source_id": "way/832545970",
        "domain": "emergency",
        "asset_type": "fire_service",
        "confidence": "medium",
        "missing_fields": [],
        "limitations": [
          "OSM emergency and healthcare mapping completeness varies by area and facility type.",
          "The bounded committed snapshot is not a complete emergency-service registry or an operational-status statement.",
          "No qualified official hospital or ambulance/rescue facility registry is enabled for this provider AOI."
        ],
        "eligible_for_analysis": true,
        "osm_tags": {
          "name": "Ochotnicza Straż Pożarna Rybnik Grabownia",
          "source": "www.geoportal.gov.pl",
          "amenity": "fire_station",
          "building": "yes"
        }
      },
      "geometry": {
        "type": "Polygon",
        "coordinates": [
          [
            [
              18.5235245,
              50.140811199999995
            ],
            [
              18.5235222,
              50.140727999999996
            ],
            [
              18.5235181,
              50.14060149999999
            ],
            [
              18.5233567,
              50.140603299999995
            ],
            [
              18.5233601,
              50.14073069999999
            ],
            [
              18.5233619,
              50.1408131
            ],
            [
              18.5235245,
              50.140811199999995
            ]
          ]
        ]
      }
    },
    {
      "type": "Feature",
      "properties": {
        "source": "OpenStreetMap",
        "source_id": "way/832561721",
        "domain": "emergency",
        "asset_type": "fire_service",
        "confidence": "medium",
        "missing_fields": [],
        "limitations": [
          "OSM emergency and healthcare mapping completeness varies by area and facility type.",
          "The bounded committed snapshot is not a complete emergency-service registry or an operational-status statement.",
          "No qualified official hospital or ambulance/rescue facility registry is enabled for this provider AOI."
        ],
        "eligible_for_analysis": true,
        "osm_tags": {
          "name": "Ochotnicza Straż Pożarna Sumina",
          "source": "www.geoportal.gov.pl",
          "amenity": "fire_station",
          "building": "yes"
        }
      },
      "geometry": {
        "type": "Polygon",
        "coordinates": [
          [
            [
              18.4138687,
              50.12113999999998
            ],
            [
              18.4139451,
              50.1211282
            ],
            [
              18.413972,
              50.121200099999996
            ],
            [
              18.4142103,
              50.1211661
            ],
            [
              18.4141572,
              50.12102480000001
            ],
            [
              18.4138425,
              50.1210706
            ],
            [
              18.4138687,
              50.12113999999998
            ]
          ]
        ]
      }
    },
    {
      "type": "Feature",
      "properties": {
        "source": "OpenStreetMap",
        "source_id": "way/832565272",
        "domain": "emergency",
        "asset_type": "fire_service",
        "confidence": "medium",
        "missing_fields": [],
        "limitations": [
          "OSM emergency and healthcare mapping completeness varies by area and facility type.",
          "The bounded committed snapshot is not a complete emergency-service registry or an operational-status statement.",
          "No qualified official hospital or ambulance/rescue facility registry is enabled for this provider AOI."
        ],
        "eligible_for_analysis": true,
        "osm_tags": {
          "name": "Ochotnicza Straż Pożarna w Gaszowicach",
          "source": "www.geoportal.gov.pl",
          "amenity": "fire_station",
          "building": "yes"
        }
      },
      "geometry": {
        "type": "Polygon",
        "coordinates": [
          [
            [
              18.4300578,
              50.10176779999998
            ],
            [
              18.4302323,
              50.1017583
            ],
            [
              18.4302258,
              50.10171429999999
            ],
            [
              18.4302121,
              50.1015779
            ],
            [
              18.4300419,
              50.101584
            ],
            [
              18.4300578,
              50.10176779999998
            ]
          ]
        ]
      }
    },
    {
      "type": "Feature",
      "properties": {
        "source": "OpenStreetMap",
        "source_id": "way/832570394",
        "domain": "emergency",
        "asset_type": "fire_service",
        "confidence": "medium",
        "missing_fields": [],
        "limitations": [
          "OSM emergency and healthcare mapping completeness varies by area and facility type.",
          "The bounded committed snapshot is not a complete emergency-service registry or an operational-status statement.",
          "No qualified official hospital or ambulance/rescue facility registry is enabled for this provider AOI."
        ],
        "eligible_for_analysis": true,
        "osm_tags": {
          "name": "Ochotnicza Straż Pożarna Rybnik Chwałęcice",
          "source": "www.geoportal.gov.pl",
          "amenity": "fire_station",
          "building": "yes"
        }
      },
      "geometry": {
        "type": "Polygon",
        "coordinates": [
          [
            [
              18.4807199,
              50.1363914
            ],
            [
              18.4805909,
              50.1364237
            ],
            [
              18.4806321,
              50.1365
            ],
            [
              18.4806591,
              50.136493400000006
            ],
            [
              18.4806652,
              50.136503899999994
            ],
            [
              18.4807718,
              50.13647819999999
            ],
            [
              18.4807199,
              50.1363914
            ]
          ]
        ]
      }
    },
    {
      "type": "Feature",
      "properties": {
        "source": "OpenStreetMap",
        "source_id": "way/832575380",
        "domain": "emergency",
        "asset_type": "fire_service",
        "confidence": "medium",
        "missing_fields": [],
        "limitations": [
          "OSM emergency and healthcare mapping completeness varies by area and facility type.",
          "The bounded committed snapshot is not a complete emergency-service registry or an operational-status statement.",
          "No qualified official hospital or ambulance/rescue facility registry is enabled for this provider AOI."
        ],
        "eligible_for_analysis": true,
        "osm_tags": {
          "amenity": "fire_station",
          "building": "yes"
        }
      },
      "geometry": {
        "type": "Polygon",
        "coordinates": [
          [
            [
              18.391017,
              50.139854899999996
            ],
            [
              18.390991,
              50.1396856
            ],
            [
              18.390724,
              50.13970249999999
            ],
            [
              18.3907501,
              50.139871699999986
            ],
            [
              18.391017,
              50.139854899999996
            ]
          ]
        ]
      }
    },
    {
      "type": "Feature",
      "properties": {
        "source": "OpenStreetMap",
        "source_id": "way/833460563",
        "domain": "emergency",
        "asset_type": "fire_service",
        "confidence": "medium",
        "missing_fields": [],
        "limitations": [
          "OSM emergency and healthcare mapping completeness varies by area and facility type.",
          "The bounded committed snapshot is not a complete emergency-service registry or an operational-status statement.",
          "No qualified official hospital or ambulance/rescue facility registry is enabled for this provider AOI."
        ],
        "eligible_for_analysis": true,
        "osm_tags": {
          "name": "Ochotnicza Straż Pożarna Rybnik Wielopole",
          "source": "www.geoportal.gov.pl",
          "amenity": "fire_station",
          "building": "yes"
        }
      },
      "geometry": {
        "type": "Polygon",
        "coordinates": [
          [
            [
              18.5554528,
              50.12590979999999
            ],
            [
              18.5552974,
              50.1259356
            ],
            [
              18.5553562,
              50.12608279999999
            ],
            [
              18.5554036,
              50.12607489999999
            ],
            [
              18.555511,
              50.1260553
            ],
            [
              18.5554528,
              50.12590979999999
            ]
          ]
        ]
      }
    },
    {
      "type": "Feature",
      "properties": {
        "source": "OpenStreetMap",
        "source_id": "way/833873990",
        "domain": "emergency",
        "asset_type": "fire_service",
        "confidence": "medium",
        "missing_fields": [],
        "limitations": [
          "OSM emergency and healthcare mapping completeness varies by area and facility type.",
          "The bounded committed snapshot is not a complete emergency-service registry or an operational-status statement.",
          "No qualified official hospital or ambulance/rescue facility registry is enabled for this provider AOI."
        ],
        "eligible_for_analysis": true,
        "osm_tags": {
          "name": "Ochotnicza Straż Pożarna Popielów",
          "source": "www.geoportal.gov.pl",
          "amenity": "fire_station",
          "building": "yes"
        }
      },
      "geometry": {
        "type": "Polygon",
        "coordinates": [
          [
            [
              18.5092545,
              50.050667499999996
            ],
            [
              18.5094207,
              50.0506213
            ],
            [
              18.5094087,
              50.0506034
            ],
            [
              18.5094406,
              50.05059450000001
            ],
            [
              18.5094211,
              50.050565399999996
            ],
            [
              18.5094798,
              50.05054899999999
            ],
            [
              18.5094396,
              50.050489199999994
            ],
            [
              18.5094281,
              50.05047199999999
            ],
            [
              18.5093694,
              50.05048829999999
            ],
            [
              18.509308,
              50.0503969
            ],
            [
              18.5091098,
              50.05045200000001
            ],
            [
              18.5092545,
              50.050667499999996
            ]
          ]
        ]
      }
    },
    {
      "type": "Feature",
      "properties": {
        "source": "OpenStreetMap",
        "source_id": "way/834211419",
        "domain": "emergency",
        "asset_type": "fire_service",
        "confidence": "medium",
        "missing_fields": [],
        "limitations": [
          "OSM emergency and healthcare mapping completeness varies by area and facility type.",
          "The bounded committed snapshot is not a complete emergency-service registry or an operational-status statement.",
          "No qualified official hospital or ambulance/rescue facility registry is enabled for this provider AOI."
        ],
        "eligible_for_analysis": true,
        "osm_tags": {
          "name": "Ochotnicza Straż Pożarna Budziska",
          "source": "www.geoportal.gov.pl",
          "amenity": "fire_station",
          "building": "yes"
        }
      },
      "geometry": {
        "type": "Polygon",
        "coordinates": [
          [
            [
              18.2793439,
              50.20080539999999
            ],
            [
              18.2792851,
              50.2007952
            ],
            [
              18.2792404,
              50.2008949
            ],
            [
              18.2793472,
              50.200914399999995
            ],
            [
              18.2794205,
              50.20076110000001
            ],
            [
              18.2793665,
              50.2007517
            ],
            [
              18.2793439,
              50.20080539999999
            ]
          ]
        ]
      }
    },
    {
      "type": "Feature",
      "properties": {
        "source": "OpenStreetMap",
        "source_id": "way/899236362",
        "domain": "emergency",
        "asset_type": "fire_service",
        "confidence": "medium",
        "missing_fields": [],
        "limitations": [
          "OSM emergency and healthcare mapping completeness varies by area and facility type.",
          "The bounded committed snapshot is not a complete emergency-service registry or an operational-status statement.",
          "No qualified official hospital or ambulance/rescue facility registry is enabled for this provider AOI."
        ],
        "eligible_for_analysis": true,
        "osm_tags": {
          "name": "Ochotnicza Straż Pożarna Piasek",
          "amenity": "fire_station",
          "building": "yes"
        }
      },
      "geometry": {
        "type": "Polygon",
        "coordinates": [
          [
            [
              18.9477264,
              50.01130320000001
            ],
            [
              18.9476005,
              50.0113193
            ],
            [
              18.947616700000005,
              50.01137140000001
            ],
            [
              18.9477426,
              50.0113552
            ],
            [
              18.9477264,
              50.01130320000001
            ]
          ]
        ]
      }
    },
    {
      "type": "Feature",
      "properties": {
        "source": "OpenStreetMap",
        "source_id": "way/1024328836",
        "domain": "emergency",
        "asset_type": "fire_service",
        "confidence": "medium",
        "missing_fields": [],
        "limitations": [
          "OSM emergency and healthcare mapping completeness varies by area and facility type.",
          "The bounded committed snapshot is not a complete emergency-service registry or an operational-status statement.",
          "No qualified official hospital or ambulance/rescue facility registry is enabled for this provider AOI."
        ],
        "eligible_for_analysis": true,
        "osm_tags": {
          "name": "Ochotnicza Straż Pożarna Zabłocie",
          "amenity": "fire_station"
        }
      },
      "geometry": {
        "type": "Polygon",
        "coordinates": [
          [
            [
              18.7758191,
              49.906085499999996
            ],
            [
              18.7760199,
              49.90593160000001
            ],
            [
              18.7759961,
              49.9058765
            ],
            [
              18.7759177,
              49.9057962
            ],
            [
              18.7753841,
              49.905901799999995
            ],
            [
              18.7755612,
              49.9062661
            ],
            [
              18.7758191,
              49.906085499999996
            ]
          ]
        ]
      }
    },
    {
      "type": "Feature",
      "properties": {
        "source": "OpenStreetMap",
        "source_id": "way/1091395243",
        "domain": "emergency",
        "asset_type": "fire_service",
        "confidence": "medium",
        "missing_fields": [],
        "limitations": [
          "OSM emergency and healthcare mapping completeness varies by area and facility type.",
          "The bounded committed snapshot is not a complete emergency-service registry or an operational-status statement.",
          "No qualified official hospital or ambulance/rescue facility registry is enabled for this provider AOI."
        ],
        "eligible_for_analysis": true,
        "osm_tags": {
          "name": "Ochotnicza Straż Pożarna Zawiść",
          "source": "www.geoportal.gov.pl",
          "amenity": "fire_station",
          "building": "yes"
        }
      },
      "geometry": {
        "type": "Polygon",
        "coordinates": [
          [
            [
              18.7965893,
              50.12772220000001
            ],
            [
              18.7967186,
              50.1276536
            ],
            [
              18.7964946,
              50.12747899999999
            ],
            [
              18.7963653,
              50.127547500000006
            ],
            [
              18.7965893,
              50.12772220000001
            ]
          ]
        ]
      }
    },
    {
      "type": "Feature",
      "properties": {
        "source": "OpenStreetMap",
        "source_id": "way/1097541022",
        "domain": "emergency",
        "asset_type": "fire_service",
        "confidence": "medium",
        "missing_fields": [],
        "limitations": [
          "OSM emergency and healthcare mapping completeness varies by area and facility type.",
          "The bounded committed snapshot is not a complete emergency-service registry or an operational-status statement.",
          "No qualified official hospital or ambulance/rescue facility registry is enabled for this provider AOI."
        ],
        "eligible_for_analysis": true,
        "osm_tags": {
          "name": "Jednostka Ratowniczo-Gaśnicza Państwowej Straży Pożarnej w Pyskowicach",
          "source": "www.geoportal.gov.pl",
          "amenity": "fire_station",
          "building": "fire_station"
        }
      },
      "geometry": {
        "type": "Polygon",
        "coordinates": [
          [
            [
              18.6230954,
              50.39963780000001
            ],
            [
              18.6229821,
              50.39993330000001
            ],
            [
              18.6231221,
              50.3999562
            ],
            [
              18.6232365,
              50.399659699999994
            ],
            [
              18.6230954,
              50.39963780000001
            ]
          ]
        ]
      }
    },
    {
      "type": "Feature",
      "properties": {
        "source": "OpenStreetMap",
        "source_id": "way/1099358302",
        "domain": "emergency",
        "asset_type": "fire_service",
        "confidence": "medium",
        "missing_fields": [],
        "limitations": [
          "OSM emergency and healthcare mapping completeness varies by area and facility type.",
          "The bounded committed snapshot is not a complete emergency-service registry or an operational-status statement.",
          "No qualified official hospital or ambulance/rescue facility registry is enabled for this provider AOI."
        ],
        "eligible_for_analysis": true,
        "osm_tags": {
          "name": "Jednostka Ratowniczo-Gaśnicza Państwowej Straży Pożarnej w Pszczynie",
          "amenity": "fire_station"
        }
      },
      "geometry": {
        "type": "Polygon",
        "coordinates": [
          [
            [
              18.957798600000004,
              49.97102319999999
            ],
            [
              18.9579592,
              49.97102659999999
            ],
            [
              18.9579003,
              49.97006999999999
            ],
            [
              18.9575418,
              49.97007000000001
            ],
            [
              18.9572475,
              49.9701009
            ],
            [
              18.9564316,
              49.970342800000005
            ],
            [
              18.9564391,
              49.970857699999996
            ],
            [
              18.9566448,
              49.970905800000004
            ],
            [
              18.9568468,
              49.9712378
            ],
            [
              18.957798600000004,
              49.97102319999999
            ]
          ]
        ]
      }
    },
    {
      "type": "Feature",
      "properties": {
        "source": "OpenStreetMap",
        "source_id": "way/1099928582",
        "domain": "emergency",
        "asset_type": "fire_service",
        "confidence": "medium",
        "missing_fields": [],
        "limitations": [
          "OSM emergency and healthcare mapping completeness varies by area and facility type.",
          "The bounded committed snapshot is not a complete emergency-service registry or an operational-status statement.",
          "No qualified official hospital or ambulance/rescue facility registry is enabled for this provider AOI."
        ],
        "eligible_for_analysis": true,
        "osm_tags": {
          "name": "Komenda Miejska Państwowej Straży Pożarnej",
          "website": "https://www.gov.pl/web/kmpsp-ruda-slaska",
          "amenity": "fire_station",
          "government": "public_safety",
          "phone": "+48 32 244 70 60",
          "email": "pspruda@katowice.kwpsp.gov.pl"
        }
      },
      "geometry": {
        "type": "Polygon",
        "coordinates": [
          [
            [
              18.8713693,
              50.277025999999985
            ],
            [
              18.8718971,
              50.27743830000001
            ],
            [
              18.8720122,
              50.27737849999999
            ],
            [
              18.872037500000005,
              50.2773979
            ],
            [
              18.872082900000002,
              50.27743279999999
            ],
            [
              18.8722082,
              50.277529
            ],
            [
              18.8720502,
              50.27761149999999
            ],
            [
              18.8724069,
              50.2778805
            ],
            [
              18.87253,
              50.2777561
            ],
            [
              18.8726338,
              50.27764849999999
            ],
            [
              18.8726069,
              50.27762859999999
            ],
            [
              18.8731174,
              50.27736290000001
            ],
            [
              18.8735675,
              50.2771289
            ],
            [
              18.8736496,
              50.2770832
            ],
            [
              18.873263,
              50.2768917
            ],
            [
              18.8727211,
              50.276638
            ],
            [
              18.8720517,
              50.2764668
            ],
            [
              18.871951900000003,
              50.27651469999999
            ],
            [
              18.8720855,
              50.2766189
            ],
            [
              18.8713497,
              50.277010700000005
            ],
            [
              18.8713693,
              50.277025999999985
            ]
          ]
        ]
      }
    },
    {
      "type": "Feature",
      "properties": {
        "source": "OpenStreetMap",
        "source_id": "way/1101550931",
        "domain": "emergency",
        "asset_type": "fire_service",
        "confidence": "medium",
        "missing_fields": [],
        "limitations": [
          "OSM emergency and healthcare mapping completeness varies by area and facility type.",
          "The bounded committed snapshot is not a complete emergency-service registry or an operational-status statement.",
          "No qualified official hospital or ambulance/rescue facility registry is enabled for this provider AOI."
        ],
        "eligible_for_analysis": true,
        "osm_tags": {
          "name": "Ochotnicza Straż Pożarna w Łukowie Śląskim",
          "amenity": "fire_station",
          "building": "fire_station",
          "email": "osplukow@gmail.com"
        }
      },
      "geometry": {
        "type": "Polygon",
        "coordinates": [
          [
            [
              18.397048,
              50.09926279999999
            ],
            [
              18.3970559,
              50.099160999999995
            ],
            [
              18.3968784,
              50.0991553
            ],
            [
              18.3968771,
              50.0991739
            ],
            [
              18.3968702,
              50.099257
            ],
            [
              18.397048,
              50.09926279999999
            ]
          ]
        ]
      }
    },
    {
      "type": "Feature",
      "properties": {
        "source": "OpenStreetMap",
        "source_id": "way/1123893884",
        "domain": "emergency",
        "asset_type": "fire_service",
        "confidence": "medium",
        "missing_fields": [],
        "limitations": [
          "OSM emergency and healthcare mapping completeness varies by area and facility type.",
          "The bounded committed snapshot is not a complete emergency-service registry or an operational-status statement.",
          "No qualified official hospital or ambulance/rescue facility registry is enabled for this provider AOI."
        ],
        "eligible_for_analysis": true,
        "osm_tags": {
          "name": "Ochotnicza Straż Pożarna Jastrzębie Górne w Jastrzębiu Zdroju",
          "amenity": "fire_station",
          "building": "yes"
        }
      },
      "geometry": {
        "type": "Polygon",
        "coordinates": [
          [
            [
              18.5988333,
              49.9585883
            ],
            [
              18.5988105,
              49.9585849
            ],
            [
              18.5987791,
              49.9586733
            ],
            [
              18.5989552,
              49.9586992
            ],
            [
              18.5989974,
              49.95858049999999
            ],
            [
              18.598844,
              49.95855799999999
            ],
            [
              18.5988333,
              49.9585883
            ]
          ]
        ]
      }
    },
    {
      "type": "Feature",
      "properties": {
        "source": "OpenStreetMap",
        "source_id": "way/1147045356",
        "domain": "emergency",
        "asset_type": "fire_service",
        "confidence": "medium",
        "missing_fields": [],
        "limitations": [
          "OSM emergency and healthcare mapping completeness varies by area and facility type.",
          "The bounded committed snapshot is not a complete emergency-service registry or an operational-status statement.",
          "No qualified official hospital or ambulance/rescue facility registry is enabled for this provider AOI."
        ],
        "eligible_for_analysis": true,
        "osm_tags": {
          "name": "Ochotnicza Straż Pożarna w Orzeszu",
          "amenity": "fire_station",
          "building": "yes"
        }
      },
      "geometry": {
        "type": "Polygon",
        "coordinates": [
          [
            [
              18.7764844,
              50.145247099999985
            ],
            [
              18.7764829,
              50.1452474
            ],
            [
              18.7762791,
              50.1453621
            ],
            [
              18.7761858,
              50.145416299999994
            ],
            [
              18.776314300000003,
              50.14550869999999
            ],
            [
              18.7763757,
              50.1454734
            ],
            [
              18.7764065,
              50.1454562
            ],
            [
              18.7764305,
              50.1454432
            ],
            [
              18.7764078,
              50.145426
            ],
            [
              18.7765879,
              50.1453246
            ],
            [
              18.7764844,
              50.145247099999985
            ]
          ]
        ]
      }
    },
    {
      "type": "Feature",
      "properties": {
        "source": "OpenStreetMap",
        "source_id": "way/1148248298",
        "domain": "emergency",
        "asset_type": "fire_service",
        "confidence": "medium",
        "missing_fields": [],
        "limitations": [
          "OSM emergency and healthcare mapping completeness varies by area and facility type.",
          "The bounded committed snapshot is not a complete emergency-service registry or an operational-status statement.",
          "No qualified official hospital or ambulance/rescue facility registry is enabled for this provider AOI."
        ],
        "eligible_for_analysis": true,
        "osm_tags": {
          "name": "Ochotnicza Straż Pożarna Gostyń",
          "amenity": "fire_station"
        }
      },
      "geometry": {
        "type": "Polygon",
        "coordinates": [
          [
            [
              18.881263,
              50.11192429999999
            ],
            [
              18.8813473,
              50.11192499999999
            ],
            [
              18.8813477,
              50.1119029
            ],
            [
              18.8813799,
              50.111903099999985
            ],
            [
              18.8813817,
              50.111813599999984
            ],
            [
              18.8813875,
              50.11181359999999
            ],
            [
              18.8813892,
              50.1117338
            ],
            [
              18.8812378,
              50.11173250000001
            ],
            [
              18.8812361,
              50.11181229999999
            ],
            [
              18.8812653,
              50.11181259999999
            ],
            [
              18.881263,
              50.11192429999999
            ]
          ]
        ]
      }
    },
    {
      "type": "Feature",
      "properties": {
        "source": "OpenStreetMap",
        "source_id": "way/1148248303",
        "domain": "emergency",
        "asset_type": "fire_service",
        "confidence": "medium",
        "missing_fields": [],
        "limitations": [
          "OSM emergency and healthcare mapping completeness varies by area and facility type.",
          "The bounded committed snapshot is not a complete emergency-service registry or an operational-status statement.",
          "No qualified official hospital or ambulance/rescue facility registry is enabled for this provider AOI."
        ],
        "eligible_for_analysis": true,
        "osm_tags": {
          "name": "Ochotnicza Straż Pożarna w Wyrach",
          "amenity": "fire_station",
          "building": "yes"
        }
      },
      "geometry": {
        "type": "Polygon",
        "coordinates": [
          [
            [
              18.8900226,
              50.1331038
            ],
            [
              18.8901436,
              50.1330501
            ],
            [
              18.8901011,
              50.1330108
            ],
            [
              18.8902082,
              50.1329632
            ],
            [
              18.8899827,
              50.132754599999984
            ],
            [
              18.8897545,
              50.1328558
            ],
            [
              18.889838,
              50.1329329
            ],
            [
              18.8898866,
              50.132977899999986
            ],
            [
              18.8900226,
              50.1331038
            ]
          ]
        ]
      }
    },
    {
      "type": "Feature",
      "properties": {
        "source": "OpenStreetMap",
        "source_id": "way/1148248304",
        "domain": "emergency",
        "asset_type": "fire_service",
        "confidence": "medium",
        "missing_fields": [],
        "limitations": [
          "OSM emergency and healthcare mapping completeness varies by area and facility type.",
          "The bounded committed snapshot is not a complete emergency-service registry or an operational-status statement.",
          "No qualified official hospital or ambulance/rescue facility registry is enabled for this provider AOI."
        ],
        "eligible_for_analysis": true,
        "osm_tags": {
          "name": "Ochotnicza Straż Pożarna w Łaziskach Dolnych",
          "name:pl": "Ochotnicza Straż Pożarna w Łaziskach Dolnych",
          "name:en": "Volunteer Fire Department",
          "amenity": "fire_station",
          "building": "yes"
        }
      },
      "geometry": {
        "type": "Polygon",
        "coordinates": [
          [
            [
              18.8714494,
              50.15494340000001
            ],
            [
              18.8716125,
              50.1549213
            ],
            [
              18.8715917,
              50.1548581
            ],
            [
              18.8715797,
              50.154859699999996
            ],
            [
              18.8715711,
              50.154833800000006
            ],
            [
              18.871431800000003,
              50.154852700000006
            ],
            [
              18.8714295,
              50.154845699999996
            ],
            [
              18.8713831,
              50.154851999999984
            ],
            [
              18.8713988,
              50.15489959999999
            ],
            [
              18.8714334,
              50.1548949
            ],
            [
              18.8714494,
              50.15494340000001
            ]
          ]
        ]
      }
    },
    {
      "type": "Feature",
      "properties": {
        "source": "OpenStreetMap",
        "source_id": "way/1191680624",
        "domain": "emergency",
        "asset_type": "fire_service",
        "confidence": "medium",
        "missing_fields": [],
        "limitations": [
          "OSM emergency and healthcare mapping completeness varies by area and facility type.",
          "The bounded committed snapshot is not a complete emergency-service registry or an operational-status statement.",
          "No qualified official hospital or ambulance/rescue facility registry is enabled for this provider AOI."
        ],
        "eligible_for_analysis": true,
        "osm_tags": {
          "name": "Ochotnicza Straż Pożarna Niewiesze",
          "source": "www.geoportal.gov.pl",
          "amenity": "fire_station"
        }
      },
      "geometry": {
        "type": "Polygon",
        "coordinates": [
          [
            [
              18.4929262,
              50.400045700000014
            ],
            [
              18.4933581,
              50.4000268
            ],
            [
              18.493348,
              50.399472499999995
            ],
            [
              18.4928437,
              50.3994822
            ],
            [
              18.4928142,
              50.3998746
            ],
            [
              18.492852,
              50.39987719999999
            ],
            [
              18.49285,
              50.399882500000004
            ],
            [
              18.4928473,
              50.399939199999984
            ],
            [
              18.4928465,
              50.3999449
            ],
            [
              18.4928092,
              50.39994179999999
            ],
            [
              18.4928041,
              50.400009
            ],
            [
              18.4929262,
              50.400045700000014
            ]
          ]
        ]
      }
    },
    {
      "type": "Feature",
      "properties": {
        "source": "OpenStreetMap",
        "source_id": "way/1224586119",
        "domain": "emergency",
        "asset_type": "fire_service",
        "confidence": "medium",
        "missing_fields": [],
        "limitations": [
          "OSM emergency and healthcare mapping completeness varies by area and facility type.",
          "The bounded committed snapshot is not a complete emergency-service registry or an operational-status statement.",
          "No qualified official hospital or ambulance/rescue facility registry is enabled for this provider AOI."
        ],
        "eligible_for_analysis": true,
        "osm_tags": {
          "name": "HZS Moravskoslezského kraje, požární stanice Bohumín",
          "amenity": "fire_station"
        }
      },
      "geometry": {
        "type": "Polygon",
        "coordinates": [
          [
            [
              18.348205300000004,
              49.90568019999999
            ],
            [
              18.348306,
              49.905666999999994
            ],
            [
              18.3483676,
              49.905818399999994
            ],
            [
              18.3487555,
              49.90576819999998
            ],
            [
              18.3487702,
              49.9058003
            ],
            [
              18.3488615,
              49.90578539999999
            ],
            [
              18.348855800000003,
              49.90575559999999
            ],
            [
              18.348867,
              49.90575380000001
            ],
            [
              18.348723,
              49.9052851
            ],
            [
              18.3486454,
              49.905292
            ],
            [
              18.3484638,
              49.9053303
            ],
            [
              18.3482349,
              49.9053676
            ],
            [
              18.3481413,
              49.9053835
            ],
            [
              18.3481451,
              49.9054328
            ],
            [
              18.3481197,
              49.90543899999999
            ],
            [
              18.3481895,
              49.9056786
            ],
            [
              18.348205300000004,
              49.90568019999999
            ]
          ]
        ]
      }
    },
    {
      "type": "Feature",
      "properties": {
        "source": "OpenStreetMap",
        "source_id": "way/1226255237",
        "domain": "emergency",
        "asset_type": "fire_service",
        "confidence": "medium",
        "missing_fields": [],
        "limitations": [
          "OSM emergency and healthcare mapping completeness varies by area and facility type.",
          "The bounded committed snapshot is not a complete emergency-service registry or an operational-status statement.",
          "No qualified official hospital or ambulance/rescue facility registry is enabled for this provider AOI."
        ],
        "eligible_for_analysis": true,
        "osm_tags": {
          "amenity": "fire_station",
          "building": "yes"
        }
      },
      "geometry": {
        "type": "Polygon",
        "coordinates": [
          [
            [
              18.5726088,
              50.326678699999995
            ],
            [
              18.572732800000004,
              50.32648859999999
            ],
            [
              18.572806,
              50.3264672
            ],
            [
              18.5728375,
              50.32641519999999
            ],
            [
              18.5727766,
              50.3263984
            ],
            [
              18.5727633,
              50.32641519999999
            ],
            [
              18.5725733,
              50.3263607
            ],
            [
              18.5724005,
              50.326622199999996
            ],
            [
              18.5726088,
              50.326678699999995
            ]
          ]
        ]
      }
    },
    {
      "type": "Feature",
      "properties": {
        "source": "OpenStreetMap",
        "source_id": "way/1254343870",
        "domain": "emergency",
        "asset_type": "fire_service",
        "confidence": "medium",
        "missing_fields": [],
        "limitations": [
          "OSM emergency and healthcare mapping completeness varies by area and facility type.",
          "The bounded committed snapshot is not a complete emergency-service registry or an operational-status statement.",
          "No qualified official hospital or ambulance/rescue facility registry is enabled for this provider AOI."
        ],
        "eligible_for_analysis": true,
        "osm_tags": {
          "name": "Ochotnicza Straż Pożarna Poręba",
          "amenity": "fire_station",
          "building": "yes"
        }
      },
      "geometry": {
        "type": "Polygon",
        "coordinates": [
          [
            [
              18.8775541,
              49.991984499999994
            ],
            [
              18.8772869,
              49.9919689
            ],
            [
              18.8772669,
              49.992111900000005
            ],
            [
              18.8774578,
              49.99212309999999
            ],
            [
              18.8774531,
              49.99215780000001
            ],
            [
              18.8775669,
              49.99216450000001
            ],
            [
              18.8775659,
              49.992172000000004
            ],
            [
              18.8777098,
              49.9921804
            ],
            [
              18.8777411,
              49.99195519999999
            ],
            [
              18.8775597,
              49.9919447
            ],
            [
              18.8775541,
              49.991984499999994
            ]
          ]
        ]
      }
    },
    {
      "type": "Feature",
      "properties": {
        "source": "OpenStreetMap",
        "source_id": "way/1344628016",
        "domain": "emergency",
        "asset_type": "fire_service",
        "confidence": "medium",
        "missing_fields": [],
        "limitations": [
          "OSM emergency and healthcare mapping completeness varies by area and facility type.",
          "The bounded committed snapshot is not a complete emergency-service registry or an operational-status statement.",
          "No qualified official hospital or ambulance/rescue facility registry is enabled for this provider AOI."
        ],
        "eligible_for_analysis": true,
        "osm_tags": {
          "amenity": "fire_station"
        }
      },
      "geometry": {
        "type": "Polygon",
        "coordinates": [
          [
            [
              18.6867259,
              49.91730149999999
            ],
            [
              18.6868061,
              49.9172585
            ],
            [
              18.6868379,
              49.9172414
            ],
            [
              18.6859444,
              49.9170373
            ],
            [
              18.6858657,
              49.9170488
            ],
            [
              18.6857621,
              49.917094199999994
            ],
            [
              18.6860981,
              49.9173386
            ],
            [
              18.686308,
              49.917525699999985
            ],
            [
              18.6867259,
              49.91730149999999
            ]
          ]
        ]
      }
    },
    {
      "type": "Feature",
      "properties": {
        "source": "OpenStreetMap",
        "source_id": "way/1344628789",
        "domain": "emergency",
        "asset_type": "fire_service",
        "confidence": "medium",
        "missing_fields": [],
        "limitations": [
          "OSM emergency and healthcare mapping completeness varies by area and facility type.",
          "The bounded committed snapshot is not a complete emergency-service registry or an operational-status statement.",
          "No qualified official hospital or ambulance/rescue facility registry is enabled for this provider AOI."
        ],
        "eligible_for_analysis": true,
        "osm_tags": {
          "amenity": "fire_station"
        }
      },
      "geometry": {
        "type": "Polygon",
        "coordinates": [
          [
            [
              18.6550139,
              49.9006294
            ],
            [
              18.655071000000003,
              49.900659399999995
            ],
            [
              18.655157100000004,
              49.90057339999999
            ],
            [
              18.6552949,
              49.90045769999999
            ],
            [
              18.6554462,
              49.900382199999996
            ],
            [
              18.6550978,
              49.900014899999995
            ],
            [
              18.6547059,
              49.90013619999999
            ],
            [
              18.6545813,
              49.900451800000006
            ],
            [
              18.6550139,
              49.9006294
            ]
          ]
        ]
      }
    },
    {
      "type": "Feature",
      "properties": {
        "source": "OpenStreetMap",
        "source_id": "way/1344821074",
        "domain": "emergency",
        "asset_type": "fire_service",
        "confidence": "medium",
        "missing_fields": [],
        "limitations": [
          "OSM emergency and healthcare mapping completeness varies by area and facility type.",
          "The bounded committed snapshot is not a complete emergency-service registry or an operational-status statement.",
          "No qualified official hospital or ambulance/rescue facility registry is enabled for this provider AOI."
        ],
        "eligible_for_analysis": true,
        "osm_tags": {
          "amenity": "fire_station"
        }
      },
      "geometry": {
        "type": "Polygon",
        "coordinates": [
          [
            [
              18.772371800000002,
              49.84387649999999
            ],
            [
              18.772675800000002,
              49.843647
            ],
            [
              18.7719394,
              49.843217
            ],
            [
              18.77166,
              49.84350839999999
            ],
            [
              18.772371800000002,
              49.84387649999999
            ]
          ]
        ]
      }
    },
    {
      "type": "Feature",
      "properties": {
        "source": "OpenStreetMap",
        "source_id": "way/1347550640",
        "domain": "emergency",
        "asset_type": "fire_service",
        "confidence": "medium",
        "missing_fields": [],
        "limitations": [
          "OSM emergency and healthcare mapping completeness varies by area and facility type.",
          "The bounded committed snapshot is not a complete emergency-service registry or an operational-status statement.",
          "No qualified official hospital or ambulance/rescue facility registry is enabled for this provider AOI."
        ],
        "eligible_for_analysis": true,
        "osm_tags": {
          "amenity": "fire_station"
        }
      },
      "geometry": {
        "type": "Polygon",
        "coordinates": [
          [
            [
              18.8156094,
              49.8970427
            ],
            [
              18.8148341,
              49.89735809999999
            ],
            [
              18.814883,
              49.89742580000001
            ],
            [
              18.8149326,
              49.89744739999999
            ],
            [
              18.8157182,
              49.897498
            ],
            [
              18.8156094,
              49.8970427
            ]
          ]
        ]
      }
    },
    {
      "type": "Feature",
      "properties": {
        "source": "OpenStreetMap",
        "source_id": "way/1393846335",
        "domain": "emergency",
        "asset_type": "fire_service",
        "confidence": "medium",
        "missing_fields": [],
        "limitations": [
          "OSM emergency and healthcare mapping completeness varies by area and facility type.",
          "The bounded committed snapshot is not a complete emergency-service registry or an operational-status statement.",
          "No qualified official hospital or ambulance/rescue facility registry is enabled for this provider AOI."
        ],
        "eligible_for_analysis": true,
        "osm_tags": {
          "name": "Ochotnicza Straż Pożarna w Zbytkowie",
          "amenity": "fire_station"
        }
      },
      "geometry": {
        "type": "Polygon",
        "coordinates": [
          [
            [
              18.7275701,
              49.92251240000001
            ],
            [
              18.728043,
              49.922196
            ],
            [
              18.7276458,
              49.9219111
            ],
            [
              18.7275624,
              49.9219673
            ],
            [
              18.7273766,
              49.922099300000006
            ],
            [
              18.7273627,
              49.9220912
            ],
            [
              18.7272496,
              49.92217149999999
            ],
            [
              18.7271335,
              49.92225359999999
            ],
            [
              18.7275701,
              49.92251240000001
            ]
          ]
        ]
      }
    },
    {
      "type": "Feature",
      "properties": {
        "source": "OpenStreetMap",
        "source_id": "way/1498967519",
        "domain": "emergency",
        "asset_type": "fire_service",
        "confidence": "medium",
        "missing_fields": [],
        "limitations": [
          "OSM emergency and healthcare mapping completeness varies by area and facility type.",
          "The bounded committed snapshot is not a complete emergency-service registry or an operational-status statement.",
          "No qualified official hospital or ambulance/rescue facility registry is enabled for this provider AOI."
        ],
        "eligible_for_analysis": true,
        "osm_tags": {
          "name": "OSP Bojszów",
          "amenity": "fire_station"
        }
      },
      "geometry": {
        "type": "Polygon",
        "coordinates": [
          [
            [
              18.4904949,
              50.33298409999999
            ],
            [
              18.490588,
              50.3328908
            ],
            [
              18.4901815,
              50.33276489999999
            ],
            [
              18.4900819,
              50.332884299999996
            ],
            [
              18.4904701,
              50.3330089
            ],
            [
              18.4904949,
              50.33298409999999
            ]
          ]
        ]
      }
    },
    {
      "type": "Feature",
      "properties": {
        "source": "OpenStreetMap",
        "source_id": "way/1544510008",
        "domain": "emergency",
        "asset_type": "fire_service",
        "confidence": "medium",
        "missing_fields": [],
        "limitations": [
          "OSM emergency and healthcare mapping completeness varies by area and facility type.",
          "The bounded committed snapshot is not a complete emergency-service registry or an operational-status statement.",
          "No qualified official hospital or ambulance/rescue facility registry is enabled for this provider AOI."
        ],
        "eligible_for_analysis": true,
        "osm_tags": {
          "amenity": "fire_station"
        }
      },
      "geometry": {
        "type": "Polygon",
        "coordinates": [
          [
            [
              18.4509598,
              49.9345643
            ],
            [
              18.4511501,
              49.9345831
            ],
            [
              18.4505422,
              49.933599300000004
            ],
            [
              18.4505196,
              49.933600799999994
            ],
            [
              18.4502687,
              49.93359939999999
            ],
            [
              18.450018200000002,
              49.93359579999999
            ],
            [
              18.4498334,
              49.933608400000004
            ],
            [
              18.4503083,
              49.9344747
            ],
            [
              18.450278,
              49.93467400000001
            ],
            [
              18.450256000000003,
              49.934825999999994
            ],
            [
              18.4502498,
              49.934851900000005
            ],
            [
              18.4501925,
              49.9350808
            ],
            [
              18.450159,
              49.935133799999996
            ],
            [
              18.4507502,
              49.93522870000001
            ],
            [
              18.4509598,
              49.9345643
            ]
          ]
        ]
      }
    }
  ]
}