{
  "type": "FeatureCollection",
  "metadata": {
    "cache_layout_version": "provider_cache/v1",
    "geojson_contract_version": "provider_geojson/v1",
    "aoi_id": "rybnik_35km",
    "domain": "public",
    "layer_id": "public.administration",
    "source": "OpenStreetMap",
    "source_type": "analytical_vector",
    "source_registry_id": "openstreetmap",
    "source_url": "https://overpass-api.de/api/interpreter",
    "source_query": "Bounded Overpass snapshot: explicit public-service amenity and office tags within the Rybnik 35 km AOI.",
    "snapshot_at": "2026-08-03T20:30:00Z",
    "pipeline_version": "geo_pipeline/public-services/v1",
    "query_version": "public-osm/v1",
    "validation_status_raw": "warning",
    "quality_status": "warning",
    "confidence": "medium",
    "limitations": [
      "OSM public-service completeness and tagging vary by area and facility type.",
      "A facility tag is evidence of mapped semantics, not service availability, capacity, accessibility or operating status.",
      "BDOT10k building geometry is retained only as topographic comparison context and cannot establish facility semantics.",
      "No qualified PRG public-service facility class is enabled for this domain pack."
    ],
    "eligible_for_analysis": true,
    "readiness": "usable_with_limitations",
    "contract_version": "provider_geojson/v1",
    "feature_count": 252
  },
  "features": [
    {
      "type": "Feature",
      "properties": {
        "source": "OpenStreetMap",
        "source_id": "node/703673695",
        "domain": "public",
        "asset_type": "administration",
        "confidence": "medium",
        "missing_fields": [],
        "limitations": [
          "OSM public-service completeness and tagging vary by area and facility type.",
          "A facility tag is evidence of mapped semantics, not service availability, capacity, accessibility or operating status.",
          "BDOT10k building geometry is retained only as topographic comparison context and cannot establish facility semantics.",
          "No qualified PRG public-service facility class is enabled for this domain pack."
        ],
        "eligible_for_analysis": true,
        "osm_tags": {
          "name": "Obecní úřad Ludgeřovice",
          "website": "https://www.ludgerovice.cz/",
          "amenity": "townhall",
          "phone": "+420 595 052 578",
          "email": "urad@ludgerovice.cz"
        }
      },
      "geometry": {
        "type": "Point",
        "coordinates": [
          18.2382313,
          49.893100200000006
        ]
      }
    },
    {
      "type": "Feature",
      "properties": {
        "source": "OpenStreetMap",
        "source_id": "node/703677386",
        "domain": "public",
        "asset_type": "administration",
        "confidence": "medium",
        "missing_fields": [],
        "limitations": [
          "OSM public-service completeness and tagging vary by area and facility type.",
          "A facility tag is evidence of mapped semantics, not service availability, capacity, accessibility or operating status.",
          "BDOT10k building geometry is retained only as topographic comparison context and cannot establish facility semantics.",
          "No qualified PRG public-service facility class is enabled for this domain pack."
        ],
        "eligible_for_analysis": true,
        "osm_tags": {
          "name": "Obecní úřad Vřesina u Hlučína",
          "website": "http://www.vresina-u-hlucina.cz/",
          "amenity": "townhall"
        }
      },
      "geometry": {
        "type": "Point",
        "coordinates": [
          18.1939676,
          49.9458402
        ]
      }
    },
    {
      "type": "Feature",
      "properties": {
        "source": "OpenStreetMap",
        "source_id": "node/828459847",
        "domain": "public",
        "asset_type": "administration",
        "confidence": "medium",
        "missing_fields": [],
        "limitations": [
          "OSM public-service completeness and tagging vary by area and facility type.",
          "A facility tag is evidence of mapped semantics, not service availability, capacity, accessibility or operating status.",
          "BDOT10k building geometry is retained only as topographic comparison context and cannot establish facility semantics.",
          "No qualified PRG public-service facility class is enabled for this domain pack."
        ],
        "eligible_for_analysis": true,
        "osm_tags": {
          "name": "Straż Miejska",
          "office": "government",
          "phone": "+4832 755 06 06"
        }
      },
      "geometry": {
        "type": "Point",
        "coordinates": [
          18.2230593,
          50.09239749999999
        ]
      }
    },
    {
      "type": "Feature",
      "properties": {
        "source": "OpenStreetMap",
        "source_id": "node/921097750",
        "domain": "public",
        "asset_type": "administration",
        "confidence": "medium",
        "missing_fields": [],
        "limitations": [
          "OSM public-service completeness and tagging vary by area and facility type.",
          "A facility tag is evidence of mapped semantics, not service availability, capacity, accessibility or operating status.",
          "BDOT10k building geometry is retained only as topographic comparison context and cannot establish facility semantics.",
          "No qualified PRG public-service facility class is enabled for this domain pack."
        ],
        "eligible_for_analysis": true,
        "osm_tags": {
          "name": "Živnostenský úřad Hlučín",
          "amenity": "townhall"
        }
      },
      "geometry": {
        "type": "Point",
        "coordinates": [
          18.1877942,
          49.89653719999999
        ]
      }
    },
    {
      "type": "Feature",
      "properties": {
        "source": "OpenStreetMap",
        "source_id": "node/1709545896",
        "domain": "public",
        "asset_type": "administration",
        "confidence": "medium",
        "missing_fields": [],
        "limitations": [
          "OSM public-service completeness and tagging vary by area and facility type.",
          "A facility tag is evidence of mapped semantics, not service availability, capacity, accessibility or operating status.",
          "BDOT10k building geometry is retained only as topographic comparison context and cannot establish facility semantics.",
          "No qualified PRG public-service facility class is enabled for this domain pack."
        ],
        "eligible_for_analysis": true,
        "osm_tags": {
          "name": "Městský úřad",
          "website": "https://www.petrvald-mesto.cz/",
          "amenity": "townhall"
        }
      },
      "geometry": {
        "type": "Point",
        "coordinates": [
          18.3884694,
          49.832253599999994
        ]
      }
    },
    {
      "type": "Feature",
      "properties": {
        "source": "OpenStreetMap",
        "source_id": "node/1714833683",
        "domain": "public",
        "asset_type": "administration",
        "confidence": "medium",
        "missing_fields": [],
        "limitations": [
          "OSM public-service completeness and tagging vary by area and facility type.",
          "A facility tag is evidence of mapped semantics, not service availability, capacity, accessibility or operating status.",
          "BDOT10k building geometry is retained only as topographic comparison context and cannot establish facility semantics.",
          "No qualified PRG public-service facility class is enabled for this domain pack."
        ],
        "eligible_for_analysis": true,
        "osm_tags": {
          "name": "Siedziba Rady Dzielnicy Kamionka",
          "office": "government",
          "government": "administrative"
        }
      },
      "geometry": {
        "type": "Point",
        "coordinates": [
          18.9200327,
          50.18927919999999
        ]
      }
    },
    {
      "type": "Feature",
      "properties": {
        "source": "OpenStreetMap",
        "source_id": "node/1740232307",
        "domain": "public",
        "asset_type": "administration",
        "confidence": "medium",
        "missing_fields": [],
        "limitations": [
          "OSM public-service completeness and tagging vary by area and facility type.",
          "A facility tag is evidence of mapped semantics, not service availability, capacity, accessibility or operating status.",
          "BDOT10k building geometry is retained only as topographic comparison context and cannot establish facility semantics.",
          "No qualified PRG public-service facility class is enabled for this domain pack."
        ],
        "eligible_for_analysis": true,
        "osm_tags": {
          "name": "Urząd Miasta Mikołów",
          "website": "https://www.mikolow.eu/",
          "amenity": "townhall",
          "office": "government",
          "government": "administrative",
          "opening_hours": "Mo 07:30-17:00;We-Fr 07:30-15:30",
          "phone": "+48 323248500",
          "email": "um@mikolow.eu",
          "contact:email": "um@mikolow.eu"
        }
      },
      "geometry": {
        "type": "Point",
        "coordinates": [
          18.9039558,
          50.16920889999999
        ]
      }
    },
    {
      "type": "Feature",
      "properties": {
        "source": "OpenStreetMap",
        "source_id": "node/1744263976",
        "domain": "public",
        "asset_type": "administration",
        "confidence": "medium",
        "missing_fields": [],
        "limitations": [
          "OSM public-service completeness and tagging vary by area and facility type.",
          "A facility tag is evidence of mapped semantics, not service availability, capacity, accessibility or operating status.",
          "BDOT10k building geometry is retained only as topographic comparison context and cannot establish facility semantics.",
          "No qualified PRG public-service facility class is enabled for this domain pack."
        ],
        "eligible_for_analysis": true,
        "osm_tags": {
          "name": "Úřad práce",
          "source": "cuzk:km",
          "amenity": "townhall"
        }
      },
      "geometry": {
        "type": "Point",
        "coordinates": [
          18.53723,
          49.868254999999984
        ]
      }
    },
    {
      "type": "Feature",
      "properties": {
        "source": "OpenStreetMap",
        "source_id": "node/1744440608",
        "domain": "public",
        "asset_type": "administration",
        "confidence": "medium",
        "missing_fields": [],
        "limitations": [
          "OSM public-service completeness and tagging vary by area and facility type.",
          "A facility tag is evidence of mapped semantics, not service availability, capacity, accessibility or operating status.",
          "BDOT10k building geometry is retained only as topographic comparison context and cannot establish facility semantics.",
          "No qualified PRG public-service facility class is enabled for this domain pack."
        ],
        "eligible_for_analysis": true,
        "osm_tags": {
          "name": "Obecní úřad Petrovice u Karviné",
          "amenity": "townhall"
        }
      },
      "geometry": {
        "type": "Point",
        "coordinates": [
          18.5402075,
          49.896947600000004
        ]
      }
    },
    {
      "type": "Feature",
      "properties": {
        "source": "OpenStreetMap",
        "source_id": "node/1744690412",
        "domain": "public",
        "asset_type": "administration",
        "confidence": "medium",
        "missing_fields": [],
        "limitations": [
          "OSM public-service completeness and tagging vary by area and facility type.",
          "A facility tag is evidence of mapped semantics, not service availability, capacity, accessibility or operating status.",
          "BDOT10k building geometry is retained only as topographic comparison context and cannot establish facility semantics.",
          "No qualified PRG public-service facility class is enabled for this domain pack."
        ],
        "eligible_for_analysis": true,
        "osm_tags": {
          "name": "Městský úřad Bohumín",
          "amenity": "townhall"
        }
      },
      "geometry": {
        "type": "Point",
        "coordinates": [
          18.3584863,
          49.903443799999984
        ]
      }
    },
    {
      "type": "Feature",
      "properties": {
        "source": "OpenStreetMap",
        "source_id": "node/1869226808",
        "domain": "public",
        "asset_type": "administration",
        "confidence": "medium",
        "missing_fields": [],
        "limitations": [
          "OSM public-service completeness and tagging vary by area and facility type.",
          "A facility tag is evidence of mapped semantics, not service availability, capacity, accessibility or operating status.",
          "BDOT10k building geometry is retained only as topographic comparison context and cannot establish facility semantics.",
          "No qualified PRG public-service facility class is enabled for this domain pack."
        ],
        "eligible_for_analysis": true,
        "osm_tags": {
          "name": "Urząd Miejski w Pszczynie",
          "website": "https://www.pszczyna.pl/",
          "amenity": "townhall",
          "office": "government",
          "government": "administrative",
          "opening_hours": "Mo 07:00-17:00; Tu-Th 07:00-15:00; Fr 07:00-14:00",
          "phone": "+48 324493900",
          "email": "pszczyna@pszczyna.pl"
        }
      },
      "geometry": {
        "type": "Point",
        "coordinates": [
          18.942054,
          49.97806969999999
        ]
      }
    },
    {
      "type": "Feature",
      "properties": {
        "source": "OpenStreetMap",
        "source_id": "node/1943143826",
        "domain": "public",
        "asset_type": "administration",
        "confidence": "medium",
        "missing_fields": [],
        "limitations": [
          "OSM public-service completeness and tagging vary by area and facility type.",
          "A facility tag is evidence of mapped semantics, not service availability, capacity, accessibility or operating status.",
          "BDOT10k building geometry is retained only as topographic comparison context and cannot establish facility semantics.",
          "No qualified PRG public-service facility class is enabled for this domain pack."
        ],
        "eligible_for_analysis": true,
        "osm_tags": {
          "name": "Prokuratura Rejonowa",
          "office": "government",
          "phone": "+48324152827; +48324154815"
        }
      },
      "geometry": {
        "type": "Point",
        "coordinates": [
          18.21105,
          50.08414139999999
        ]
      }
    },
    {
      "type": "Feature",
      "properties": {
        "source": "OpenStreetMap",
        "source_id": "node/2116647208",
        "domain": "public",
        "asset_type": "administration",
        "confidence": "medium",
        "missing_fields": [],
        "limitations": [
          "OSM public-service completeness and tagging vary by area and facility type.",
          "A facility tag is evidence of mapped semantics, not service availability, capacity, accessibility or operating status.",
          "BDOT10k building geometry is retained only as topographic comparison context and cannot establish facility semantics.",
          "No qualified PRG public-service facility class is enabled for this domain pack."
        ],
        "eligible_for_analysis": true,
        "osm_tags": {
          "name": "Archiwum Państwowe w Katowicach. Oddział w Raciborzu",
          "office": "government",
          "phone": "+4832 755 33 77"
        }
      },
      "geometry": {
        "type": "Point",
        "coordinates": [
          18.2173983,
          50.09095640000001
        ]
      }
    },
    {
      "type": "Feature",
      "properties": {
        "source": "OpenStreetMap",
        "source_id": "node/2127602147",
        "domain": "public",
        "asset_type": "administration",
        "confidence": "medium",
        "missing_fields": [],
        "limitations": [
          "OSM public-service completeness and tagging vary by area and facility type.",
          "A facility tag is evidence of mapped semantics, not service availability, capacity, accessibility or operating status.",
          "BDOT10k building geometry is retained only as topographic comparison context and cannot establish facility semantics.",
          "No qualified PRG public-service facility class is enabled for this domain pack."
        ],
        "eligible_for_analysis": true,
        "osm_tags": {
          "name": "Urząd Stanu Cywilnego",
          "office": "government",
          "government": "register_office"
        }
      },
      "geometry": {
        "type": "Point",
        "coordinates": [
          18.7738022,
          50.305846200000005
        ]
      }
    },
    {
      "type": "Feature",
      "properties": {
        "source": "OpenStreetMap",
        "source_id": "node/2127709757",
        "domain": "public",
        "asset_type": "administration",
        "confidence": "medium",
        "missing_fields": [],
        "limitations": [
          "OSM public-service completeness and tagging vary by area and facility type.",
          "A facility tag is evidence of mapped semantics, not service availability, capacity, accessibility or operating status.",
          "BDOT10k building geometry is retained only as topographic comparison context and cannot establish facility semantics.",
          "No qualified PRG public-service facility class is enabled for this domain pack."
        ],
        "eligible_for_analysis": true,
        "osm_tags": {
          "name": "Urząd Skarbowy w Zabrzu",
          "website": "https://www.slaskie.kas.gov.pl/urzad-skarbowy-w-zabrzu",
          "office": "government",
          "government": "tax",
          "phone": "+48 32 277 76 00",
          "email": "sekretariat.us.zabrze@mf.gov.pl"
        }
      },
      "geometry": {
        "type": "Point",
        "coordinates": [
          18.7905139,
          50.3097845
        ]
      }
    },
    {
      "type": "Feature",
      "properties": {
        "source": "OpenStreetMap",
        "source_id": "node/2164060199",
        "domain": "public",
        "asset_type": "administration",
        "confidence": "medium",
        "missing_fields": [],
        "limitations": [
          "OSM public-service completeness and tagging vary by area and facility type.",
          "A facility tag is evidence of mapped semantics, not service availability, capacity, accessibility or operating status.",
          "BDOT10k building geometry is retained only as topographic comparison context and cannot establish facility semantics.",
          "No qualified PRG public-service facility class is enabled for this domain pack."
        ],
        "eligible_for_analysis": true,
        "osm_tags": {
          "name": "Urząd Skarbowy w Rudzie Śląskiej",
          "operator": "Krajowa Administracja Skarbowa",
          "website": "https://www.slaskie.kas.gov.pl/urzad-skarbowy-w-rudzie-slaskiej",
          "office": "government",
          "government": "tax"
        }
      },
      "geometry": {
        "type": "Point",
        "coordinates": [
          18.8686068,
          50.30280129999999
        ]
      }
    },
    {
      "type": "Feature",
      "properties": {
        "source": "OpenStreetMap",
        "source_id": "node/2167670326",
        "domain": "public",
        "asset_type": "administration",
        "confidence": "medium",
        "missing_fields": [],
        "limitations": [
          "OSM public-service completeness and tagging vary by area and facility type.",
          "A facility tag is evidence of mapped semantics, not service availability, capacity, accessibility or operating status.",
          "BDOT10k building geometry is retained only as topographic comparison context and cannot establish facility semantics.",
          "No qualified PRG public-service facility class is enabled for this domain pack."
        ],
        "eligible_for_analysis": true,
        "osm_tags": {
          "name": "Urząd Miasta Jastrzębie-Zdrój",
          "website": "https://www.jastrzebie.pl/",
          "amenity": "townhall",
          "office": "government",
          "government": "administrative",
          "opening_hours": "Mo-We 07:30-15:30; Th 07:30-17:00; Fr 07:30-14:00",
          "phone": "+48 324785100",
          "email": "miasto@um.jastrzebie.pl"
        }
      },
      "geometry": {
        "type": "Point",
        "coordinates": [
          18.6120391,
          49.9527073
        ]
      }
    },
    {
      "type": "Feature",
      "properties": {
        "source": "OpenStreetMap",
        "source_id": "node/2167670331",
        "domain": "public",
        "asset_type": "administration",
        "confidence": "medium",
        "missing_fields": [],
        "limitations": [
          "OSM public-service completeness and tagging vary by area and facility type.",
          "A facility tag is evidence of mapped semantics, not service availability, capacity, accessibility or operating status.",
          "BDOT10k building geometry is retained only as topographic comparison context and cannot establish facility semantics.",
          "No qualified PRG public-service facility class is enabled for this domain pack."
        ],
        "eligible_for_analysis": true,
        "osm_tags": {
          "name": "Urząd Stanu Cywilnego",
          "office": "government",
          "government": "administrative"
        }
      },
      "geometry": {
        "type": "Point",
        "coordinates": [
          18.6084162,
          49.9497953
        ]
      }
    },
    {
      "type": "Feature",
      "properties": {
        "source": "OpenStreetMap",
        "source_id": "node/2254403854",
        "domain": "public",
        "asset_type": "administration",
        "confidence": "medium",
        "missing_fields": [],
        "limitations": [
          "OSM public-service completeness and tagging vary by area and facility type.",
          "A facility tag is evidence of mapped semantics, not service availability, capacity, accessibility or operating status.",
          "BDOT10k building geometry is retained only as topographic comparison context and cannot establish facility semantics.",
          "No qualified PRG public-service facility class is enabled for this domain pack."
        ],
        "eligible_for_analysis": true,
        "osm_tags": {
          "name": "Powiatowy Urząd Pracy",
          "operator": "Starostwo Powiatowe w Raciborzu",
          "website": "http://www.pup-raciborz.pl/",
          "office": "government",
          "phone": "+4832 415 45 50",
          "email": "kara@praca.gov.pl"
        }
      },
      "geometry": {
        "type": "Point",
        "coordinates": [
          18.2150749,
          50.09022689999999
        ]
      }
    },
    {
      "type": "Feature",
      "properties": {
        "source": "OpenStreetMap",
        "source_id": "node/2254637412",
        "domain": "public",
        "asset_type": "administration",
        "confidence": "medium",
        "missing_fields": [],
        "limitations": [
          "OSM public-service completeness and tagging vary by area and facility type.",
          "A facility tag is evidence of mapped semantics, not service availability, capacity, accessibility or operating status.",
          "BDOT10k building geometry is retained only as topographic comparison context and cannot establish facility semantics.",
          "No qualified PRG public-service facility class is enabled for this domain pack."
        ],
        "eligible_for_analysis": true,
        "osm_tags": {
          "name": "Zakład Ubezpieczeń Społecznych",
          "office": "government",
          "government": "pension_fund",
          "opening_hours": "Mo 08:00-17:00; Tu-Fr 08:00-15:00"
        }
      },
      "geometry": {
        "type": "Point",
        "coordinates": [
          19.005256,
          50.1077512
        ]
      }
    },
    {
      "type": "Feature",
      "properties": {
        "source": "OpenStreetMap",
        "source_id": "node/2254644689",
        "domain": "public",
        "asset_type": "administration",
        "confidence": "medium",
        "missing_fields": [],
        "limitations": [
          "OSM public-service completeness and tagging vary by area and facility type.",
          "A facility tag is evidence of mapped semantics, not service availability, capacity, accessibility or operating status.",
          "BDOT10k building geometry is retained only as topographic comparison context and cannot establish facility semantics.",
          "No qualified PRG public-service facility class is enabled for this domain pack."
        ],
        "eligible_for_analysis": true,
        "osm_tags": {
          "name": "Komenda Miejska Państwowej Straży Pożarnej",
          "website": "https://www.gov.pl/web/kmpsp-tychy",
          "office": "government",
          "government": "public_safety",
          "phone": "+48 32 227 38 71",
          "email": "psptychy@katowice.kwpsp.gov.pl"
        }
      },
      "geometry": {
        "type": "Point",
        "coordinates": [
          19.0070333,
          50.109510400000005
        ]
      }
    },
    {
      "type": "Feature",
      "properties": {
        "source": "OpenStreetMap",
        "source_id": "node/2260553734",
        "domain": "public",
        "asset_type": "administration",
        "confidence": "medium",
        "missing_fields": [],
        "limitations": [
          "OSM public-service completeness and tagging vary by area and facility type.",
          "A facility tag is evidence of mapped semantics, not service availability, capacity, accessibility or operating status.",
          "BDOT10k building geometry is retained only as topographic comparison context and cannot establish facility semantics.",
          "No qualified PRG public-service facility class is enabled for this domain pack."
        ],
        "eligible_for_analysis": true,
        "osm_tags": {
          "name": "Urząd Gminy Bierawa",
          "website": "https://bierawa.pl/",
          "source": "http://sdi.opolskie.pl/mapa_bazowa/request.aspx",
          "amenity": "townhall",
          "office": "government",
          "government": "administrative",
          "opening_hours": "Mo 08:00-17:00; Tu-Th 07:00-15:00; Fr 07:00-14:00",
          "phone": "+48 774872266",
          "email": "ug@bierawa.pl"
        }
      },
      "geometry": {
        "type": "Point",
        "coordinates": [
          18.2438412,
          50.2819821
        ]
      }
    },
    {
      "type": "Feature",
      "properties": {
        "source": "OpenStreetMap",
        "source_id": "node/2265563333",
        "domain": "public",
        "asset_type": "administration",
        "confidence": "medium",
        "missing_fields": [],
        "limitations": [
          "OSM public-service completeness and tagging vary by area and facility type.",
          "A facility tag is evidence of mapped semantics, not service availability, capacity, accessibility or operating status.",
          "BDOT10k building geometry is retained only as topographic comparison context and cannot establish facility semantics.",
          "No qualified PRG public-service facility class is enabled for this domain pack."
        ],
        "eligible_for_analysis": true,
        "osm_tags": {
          "name": "Powiatowe Centrum Pomocy Rodzinie",
          "operator": "Starostwo Powiatowe w Raciborzu",
          "website": "https://www.pcpr.raciborz.org.pl/",
          "amenity": "social_facility",
          "office": "government",
          "phone": "+48324152028",
          "email": "pcpr.r-rz@wp.pl"
        }
      },
      "geometry": {
        "type": "Point",
        "coordinates": [
          18.2152039,
          50.0902977
        ]
      }
    },
    {
      "type": "Feature",
      "properties": {
        "source": "OpenStreetMap",
        "source_id": "node/2265563334",
        "domain": "public",
        "asset_type": "administration",
        "confidence": "medium",
        "missing_fields": [],
        "limitations": [
          "OSM public-service completeness and tagging vary by area and facility type.",
          "A facility tag is evidence of mapped semantics, not service availability, capacity, accessibility or operating status.",
          "BDOT10k building geometry is retained only as topographic comparison context and cannot establish facility semantics.",
          "No qualified PRG public-service facility class is enabled for this domain pack."
        ],
        "eligible_for_analysis": true,
        "osm_tags": {
          "name": "Powiatowy Zarząd Dróg",
          "operator": "Starostwo Powiatowe w Raciborzu",
          "office": "government",
          "phone": "+4832 414 00 20",
          "email": "sekretariat@pzd-raciborz.pl"
        }
      },
      "geometry": {
        "type": "Point",
        "coordinates": [
          18.2278147,
          50.085674
        ]
      }
    },
    {
      "type": "Feature",
      "properties": {
        "source": "OpenStreetMap",
        "source_id": "node/2603066549",
        "domain": "public",
        "asset_type": "administration",
        "confidence": "medium",
        "missing_fields": [],
        "limitations": [
          "OSM public-service completeness and tagging vary by area and facility type.",
          "A facility tag is evidence of mapped semantics, not service availability, capacity, accessibility or operating status.",
          "BDOT10k building geometry is retained only as topographic comparison context and cannot establish facility semantics.",
          "No qualified PRG public-service facility class is enabled for this domain pack."
        ],
        "eligible_for_analysis": true,
        "osm_tags": {
          "name": "Urząd Stanu Cywilnego",
          "office": "government",
          "government": "register_office"
        }
      },
      "geometry": {
        "type": "Point",
        "coordinates": [
          18.6301502,
          50.40008799999999
        ]
      }
    },
    {
      "type": "Feature",
      "properties": {
        "source": "OpenStreetMap",
        "source_id": "node/2645604964",
        "domain": "public",
        "asset_type": "administration",
        "confidence": "medium",
        "missing_fields": [],
        "limitations": [
          "OSM public-service completeness and tagging vary by area and facility type.",
          "A facility tag is evidence of mapped semantics, not service availability, capacity, accessibility or operating status.",
          "BDOT10k building geometry is retained only as topographic comparison context and cannot establish facility semantics.",
          "No qualified PRG public-service facility class is enabled for this domain pack."
        ],
        "eligible_for_analysis": true,
        "osm_tags": {
          "name": "Zabrzańskie Centrum Rozwoju Przedsiębiorczości",
          "office": "government"
        }
      },
      "geometry": {
        "type": "Point",
        "coordinates": [
          18.7852947,
          50.3081176
        ]
      }
    },
    {
      "type": "Feature",
      "properties": {
        "source": "OpenStreetMap",
        "source_id": "node/2732628887",
        "domain": "public",
        "asset_type": "administration",
        "confidence": "medium",
        "missing_fields": [],
        "limitations": [
          "OSM public-service completeness and tagging vary by area and facility type.",
          "A facility tag is evidence of mapped semantics, not service availability, capacity, accessibility or operating status.",
          "BDOT10k building geometry is retained only as topographic comparison context and cannot establish facility semantics.",
          "No qualified PRG public-service facility class is enabled for this domain pack."
        ],
        "eligible_for_analysis": true,
        "osm_tags": {
          "name": "Urząd Skarbowy w Rybniku",
          "office": "government",
          "government": "tax"
        }
      },
      "geometry": {
        "type": "Point",
        "coordinates": [
          18.5427029,
          50.08897979999999
        ]
      }
    },
    {
      "type": "Feature",
      "properties": {
        "source": "OpenStreetMap",
        "source_id": "node/2808241185",
        "domain": "public",
        "asset_type": "administration",
        "confidence": "medium",
        "missing_fields": [],
        "limitations": [
          "OSM public-service completeness and tagging vary by area and facility type.",
          "A facility tag is evidence of mapped semantics, not service availability, capacity, accessibility or operating status.",
          "BDOT10k building geometry is retained only as topographic comparison context and cannot establish facility semantics.",
          "No qualified PRG public-service facility class is enabled for this domain pack."
        ],
        "eligible_for_analysis": true,
        "osm_tags": {
          "name": "Jednostka Paszportowa - Punkt w Gliwicach",
          "website": "https://www.katowice.uw.gov.pl/wdzsoic/obsluga_paszportowa.html",
          "name:pl": "Jednostka Paszportowa - Punkt w Gliwicach",
          "name:en": "Passport Office",
          "source": "survey 23 April 2014",
          "office": "government",
          "phone": "+48 32 461 20 95;+48 32 461 20 96;+48 32 461 20 97"
        }
      },
      "geometry": {
        "type": "Point",
        "coordinates": [
          18.6688412,
          50.2963759
        ]
      }
    },
    {
      "type": "Feature",
      "properties": {
        "source": "OpenStreetMap",
        "source_id": "node/3029317455",
        "domain": "public",
        "asset_type": "administration",
        "confidence": "medium",
        "missing_fields": [],
        "limitations": [
          "OSM public-service completeness and tagging vary by area and facility type.",
          "A facility tag is evidence of mapped semantics, not service availability, capacity, accessibility or operating status.",
          "BDOT10k building geometry is retained only as topographic comparison context and cannot establish facility semantics.",
          "No qualified PRG public-service facility class is enabled for this domain pack."
        ],
        "eligible_for_analysis": true,
        "osm_tags": {
          "name": "Zakład Komunalny PGM",
          "website": "https://www.pgm-chorzow.eu/",
          "office": "government",
          "government": "administrative",
          "phone": "+48 327571500",
          "email": "kontakt@pgm-chorzow.eu"
        }
      },
      "geometry": {
        "type": "Point",
        "coordinates": [
          18.9364807,
          50.288059
        ]
      }
    },
    {
      "type": "Feature",
      "properties": {
        "source": "OpenStreetMap",
        "source_id": "node/3161434279",
        "domain": "public",
        "asset_type": "administration",
        "confidence": "medium",
        "missing_fields": [],
        "limitations": [
          "OSM public-service completeness and tagging vary by area and facility type.",
          "A facility tag is evidence of mapped semantics, not service availability, capacity, accessibility or operating status.",
          "BDOT10k building geometry is retained only as topographic comparison context and cannot establish facility semantics.",
          "No qualified PRG public-service facility class is enabled for this domain pack."
        ],
        "eligible_for_analysis": true,
        "osm_tags": {
          "name": "Urząd Stanu Cywilnego",
          "office": "government",
          "government": "register_office"
        }
      },
      "geometry": {
        "type": "Point",
        "coordinates": [
          18.899747,
          50.1706434
        ]
      }
    },
    {
      "type": "Feature",
      "properties": {
        "source": "OpenStreetMap",
        "source_id": "node/3777356970",
        "domain": "public",
        "asset_type": "administration",
        "confidence": "medium",
        "missing_fields": [],
        "limitations": [
          "OSM public-service completeness and tagging vary by area and facility type.",
          "A facility tag is evidence of mapped semantics, not service availability, capacity, accessibility or operating status.",
          "BDOT10k building geometry is retained only as topographic comparison context and cannot establish facility semantics.",
          "No qualified PRG public-service facility class is enabled for this domain pack."
        ],
        "eligible_for_analysis": true,
        "osm_tags": {
          "name": "Miejski Zespół Gospodarki Lokalowej i Administracji",
          "website": "https://www.mzglia.pl/",
          "office": "government",
          "government": "municipal",
          "opening_hours": "Mo-Fr 07:30-15:30; We 07:30-17:30"
        }
      },
      "geometry": {
        "type": "Point",
        "coordinates": [
          18.6659296,
          50.22245999999999
        ]
      }
    },
    {
      "type": "Feature",
      "properties": {
        "source": "OpenStreetMap",
        "source_id": "node/3810974262",
        "domain": "public",
        "asset_type": "administration",
        "confidence": "medium",
        "missing_fields": [],
        "limitations": [
          "OSM public-service completeness and tagging vary by area and facility type.",
          "A facility tag is evidence of mapped semantics, not service availability, capacity, accessibility or operating status.",
          "BDOT10k building geometry is retained only as topographic comparison context and cannot establish facility semantics.",
          "No qualified PRG public-service facility class is enabled for this domain pack."
        ],
        "eligible_for_analysis": true,
        "osm_tags": {
          "name": "Městský úřad Bohumín",
          "amenity": "townhall"
        }
      },
      "geometry": {
        "type": "Point",
        "coordinates": [
          18.3581206,
          49.9039527
        ]
      }
    },
    {
      "type": "Feature",
      "properties": {
        "source": "OpenStreetMap",
        "source_id": "node/3949870164",
        "domain": "public",
        "asset_type": "administration",
        "confidence": "medium",
        "missing_fields": [],
        "limitations": [
          "OSM public-service completeness and tagging vary by area and facility type.",
          "A facility tag is evidence of mapped semantics, not service availability, capacity, accessibility or operating status.",
          "BDOT10k building geometry is retained only as topographic comparison context and cannot establish facility semantics.",
          "No qualified PRG public-service facility class is enabled for this domain pack."
        ],
        "eligible_for_analysis": true,
        "osm_tags": {
          "name": "Magistrát města Karviná",
          "amenity": "townhall"
        }
      },
      "geometry": {
        "type": "Point",
        "coordinates": [
          18.5427486,
          49.8539553
        ]
      }
    },
    {
      "type": "Feature",
      "properties": {
        "source": "OpenStreetMap",
        "source_id": "node/3951196086",
        "domain": "public",
        "asset_type": "administration",
        "confidence": "medium",
        "missing_fields": [],
        "limitations": [
          "OSM public-service completeness and tagging vary by area and facility type.",
          "A facility tag is evidence of mapped semantics, not service availability, capacity, accessibility or operating status.",
          "BDOT10k building geometry is retained only as topographic comparison context and cannot establish facility semantics.",
          "No qualified PRG public-service facility class is enabled for this domain pack."
        ],
        "eligible_for_analysis": true,
        "osm_tags": {
          "name": "Urząd Gminy Jejkowice",
          "website": "www.jejkowice.pl",
          "amenity": "townhall",
          "opening_hours": "Mo 07:30-16:30; Tu-Th 07:30-15:30; Fr 07:30-14:30",
          "phone": "+48 32 430 20 02",
          "email": "ug@jejkowice.pl"
        }
      },
      "geometry": {
        "type": "Point",
        "coordinates": [
          18.4747437,
          50.105824699999985
        ]
      }
    },
    {
      "type": "Feature",
      "properties": {
        "source": "OpenStreetMap",
        "source_id": "node/3951204826",
        "domain": "public",
        "asset_type": "administration",
        "confidence": "medium",
        "missing_fields": [],
        "limitations": [
          "OSM public-service completeness and tagging vary by area and facility type.",
          "A facility tag is evidence of mapped semantics, not service availability, capacity, accessibility or operating status.",
          "BDOT10k building geometry is retained only as topographic comparison context and cannot establish facility semantics.",
          "No qualified PRG public-service facility class is enabled for this domain pack."
        ],
        "eligible_for_analysis": true,
        "osm_tags": {
          "name": "Urząd Gminy Lyski",
          "website": "https://www.lyski.pl/",
          "amenity": "townhall",
          "office": "government",
          "government": "administrative",
          "opening_hours": "Mo 08:00-16:00; Tu-Fr 07:00-15:00",
          "phone": "+48 32 430 00 51",
          "email": "kancelaria@lyski.pl"
        }
      },
      "geometry": {
        "type": "Point",
        "coordinates": [
          18.3890408,
          50.119698799999995
        ]
      }
    },
    {
      "type": "Feature",
      "properties": {
        "source": "OpenStreetMap",
        "source_id": "node/4033818053",
        "domain": "public",
        "asset_type": "administration",
        "confidence": "medium",
        "missing_fields": [],
        "limitations": [
          "OSM public-service completeness and tagging vary by area and facility type.",
          "A facility tag is evidence of mapped semantics, not service availability, capacity, accessibility or operating status.",
          "BDOT10k building geometry is retained only as topographic comparison context and cannot establish facility semantics.",
          "No qualified PRG public-service facility class is enabled for this domain pack."
        ],
        "eligible_for_analysis": true,
        "osm_tags": {
          "name": "Powiatowy Urząd Pracy",
          "operator": "Powiat Mikołowski",
          "office": "government"
        }
      },
      "geometry": {
        "type": "Point",
        "coordinates": [
          18.8402207,
          50.15254579999999
        ]
      }
    },
    {
      "type": "Feature",
      "properties": {
        "source": "OpenStreetMap",
        "source_id": "node/4152592945",
        "domain": "public",
        "asset_type": "administration",
        "confidence": "medium",
        "missing_fields": [],
        "limitations": [
          "OSM public-service completeness and tagging vary by area and facility type.",
          "A facility tag is evidence of mapped semantics, not service availability, capacity, accessibility or operating status.",
          "BDOT10k building geometry is retained only as topographic comparison context and cannot establish facility semantics.",
          "No qualified PRG public-service facility class is enabled for this domain pack."
        ],
        "eligible_for_analysis": true,
        "osm_tags": {
          "office": "government",
          "phone": "+48 32 245 27 03",
          "email": "osm.chropaczow@gpw.katowice.pl"
        }
      },
      "geometry": {
        "type": "Point",
        "coordinates": [
          18.908926,
          50.3104244
        ]
      }
    },
    {
      "type": "Feature",
      "properties": {
        "source": "OpenStreetMap",
        "source_id": "node/4169533147",
        "domain": "public",
        "asset_type": "administration",
        "confidence": "medium",
        "missing_fields": [],
        "limitations": [
          "OSM public-service completeness and tagging vary by area and facility type.",
          "A facility tag is evidence of mapped semantics, not service availability, capacity, accessibility or operating status.",
          "BDOT10k building geometry is retained only as topographic comparison context and cannot establish facility semantics.",
          "No qualified PRG public-service facility class is enabled for this domain pack."
        ],
        "eligible_for_analysis": true,
        "osm_tags": {
          "name": "Prokuratura rejonowa i okręgowa",
          "office": "government"
        }
      },
      "geometry": {
        "type": "Point",
        "coordinates": [
          18.6737126,
          50.3000636
        ]
      }
    },
    {
      "type": "Feature",
      "properties": {
        "source": "OpenStreetMap",
        "source_id": "node/4260358341",
        "domain": "public",
        "asset_type": "administration",
        "confidence": "medium",
        "missing_fields": [],
        "limitations": [
          "OSM public-service completeness and tagging vary by area and facility type.",
          "A facility tag is evidence of mapped semantics, not service availability, capacity, accessibility or operating status.",
          "BDOT10k building geometry is retained only as topographic comparison context and cannot establish facility semantics.",
          "No qualified PRG public-service facility class is enabled for this domain pack."
        ],
        "eligible_for_analysis": true,
        "osm_tags": {
          "name": "Zarząd Dróg Wojewódzkich w Katowicach",
          "office": "government"
        }
      },
      "geometry": {
        "type": "Point",
        "coordinates": [
          18.9859136,
          50.2185761
        ]
      }
    },
    {
      "type": "Feature",
      "properties": {
        "source": "OpenStreetMap",
        "source_id": "node/4285647993",
        "domain": "public",
        "asset_type": "administration",
        "confidence": "medium",
        "missing_fields": [],
        "limitations": [
          "OSM public-service completeness and tagging vary by area and facility type.",
          "A facility tag is evidence of mapped semantics, not service availability, capacity, accessibility or operating status.",
          "BDOT10k building geometry is retained only as topographic comparison context and cannot establish facility semantics.",
          "No qualified PRG public-service facility class is enabled for this domain pack."
        ],
        "eligible_for_analysis": true,
        "osm_tags": {
          "name": "Powiatowy Urząd Pracy",
          "office": "government",
          "opening_hours": "Mo-Fr 07:00-15:00"
        }
      },
      "geometry": {
        "type": "Point",
        "coordinates": [
          18.9309235,
          50.28243259999999
        ]
      }
    },
    {
      "type": "Feature",
      "properties": {
        "source": "OpenStreetMap",
        "source_id": "node/4317275251",
        "domain": "public",
        "asset_type": "administration",
        "confidence": "medium",
        "missing_fields": [],
        "limitations": [
          "OSM public-service completeness and tagging vary by area and facility type.",
          "A facility tag is evidence of mapped semantics, not service availability, capacity, accessibility or operating status.",
          "BDOT10k building geometry is retained only as topographic comparison context and cannot establish facility semantics.",
          "No qualified PRG public-service facility class is enabled for this domain pack."
        ],
        "eligible_for_analysis": true,
        "osm_tags": {
          "name": "Oddział Celny w Tychach",
          "website": "https://www.slaskie.kas.gov.pl/slaski-urzad-celno-skarbowy-w-katowicach",
          "office": "government",
          "government": "customs",
          "phone": "+48 32 217 74 56",
          "email": "sekretariat.OC.tychy@mf.gov.pl"
        }
      },
      "geometry": {
        "type": "Point",
        "coordinates": [
          19.0092713,
          50.101436099999994
        ]
      }
    },
    {
      "type": "Feature",
      "properties": {
        "source": "OpenStreetMap",
        "source_id": "node/4539043289",
        "domain": "public",
        "asset_type": "administration",
        "confidence": "medium",
        "missing_fields": [],
        "limitations": [
          "OSM public-service completeness and tagging vary by area and facility type.",
          "A facility tag is evidence of mapped semantics, not service availability, capacity, accessibility or operating status.",
          "BDOT10k building geometry is retained only as topographic comparison context and cannot establish facility semantics.",
          "No qualified PRG public-service facility class is enabled for this domain pack."
        ],
        "eligible_for_analysis": true,
        "osm_tags": {
          "name": "ZBM I TBS ROM-1",
          "name:pl": "ZBM I TBS ROM-1",
          "office": "government"
        }
      },
      "geometry": {
        "type": "Point",
        "coordinates": [
          18.6727314,
          50.296243499999996
        ]
      }
    },
    {
      "type": "Feature",
      "properties": {
        "source": "OpenStreetMap",
        "source_id": "node/4596902877",
        "domain": "public",
        "asset_type": "administration",
        "confidence": "medium",
        "missing_fields": [],
        "limitations": [
          "OSM public-service completeness and tagging vary by area and facility type.",
          "A facility tag is evidence of mapped semantics, not service availability, capacity, accessibility or operating status.",
          "BDOT10k building geometry is retained only as topographic comparison context and cannot establish facility semantics.",
          "No qualified PRG public-service facility class is enabled for this domain pack."
        ],
        "eligible_for_analysis": true,
        "osm_tags": {
          "name": "Zakład Ubezpieczeń Społecznych",
          "office": "government",
          "government": "social_security"
        }
      },
      "geometry": {
        "type": "Point",
        "coordinates": [
          18.5400845,
          50.0861795
        ]
      }
    },
    {
      "type": "Feature",
      "properties": {
        "source": "OpenStreetMap",
        "source_id": "node/4611995742",
        "domain": "public",
        "asset_type": "administration",
        "confidence": "medium",
        "missing_fields": [],
        "limitations": [
          "OSM public-service completeness and tagging vary by area and facility type.",
          "A facility tag is evidence of mapped semantics, not service availability, capacity, accessibility or operating status.",
          "BDOT10k building geometry is retained only as topographic comparison context and cannot establish facility semantics.",
          "No qualified PRG public-service facility class is enabled for this domain pack."
        ],
        "eligible_for_analysis": true,
        "osm_tags": {
          "name": "Oddělení občanských průkazů a cestovních dokladů",
          "office": "government",
          "opening_hours": "Mo,We 07:30-17:30; Tu,Th 07:30-16:00; Fr 07:30-12:00",
          "contact:phone": "+420599446000"
        }
      },
      "geometry": {
        "type": "Point",
        "coordinates": [
          18.2817811,
          49.84227630000001
        ]
      }
    },
    {
      "type": "Feature",
      "properties": {
        "source": "OpenStreetMap",
        "source_id": "node/4756289023",
        "domain": "public",
        "asset_type": "administration",
        "confidence": "medium",
        "missing_fields": [],
        "limitations": [
          "OSM public-service completeness and tagging vary by area and facility type.",
          "A facility tag is evidence of mapped semantics, not service availability, capacity, accessibility or operating status.",
          "BDOT10k building geometry is retained only as topographic comparison context and cannot establish facility semantics.",
          "No qualified PRG public-service facility class is enabled for this domain pack."
        ],
        "eligible_for_analysis": true,
        "osm_tags": {
          "name": "Miejskie Przedsiębiorstwo Gospodarki Lokalowej",
          "office": "government",
          "opening_hours": "Mo 07:00-17:00; Tu-Th 07:00-15:00; Fr 07:00-13:00"
        }
      },
      "geometry": {
        "type": "Point",
        "coordinates": [
          18.916555000000002,
          50.293240699999984
        ]
      }
    },
    {
      "type": "Feature",
      "properties": {
        "source": "OpenStreetMap",
        "source_id": "node/4803430641",
        "domain": "public",
        "asset_type": "administration",
        "confidence": "medium",
        "missing_fields": [],
        "limitations": [
          "OSM public-service completeness and tagging vary by area and facility type.",
          "A facility tag is evidence of mapped semantics, not service availability, capacity, accessibility or operating status.",
          "BDOT10k building geometry is retained only as topographic comparison context and cannot establish facility semantics.",
          "No qualified PRG public-service facility class is enabled for this domain pack."
        ],
        "eligible_for_analysis": true,
        "osm_tags": {
          "name": "Obecní úřad Strahovice",
          "website": "https://www.strahovice.cz/",
          "amenity": "townhall",
          "phone": "+420 553 650 582"
        }
      },
      "geometry": {
        "type": "Point",
        "coordinates": [
          18.0893336,
          50.00474570000001
        ]
      }
    },
    {
      "type": "Feature",
      "properties": {
        "source": "OpenStreetMap",
        "source_id": "node/4840380372",
        "domain": "public",
        "asset_type": "administration",
        "confidence": "medium",
        "missing_fields": [],
        "limitations": [
          "OSM public-service completeness and tagging vary by area and facility type.",
          "A facility tag is evidence of mapped semantics, not service availability, capacity, accessibility or operating status.",
          "BDOT10k building geometry is retained only as topographic comparison context and cannot establish facility semantics.",
          "No qualified PRG public-service facility class is enabled for this domain pack."
        ],
        "eligible_for_analysis": true,
        "osm_tags": {
          "name": "Obecní Úřad Závada",
          "website": "https://www.zavada.cz/",
          "amenity": "townhall",
          "phone": "+420 595 055 106",
          "email": "obec@zavada.cz"
        }
      },
      "geometry": {
        "type": "Point",
        "coordinates": [
          18.167466,
          49.952443099999996
        ]
      }
    },
    {
      "type": "Feature",
      "properties": {
        "source": "OpenStreetMap",
        "source_id": "node/4999347664",
        "domain": "public",
        "asset_type": "administration",
        "confidence": "medium",
        "missing_fields": [],
        "limitations": [
          "OSM public-service completeness and tagging vary by area and facility type.",
          "A facility tag is evidence of mapped semantics, not service availability, capacity, accessibility or operating status.",
          "BDOT10k building geometry is retained only as topographic comparison context and cannot establish facility semantics.",
          "No qualified PRG public-service facility class is enabled for this domain pack."
        ],
        "eligible_for_analysis": true,
        "osm_tags": {
          "name": "Leśnictwo Nędza",
          "operator": "Nadleśnictwo Rudy Raciborskie",
          "office": "government"
        }
      },
      "geometry": {
        "type": "Point",
        "coordinates": [
          18.3125548,
          50.1667194
        ]
      }
    },
    {
      "type": "Feature",
      "properties": {
        "source": "OpenStreetMap",
        "source_id": "node/4999347665",
        "domain": "public",
        "asset_type": "administration",
        "confidence": "medium",
        "missing_fields": [],
        "limitations": [
          "OSM public-service completeness and tagging vary by area and facility type.",
          "A facility tag is evidence of mapped semantics, not service availability, capacity, accessibility or operating status.",
          "BDOT10k building geometry is retained only as topographic comparison context and cannot establish facility semantics.",
          "No qualified PRG public-service facility class is enabled for this domain pack."
        ],
        "eligible_for_analysis": true,
        "osm_tags": {
          "name": "Leśnictwo Szymocice",
          "operator": "Nadleśnictwo Rudy Raciborskie",
          "office": "government"
        }
      },
      "geometry": {
        "type": "Point",
        "coordinates": [
          18.312439900000005,
          50.1667003
        ]
      }
    },
    {
      "type": "Feature",
      "properties": {
        "source": "OpenStreetMap",
        "source_id": "node/5005897889",
        "domain": "public",
        "asset_type": "administration",
        "confidence": "medium",
        "missing_fields": [],
        "limitations": [
          "OSM public-service completeness and tagging vary by area and facility type.",
          "A facility tag is evidence of mapped semantics, not service availability, capacity, accessibility or operating status.",
          "BDOT10k building geometry is retained only as topographic comparison context and cannot establish facility semantics.",
          "No qualified PRG public-service facility class is enabled for this domain pack."
        ],
        "eligible_for_analysis": true,
        "osm_tags": {
          "name": "Oddział Sieci Magistralnej ŻORY",
          "operator": "Górnośląskie Przedsiębiorstwo Wodociągów S.A.",
          "office": "government",
          "phone": "+48 32 434 29 98",
          "email": "osm.zory@gpw.katowice.pl"
        }
      },
      "geometry": {
        "type": "Point",
        "coordinates": [
          18.6884265,
          50.05308779999999
        ]
      }
    },
    {
      "type": "Feature",
      "properties": {
        "source": "OpenStreetMap",
        "source_id": "node/5251808325",
        "domain": "public",
        "asset_type": "administration",
        "confidence": "medium",
        "missing_fields": [],
        "limitations": [
          "OSM public-service completeness and tagging vary by area and facility type.",
          "A facility tag is evidence of mapped semantics, not service availability, capacity, accessibility or operating status.",
          "BDOT10k building geometry is retained only as topographic comparison context and cannot establish facility semantics.",
          "No qualified PRG public-service facility class is enabled for this domain pack."
        ],
        "eligible_for_analysis": true,
        "osm_tags": {
          "name": "Miejski Ośrodek Pomocy Społecznej",
          "office": "government",
          "phone": "+48 32 245 51 04"
        }
      },
      "geometry": {
        "type": "Point",
        "coordinates": [
          18.9245495,
          50.2882412
        ]
      }
    },
    {
      "type": "Feature",
      "properties": {
        "source": "OpenStreetMap",
        "source_id": "node/5264601781",
        "domain": "public",
        "asset_type": "administration",
        "confidence": "medium",
        "missing_fields": [],
        "limitations": [
          "OSM public-service completeness and tagging vary by area and facility type.",
          "A facility tag is evidence of mapped semantics, not service availability, capacity, accessibility or operating status.",
          "BDOT10k building geometry is retained only as topographic comparison context and cannot establish facility semantics.",
          "No qualified PRG public-service facility class is enabled for this domain pack."
        ],
        "eligible_for_analysis": true,
        "osm_tags": {
          "name": "Úřad městského obvodu Petřkovice",
          "website": "https://petrkovice.ostrava.cz/cs",
          "amenity": "townhall"
        }
      },
      "geometry": {
        "type": "Point",
        "coordinates": [
          18.2588529,
          49.8749902
        ]
      }
    },
    {
      "type": "Feature",
      "properties": {
        "source": "OpenStreetMap",
        "source_id": "node/5271933196",
        "domain": "public",
        "asset_type": "administration",
        "confidence": "medium",
        "missing_fields": [],
        "limitations": [
          "OSM public-service completeness and tagging vary by area and facility type.",
          "A facility tag is evidence of mapped semantics, not service availability, capacity, accessibility or operating status.",
          "BDOT10k building geometry is retained only as topographic comparison context and cannot establish facility semantics.",
          "No qualified PRG public-service facility class is enabled for this domain pack."
        ],
        "eligible_for_analysis": true,
        "osm_tags": {
          "name": "Obecní úřad Markvartovice",
          "amenity": "townhall"
        }
      },
      "geometry": {
        "type": "Point",
        "coordinates": [
          18.2346225,
          49.90926720000001
        ]
      }
    },
    {
      "type": "Feature",
      "properties": {
        "source": "OpenStreetMap",
        "source_id": "node/5557439611",
        "domain": "public",
        "asset_type": "administration",
        "confidence": "medium",
        "missing_fields": [],
        "limitations": [
          "OSM public-service completeness and tagging vary by area and facility type.",
          "A facility tag is evidence of mapped semantics, not service availability, capacity, accessibility or operating status.",
          "BDOT10k building geometry is retained only as topographic comparison context and cannot establish facility semantics.",
          "No qualified PRG public-service facility class is enabled for this domain pack."
        ],
        "eligible_for_analysis": true,
        "osm_tags": {
          "name": "Miejskie Przesiebiorstwo Gospodarki Lokalowej",
          "office": "government",
          "government": "administrative"
        }
      },
      "geometry": {
        "type": "Point",
        "coordinates": [
          18.931739300000004,
          50.284094299999985
        ]
      }
    },
    {
      "type": "Feature",
      "properties": {
        "source": "OpenStreetMap",
        "source_id": "node/5583186130",
        "domain": "public",
        "asset_type": "administration",
        "confidence": "medium",
        "missing_fields": [],
        "limitations": [
          "OSM public-service completeness and tagging vary by area and facility type.",
          "A facility tag is evidence of mapped semantics, not service availability, capacity, accessibility or operating status.",
          "BDOT10k building geometry is retained only as topographic comparison context and cannot establish facility semantics.",
          "No qualified PRG public-service facility class is enabled for this domain pack."
        ],
        "eligible_for_analysis": true,
        "osm_tags": {
          "name": "Urząd Stanu Cywilnego w Gierałtowicach",
          "website": "https://gieraltowice.pl/1611/urzad-stanu-cywilnego.html",
          "office": "government",
          "government": "register_office",
          "phone": "+48 32 301 15 44"
        }
      },
      "geometry": {
        "type": "Point",
        "coordinates": [
          18.7453745,
          50.244169899999996
        ]
      }
    },
    {
      "type": "Feature",
      "properties": {
        "source": "OpenStreetMap",
        "source_id": "node/5585216426",
        "domain": "public",
        "asset_type": "administration",
        "confidence": "medium",
        "missing_fields": [],
        "limitations": [
          "OSM public-service completeness and tagging vary by area and facility type.",
          "A facility tag is evidence of mapped semantics, not service availability, capacity, accessibility or operating status.",
          "BDOT10k building geometry is retained only as topographic comparison context and cannot establish facility semantics.",
          "No qualified PRG public-service facility class is enabled for this domain pack."
        ],
        "eligible_for_analysis": true,
        "osm_tags": {
          "name": "Obecní úřad Hať",
          "amenity": "townhall"
        }
      },
      "geometry": {
        "type": "Point",
        "coordinates": [
          18.255794500000004,
          49.946064599999985
        ]
      }
    },
    {
      "type": "Feature",
      "properties": {
        "source": "OpenStreetMap",
        "source_id": "node/5815940486",
        "domain": "public",
        "asset_type": "administration",
        "confidence": "medium",
        "missing_fields": [],
        "limitations": [
          "OSM public-service completeness and tagging vary by area and facility type.",
          "A facility tag is evidence of mapped semantics, not service availability, capacity, accessibility or operating status.",
          "BDOT10k building geometry is retained only as topographic comparison context and cannot establish facility semantics.",
          "No qualified PRG public-service facility class is enabled for this domain pack."
        ],
        "eligible_for_analysis": true,
        "osm_tags": {
          "name": "Urząd Miasta Rybnika, Wydział Edukacji",
          "website": "https://edukacja.rybnik.eu/",
          "office": "government",
          "government": "education",
          "opening_hours": "Mo-We 07:30-15:30; Th 07:30-18:00; Fr 07:30-13:00",
          "phone": "+48324392135",
          "email": "edukacja@um.rybnik.pl"
        }
      },
      "geometry": {
        "type": "Point",
        "coordinates": [
          18.5423666,
          50.0942601
        ]
      }
    },
    {
      "type": "Feature",
      "properties": {
        "source": "OpenStreetMap",
        "source_id": "node/5815940690",
        "domain": "public",
        "asset_type": "administration",
        "confidence": "medium",
        "missing_fields": [],
        "limitations": [
          "OSM public-service completeness and tagging vary by area and facility type.",
          "A facility tag is evidence of mapped semantics, not service availability, capacity, accessibility or operating status.",
          "BDOT10k building geometry is retained only as topographic comparison context and cannot establish facility semantics.",
          "No qualified PRG public-service facility class is enabled for this domain pack."
        ],
        "eligible_for_analysis": true,
        "osm_tags": {
          "name": "Urząd Stanu Cywilnego",
          "office": "government",
          "government": "register_office",
          "phone": "+48324223210",
          "email": "usc@um.rybnik.pl"
        }
      },
      "geometry": {
        "type": "Point",
        "coordinates": [
          18.5415428,
          50.09594560000001
        ]
      }
    },
    {
      "type": "Feature",
      "properties": {
        "source": "OpenStreetMap",
        "source_id": "node/6412773096",
        "domain": "public",
        "asset_type": "administration",
        "confidence": "medium",
        "missing_fields": [],
        "limitations": [
          "OSM public-service completeness and tagging vary by area and facility type.",
          "A facility tag is evidence of mapped semantics, not service availability, capacity, accessibility or operating status.",
          "BDOT10k building geometry is retained only as topographic comparison context and cannot establish facility semantics.",
          "No qualified PRG public-service facility class is enabled for this domain pack."
        ],
        "eligible_for_analysis": true,
        "osm_tags": {
          "name": "Obecní úřad Bělá",
          "website": "https://www.obecbela.cz/web/",
          "amenity": "townhall",
          "phone": "+420 553 650 940",
          "email": "urad@obecbela.cz"
        }
      },
      "geometry": {
        "type": "Point",
        "coordinates": [
          18.1485323,
          49.9742694
        ]
      }
    },
    {
      "type": "Feature",
      "properties": {
        "source": "OpenStreetMap",
        "source_id": "node/6614834667",
        "domain": "public",
        "asset_type": "administration",
        "confidence": "medium",
        "missing_fields": [],
        "limitations": [
          "OSM public-service completeness and tagging vary by area and facility type.",
          "A facility tag is evidence of mapped semantics, not service availability, capacity, accessibility or operating status.",
          "BDOT10k building geometry is retained only as topographic comparison context and cannot establish facility semantics.",
          "No qualified PRG public-service facility class is enabled for this domain pack."
        ],
        "eligible_for_analysis": true,
        "osm_tags": {
          "name": "Městský úřad Orlová",
          "amenity": "townhall",
          "opening_hours": "Mo,We 08:00-11:30,12:30-17:00; Th 08:00-11:30,12:30-13:00; PH closed"
        }
      },
      "geometry": {
        "type": "Point",
        "coordinates": [
          18.4268078,
          49.8717867
        ]
      }
    },
    {
      "type": "Feature",
      "properties": {
        "source": "OpenStreetMap",
        "source_id": "node/6727411088",
        "domain": "public",
        "asset_type": "administration",
        "confidence": "medium",
        "missing_fields": [],
        "limitations": [
          "OSM public-service completeness and tagging vary by area and facility type.",
          "A facility tag is evidence of mapped semantics, not service availability, capacity, accessibility or operating status.",
          "BDOT10k building geometry is retained only as topographic comparison context and cannot establish facility semantics.",
          "No qualified PRG public-service facility class is enabled for this domain pack."
        ],
        "eligible_for_analysis": true,
        "osm_tags": {
          "name": "Starostwo Powiatowe - Wydział Geodezji",
          "office": "government",
          "government": "cadaster",
          "email": "geodezja@powiatwodzislawski.pl"
        }
      },
      "geometry": {
        "type": "Point",
        "coordinates": [
          18.4600883,
          49.9995623
        ]
      }
    },
    {
      "type": "Feature",
      "properties": {
        "source": "OpenStreetMap",
        "source_id": "node/6727411090",
        "domain": "public",
        "asset_type": "administration",
        "confidence": "medium",
        "missing_fields": [],
        "limitations": [
          "OSM public-service completeness and tagging vary by area and facility type.",
          "A facility tag is evidence of mapped semantics, not service availability, capacity, accessibility or operating status.",
          "BDOT10k building geometry is retained only as topographic comparison context and cannot establish facility semantics.",
          "No qualified PRG public-service facility class is enabled for this domain pack."
        ],
        "eligible_for_analysis": true,
        "osm_tags": {
          "name": "Powiatowa Stacja Sanitarno-Epidemiologiczna w Wodzisławiu Śląskim",
          "website": "https://www.gov.pl/psse-wodzislaw-slaski",
          "alt_name": "Sanepid w Wodzisławiu Śląskim",
          "office": "government",
          "government": "healthcare",
          "opening_hours": "Mo-Fr 07:30-15:05",
          "phone": "+48 32 456 38 10",
          "email": "psse.wodzislawslaski@pis.gov.pl"
        }
      },
      "geometry": {
        "type": "Point",
        "coordinates": [
          18.4597454,
          49.9997801
        ]
      }
    },
    {
      "type": "Feature",
      "properties": {
        "source": "OpenStreetMap",
        "source_id": "node/7067145702",
        "domain": "public",
        "asset_type": "administration",
        "confidence": "medium",
        "missing_fields": [],
        "limitations": [
          "OSM public-service completeness and tagging vary by area and facility type.",
          "A facility tag is evidence of mapped semantics, not service availability, capacity, accessibility or operating status.",
          "BDOT10k building geometry is retained only as topographic comparison context and cannot establish facility semantics.",
          "No qualified PRG public-service facility class is enabled for this domain pack."
        ],
        "eligible_for_analysis": true,
        "osm_tags": {
          "name": "Urząd Statystyczny w Katowicach. Oddział w Rybniku",
          "office": "government",
          "government": "statistics"
        }
      },
      "geometry": {
        "type": "Point",
        "coordinates": [
          18.5391596,
          50.0844939
        ]
      }
    },
    {
      "type": "Feature",
      "properties": {
        "source": "OpenStreetMap",
        "source_id": "node/7067161331",
        "domain": "public",
        "asset_type": "administration",
        "confidence": "medium",
        "missing_fields": [],
        "limitations": [
          "OSM public-service completeness and tagging vary by area and facility type.",
          "A facility tag is evidence of mapped semantics, not service availability, capacity, accessibility or operating status.",
          "BDOT10k building geometry is retained only as topographic comparison context and cannot establish facility semantics.",
          "No qualified PRG public-service facility class is enabled for this domain pack."
        ],
        "eligible_for_analysis": true,
        "osm_tags": {
          "name": "Okręgowy Urząd Górniczy w Rybniku",
          "office": "government"
        }
      },
      "geometry": {
        "type": "Point",
        "coordinates": [
          18.5737874,
          50.04276110000001
        ]
      }
    },
    {
      "type": "Feature",
      "properties": {
        "source": "OpenStreetMap",
        "source_id": "node/7196856362",
        "domain": "public",
        "asset_type": "administration",
        "confidence": "medium",
        "missing_fields": [],
        "limitations": [
          "OSM public-service completeness and tagging vary by area and facility type.",
          "A facility tag is evidence of mapped semantics, not service availability, capacity, accessibility or operating status.",
          "BDOT10k building geometry is retained only as topographic comparison context and cannot establish facility semantics.",
          "No qualified PRG public-service facility class is enabled for this domain pack."
        ],
        "eligible_for_analysis": true,
        "osm_tags": {
          "name": "Powiatowy Urząd Pracy",
          "website": "https://tychy.praca.gov.pl",
          "office": "government",
          "phone": "+48 32 7815861",
          "email": "poczta@pup.tychy.pl"
        }
      },
      "geometry": {
        "type": "Point",
        "coordinates": [
          18.9755449,
          50.12668319999999
        ]
      }
    },
    {
      "type": "Feature",
      "properties": {
        "source": "OpenStreetMap",
        "source_id": "node/7196901034",
        "domain": "public",
        "asset_type": "administration",
        "confidence": "medium",
        "missing_fields": [],
        "limitations": [
          "OSM public-service completeness and tagging vary by area and facility type.",
          "A facility tag is evidence of mapped semantics, not service availability, capacity, accessibility or operating status.",
          "BDOT10k building geometry is retained only as topographic comparison context and cannot establish facility semantics.",
          "No qualified PRG public-service facility class is enabled for this domain pack."
        ],
        "eligible_for_analysis": true,
        "osm_tags": {
          "name": "Miejski Zarząd Ulic i Mostów",
          "website": "https://mzuim.tychy.pl",
          "office": "government",
          "phone": "+48 32 2277006",
          "email": "mzuim@mzuim.tychy.pl"
        }
      },
      "geometry": {
        "type": "Point",
        "coordinates": [
          18.9753144,
          50.12675560000001
        ]
      }
    },
    {
      "type": "Feature",
      "properties": {
        "source": "OpenStreetMap",
        "source_id": "node/8789359624",
        "domain": "public",
        "asset_type": "administration",
        "confidence": "medium",
        "missing_fields": [],
        "limitations": [
          "OSM public-service completeness and tagging vary by area and facility type.",
          "A facility tag is evidence of mapped semantics, not service availability, capacity, accessibility or operating status.",
          "BDOT10k building geometry is retained only as topographic comparison context and cannot establish facility semantics.",
          "No qualified PRG public-service facility class is enabled for this domain pack."
        ],
        "eligible_for_analysis": true,
        "osm_tags": {
          "name": "Zakład Ubezpieczeń Społecznych",
          "operator": "Oddział ZUS w Chorzowie",
          "source": "OSM Tracker, knowledge",
          "office": "government",
          "government": "pension_fund",
          "opening_hours": "Mo-We 08:00-15:30; Th 08:00-17:00; Fr 08:00-14:00"
        }
      },
      "geometry": {
        "type": "Point",
        "coordinates": [
          18.874701900000005,
          50.28876449999999
        ]
      }
    },
    {
      "type": "Feature",
      "properties": {
        "source": "OpenStreetMap",
        "source_id": "node/8805340758",
        "domain": "public",
        "asset_type": "administration",
        "confidence": "medium",
        "missing_fields": [],
        "limitations": [
          "OSM public-service completeness and tagging vary by area and facility type.",
          "A facility tag is evidence of mapped semantics, not service availability, capacity, accessibility or operating status.",
          "BDOT10k building geometry is retained only as topographic comparison context and cannot establish facility semantics.",
          "No qualified PRG public-service facility class is enabled for this domain pack."
        ],
        "eligible_for_analysis": true,
        "osm_tags": {
          "office": "government",
          "government": "prosecutor",
          "opening_hours": "Mo-Fr 07:00-15:00"
        }
      },
      "geometry": {
        "type": "Point",
        "coordinates": [
          18.4704122,
          50.003793
        ]
      }
    },
    {
      "type": "Feature",
      "properties": {
        "source": "OpenStreetMap",
        "source_id": "node/9356502366",
        "domain": "public",
        "asset_type": "administration",
        "confidence": "medium",
        "missing_fields": [],
        "limitations": [
          "OSM public-service completeness and tagging vary by area and facility type.",
          "A facility tag is evidence of mapped semantics, not service availability, capacity, accessibility or operating status.",
          "BDOT10k building geometry is retained only as topographic comparison context and cannot establish facility semantics.",
          "No qualified PRG public-service facility class is enabled for this domain pack."
        ],
        "eligible_for_analysis": true,
        "osm_tags": {
          "name": "Sołtys Szczerbic",
          "office": "government"
        }
      },
      "geometry": {
        "type": "Point",
        "coordinates": [
          18.4527669,
          50.09750249999999
        ]
      }
    },
    {
      "type": "Feature",
      "properties": {
        "source": "OpenStreetMap",
        "source_id": "node/9376100884",
        "domain": "public",
        "asset_type": "administration",
        "confidence": "medium",
        "missing_fields": [],
        "limitations": [
          "OSM public-service completeness and tagging vary by area and facility type.",
          "A facility tag is evidence of mapped semantics, not service availability, capacity, accessibility or operating status.",
          "BDOT10k building geometry is retained only as topographic comparison context and cannot establish facility semantics.",
          "No qualified PRG public-service facility class is enabled for this domain pack."
        ],
        "eligible_for_analysis": true,
        "osm_tags": {
          "name": "Wydział Komunikacji Urzędu Miasta Tychy",
          "operator": "UM Tychy",
          "website": "https://umtychy.pl/84231-tychy-wydzial-komunikacji-urzedu-miasta-tychy",
          "office": "government",
          "government": "register_office",
          "email": "komunikacja@umtychy.pl"
        }
      },
      "geometry": {
        "type": "Point",
        "coordinates": [
          18.9753946,
          50.126733599999994
        ]
      }
    },
    {
      "type": "Feature",
      "properties": {
        "source": "OpenStreetMap",
        "source_id": "node/9503275370",
        "domain": "public",
        "asset_type": "administration",
        "confidence": "medium",
        "missing_fields": [],
        "limitations": [
          "OSM public-service completeness and tagging vary by area and facility type.",
          "A facility tag is evidence of mapped semantics, not service availability, capacity, accessibility or operating status.",
          "BDOT10k building geometry is retained only as topographic comparison context and cannot establish facility semantics.",
          "No qualified PRG public-service facility class is enabled for this domain pack."
        ],
        "eligible_for_analysis": true,
        "osm_tags": {
          "name": "Sołtys",
          "office": "government",
          "government": "administrative"
        }
      },
      "geometry": {
        "type": "Point",
        "coordinates": [
          18.7785528,
          50.21081439999999
        ]
      }
    },
    {
      "type": "Feature",
      "properties": {
        "source": "OpenStreetMap",
        "source_id": "node/9503307837",
        "domain": "public",
        "asset_type": "administration",
        "confidence": "medium",
        "missing_fields": [],
        "limitations": [
          "OSM public-service completeness and tagging vary by area and facility type.",
          "A facility tag is evidence of mapped semantics, not service availability, capacity, accessibility or operating status.",
          "BDOT10k building geometry is retained only as topographic comparison context and cannot establish facility semantics.",
          "No qualified PRG public-service facility class is enabled for this domain pack."
        ],
        "eligible_for_analysis": true,
        "osm_tags": {
          "name": "Urząd Gminy Gierałtowice",
          "amenity": "townhall"
        }
      },
      "geometry": {
        "type": "Point",
        "coordinates": [
          18.7243633,
          50.223739599999995
        ]
      }
    },
    {
      "type": "Feature",
      "properties": {
        "source": "OpenStreetMap",
        "source_id": "node/9556495296",
        "domain": "public",
        "asset_type": "administration",
        "confidence": "medium",
        "missing_fields": [],
        "limitations": [
          "OSM public-service completeness and tagging vary by area and facility type.",
          "A facility tag is evidence of mapped semantics, not service availability, capacity, accessibility or operating status.",
          "BDOT10k building geometry is retained only as topographic comparison context and cannot establish facility semantics.",
          "No qualified PRG public-service facility class is enabled for this domain pack."
        ],
        "eligible_for_analysis": true,
        "osm_tags": {
          "name": "Terenowy Punkt Paszportowy",
          "office": "government"
        }
      },
      "geometry": {
        "type": "Point",
        "coordinates": [
          18.5446766,
          50.0899323
        ]
      }
    },
    {
      "type": "Feature",
      "properties": {
        "source": "OpenStreetMap",
        "source_id": "node/9556495297",
        "domain": "public",
        "asset_type": "administration",
        "confidence": "medium",
        "missing_fields": [],
        "limitations": [
          "OSM public-service completeness and tagging vary by area and facility type.",
          "A facility tag is evidence of mapped semantics, not service availability, capacity, accessibility or operating status.",
          "BDOT10k building geometry is retained only as topographic comparison context and cannot establish facility semantics.",
          "No qualified PRG public-service facility class is enabled for this domain pack."
        ],
        "eligible_for_analysis": true,
        "osm_tags": {
          "name": "Kuratorium Oświaty",
          "office": "government"
        }
      },
      "geometry": {
        "type": "Point",
        "coordinates": [
          18.5444748,
          50.0906384
        ]
      }
    },
    {
      "type": "Feature",
      "properties": {
        "source": "OpenStreetMap",
        "source_id": "node/9556495298",
        "domain": "public",
        "asset_type": "administration",
        "confidence": "medium",
        "missing_fields": [],
        "limitations": [
          "OSM public-service completeness and tagging vary by area and facility type.",
          "A facility tag is evidence of mapped semantics, not service availability, capacity, accessibility or operating status.",
          "BDOT10k building geometry is retained only as topographic comparison context and cannot establish facility semantics.",
          "No qualified PRG public-service facility class is enabled for this domain pack."
        ],
        "eligible_for_analysis": true,
        "osm_tags": {
          "name": "Państwowa Inspekcja Pracy",
          "office": "government"
        }
      },
      "geometry": {
        "type": "Point",
        "coordinates": [
          18.5444562,
          50.090558699999995
        ]
      }
    },
    {
      "type": "Feature",
      "properties": {
        "source": "OpenStreetMap",
        "source_id": "node/9556495303",
        "domain": "public",
        "asset_type": "administration",
        "confidence": "medium",
        "missing_fields": [],
        "limitations": [
          "OSM public-service completeness and tagging vary by area and facility type.",
          "A facility tag is evidence of mapped semantics, not service availability, capacity, accessibility or operating status.",
          "BDOT10k building geometry is retained only as topographic comparison context and cannot establish facility semantics.",
          "No qualified PRG public-service facility class is enabled for this domain pack."
        ],
        "eligible_for_analysis": true,
        "osm_tags": {
          "name": "Powiatowe centrum pomocy rodzinie",
          "office": "government"
        }
      },
      "geometry": {
        "type": "Point",
        "coordinates": [
          18.545374600000002,
          50.09010070000001
        ]
      }
    },
    {
      "type": "Feature",
      "properties": {
        "source": "OpenStreetMap",
        "source_id": "node/9557548183",
        "domain": "public",
        "asset_type": "administration",
        "confidence": "medium",
        "missing_fields": [],
        "limitations": [
          "OSM public-service completeness and tagging vary by area and facility type.",
          "A facility tag is evidence of mapped semantics, not service availability, capacity, accessibility or operating status.",
          "BDOT10k building geometry is retained only as topographic comparison context and cannot establish facility semantics.",
          "No qualified PRG public-service facility class is enabled for this domain pack."
        ],
        "eligible_for_analysis": true,
        "osm_tags": {
          "name": "Śląski Ośrodek Adopcyjny",
          "office": "government"
        }
      },
      "geometry": {
        "type": "Point",
        "coordinates": [
          18.5425321,
          50.0916697
        ]
      }
    },
    {
      "type": "Feature",
      "properties": {
        "source": "OpenStreetMap",
        "source_id": "node/9557548184",
        "domain": "public",
        "asset_type": "administration",
        "confidence": "medium",
        "missing_fields": [],
        "limitations": [
          "OSM public-service completeness and tagging vary by area and facility type.",
          "A facility tag is evidence of mapped semantics, not service availability, capacity, accessibility or operating status.",
          "BDOT10k building geometry is retained only as topographic comparison context and cannot establish facility semantics.",
          "No qualified PRG public-service facility class is enabled for this domain pack."
        ],
        "eligible_for_analysis": true,
        "osm_tags": {
          "name": "Powiatowy Inspektorat Nadzoru Budowlanego",
          "website": "https://www.rybnik.pinb.pl",
          "office": "government",
          "government": "building_control",
          "phone": "+48 32 422 26 58",
          "email": "rybnik@pinb.pl"
        }
      },
      "geometry": {
        "type": "Point",
        "coordinates": [
          18.5421969,
          50.08963949999999
        ]
      }
    },
    {
      "type": "Feature",
      "properties": {
        "source": "OpenStreetMap",
        "source_id": "node/9557548185",
        "domain": "public",
        "asset_type": "administration",
        "confidence": "medium",
        "missing_fields": [],
        "limitations": [
          "OSM public-service completeness and tagging vary by area and facility type.",
          "A facility tag is evidence of mapped semantics, not service availability, capacity, accessibility or operating status.",
          "BDOT10k building geometry is retained only as topographic comparison context and cannot establish facility semantics.",
          "No qualified PRG public-service facility class is enabled for this domain pack."
        ],
        "eligible_for_analysis": true,
        "osm_tags": {
          "name": "ARiMR",
          "office": "government"
        }
      },
      "geometry": {
        "type": "Point",
        "coordinates": [
          18.5475171,
          50.0964409
        ]
      }
    },
    {
      "type": "Feature",
      "properties": {
        "source": "OpenStreetMap",
        "source_id": "node/9557548186",
        "domain": "public",
        "asset_type": "administration",
        "confidence": "medium",
        "missing_fields": [],
        "limitations": [
          "OSM public-service completeness and tagging vary by area and facility type.",
          "A facility tag is evidence of mapped semantics, not service availability, capacity, accessibility or operating status.",
          "BDOT10k building geometry is retained only as topographic comparison context and cannot establish facility semantics.",
          "No qualified PRG public-service facility class is enabled for this domain pack."
        ],
        "eligible_for_analysis": true,
        "osm_tags": {
          "name": "Ośrodek Pomocy Społecznej Zespół do spraw Bezdomności",
          "office": "government"
        }
      },
      "geometry": {
        "type": "Point",
        "coordinates": [
          18.5474856,
          50.09638369999999
        ]
      }
    },
    {
      "type": "Feature",
      "properties": {
        "source": "OpenStreetMap",
        "source_id": "node/9557548187",
        "domain": "public",
        "asset_type": "administration",
        "confidence": "medium",
        "missing_fields": [],
        "limitations": [
          "OSM public-service completeness and tagging vary by area and facility type.",
          "A facility tag is evidence of mapped semantics, not service availability, capacity, accessibility or operating status.",
          "BDOT10k building geometry is retained only as topographic comparison context and cannot establish facility semantics.",
          "No qualified PRG public-service facility class is enabled for this domain pack."
        ],
        "eligible_for_analysis": true,
        "osm_tags": {
          "name": "Ośrodek Pomocy Społecznej Punkt Terenowy numer 4",
          "office": "government"
        }
      },
      "geometry": {
        "type": "Point",
        "coordinates": [
          18.5474926,
          50.096330900000005
        ]
      }
    },
    {
      "type": "Feature",
      "properties": {
        "source": "OpenStreetMap",
        "source_id": "node/9633879256",
        "domain": "public",
        "asset_type": "administration",
        "confidence": "medium",
        "missing_fields": [],
        "limitations": [
          "OSM public-service completeness and tagging vary by area and facility type.",
          "A facility tag is evidence of mapped semantics, not service availability, capacity, accessibility or operating status.",
          "BDOT10k building geometry is retained only as topographic comparison context and cannot establish facility semantics.",
          "No qualified PRG public-service facility class is enabled for this domain pack."
        ],
        "eligible_for_analysis": true,
        "osm_tags": {
          "name": "Urząd Miejski w Gliwicach",
          "website": "https://gliwice.eu",
          "amenity": "townhall",
          "office": "government",
          "government": "administrative",
          "opening_hours": "Mo-We 08:00-16:00;Th 08:00-17:00;Fr 08:00-15:00",
          "phone": "+48 322313041",
          "email": "boi@um.gliwice.pl"
        }
      },
      "geometry": {
        "type": "Point",
        "coordinates": [
          18.6692912,
          50.29628449999999
        ]
      }
    },
    {
      "type": "Feature",
      "properties": {
        "source": "OpenStreetMap",
        "source_id": "node/9660822020",
        "domain": "public",
        "asset_type": "administration",
        "confidence": "medium",
        "missing_fields": [],
        "limitations": [
          "OSM public-service completeness and tagging vary by area and facility type.",
          "A facility tag is evidence of mapped semantics, not service availability, capacity, accessibility or operating status.",
          "BDOT10k building geometry is retained only as topographic comparison context and cannot establish facility semantics.",
          "No qualified PRG public-service facility class is enabled for this domain pack."
        ],
        "eligible_for_analysis": true,
        "osm_tags": {
          "name": "Urząd Miejski w Pyskowicach",
          "website": "https://www.pyskowice.pl/",
          "amenity": "townhall",
          "office": "government",
          "government": "administrative",
          "phone": "+48 323326000",
          "email": "info@pyskowice.pl"
        }
      },
      "geometry": {
        "type": "Point",
        "coordinates": [
          18.6299238,
          50.4001373
        ]
      }
    },
    {
      "type": "Feature",
      "properties": {
        "source": "OpenStreetMap",
        "source_id": "node/9739432468",
        "domain": "public",
        "asset_type": "administration",
        "confidence": "medium",
        "missing_fields": [],
        "limitations": [
          "OSM public-service completeness and tagging vary by area and facility type.",
          "A facility tag is evidence of mapped semantics, not service availability, capacity, accessibility or operating status.",
          "BDOT10k building geometry is retained only as topographic comparison context and cannot establish facility semantics.",
          "No qualified PRG public-service facility class is enabled for this domain pack."
        ],
        "eligible_for_analysis": true,
        "osm_tags": {
          "name": "Sołtys",
          "office": "government"
        }
      },
      "geometry": {
        "type": "Point",
        "coordinates": [
          18.4513999,
          50.19163689999999
        ]
      }
    },
    {
      "type": "Feature",
      "properties": {
        "source": "OpenStreetMap",
        "source_id": "node/9864054507",
        "domain": "public",
        "asset_type": "administration",
        "confidence": "medium",
        "missing_fields": [],
        "limitations": [
          "OSM public-service completeness and tagging vary by area and facility type.",
          "A facility tag is evidence of mapped semantics, not service availability, capacity, accessibility or operating status.",
          "BDOT10k building geometry is retained only as topographic comparison context and cannot establish facility semantics.",
          "No qualified PRG public-service facility class is enabled for this domain pack."
        ],
        "eligible_for_analysis": true,
        "osm_tags": {
          "name": "Rada i Zarząd Jednostki Pomocniczej nr 7 Ligota-Panewniki",
          "website": "https://bip.katowice.eu/RadaMiasta/Dzielnice/jednostka.aspx?idj=1",
          "office": "government",
          "contact:phone": "+48 32 2024333"
        }
      },
      "geometry": {
        "type": "Point",
        "coordinates": [
          18.9744127,
          50.228007100000006
        ]
      }
    },
    {
      "type": "Feature",
      "properties": {
        "source": "OpenStreetMap",
        "source_id": "node/9868683568",
        "domain": "public",
        "asset_type": "administration",
        "confidence": "medium",
        "missing_fields": [],
        "limitations": [
          "OSM public-service completeness and tagging vary by area and facility type.",
          "A facility tag is evidence of mapped semantics, not service availability, capacity, accessibility or operating status.",
          "BDOT10k building geometry is retained only as topographic comparison context and cannot establish facility semantics.",
          "No qualified PRG public-service facility class is enabled for this domain pack."
        ],
        "eligible_for_analysis": true,
        "osm_tags": {
          "name": "Oddział terenowy NFZ",
          "office": "government",
          "government": "healthcare"
        }
      },
      "geometry": {
        "type": "Point",
        "coordinates": [
          18.8763881,
          50.2846314
        ]
      }
    },
    {
      "type": "Feature",
      "properties": {
        "source": "OpenStreetMap",
        "source_id": "node/10180726172",
        "domain": "public",
        "asset_type": "administration",
        "confidence": "medium",
        "missing_fields": [],
        "limitations": [
          "OSM public-service completeness and tagging vary by area and facility type.",
          "A facility tag is evidence of mapped semantics, not service availability, capacity, accessibility or operating status.",
          "BDOT10k building geometry is retained only as topographic comparison context and cannot establish facility semantics.",
          "No qualified PRG public-service facility class is enabled for this domain pack."
        ],
        "eligible_for_analysis": true,
        "osm_tags": {
          "name": "Miejski Zarząd Dróg w Zabrzu",
          "office": "government"
        }
      },
      "geometry": {
        "type": "Point",
        "coordinates": [
          18.8008662,
          50.31760069999999
        ]
      }
    },
    {
      "type": "Feature",
      "properties": {
        "source": "OpenStreetMap",
        "source_id": "node/10181515628",
        "domain": "public",
        "asset_type": "administration",
        "confidence": "medium",
        "missing_fields": [],
        "limitations": [
          "OSM public-service completeness and tagging vary by area and facility type.",
          "A facility tag is evidence of mapped semantics, not service availability, capacity, accessibility or operating status.",
          "BDOT10k building geometry is retained only as topographic comparison context and cannot establish facility semantics.",
          "No qualified PRG public-service facility class is enabled for this domain pack."
        ],
        "eligible_for_analysis": true,
        "osm_tags": {
          "name": "Urząd Stanu Cywilnego w Sośnicowicach",
          "office": "government",
          "government": "register_office"
        }
      },
      "geometry": {
        "type": "Point",
        "coordinates": [
          18.5311499,
          50.270847499999995
        ]
      }
    },
    {
      "type": "Feature",
      "properties": {
        "source": "OpenStreetMap",
        "source_id": "node/10243344695",
        "domain": "public",
        "asset_type": "administration",
        "confidence": "medium",
        "missing_fields": [],
        "limitations": [
          "OSM public-service completeness and tagging vary by area and facility type.",
          "A facility tag is evidence of mapped semantics, not service availability, capacity, accessibility or operating status.",
          "BDOT10k building geometry is retained only as topographic comparison context and cannot establish facility semantics.",
          "No qualified PRG public-service facility class is enabled for this domain pack."
        ],
        "eligible_for_analysis": true,
        "osm_tags": {
          "name": "Rada i Zarząd Jednostki Pomocniczej nr 8 Witosa",
          "website": "https://radadzielnicy.witosa.pl/",
          "office": "government",
          "contact:phone": "+48 502313401;+48 505233222"
        }
      },
      "geometry": {
        "type": "Point",
        "coordinates": [
          18.9682595,
          50.26043260000001
        ]
      }
    },
    {
      "type": "Feature",
      "properties": {
        "source": "OpenStreetMap",
        "source_id": "node/10603456444",
        "domain": "public",
        "asset_type": "administration",
        "confidence": "medium",
        "missing_fields": [],
        "limitations": [
          "OSM public-service completeness and tagging vary by area and facility type.",
          "A facility tag is evidence of mapped semantics, not service availability, capacity, accessibility or operating status.",
          "BDOT10k building geometry is retained only as topographic comparison context and cannot establish facility semantics.",
          "No qualified PRG public-service facility class is enabled for this domain pack."
        ],
        "eligible_for_analysis": true,
        "osm_tags": {
          "name": "Biuro Paszportowe",
          "office": "government",
          "government": "administrative"
        }
      },
      "geometry": {
        "type": "Point",
        "coordinates": [
          18.4463159,
          50.0086703
        ]
      }
    },
    {
      "type": "Feature",
      "properties": {
        "source": "OpenStreetMap",
        "source_id": "node/10687290678",
        "domain": "public",
        "asset_type": "administration",
        "confidence": "medium",
        "missing_fields": [],
        "limitations": [
          "OSM public-service completeness and tagging vary by area and facility type.",
          "A facility tag is evidence of mapped semantics, not service availability, capacity, accessibility or operating status.",
          "BDOT10k building geometry is retained only as topographic comparison context and cannot establish facility semantics.",
          "No qualified PRG public-service facility class is enabled for this domain pack."
        ],
        "eligible_for_analysis": true,
        "osm_tags": {
          "name": "Powiatowy Urząd Pracy w Rybniku",
          "website": "https://pup-rybnik.pl/",
          "office": "government",
          "opening_hours": "Mo-Fr 07:00-15:00; Sa,Su,PH off",
          "phone": "+48 32 42 26 095",
          "email": "kancelaria@pup-rybnik.pl"
        }
      },
      "geometry": {
        "type": "Point",
        "coordinates": [
          18.5422666,
          50.0897997
        ]
      }
    },
    {
      "type": "Feature",
      "properties": {
        "source": "OpenStreetMap",
        "source_id": "node/10964033487",
        "domain": "public",
        "asset_type": "administration",
        "confidence": "medium",
        "missing_fields": [],
        "limitations": [
          "OSM public-service completeness and tagging vary by area and facility type.",
          "A facility tag is evidence of mapped semantics, not service availability, capacity, accessibility or operating status.",
          "BDOT10k building geometry is retained only as topographic comparison context and cannot establish facility semantics.",
          "No qualified PRG public-service facility class is enabled for this domain pack."
        ],
        "eligible_for_analysis": true,
        "osm_tags": {
          "name": "Powiatowy Urząd Pracy w Żorach",
          "website": "https://zory.praca.gov.pl/",
          "office": "government",
          "government": "public_service",
          "opening_hours": "Mo-Fr 07:00-15:00",
          "phone": "+48 32 434 20 14"
        }
      },
      "geometry": {
        "type": "Point",
        "coordinates": [
          18.694073,
          50.036286000000004
        ]
      }
    },
    {
      "type": "Feature",
      "properties": {
        "source": "OpenStreetMap",
        "source_id": "node/11050246799",
        "domain": "public",
        "asset_type": "administration",
        "confidence": "medium",
        "missing_fields": [],
        "limitations": [
          "OSM public-service completeness and tagging vary by area and facility type.",
          "A facility tag is evidence of mapped semantics, not service availability, capacity, accessibility or operating status.",
          "BDOT10k building geometry is retained only as topographic comparison context and cannot establish facility semantics.",
          "No qualified PRG public-service facility class is enabled for this domain pack."
        ],
        "eligible_for_analysis": true,
        "osm_tags": {
          "name": "Obecní úřad Dolní Lutyně",
          "alt_name": "Obec Dolní Lutyně",
          "amenity": "townhall"
        }
      },
      "geometry": {
        "type": "Point",
        "coordinates": [
          18.4301206,
          49.898760399999986
        ]
      }
    },
    {
      "type": "Feature",
      "properties": {
        "source": "OpenStreetMap",
        "source_id": "node/11050246800",
        "domain": "public",
        "asset_type": "administration",
        "confidence": "medium",
        "missing_fields": [],
        "limitations": [
          "OSM public-service completeness and tagging vary by area and facility type.",
          "A facility tag is evidence of mapped semantics, not service availability, capacity, accessibility or operating status.",
          "BDOT10k building geometry is retained only as topographic comparison context and cannot establish facility semantics.",
          "No qualified PRG public-service facility class is enabled for this domain pack."
        ],
        "eligible_for_analysis": true,
        "osm_tags": {
          "name": "Obecní úřad",
          "alt_name": "Obec Dětmarovice",
          "amenity": "townhall"
        }
      },
      "geometry": {
        "type": "Point",
        "coordinates": [
          18.4658986,
          49.89318300000001
        ]
      }
    },
    {
      "type": "Feature",
      "properties": {
        "source": "OpenStreetMap",
        "source_id": "node/11150080925",
        "domain": "public",
        "asset_type": "administration",
        "confidence": "medium",
        "missing_fields": [],
        "limitations": [
          "OSM public-service completeness and tagging vary by area and facility type.",
          "A facility tag is evidence of mapped semantics, not service availability, capacity, accessibility or operating status.",
          "BDOT10k building geometry is retained only as topographic comparison context and cannot establish facility semantics.",
          "No qualified PRG public-service facility class is enabled for this domain pack."
        ],
        "eligible_for_analysis": true,
        "osm_tags": {
          "name": "USC Rydułtowy",
          "office": "government",
          "government": "register_office"
        }
      },
      "geometry": {
        "type": "Point",
        "coordinates": [
          18.420404300000005,
          50.0751883
        ]
      }
    },
    {
      "type": "Feature",
      "properties": {
        "source": "OpenStreetMap",
        "source_id": "node/11209515179",
        "domain": "public",
        "asset_type": "administration",
        "confidence": "medium",
        "missing_fields": [],
        "limitations": [
          "OSM public-service completeness and tagging vary by area and facility type.",
          "A facility tag is evidence of mapped semantics, not service availability, capacity, accessibility or operating status.",
          "BDOT10k building geometry is retained only as topographic comparison context and cannot establish facility semantics.",
          "No qualified PRG public-service facility class is enabled for this domain pack."
        ],
        "eligible_for_analysis": true,
        "osm_tags": {
          "name": "Urząd Stanu Cywilnego w Gorzycach",
          "office": "government",
          "government": "register_office"
        }
      },
      "geometry": {
        "type": "Point",
        "coordinates": [
          18.384965300000005,
          49.95761460000001
        ]
      }
    },
    {
      "type": "Feature",
      "properties": {
        "source": "OpenStreetMap",
        "source_id": "node/11302861322",
        "domain": "public",
        "asset_type": "administration",
        "confidence": "medium",
        "missing_fields": [],
        "limitations": [
          "OSM public-service completeness and tagging vary by area and facility type.",
          "A facility tag is evidence of mapped semantics, not service availability, capacity, accessibility or operating status.",
          "BDOT10k building geometry is retained only as topographic comparison context and cannot establish facility semantics.",
          "No qualified PRG public-service facility class is enabled for this domain pack."
        ],
        "eligible_for_analysis": true,
        "osm_tags": {
          "name": "Obecní úřad",
          "alt_name": "Obec Horní Suchá",
          "amenity": "townhall"
        }
      },
      "geometry": {
        "type": "Point",
        "coordinates": [
          18.4809096,
          49.7984356
        ]
      }
    },
    {
      "type": "Feature",
      "properties": {
        "source": "OpenStreetMap",
        "source_id": "node/11556194812",
        "domain": "public",
        "asset_type": "administration",
        "confidence": "medium",
        "missing_fields": [],
        "limitations": [
          "OSM public-service completeness and tagging vary by area and facility type.",
          "A facility tag is evidence of mapped semantics, not service availability, capacity, accessibility or operating status.",
          "BDOT10k building geometry is retained only as topographic comparison context and cannot establish facility semantics.",
          "No qualified PRG public-service facility class is enabled for this domain pack."
        ],
        "eligible_for_analysis": true,
        "osm_tags": {
          "name": "Wydział Dróg i Mostów",
          "operator": "Urząd Miasta Ruda Śląska",
          "office": "government",
          "government": "administrative",
          "phone": "+48 32 244 90 00"
        }
      },
      "geometry": {
        "type": "Point",
        "coordinates": [
          18.8746789,
          50.2886867
        ]
      }
    },
    {
      "type": "Feature",
      "properties": {
        "source": "OpenStreetMap",
        "source_id": "node/11581636849",
        "domain": "public",
        "asset_type": "administration",
        "confidence": "medium",
        "missing_fields": [],
        "limitations": [
          "OSM public-service completeness and tagging vary by area and facility type.",
          "A facility tag is evidence of mapped semantics, not service availability, capacity, accessibility or operating status.",
          "BDOT10k building geometry is retained only as topographic comparison context and cannot establish facility semantics.",
          "No qualified PRG public-service facility class is enabled for this domain pack."
        ],
        "eligible_for_analysis": true,
        "osm_tags": {
          "name": "Związek Gmin i Powiatów Subregionu Zachodniego Woj. Śląskiego",
          "office": "government"
        }
      },
      "geometry": {
        "type": "Point",
        "coordinates": [
          18.5394919,
          50.098065000000005
        ]
      }
    },
    {
      "type": "Feature",
      "properties": {
        "source": "OpenStreetMap",
        "source_id": "node/11699141872",
        "domain": "public",
        "asset_type": "administration",
        "confidence": "medium",
        "missing_fields": [],
        "limitations": [
          "OSM public-service completeness and tagging vary by area and facility type.",
          "A facility tag is evidence of mapped semantics, not service availability, capacity, accessibility or operating status.",
          "BDOT10k building geometry is retained only as topographic comparison context and cannot establish facility semantics.",
          "No qualified PRG public-service facility class is enabled for this domain pack."
        ],
        "eligible_for_analysis": true,
        "osm_tags": {
          "name": "Komenda Powiatowa Państwowej Straży Pożarnej",
          "website": "https://www.gov.pl/web/kppsp-raciborz",
          "office": "government",
          "government": "public_safety",
          "email": "info@raciborz.kppsp.gov.pl"
        }
      },
      "geometry": {
        "type": "Point",
        "coordinates": [
          18.2190251,
          50.09414939999999
        ]
      }
    },
    {
      "type": "Feature",
      "properties": {
        "source": "OpenStreetMap",
        "source_id": "node/11728902111",
        "domain": "public",
        "asset_type": "administration",
        "confidence": "medium",
        "missing_fields": [],
        "limitations": [
          "OSM public-service completeness and tagging vary by area and facility type.",
          "A facility tag is evidence of mapped semantics, not service availability, capacity, accessibility or operating status.",
          "BDOT10k building geometry is retained only as topographic comparison context and cannot establish facility semantics.",
          "No qualified PRG public-service facility class is enabled for this domain pack."
        ],
        "eligible_for_analysis": true,
        "osm_tags": {
          "name": "Komenda Miejska Państwowej Straży Pożarnej",
          "website": "https://www.gov.pl/web/kmpsp-swietochlowice/",
          "office": "government",
          "government": "public_safety",
          "phone": "+48 32 346 20 20",
          "email": "pspswietochlowice@katowice.kwpsp.gov.pl"
        }
      },
      "geometry": {
        "type": "Point",
        "coordinates": [
          18.9151728,
          50.295868299999995
        ]
      }
    },
    {
      "type": "Feature",
      "properties": {
        "source": "OpenStreetMap",
        "source_id": "node/11728918864",
        "domain": "public",
        "asset_type": "administration",
        "confidence": "medium",
        "missing_fields": [],
        "limitations": [
          "OSM public-service completeness and tagging vary by area and facility type.",
          "A facility tag is evidence of mapped semantics, not service availability, capacity, accessibility or operating status.",
          "BDOT10k building geometry is retained only as topographic comparison context and cannot establish facility semantics.",
          "No qualified PRG public-service facility class is enabled for this domain pack."
        ],
        "eligible_for_analysis": true,
        "osm_tags": {
          "name": "Komenda Miejska Państwowej Straży Pożarnej",
          "website": "https://www.gov.pl/web/kmpsp-zory",
          "office": "government",
          "government": "public_safety",
          "phone": "+48 32 434 54 38",
          "email": "pspzory@katowice.kwpsp.gov.pl"
        }
      },
      "geometry": {
        "type": "Point",
        "coordinates": [
          18.6731456,
          50.0503805
        ]
      }
    },
    {
      "type": "Feature",
      "properties": {
        "source": "OpenStreetMap",
        "source_id": "node/11860305380",
        "domain": "public",
        "asset_type": "administration",
        "confidence": "medium",
        "missing_fields": [],
        "limitations": [
          "OSM public-service completeness and tagging vary by area and facility type.",
          "A facility tag is evidence of mapped semantics, not service availability, capacity, accessibility or operating status.",
          "BDOT10k building geometry is retained only as topographic comparison context and cannot establish facility semantics.",
          "No qualified PRG public-service facility class is enabled for this domain pack."
        ],
        "eligible_for_analysis": true,
        "osm_tags": {
          "name": "Urząd Stanu Cywilnego w Rudzie Śląskiej",
          "operator": "UM Ruda Śląska",
          "office": "government",
          "government": "register_office"
        }
      },
      "geometry": {
        "type": "Point",
        "coordinates": [
          18.875669,
          50.287139399999994
        ]
      }
    },
    {
      "type": "Feature",
      "properties": {
        "source": "OpenStreetMap",
        "source_id": "node/12131710919",
        "domain": "public",
        "asset_type": "administration",
        "confidence": "medium",
        "missing_fields": [],
        "limitations": [
          "OSM public-service completeness and tagging vary by area and facility type.",
          "A facility tag is evidence of mapped semantics, not service availability, capacity, accessibility or operating status.",
          "BDOT10k building geometry is retained only as topographic comparison context and cannot establish facility semantics.",
          "No qualified PRG public-service facility class is enabled for this domain pack."
        ],
        "eligible_for_analysis": true,
        "osm_tags": {
          "name": "Leśnictwo Zabrzeg",
          "operator": "Nadleśnictwo Bielsko",
          "office": "government",
          "government": "forestry",
          "wheelchair": "no"
        }
      },
      "geometry": {
        "type": "Point",
        "coordinates": [
          18.8958371,
          49.895160499999996
        ]
      }
    },
    {
      "type": "Feature",
      "properties": {
        "source": "OpenStreetMap",
        "source_id": "node/12177377975",
        "domain": "public",
        "asset_type": "administration",
        "confidence": "medium",
        "missing_fields": [],
        "limitations": [
          "OSM public-service completeness and tagging vary by area and facility type.",
          "A facility tag is evidence of mapped semantics, not service availability, capacity, accessibility or operating status.",
          "BDOT10k building geometry is retained only as topographic comparison context and cannot establish facility semantics.",
          "No qualified PRG public-service facility class is enabled for this domain pack."
        ],
        "eligible_for_analysis": true,
        "osm_tags": {
          "name": "Rada i Zarząd Dzielnicy nr 2 Załęska Hałda — Brynów część zachodnia",
          "website": "https://rjp2.katowice.eu/",
          "office": "government",
          "opening_hours": "off",
          "email": "rjp2@rjp2.katowice.eu"
        }
      },
      "geometry": {
        "type": "Point",
        "coordinates": [
          18.9872853,
          50.23110350000001
        ]
      }
    },
    {
      "type": "Feature",
      "properties": {
        "source": "OpenStreetMap",
        "source_id": "node/12181835557",
        "domain": "public",
        "asset_type": "administration",
        "confidence": "medium",
        "missing_fields": [],
        "limitations": [
          "OSM public-service completeness and tagging vary by area and facility type.",
          "A facility tag is evidence of mapped semantics, not service availability, capacity, accessibility or operating status.",
          "BDOT10k building geometry is retained only as topographic comparison context and cannot establish facility semantics.",
          "No qualified PRG public-service facility class is enabled for this domain pack."
        ],
        "eligible_for_analysis": true,
        "osm_tags": {
          "name": "Miejski Zespół ds. Orzekania o stopniu niepełnosprawności",
          "operator": "MOPS Ruda Śląska",
          "office": "government",
          "government": "social_services",
          "opening_hours": "Mo 07:30-17:00; Tu-Fr 07:30-15:30",
          "wheelchair": "yes"
        }
      },
      "geometry": {
        "type": "Point",
        "coordinates": [
          18.8725763,
          50.28748769999999
        ]
      }
    },
    {
      "type": "Feature",
      "properties": {
        "source": "OpenStreetMap",
        "source_id": "node/12321033204",
        "domain": "public",
        "asset_type": "administration",
        "confidence": "medium",
        "missing_fields": [],
        "limitations": [
          "OSM public-service completeness and tagging vary by area and facility type.",
          "A facility tag is evidence of mapped semantics, not service availability, capacity, accessibility or operating status.",
          "BDOT10k building geometry is retained only as topographic comparison context and cannot establish facility semantics.",
          "No qualified PRG public-service facility class is enabled for this domain pack."
        ],
        "eligible_for_analysis": true,
        "osm_tags": {
          "name": "Wydział Spraw Obywatelskich",
          "operator": "Urząd Miasta Ruda Śląska",
          "office": "government",
          "government": "administrative"
        }
      },
      "geometry": {
        "type": "Point",
        "coordinates": [
          18.8757032,
          50.28700570000001
        ]
      }
    },
    {
      "type": "Feature",
      "properties": {
        "source": "OpenStreetMap",
        "source_id": "node/12565355479",
        "domain": "public",
        "asset_type": "administration",
        "confidence": "medium",
        "missing_fields": [],
        "limitations": [
          "OSM public-service completeness and tagging vary by area and facility type.",
          "A facility tag is evidence of mapped semantics, not service availability, capacity, accessibility or operating status.",
          "BDOT10k building geometry is retained only as topographic comparison context and cannot establish facility semantics.",
          "No qualified PRG public-service facility class is enabled for this domain pack."
        ],
        "eligible_for_analysis": true,
        "osm_tags": {
          "name": "Krajowy Ośrodek Wsparcia Rolnictwa Sekcja Zamiejscowa w Mikołowie",
          "office": "government",
          "government": "yes",
          "opening_hours": "Mo-Fr 07:30-15:30"
        }
      },
      "geometry": {
        "type": "Point",
        "coordinates": [
          18.8642011,
          50.194371199999985
        ]
      }
    },
    {
      "type": "Feature",
      "properties": {
        "source": "OpenStreetMap",
        "source_id": "node/12604914370",
        "domain": "public",
        "asset_type": "administration",
        "confidence": "medium",
        "missing_fields": [],
        "limitations": [
          "OSM public-service completeness and tagging vary by area and facility type.",
          "A facility tag is evidence of mapped semantics, not service availability, capacity, accessibility or operating status.",
          "BDOT10k building geometry is retained only as topographic comparison context and cannot establish facility semantics.",
          "No qualified PRG public-service facility class is enabled for this domain pack."
        ],
        "eligible_for_analysis": true,
        "osm_tags": {
          "name": "Miejskie Centrum Edukacji w Knurowie",
          "website": "https://www.knurow.edu.pl/",
          "office": "government",
          "government": "education",
          "phone": "+48 32 235 27 00"
        }
      },
      "geometry": {
        "type": "Point",
        "coordinates": [
          18.6535222,
          50.23387799999999
        ]
      }
    },
    {
      "type": "Feature",
      "properties": {
        "source": "OpenStreetMap",
        "source_id": "node/12616172633",
        "domain": "public",
        "asset_type": "administration",
        "confidence": "medium",
        "missing_fields": [],
        "limitations": [
          "OSM public-service completeness and tagging vary by area and facility type.",
          "A facility tag is evidence of mapped semantics, not service availability, capacity, accessibility or operating status.",
          "BDOT10k building geometry is retained only as topographic comparison context and cannot establish facility semantics.",
          "No qualified PRG public-service facility class is enabled for this domain pack."
        ],
        "eligible_for_analysis": true,
        "osm_tags": {
          "name": "Urząd Żeglugi Śródlądowej we Wrocławiu Delegatura w Kędzierzynie-Koźlu",
          "office": "government"
        }
      },
      "geometry": {
        "type": "Point",
        "coordinates": [
          18.2665339,
          50.35515910000001
        ]
      }
    },
    {
      "type": "Feature",
      "properties": {
        "source": "OpenStreetMap",
        "source_id": "node/12628987579",
        "domain": "public",
        "asset_type": "administration",
        "confidence": "medium",
        "missing_fields": [],
        "limitations": [
          "OSM public-service completeness and tagging vary by area and facility type.",
          "A facility tag is evidence of mapped semantics, not service availability, capacity, accessibility or operating status.",
          "BDOT10k building geometry is retained only as topographic comparison context and cannot establish facility semantics.",
          "No qualified PRG public-service facility class is enabled for this domain pack."
        ],
        "eligible_for_analysis": true,
        "osm_tags": {
          "name": "Zakład Ubezpieczeń Społecznych",
          "office": "government"
        }
      },
      "geometry": {
        "type": "Point",
        "coordinates": [
          18.7861779,
          50.30310909999999
        ]
      }
    },
    {
      "type": "Feature",
      "properties": {
        "source": "OpenStreetMap",
        "source_id": "node/13097722248",
        "domain": "public",
        "asset_type": "administration",
        "confidence": "medium",
        "missing_fields": [],
        "limitations": [
          "OSM public-service completeness and tagging vary by area and facility type.",
          "A facility tag is evidence of mapped semantics, not service availability, capacity, accessibility or operating status.",
          "BDOT10k building geometry is retained only as topographic comparison context and cannot establish facility semantics.",
          "No qualified PRG public-service facility class is enabled for this domain pack."
        ],
        "eligible_for_analysis": true,
        "osm_tags": {
          "name": "Kasa Rolniczego Ubezpieczenia Społecznego Placówka Terenowowa w Rybniku",
          "office": "government",
          "government": "social_security"
        }
      },
      "geometry": {
        "type": "Point",
        "coordinates": [
          18.5408155,
          50.0915158
        ]
      }
    },
    {
      "type": "Feature",
      "properties": {
        "source": "OpenStreetMap",
        "source_id": "node/13108576335",
        "domain": "public",
        "asset_type": "administration",
        "confidence": "medium",
        "missing_fields": [],
        "limitations": [
          "OSM public-service completeness and tagging vary by area and facility type.",
          "A facility tag is evidence of mapped semantics, not service availability, capacity, accessibility or operating status.",
          "BDOT10k building geometry is retained only as topographic comparison context and cannot establish facility semantics.",
          "No qualified PRG public-service facility class is enabled for this domain pack."
        ],
        "eligible_for_analysis": true,
        "osm_tags": {
          "name": "Rada Dzielnicy Kopernika",
          "website": "https://decydujmyrazem.gliwice.pl/rady-dzielnic/rady-dzielnic-wizytowka-rady-dzielnicy-1400023238-1400023284-365cfcafa47bcc90f9042026c5d8d630",
          "amenity": "townhall"
        }
      },
      "geometry": {
        "type": "Point",
        "coordinates": [
          18.6558358,
          50.320525799999984
        ]
      }
    },
    {
      "type": "Feature",
      "properties": {
        "source": "OpenStreetMap",
        "source_id": "node/13322029155",
        "domain": "public",
        "asset_type": "administration",
        "confidence": "medium",
        "missing_fields": [],
        "limitations": [
          "OSM public-service completeness and tagging vary by area and facility type.",
          "A facility tag is evidence of mapped semantics, not service availability, capacity, accessibility or operating status.",
          "BDOT10k building geometry is retained only as topographic comparison context and cannot establish facility semantics.",
          "No qualified PRG public-service facility class is enabled for this domain pack."
        ],
        "eligible_for_analysis": true,
        "osm_tags": {
          "name": "Český telekomunikační úřad",
          "name:en": "Czech Telecommunication Office",
          "office": "government",
          "government": "government"
        }
      },
      "geometry": {
        "type": "Point",
        "coordinates": [
          18.2925919,
          49.840100699999994
        ]
      }
    },
    {
      "type": "Feature",
      "properties": {
        "source": "OpenStreetMap",
        "source_id": "node/13357096301",
        "domain": "public",
        "asset_type": "administration",
        "confidence": "medium",
        "missing_fields": [],
        "limitations": [
          "OSM public-service completeness and tagging vary by area and facility type.",
          "A facility tag is evidence of mapped semantics, not service availability, capacity, accessibility or operating status.",
          "BDOT10k building geometry is retained only as topographic comparison context and cannot establish facility semantics.",
          "No qualified PRG public-service facility class is enabled for this domain pack."
        ],
        "eligible_for_analysis": true,
        "osm_tags": {
          "name": "Oblastní inspektorát práce pro Moravskoslezský a Olomoucký kraj",
          "office": "government",
          "opening_hours": "Mo-Fr 08:00-12:00, 12:30-14:00"
        }
      },
      "geometry": {
        "type": "Point",
        "coordinates": [
          18.2811742,
          49.84531969999998
        ]
      }
    },
    {
      "type": "Feature",
      "properties": {
        "source": "OpenStreetMap",
        "source_id": "node/13679274255",
        "domain": "public",
        "asset_type": "administration",
        "confidence": "medium",
        "missing_fields": [],
        "limitations": [
          "OSM public-service completeness and tagging vary by area and facility type.",
          "A facility tag is evidence of mapped semantics, not service availability, capacity, accessibility or operating status.",
          "BDOT10k building geometry is retained only as topographic comparison context and cannot establish facility semantics.",
          "No qualified PRG public-service facility class is enabled for this domain pack."
        ],
        "eligible_for_analysis": true,
        "osm_tags": {
          "name": "Odbor dopravy",
          "website": "https://www.mesto-orlova.cz/cz/radnice/odbory/doprava-odbor/",
          "office": "government",
          "government": "transportation"
        }
      },
      "geometry": {
        "type": "Point",
        "coordinates": [
          18.4274734,
          49.86925560000001
        ]
      }
    },
    {
      "type": "Feature",
      "properties": {
        "source": "OpenStreetMap",
        "source_id": "node/14085174973",
        "domain": "public",
        "asset_type": "administration",
        "confidence": "medium",
        "missing_fields": [],
        "limitations": [
          "OSM public-service completeness and tagging vary by area and facility type.",
          "A facility tag is evidence of mapped semantics, not service availability, capacity, accessibility or operating status.",
          "BDOT10k building geometry is retained only as topographic comparison context and cannot establish facility semantics.",
          "No qualified PRG public-service facility class is enabled for this domain pack."
        ],
        "eligible_for_analysis": true,
        "osm_tags": {
          "name": "Obecní úřad Doubrava",
          "amenity": "townhall"
        }
      },
      "geometry": {
        "type": "Point",
        "coordinates": [
          18.4801536,
          49.85932149999999
        ]
      }
    },
    {
      "type": "Feature",
      "properties": {
        "source": "OpenStreetMap",
        "source_id": "node/14085174991",
        "domain": "public",
        "asset_type": "administration",
        "confidence": "medium",
        "missing_fields": [],
        "limitations": [
          "OSM public-service completeness and tagging vary by area and facility type.",
          "A facility tag is evidence of mapped semantics, not service availability, capacity, accessibility or operating status.",
          "BDOT10k building geometry is retained only as topographic comparison context and cannot establish facility semantics.",
          "No qualified PRG public-service facility class is enabled for this domain pack."
        ],
        "eligible_for_analysis": true,
        "osm_tags": {
          "name": "Obecní úřad Stonava",
          "amenity": "townhall"
        }
      },
      "geometry": {
        "type": "Point",
        "coordinates": [
          18.5316837,
          49.817158799999994
        ]
      }
    },
    {
      "type": "Feature",
      "properties": {
        "source": "OpenStreetMap",
        "source_id": "node/14085827296",
        "domain": "public",
        "asset_type": "administration",
        "confidence": "medium",
        "missing_fields": [],
        "limitations": [
          "OSM public-service completeness and tagging vary by area and facility type.",
          "A facility tag is evidence of mapped semantics, not service availability, capacity, accessibility or operating status.",
          "BDOT10k building geometry is retained only as topographic comparison context and cannot establish facility semantics.",
          "No qualified PRG public-service facility class is enabled for this domain pack."
        ],
        "eligible_for_analysis": true,
        "osm_tags": {
          "name": "Rada Dzielnicy Osiedle Młodego Górnika",
          "office": "government",
          "government": "district_council"
        }
      },
      "geometry": {
        "type": "Point",
        "coordinates": [
          18.827679,
          50.344759299999986
        ]
      }
    },
    {
      "type": "Feature",
      "properties": {
        "source": "OpenStreetMap",
        "source_id": "way/43171371",
        "domain": "public",
        "asset_type": "administration",
        "confidence": "medium",
        "missing_fields": [],
        "limitations": [
          "OSM public-service completeness and tagging vary by area and facility type.",
          "A facility tag is evidence of mapped semantics, not service availability, capacity, accessibility or operating status.",
          "BDOT10k building geometry is retained only as topographic comparison context and cannot establish facility semantics.",
          "No qualified PRG public-service facility class is enabled for this domain pack."
        ],
        "eligible_for_analysis": true,
        "osm_tags": {
          "name": "ÚMOb Michálkovice",
          "source": "cuzk:ruian",
          "amenity": "townhall",
          "building": "civic"
        }
      },
      "geometry": {
        "type": "Polygon",
        "coordinates": [
          [
            [
              18.3432003,
              49.8424898
            ],
            [
              18.3431845,
              49.8423847
            ],
            [
              18.3430644,
              49.84239020000001
            ],
            [
              18.3430623,
              49.842372899999994
            ],
            [
              18.3429998,
              49.8423761
            ],
            [
              18.3430019,
              49.84239319999999
            ],
            [
              18.342854700000004,
              49.84240049999999
            ],
            [
              18.3428655,
              49.842504399999996
            ],
            [
              18.34311,
              49.8424921
            ],
            [
              18.3431101,
              49.84249359999999
            ],
            [
              18.3432003,
              49.8424898
            ]
          ]
        ]
      }
    },
    {
      "type": "Feature",
      "properties": {
        "source": "OpenStreetMap",
        "source_id": "way/46995845",
        "domain": "public",
        "asset_type": "administration",
        "confidence": "medium",
        "missing_fields": [],
        "limitations": [
          "OSM public-service completeness and tagging vary by area and facility type.",
          "A facility tag is evidence of mapped semantics, not service availability, capacity, accessibility or operating status.",
          "BDOT10k building geometry is retained only as topographic comparison context and cannot establish facility semantics.",
          "No qualified PRG public-service facility class is enabled for this domain pack."
        ],
        "eligible_for_analysis": true,
        "osm_tags": {
          "source": "cuzk:ruian",
          "amenity": "townhall",
          "building": "civic"
        }
      },
      "geometry": {
        "type": "Polygon",
        "coordinates": [
          [
            [
              18.2910606,
              49.8408528
            ],
            [
              18.2910947,
              49.8408652
            ],
            [
              18.291174,
              49.8407735
            ],
            [
              18.2911399,
              49.8407611
            ],
            [
              18.2912079,
              49.8406824
            ],
            [
              18.2910536,
              49.84062659999999
            ],
            [
              18.2908345,
              49.84088009999999
            ],
            [
              18.29099,
              49.8409345
            ],
            [
              18.2910606,
              49.8408528
            ]
          ]
        ]
      }
    },
    {
      "type": "Feature",
      "properties": {
        "source": "OpenStreetMap",
        "source_id": "way/50443535",
        "domain": "public",
        "asset_type": "administration",
        "confidence": "medium",
        "missing_fields": [],
        "limitations": [
          "OSM public-service completeness and tagging vary by area and facility type.",
          "A facility tag is evidence of mapped semantics, not service availability, capacity, accessibility or operating status.",
          "BDOT10k building geometry is retained only as topographic comparison context and cannot establish facility semantics.",
          "No qualified PRG public-service facility class is enabled for this domain pack."
        ],
        "eligible_for_analysis": true,
        "osm_tags": {
          "name": "Městský úřad",
          "source": "cuzk:ruian",
          "amenity": "townhall",
          "building": "public"
        }
      },
      "geometry": {
        "type": "Polygon",
        "coordinates": [
          [
            [
              18.3767661,
              49.866619
            ],
            [
              18.3768079,
              49.866600399999996
            ],
            [
              18.3767889,
              49.86658169999999
            ],
            [
              18.37693,
              49.86652039999999
            ],
            [
              18.3768539,
              49.8664453
            ],
            [
              18.376555,
              49.866574899999996
            ],
            [
              18.3766309,
              49.86664979999999
            ],
            [
              18.3767467,
              49.86660009999999
            ],
            [
              18.3767661,
              49.866619
            ]
          ]
        ]
      }
    },
    {
      "type": "Feature",
      "properties": {
        "source": "OpenStreetMap",
        "source_id": "way/54443762",
        "domain": "public",
        "asset_type": "administration",
        "confidence": "medium",
        "missing_fields": [],
        "limitations": [
          "OSM public-service completeness and tagging vary by area and facility type.",
          "A facility tag is evidence of mapped semantics, not service availability, capacity, accessibility or operating status.",
          "BDOT10k building geometry is retained only as topographic comparison context and cannot establish facility semantics.",
          "No qualified PRG public-service facility class is enabled for this domain pack."
        ],
        "eligible_for_analysis": true,
        "osm_tags": {
          "name": "Magistrát města Ostravy - Odbor dopravně správních činností",
          "source": "cuzk:ruian",
          "amenity": "townhall",
          "building": "civic"
        }
      },
      "geometry": {
        "type": "Polygon",
        "coordinates": [
          [
            [
              18.289471,
              49.841236099999996
            ],
            [
              18.2894551,
              49.841232199999986
            ],
            [
              18.2894522,
              49.841237199999995
            ],
            [
              18.2894219,
              49.84122969999999
            ],
            [
              18.289425,
              49.8412247
            ],
            [
              18.2892734,
              49.8411872
            ],
            [
              18.2892704,
              49.8411922
            ],
            [
              18.2892405,
              49.8411848
            ],
            [
              18.2892434,
              49.8411797
            ],
            [
              18.2892277,
              49.841175799999995
            ],
            [
              18.2892247,
              49.8411809
            ],
            [
              18.2891951,
              49.8411735
            ],
            [
              18.289198000000003,
              49.841168499999995
            ],
            [
              18.2891825,
              49.8411646
            ],
            [
              18.2891794,
              49.84116970000001
            ],
            [
              18.2891494,
              49.84116229999999
            ],
            [
              18.2891525,
              49.8411572
            ],
            [
              18.2891371,
              49.84115340000001
            ],
            [
              18.2891326,
              49.84116099999999
            ],
            [
              18.2890198,
              49.8411331
            ],
            [
              18.288873100000004,
              49.8413777
            ],
            [
              18.2890442,
              49.841420500000005
            ],
            [
              18.2890936,
              49.84133550000001
            ],
            [
              18.2890538,
              49.841325899999994
            ],
            [
              18.289083,
              49.8412718
            ],
            [
              18.2890968,
              49.84127509999999
            ],
            [
              18.2891105,
              49.8412748
            ],
            [
              18.2891233,
              49.8412696
            ],
            [
              18.2891321,
              49.841261599999996
            ],
            [
              18.2891844,
              49.841274500000004
            ],
            [
              18.2891626,
              49.8413147
            ],
            [
              18.2891638,
              49.8413181
            ],
            [
              18.2891424,
              49.8413578
            ],
            [
              18.2892934,
              49.8413943
            ],
            [
              18.2893177,
              49.84135299999999
            ],
            [
              18.2893752,
              49.8413667
            ],
            [
              18.2894,
              49.841327
            ],
            [
              18.2894492,
              49.84133899999999
            ],
            [
              18.2894468,
              49.8413495
            ],
            [
              18.2894512,
              49.8413586
            ],
            [
              18.2894617,
              49.84136540000001
            ],
            [
              18.2894746,
              49.841369400000005
            ],
            [
              18.2894548,
              49.84140159999998
            ],
            [
              18.2894274,
              49.84139499999998
            ],
            [
              18.2894038,
              49.84143509999999
            ],
            [
              18.2895631,
              49.841474899999994
            ],
            [
              18.2895845,
              49.8414391
            ],
            [
              18.2895869,
              49.841439699999995
            ],
            [
              18.2896437,
              49.8413438
            ],
            [
              18.2896413,
              49.8413431
            ],
            [
              18.2896703,
              49.8412941
            ],
            [
              18.2895698,
              49.8412692
            ],
            [
              18.2895575,
              49.84126619999999
            ],
            [
              18.2895619,
              49.841258599999996
            ],
            [
              18.2895463,
              49.8412547
            ],
            [
              18.2895432,
              49.841259799999996
            ],
            [
              18.2895135,
              49.8412524
            ],
            [
              18.2895166,
              49.841247299999985
            ],
            [
              18.2895007,
              49.8412435
            ],
            [
              18.2894978,
              49.84124849999999
            ],
            [
              18.289468,
              49.8412411
            ],
            [
              18.289471,
              49.841236099999996
            ]
          ]
        ]
      }
    },
    {
      "type": "Feature",
      "properties": {
        "source": "OpenStreetMap",
        "source_id": "way/56043010",
        "domain": "public",
        "asset_type": "administration",
        "confidence": "medium",
        "missing_fields": [],
        "limitations": [
          "OSM public-service completeness and tagging vary by area and facility type.",
          "A facility tag is evidence of mapped semantics, not service availability, capacity, accessibility or operating status.",
          "BDOT10k building geometry is retained only as topographic comparison context and cannot establish facility semantics.",
          "No qualified PRG public-service facility class is enabled for this domain pack."
        ],
        "eligible_for_analysis": true,
        "osm_tags": {
          "name": "ÚMOb Slezská Ostrava",
          "wikidata": "Q838503",
          "wikipedia": "cs:Slezskoostravská radnice",
          "source": "cuzk:ruian",
          "amenity": "townhall",
          "building": "civic"
        }
      },
      "geometry": {
        "type": "Polygon",
        "coordinates": [
          [
            [
              18.2984451,
              49.8375823
            ],
            [
              18.2984509,
              49.837578799999996
            ],
            [
              18.298458,
              49.8375839
            ],
            [
              18.2984671,
              49.83757859999999
            ],
            [
              18.29846,
              49.83757359999999
            ],
            [
              18.2986443,
              49.8374627
            ],
            [
              18.2985338,
              49.8373815
            ],
            [
              18.298469200000003,
              49.83741939999999
            ],
            [
              18.2984863,
              49.837431599999995
            ],
            [
              18.2984532,
              49.8374509
            ],
            [
              18.2984075,
              49.8374185
            ],
            [
              18.2984435,
              49.8373973
            ],
            [
              18.2984103,
              49.837373699999986
            ],
            [
              18.2984155,
              49.83733609999999
            ],
            [
              18.2984771,
              49.837299699999996
            ],
            [
              18.2984515,
              49.8372552
            ],
            [
              18.2983361,
              49.83717819999999
            ],
            [
              18.2982395,
              49.8372345
            ],
            [
              18.2981509,
              49.8372861
            ],
            [
              18.2981755,
              49.83730539999999
            ],
            [
              18.2981093,
              49.83734549999999
            ],
            [
              18.2981698,
              49.8373888
            ],
            [
              18.2981565,
              49.8373966
            ],
            [
              18.298328,
              49.837517899999995
            ],
            [
              18.298342,
              49.83750959999999
            ],
            [
              18.2984451,
              49.8375823
            ]
          ]
        ]
      }
    },
    {
      "type": "Feature",
      "properties": {
        "source": "OpenStreetMap",
        "source_id": "way/68443852",
        "domain": "public",
        "asset_type": "administration",
        "confidence": "medium",
        "missing_fields": [],
        "limitations": [
          "OSM public-service completeness and tagging vary by area and facility type.",
          "A facility tag is evidence of mapped semantics, not service availability, capacity, accessibility or operating status.",
          "BDOT10k building geometry is retained only as topographic comparison context and cannot establish facility semantics.",
          "No qualified PRG public-service facility class is enabled for this domain pack."
        ],
        "eligible_for_analysis": true,
        "osm_tags": {
          "name": "Sołtys",
          "office": "government",
          "building": "yes"
        }
      },
      "geometry": {
        "type": "Polygon",
        "coordinates": [
          [
            [
              18.4660843,
              50.2549447
            ],
            [
              18.4659367,
              50.25491600000001
            ],
            [
              18.4658946,
              50.255021199999995
            ],
            [
              18.4660369,
              50.25504639999999
            ],
            [
              18.4660843,
              50.2549447
            ]
          ]
        ]
      }
    },
    {
      "type": "Feature",
      "properties": {
        "source": "OpenStreetMap",
        "source_id": "way/69909356",
        "domain": "public",
        "asset_type": "administration",
        "confidence": "medium",
        "missing_fields": [],
        "limitations": [
          "OSM public-service completeness and tagging vary by area and facility type.",
          "A facility tag is evidence of mapped semantics, not service availability, capacity, accessibility or operating status.",
          "BDOT10k building geometry is retained only as topographic comparison context and cannot establish facility semantics.",
          "No qualified PRG public-service facility class is enabled for this domain pack."
        ],
        "eligible_for_analysis": true,
        "osm_tags": {
          "name": "Magistrát města Ostravy - Odbor vnitřních věcí",
          "source": "cuzk:ruian",
          "amenity": "townhall",
          "building": "commercial"
        }
      },
      "geometry": {
        "type": "Polygon",
        "coordinates": [
          [
            [
              18.2820736,
              49.84233979999999
            ],
            [
              18.2820776,
              49.8423407
            ],
            [
              18.2821086,
              49.8422794
            ],
            [
              18.2821014,
              49.8422779
            ],
            [
              18.2820988,
              49.8422832
            ],
            [
              18.2820252,
              49.8422676
            ],
            [
              18.2820273,
              49.8422636
            ],
            [
              18.2820202,
              49.8422621
            ],
            [
              18.2820182,
              49.842266099999996
            ],
            [
              18.2819327,
              49.8422481
            ],
            [
              18.2819443,
              49.8422243
            ],
            [
              18.2816955,
              49.842173100000004
            ],
            [
              18.2817094,
              49.8421463
            ],
            [
              18.2815408,
              49.8421098
            ],
            [
              18.281406,
              49.84238229999999
            ],
            [
              18.2815371,
              49.8424106
            ],
            [
              18.2815761,
              49.84241899999999
            ],
            [
              18.281615,
              49.84242739999999
            ],
            [
              18.2816533,
              49.8424357
            ],
            [
              18.2816915,
              49.84244389999999
            ],
            [
              18.2817298,
              49.84245219999999
            ],
            [
              18.2817679,
              49.84246039999999
            ],
            [
              18.2818554,
              49.842479299999994
            ],
            [
              18.2819899,
              49.8425083
            ],
            [
              18.2820736,
              49.84233979999999
            ]
          ]
        ]
      }
    },
    {
      "type": "Feature",
      "properties": {
        "source": "OpenStreetMap",
        "source_id": "way/70652378",
        "domain": "public",
        "asset_type": "administration",
        "confidence": "medium",
        "missing_fields": [],
        "limitations": [
          "OSM public-service completeness and tagging vary by area and facility type.",
          "A facility tag is evidence of mapped semantics, not service availability, capacity, accessibility or operating status.",
          "BDOT10k building geometry is retained only as topographic comparison context and cannot establish facility semantics.",
          "No qualified PRG public-service facility class is enabled for this domain pack."
        ],
        "eligible_for_analysis": true,
        "osm_tags": {
          "name": "Obecní úřad Chuchelná",
          "website": "https://www.chuchelna.com/",
          "source": "cuzk:ruian",
          "amenity": "townhall",
          "building": "yes",
          "phone": "+420 553 650 138",
          "email": "obec@chuchelna.com"
        }
      },
      "geometry": {
        "type": "Polygon",
        "coordinates": [
          [
            [
              18.120039600000002,
              49.989003999999994
            ],
            [
              18.120072,
              49.98900679999999
            ],
            [
              18.1200644,
              49.98904290000001
            ],
            [
              18.1201721,
              49.98905260000001
            ],
            [
              18.1201674,
              49.98907359999998
            ],
            [
              18.1202855,
              49.9890844
            ],
            [
              18.1202964,
              49.989033799999994
            ],
            [
              18.1203,
              49.9890342
            ],
            [
              18.1203096,
              49.988989799999985
            ],
            [
              18.120306,
              49.98898959999999
            ],
            [
              18.1203163,
              49.988941899999986
            ],
            [
              18.1202417,
              49.9889352
            ],
            [
              18.1202441,
              49.9889241
            ],
            [
              18.1201666,
              49.9889171
            ],
            [
              18.1201641,
              49.98892829999999
            ],
            [
              18.1200899,
              49.9889215
            ],
            [
              18.120082000000004,
              49.9889585
            ],
            [
              18.1200497,
              49.9889557
            ],
            [
              18.120039600000002,
              49.989003999999994
            ]
          ]
        ]
      }
    },
    {
      "type": "Feature",
      "properties": {
        "source": "OpenStreetMap",
        "source_id": "way/70671003",
        "domain": "public",
        "asset_type": "administration",
        "confidence": "medium",
        "missing_fields": [],
        "limitations": [
          "OSM public-service completeness and tagging vary by area and facility type.",
          "A facility tag is evidence of mapped semantics, not service availability, capacity, accessibility or operating status.",
          "BDOT10k building geometry is retained only as topographic comparison context and cannot establish facility semantics.",
          "No qualified PRG public-service facility class is enabled for this domain pack."
        ],
        "eligible_for_analysis": true,
        "osm_tags": {
          "name": "Obecní úřad Píšť",
          "website": "https://www.pist.cz/obecni-urad",
          "source": "cuzk:ruian",
          "amenity": "townhall",
          "building": "commercial"
        }
      },
      "geometry": {
        "type": "Polygon",
        "coordinates": [
          [
            [
              18.1932182,
              49.978511299999994
            ],
            [
              18.193168,
              49.9786112
            ],
            [
              18.1932912,
              49.9786376
            ],
            [
              18.1932819,
              49.9786569
            ],
            [
              18.1933193,
              49.978664900000005
            ],
            [
              18.1933227,
              49.97865850000001
            ],
            [
              18.193347,
              49.97866369999999
            ],
            [
              18.1933536,
              49.97865119999999
            ],
            [
              18.1933922,
              49.97865949999999
            ],
            [
              18.1934453,
              49.9785603
            ],
            [
              18.1933717,
              49.9785449
            ],
            [
              18.1933734,
              49.97854139999999
            ],
            [
              18.1932932,
              49.978524099999994
            ],
            [
              18.1932915,
              49.97852739999999
            ],
            [
              18.1932182,
              49.978511299999994
            ]
          ]
        ]
      }
    },
    {
      "type": "Feature",
      "properties": {
        "source": "OpenStreetMap",
        "source_id": "way/70732074",
        "domain": "public",
        "asset_type": "administration",
        "confidence": "medium",
        "missing_fields": [],
        "limitations": [
          "OSM public-service completeness and tagging vary by area and facility type.",
          "A facility tag is evidence of mapped semantics, not service availability, capacity, accessibility or operating status.",
          "BDOT10k building geometry is retained only as topographic comparison context and cannot establish facility semantics.",
          "No qualified PRG public-service facility class is enabled for this domain pack."
        ],
        "eligible_for_analysis": true,
        "osm_tags": {
          "name": "Obecní Úřad Bohuslavice",
          "website": "https://www.bohuslavice.eu/",
          "source": "cuzk:ruian",
          "amenity": "townhall",
          "building": "civic",
          "phone": "+420 553 659 064"
        }
      },
      "geometry": {
        "type": "Polygon",
        "coordinates": [
          [
            [
              18.1301396,
              49.9414329
            ],
            [
              18.130217,
              49.9413524
            ],
            [
              18.1299899,
              49.941260899999996
            ],
            [
              18.1299114,
              49.94134150000001
            ],
            [
              18.1300083,
              49.94138029999999
            ],
            [
              18.129988,
              49.94140139999999
            ],
            [
              18.1300208,
              49.941414599999995
            ],
            [
              18.1300412,
              49.94139349999999
            ],
            [
              18.1301396,
              49.9414329
            ]
          ]
        ]
      }
    },
    {
      "type": "Feature",
      "properties": {
        "source": "OpenStreetMap",
        "source_id": "way/71286699",
        "domain": "public",
        "asset_type": "administration",
        "confidence": "medium",
        "missing_fields": [],
        "limitations": [
          "OSM public-service completeness and tagging vary by area and facility type.",
          "A facility tag is evidence of mapped semantics, not service availability, capacity, accessibility or operating status.",
          "BDOT10k building geometry is retained only as topographic comparison context and cannot establish facility semantics.",
          "No qualified PRG public-service facility class is enabled for this domain pack."
        ],
        "eligible_for_analysis": true,
        "osm_tags": {
          "name": "Obecní Úřad",
          "source": "cuzk:km",
          "amenity": "townhall",
          "building": "civic"
        }
      },
      "geometry": {
        "type": "Polygon",
        "coordinates": [
          [
            [
              18.223394,
              49.9358654
            ],
            [
              18.2234027,
              49.9357509
            ],
            [
              18.2231634,
              49.9357417
            ],
            [
              18.223151,
              49.93585470000001
            ],
            [
              18.223394,
              49.9358654
            ]
          ]
        ]
      }
    },
    {
      "type": "Feature",
      "properties": {
        "source": "OpenStreetMap",
        "source_id": "way/71434076",
        "domain": "public",
        "asset_type": "administration",
        "confidence": "medium",
        "missing_fields": [],
        "limitations": [
          "OSM public-service completeness and tagging vary by area and facility type.",
          "A facility tag is evidence of mapped semantics, not service availability, capacity, accessibility or operating status.",
          "BDOT10k building geometry is retained only as topographic comparison context and cannot establish facility semantics.",
          "No qualified PRG public-service facility class is enabled for this domain pack."
        ],
        "eligible_for_analysis": true,
        "osm_tags": {
          "name": "Sołtys",
          "office": "government",
          "building": "yes"
        }
      },
      "geometry": {
        "type": "Polygon",
        "coordinates": [
          [
            [
              18.241754,
              50.1451769
            ],
            [
              18.241746,
              50.1450704
            ],
            [
              18.241585,
              50.14507720000001
            ],
            [
              18.2415904,
              50.145180399999994
            ],
            [
              18.241754,
              50.1451769
            ]
          ]
        ]
      }
    },
    {
      "type": "Feature",
      "properties": {
        "source": "OpenStreetMap",
        "source_id": "way/87844513",
        "domain": "public",
        "asset_type": "administration",
        "confidence": "medium",
        "missing_fields": [],
        "limitations": [
          "OSM public-service completeness and tagging vary by area and facility type.",
          "A facility tag is evidence of mapped semantics, not service availability, capacity, accessibility or operating status.",
          "BDOT10k building geometry is retained only as topographic comparison context and cannot establish facility semantics.",
          "No qualified PRG public-service facility class is enabled for this domain pack."
        ],
        "eligible_for_analysis": true,
        "osm_tags": {
          "name": "Powiatowa Stacja Sanitarno-Epidemiologiczna",
          "website": "https://www.gov.pl/psse-gliwice",
          "office": "government",
          "government": "healthcare",
          "building": "yes",
          "phone": "+48 32 338 05 01",
          "email": "psse.gliwice@pis.gov.pl"
        }
      },
      "geometry": {
        "type": "Polygon",
        "coordinates": [
          [
            [
              18.6764769,
              50.2920655
            ],
            [
              18.6765268,
              50.2919017
            ],
            [
              18.6763597,
              50.291880899999995
            ],
            [
              18.6763098,
              50.29204469999999
            ],
            [
              18.6764769,
              50.2920655
            ]
          ]
        ]
      }
    },
    {
      "type": "Feature",
      "properties": {
        "source": "OpenStreetMap",
        "source_id": "way/91112062",
        "domain": "public",
        "asset_type": "administration",
        "confidence": "medium",
        "missing_fields": [],
        "limitations": [
          "OSM public-service completeness and tagging vary by area and facility type.",
          "A facility tag is evidence of mapped semantics, not service availability, capacity, accessibility or operating status.",
          "BDOT10k building geometry is retained only as topographic comparison context and cannot establish facility semantics.",
          "No qualified PRG public-service facility class is enabled for this domain pack."
        ],
        "eligible_for_analysis": true,
        "osm_tags": {
          "name": "B",
          "source": "cuzk:ruian",
          "office": "government",
          "building": "civic"
        }
      },
      "geometry": {
        "type": "Polygon",
        "coordinates": [
          [
            [
              18.1877871,
              49.8962453
            ],
            [
              18.18789,
              49.8961703
            ],
            [
              18.1878976,
              49.896164699999986
            ],
            [
              18.1876998,
              49.896068799999995
            ],
            [
              18.1876109,
              49.89613049999999
            ],
            [
              18.1877364,
              49.89619149999999
            ],
            [
              18.1876969,
              49.896219
            ],
            [
              18.1876785,
              49.8962063
            ],
            [
              18.1876457,
              49.896227299999985
            ],
            [
              18.187663,
              49.8962406
            ],
            [
              18.187516900000002,
              49.896340300000006
            ],
            [
              18.1875182,
              49.8963504
            ],
            [
              18.1875026,
              49.89636019999999
            ],
            [
              18.1874789,
              49.89634449999999
            ],
            [
              18.1874774,
              49.8963375
            ],
            [
              18.1874512,
              49.89631969999999
            ],
            [
              18.18744,
              49.89631870000001
            ],
            [
              18.1874042,
              49.8962942
            ],
            [
              18.1874055,
              49.896275999999986
            ],
            [
              18.1874293,
              49.896263100000006
            ],
            [
              18.1874293,
              49.896260600000005
            ],
            [
              18.1874014,
              49.89624070000001
            ],
            [
              18.1872299,
              49.89634689999999
            ],
            [
              18.1874249,
              49.8964781
            ],
            [
              18.1876076,
              49.8963643
            ],
            [
              18.18767,
              49.896323399999986
            ],
            [
              18.1877694,
              49.89625809999999
            ],
            [
              18.1877871,
              49.8962453
            ]
          ]
        ]
      }
    },
    {
      "type": "Feature",
      "properties": {
        "source": "OpenStreetMap",
        "source_id": "way/91112142",
        "domain": "public",
        "asset_type": "administration",
        "confidence": "medium",
        "missing_fields": [],
        "limitations": [
          "OSM public-service completeness and tagging vary by area and facility type.",
          "A facility tag is evidence of mapped semantics, not service availability, capacity, accessibility or operating status.",
          "BDOT10k building geometry is retained only as topographic comparison context and cannot establish facility semantics.",
          "No qualified PRG public-service facility class is enabled for this domain pack."
        ],
        "eligible_for_analysis": true,
        "osm_tags": {
          "name": "Městský úřad Hlučín",
          "source": "cuzk:ruian",
          "amenity": "townhall",
          "building": "civic"
        }
      },
      "geometry": {
        "type": "Polygon",
        "coordinates": [
          [
            [
              18.1879047,
              49.8964063
            ],
            [
              18.1878988,
              49.8964025
            ],
            [
              18.1878918,
              49.896406899999995
            ],
            [
              18.1878976,
              49.8964106
            ],
            [
              18.1878742,
              49.896424599999996
            ],
            [
              18.1878685,
              49.89642099999999
            ],
            [
              18.1878614,
              49.89642529999999
            ],
            [
              18.1878671,
              49.8964291
            ],
            [
              18.1878437,
              49.89644319999999
            ],
            [
              18.187838,
              49.896439400000006
            ],
            [
              18.1878308,
              49.89644369999999
            ],
            [
              18.1878368,
              49.89644760000001
            ],
            [
              18.1878136,
              49.896461699999996
            ],
            [
              18.1878075,
              49.8964577
            ],
            [
              18.1878005,
              49.896462199999995
            ],
            [
              18.1878064,
              49.896466100000005
            ],
            [
              18.1877831,
              49.8964802
            ],
            [
              18.1877779,
              49.89647660000001
            ],
            [
              18.1877718,
              49.8964806
            ],
            [
              18.1877769,
              49.896483999999994
            ],
            [
              18.1877673,
              49.8964897
            ],
            [
              18.1877206,
              49.896457399999996
            ],
            [
              18.1877437,
              49.8964431
            ],
            [
              18.1877097,
              49.896419800000004
            ],
            [
              18.1876865,
              49.896434
            ],
            [
              18.1876183,
              49.896387000000004
            ],
            [
              18.18763,
              49.8963796
            ],
            [
              18.1876076,
              49.8963643
            ],
            [
              18.1874249,
              49.8964781
            ],
            [
              18.187437,
              49.8964858
            ],
            [
              18.1874339,
              49.896487799999996
            ],
            [
              18.1874585,
              49.89650439999999
            ],
            [
              18.1874616,
              49.89650249999999
            ],
            [
              18.1876599,
              49.8966361
            ],
            [
              18.1876578,
              49.896637899999995
            ],
            [
              18.1876829,
              49.89665489999999
            ],
            [
              18.1876849,
              49.896653
            ],
            [
              18.1876925,
              49.896659299999996
            ],
            [
              18.1878734,
              49.89653909999999
            ],
            [
              18.188057000000004,
              49.8964256
            ],
            [
              18.1879699,
              49.896369099999994
            ],
            [
              18.1879047,
              49.8964063
            ]
          ]
        ]
      }
    },
    {
      "type": "Feature",
      "properties": {
        "source": "OpenStreetMap",
        "source_id": "way/92498431",
        "domain": "public",
        "asset_type": "administration",
        "confidence": "medium",
        "missing_fields": [],
        "limitations": [
          "OSM public-service completeness and tagging vary by area and facility type.",
          "A facility tag is evidence of mapped semantics, not service availability, capacity, accessibility or operating status.",
          "BDOT10k building geometry is retained only as topographic comparison context and cannot establish facility semantics.",
          "No qualified PRG public-service facility class is enabled for this domain pack."
        ],
        "eligible_for_analysis": true,
        "osm_tags": {
          "name": "Urząd Gminy Godów",
          "amenity": "townhall",
          "building": "commercial"
        }
      },
      "geometry": {
        "type": "Polygon",
        "coordinates": [
          [
            [
              18.483629,
              49.917899
            ],
            [
              18.483679,
              49.917864
            ],
            [
              18.483687,
              49.91786899999999
            ],
            [
              18.483728,
              49.917840000000005
            ],
            [
              18.48372,
              49.91783499999999
            ],
            [
              18.48377,
              49.91780000000001
            ],
            [
              18.483661,
              49.91773499999999
            ],
            [
              18.48352,
              49.917834
            ],
            [
              18.483629,
              49.917899
            ]
          ]
        ]
      }
    },
    {
      "type": "Feature",
      "properties": {
        "source": "OpenStreetMap",
        "source_id": "way/93091280",
        "domain": "public",
        "asset_type": "administration",
        "confidence": "medium",
        "missing_fields": [],
        "limitations": [
          "OSM public-service completeness and tagging vary by area and facility type.",
          "A facility tag is evidence of mapped semantics, not service availability, capacity, accessibility or operating status.",
          "BDOT10k building geometry is retained only as topographic comparison context and cannot establish facility semantics.",
          "No qualified PRG public-service facility class is enabled for this domain pack."
        ],
        "eligible_for_analysis": true,
        "osm_tags": {
          "name": "Urząd Gminy Godów",
          "source": "uhul:ortofoto",
          "amenity": "townhall",
          "building": "yes"
        }
      },
      "geometry": {
        "type": "Polygon",
        "coordinates": [
          [
            [
              18.4842803,
              49.91693359999999
            ],
            [
              18.484265000000004,
              49.91694470000001
            ],
            [
              18.4843322,
              49.9169832
            ],
            [
              18.484324,
              49.91698910000001
            ],
            [
              18.4844629,
              49.9170686
            ],
            [
              18.4845976,
              49.916971
            ],
            [
              18.4841477,
              49.91671349999999
            ],
            [
              18.4840365,
              49.916794
            ],
            [
              18.4842803,
              49.91693359999999
            ]
          ]
        ]
      }
    },
    {
      "type": "Feature",
      "properties": {
        "source": "OpenStreetMap",
        "source_id": "way/93216576",
        "domain": "public",
        "asset_type": "administration",
        "confidence": "medium",
        "missing_fields": [],
        "limitations": [
          "OSM public-service completeness and tagging vary by area and facility type.",
          "A facility tag is evidence of mapped semantics, not service availability, capacity, accessibility or operating status.",
          "BDOT10k building geometry is retained only as topographic comparison context and cannot establish facility semantics.",
          "No qualified PRG public-service facility class is enabled for this domain pack."
        ],
        "eligible_for_analysis": true,
        "osm_tags": {
          "name": "Komenda Powiatowa Państwowej Straży Pożarnej",
          "website": "https://www.gov.pl/kppsp-wodzislaw-slaski",
          "office": "government",
          "government": "public_safety",
          "building": "yes",
          "opening_hours": "24/7",
          "phone": "+48 32 453 93 93",
          "email": "pspwodzislaw@katowice.kwpsp.gov.pl"
        }
      },
      "geometry": {
        "type": "Polygon",
        "coordinates": [
          [
            [
              18.4494947,
              50.005954
            ],
            [
              18.4495005,
              50.0059622
            ],
            [
              18.4500563,
              50.005800799999996
            ],
            [
              18.4499737,
              50.0056832
            ],
            [
              18.4499356,
              50.0056942
            ],
            [
              18.44981,
              50.0057307
            ],
            [
              18.4494178,
              50.00584460000001
            ],
            [
              18.4494947,
              50.005954
            ]
          ]
        ]
      }
    },
    {
      "type": "Feature",
      "properties": {
        "source": "OpenStreetMap",
        "source_id": "way/97091407",
        "domain": "public",
        "asset_type": "administration",
        "confidence": "medium",
        "missing_fields": [],
        "limitations": [
          "OSM public-service completeness and tagging vary by area and facility type.",
          "A facility tag is evidence of mapped semantics, not service availability, capacity, accessibility or operating status.",
          "BDOT10k building geometry is retained only as topographic comparison context and cannot establish facility semantics.",
          "No qualified PRG public-service facility class is enabled for this domain pack."
        ],
        "eligible_for_analysis": true,
        "osm_tags": {
          "name": "Urząd Miasta Knurów",
          "wikidata": "Q276860",
          "wikipedia": "pl:Knurów",
          "website": "https://www.knurow.pl/",
          "image": "http://www.knurow.pl/pics/um-mini.jpg",
          "amenity": "townhall",
          "office": "government",
          "government": "administrative",
          "building": "public",
          "opening_hours": "Mo,Tu,Th 07:30-15:30; We 07:30-17:30; Fr 07:30-13:30",
          "phone": "+48 32 235 10 17",
          "email": "um@knurow.pl"
        }
      },
      "geometry": {
        "type": "Polygon",
        "coordinates": [
          [
            [
              18.667053,
              50.22313669999998
            ],
            [
              18.6670585,
              50.2231312
            ],
            [
              18.6671149,
              50.2231559
            ],
            [
              18.6671858,
              50.223093199999994
            ],
            [
              18.6672275,
              50.22305709999999
            ],
            [
              18.6669543,
              50.222932899999996
            ],
            [
              18.666940100000005,
              50.22294469999999
            ],
            [
              18.6668328,
              50.22289489999999
            ],
            [
              18.6667294,
              50.22298820000001
            ],
            [
              18.6667544,
              50.22300039999999
            ],
            [
              18.6666798,
              50.2230677
            ],
            [
              18.6668019,
              50.223123599999994
            ],
            [
              18.6668771,
              50.223059
            ],
            [
              18.667053,
              50.22313669999998
            ]
          ]
        ]
      }
    },
    {
      "type": "Feature",
      "properties": {
        "source": "OpenStreetMap",
        "source_id": "way/98874011",
        "domain": "public",
        "asset_type": "administration",
        "confidence": "medium",
        "missing_fields": [],
        "limitations": [
          "OSM public-service completeness and tagging vary by area and facility type.",
          "A facility tag is evidence of mapped semantics, not service availability, capacity, accessibility or operating status.",
          "BDOT10k building geometry is retained only as topographic comparison context and cannot establish facility semantics.",
          "No qualified PRG public-service facility class is enabled for this domain pack."
        ],
        "eligible_for_analysis": true,
        "osm_tags": {
          "name": "Zakład Ubezpieczeń Społecznych",
          "operator": "Oddział ZUS w Rybniku",
          "alt_name": "ZUS",
          "source": "image/rapideye",
          "office": "government",
          "government": "pension_fund",
          "building": "yes",
          "opening_hours": "Mo-We 08:00-15:30; Th 08:00-17:00; Fr 08:00-14:00"
        }
      },
      "geometry": {
        "type": "Polygon",
        "coordinates": [
          [
            [
              18.4748151,
              50.0063799
            ],
            [
              18.4747867,
              50.006249
            ],
            [
              18.4748139,
              50.00624650000001
            ],
            [
              18.4748007,
              50.00618329999999
            ],
            [
              18.4747867,
              50.00612100000001
            ],
            [
              18.4747573,
              50.00612370000001
            ],
            [
              18.4747289,
              50.005992799999994
            ],
            [
              18.4744886,
              50.0060143
            ],
            [
              18.4745175,
              50.006147299999995
            ],
            [
              18.4744871,
              50.00615
            ],
            [
              18.4745007,
              50.006212799999986
            ],
            [
              18.4745139,
              50.00627349999999
            ],
            [
              18.4745447,
              50.0062707
            ],
            [
              18.4745731,
              50.0064016
            ],
            [
              18.4748151,
              50.0063799
            ]
          ]
        ]
      }
    },
    {
      "type": "Feature",
      "properties": {
        "source": "OpenStreetMap",
        "source_id": "way/99883819",
        "domain": "public",
        "asset_type": "administration",
        "confidence": "medium",
        "missing_fields": [],
        "limitations": [
          "OSM public-service completeness and tagging vary by area and facility type.",
          "A facility tag is evidence of mapped semantics, not service availability, capacity, accessibility or operating status.",
          "BDOT10k building geometry is retained only as topographic comparison context and cannot establish facility semantics.",
          "No qualified PRG public-service facility class is enabled for this domain pack."
        ],
        "eligible_for_analysis": true,
        "osm_tags": {
          "name": "Urząd Miejski w Gliwicach – filia przy ul. Jasnej",
          "amenity": "townhall",
          "building": "yes",
          "opening_hours": "Mo,We 08:00-16:00; Th 08:00-17:00; Fr 08:00-15:00"
        }
      },
      "geometry": {
        "type": "Polygon",
        "coordinates": [
          [
            [
              18.6709895,
              50.28279739999999
            ],
            [
              18.6709445,
              50.28266719999999
            ],
            [
              18.670732800000003,
              50.282696599999994
            ],
            [
              18.6707919,
              50.282862900000005
            ],
            [
              18.6709524,
              50.28331469999999
            ],
            [
              18.6709656,
              50.28335179999999
            ],
            [
              18.671179,
              50.2833167
            ],
            [
              18.6711678,
              50.28328449999999
            ],
            [
              18.6710918,
              50.2830707
            ],
            [
              18.671027,
              50.282886600000005
            ],
            [
              18.6713667,
              50.282836499999995
            ],
            [
              18.6713372,
              50.28275129999999
            ],
            [
              18.6709895,
              50.28279739999999
            ]
          ]
        ]
      }
    },
    {
      "type": "Feature",
      "properties": {
        "source": "OpenStreetMap",
        "source_id": "way/102008476",
        "domain": "public",
        "asset_type": "administration",
        "confidence": "medium",
        "missing_fields": [],
        "limitations": [
          "OSM public-service completeness and tagging vary by area and facility type.",
          "A facility tag is evidence of mapped semantics, not service availability, capacity, accessibility or operating status.",
          "BDOT10k building geometry is retained only as topographic comparison context and cannot establish facility semantics.",
          "No qualified PRG public-service facility class is enabled for this domain pack."
        ],
        "eligible_for_analysis": true,
        "osm_tags": {
          "name": "Pierwszy Urząd Skarbowy w Gliwicach",
          "website": "https://www.slaskie.kas.gov.pl/pierwszy-urzad-skarbowy-w-gliwicach",
          "office": "government",
          "government": "tax",
          "building": "public",
          "phone": "+48 32 339 66 00",
          "email": "sekretariat.1us.gliwice@mf.gov.pl"
        }
      },
      "geometry": {
        "type": "Polygon",
        "coordinates": [
          [
            [
              18.6520121,
              50.3002757
            ],
            [
              18.65227,
              50.3001119
            ],
            [
              18.6521791,
              50.30005109999999
            ],
            [
              18.651909500000002,
              50.300222000000005
            ],
            [
              18.651608,
              50.3000268
            ],
            [
              18.651492,
              50.3001012
            ],
            [
              18.6522151,
              50.30057399999999
            ],
            [
              18.6523384,
              50.3004987
            ],
            [
              18.6522776,
              50.3004586
            ],
            [
              18.6525436,
              50.3002887
            ],
            [
              18.6523932,
              50.3001913
            ],
            [
              18.6521312,
              50.300354699999986
            ],
            [
              18.6520121,
              50.3002757
            ]
          ]
        ]
      }
    },
    {
      "type": "Feature",
      "properties": {
        "source": "OpenStreetMap",
        "source_id": "way/103540849",
        "domain": "public",
        "asset_type": "administration",
        "confidence": "medium",
        "missing_fields": [],
        "limitations": [
          "OSM public-service completeness and tagging vary by area and facility type.",
          "A facility tag is evidence of mapped semantics, not service availability, capacity, accessibility or operating status.",
          "BDOT10k building geometry is retained only as topographic comparison context and cannot establish facility semantics.",
          "No qualified PRG public-service facility class is enabled for this domain pack."
        ],
        "eligible_for_analysis": true,
        "osm_tags": {
          "name": "Urząd Miasta Wodzisławia Śląskiego",
          "website": "https://www.wodzislaw-slaski.pl/",
          "source": "image/spot",
          "amenity": "townhall",
          "office": "government",
          "government": "administrative",
          "building": "yes",
          "opening_hours": "Mo-We, 7:15-15:15, Th 7:17-15:15, fr 7:15-13:15",
          "phone": "+48 324590460",
          "email": "kancelaria@wodzislaw-slaski.pl"
        }
      },
      "geometry": {
        "type": "Polygon",
        "coordinates": [
          [
            [
              18.4592959,
              50.000239
            ],
            [
              18.4592172,
              50.0000505
            ],
            [
              18.4591495,
              49.99988809999999
            ],
            [
              18.4589327,
              49.99992459999999
            ],
            [
              18.4589853,
              50.000051000000006
            ],
            [
              18.4589733,
              50.000053099999995
            ],
            [
              18.4589923,
              50.000099
            ],
            [
              18.4590135,
              50.00015020000001
            ],
            [
              18.4590256,
              50.0001479
            ],
            [
              18.4590784,
              50.000274700000006
            ],
            [
              18.4592959,
              50.000239
            ]
          ]
        ]
      }
    },
    {
      "type": "Feature",
      "properties": {
        "source": "OpenStreetMap",
        "source_id": "way/103634104",
        "domain": "public",
        "asset_type": "administration",
        "confidence": "medium",
        "missing_fields": [],
        "limitations": [
          "OSM public-service completeness and tagging vary by area and facility type.",
          "A facility tag is evidence of mapped semantics, not service availability, capacity, accessibility or operating status.",
          "BDOT10k building geometry is retained only as topographic comparison context and cannot establish facility semantics.",
          "No qualified PRG public-service facility class is enabled for this domain pack."
        ],
        "eligible_for_analysis": true,
        "osm_tags": {
          "name": "Drugi Urząd Skarbowy",
          "office": "government",
          "government": "tax",
          "building": "public"
        }
      },
      "geometry": {
        "type": "Polygon",
        "coordinates": [
          [
            [
              18.697733,
              50.29725839999999
            ],
            [
              18.6977071,
              50.2973087
            ],
            [
              18.6977197,
              50.297311400000005
            ],
            [
              18.6976033,
              50.297537199999994
            ],
            [
              18.6977912,
              50.29757669999999
            ],
            [
              18.6978949,
              50.2973755
            ],
            [
              18.6979211,
              50.29738100000001
            ],
            [
              18.6979719,
              50.297282399999986
            ],
            [
              18.6979457,
              50.29727690000001
            ],
            [
              18.6980519,
              50.29707079999999
            ],
            [
              18.697864,
              50.29703130000001
            ],
            [
              18.6977456,
              50.29726109999999
            ],
            [
              18.697733,
              50.29725839999999
            ]
          ]
        ]
      }
    },
    {
      "type": "Feature",
      "properties": {
        "source": "OpenStreetMap",
        "source_id": "way/103784534",
        "domain": "public",
        "asset_type": "administration",
        "confidence": "medium",
        "missing_fields": [],
        "limitations": [
          "OSM public-service completeness and tagging vary by area and facility type.",
          "A facility tag is evidence of mapped semantics, not service availability, capacity, accessibility or operating status.",
          "BDOT10k building geometry is retained only as topographic comparison context and cannot establish facility semantics.",
          "No qualified PRG public-service facility class is enabled for this domain pack."
        ],
        "eligible_for_analysis": true,
        "osm_tags": {
          "name": "Urząd Gminy Rudnik",
          "website": "https://gmina-rudnik.pl/",
          "amenity": "townhall",
          "building": "office",
          "opening_hours": "Mo-Fr 07:00-15:00; We 09:00-17:00",
          "phone": "+48 32 410 64 28",
          "email": "urzad@gmina-rudnik.pl"
        }
      },
      "geometry": {
        "type": "Polygon",
        "coordinates": [
          [
            [
              18.1875121,
              50.12790429999999
            ],
            [
              18.1873739,
              50.127701699999996
            ],
            [
              18.1872149,
              50.127746200000004
            ],
            [
              18.1873531,
              50.12794889999999
            ],
            [
              18.1875121,
              50.12790429999999
            ]
          ]
        ]
      }
    },
    {
      "type": "Feature",
      "properties": {
        "source": "OpenStreetMap",
        "source_id": "way/103963453",
        "domain": "public",
        "asset_type": "administration",
        "confidence": "medium",
        "missing_fields": [],
        "limitations": [
          "OSM public-service completeness and tagging vary by area and facility type.",
          "A facility tag is evidence of mapped semantics, not service availability, capacity, accessibility or operating status.",
          "BDOT10k building geometry is retained only as topographic comparison context and cannot establish facility semantics.",
          "No qualified PRG public-service facility class is enabled for this domain pack."
        ],
        "eligible_for_analysis": true,
        "osm_tags": {
          "name": "Gminne Centrum Informacji w Rudniku",
          "office": "government",
          "building": "yes",
          "phone": "+4832 410 53 13"
        }
      },
      "geometry": {
        "type": "Polygon",
        "coordinates": [
          [
            [
              18.1877738,
              50.12625849999999
            ],
            [
              18.187746,
              50.12618710000001
            ],
            [
              18.187709900000005,
              50.12619249999999
            ],
            [
              18.1873541,
              50.1262499
            ],
            [
              18.1873819,
              50.12632149999999
            ],
            [
              18.1877738,
              50.12625849999999
            ]
          ]
        ]
      }
    },
    {
      "type": "Feature",
      "properties": {
        "source": "OpenStreetMap",
        "source_id": "way/105738543",
        "domain": "public",
        "asset_type": "administration",
        "confidence": "medium",
        "missing_fields": [],
        "limitations": [
          "OSM public-service completeness and tagging vary by area and facility type.",
          "A facility tag is evidence of mapped semantics, not service availability, capacity, accessibility or operating status.",
          "BDOT10k building geometry is retained only as topographic comparison context and cannot establish facility semantics.",
          "No qualified PRG public-service facility class is enabled for this domain pack."
        ],
        "eligible_for_analysis": true,
        "osm_tags": {
          "name": "Zarząd Dróg Miejskich w Rybniku",
          "office": "government",
          "government": "transportation",
          "building": "office"
        }
      },
      "geometry": {
        "type": "Polygon",
        "coordinates": [
          [
            [
              18.538133,
              50.092558
            ],
            [
              18.5382519,
              50.0925483
            ],
            [
              18.5382213,
              50.092323799999996
            ],
            [
              18.5381124,
              50.0923307
            ],
            [
              18.5377624,
              50.092352899999995
            ],
            [
              18.5378019,
              50.0925812
            ],
            [
              18.538133,
              50.092558
            ]
          ]
        ]
      }
    },
    {
      "type": "Feature",
      "properties": {
        "source": "OpenStreetMap",
        "source_id": "way/108019761",
        "domain": "public",
        "asset_type": "administration",
        "confidence": "medium",
        "missing_fields": [],
        "limitations": [
          "OSM public-service completeness and tagging vary by area and facility type.",
          "A facility tag is evidence of mapped semantics, not service availability, capacity, accessibility or operating status.",
          "BDOT10k building geometry is retained only as topographic comparison context and cannot establish facility semantics.",
          "No qualified PRG public-service facility class is enabled for this domain pack."
        ],
        "eligible_for_analysis": true,
        "osm_tags": {
          "name": "Urząd Gminy w Pietrowicach Wielkich",
          "website": "http://www.pietrowicewielkie.pl",
          "alt_name": "Zabytkowy budynek Urzędu Gminy w Pietrowicach Wielkich",
          "amenity": "townhall",
          "building": "office",
          "opening_hours": "Mo 07:30-17:00; Tu-Th 07:30-15:30; Fr 07:30-14:00",
          "phone": "+48 32 419 80 75",
          "email": "poczta@pietrowicewielkie.pl"
        }
      },
      "geometry": {
        "type": "Polygon",
        "coordinates": [
          [
            [
              18.0911414,
              50.083267000000006
            ],
            [
              18.0913521,
              50.083316999999994
            ],
            [
              18.0914199,
              50.08319929999999
            ],
            [
              18.0908937,
              50.0830744
            ],
            [
              18.0908251,
              50.0831942
            ],
            [
              18.0911414,
              50.083267000000006
            ]
          ]
        ]
      }
    },
    {
      "type": "Feature",
      "properties": {
        "source": "OpenStreetMap",
        "source_id": "way/108859276",
        "domain": "public",
        "asset_type": "administration",
        "confidence": "medium",
        "missing_fields": [],
        "limitations": [
          "OSM public-service completeness and tagging vary by area and facility type.",
          "A facility tag is evidence of mapped semantics, not service availability, capacity, accessibility or operating status.",
          "BDOT10k building geometry is retained only as topographic comparison context and cannot establish facility semantics.",
          "No qualified PRG public-service facility class is enabled for this domain pack."
        ],
        "eligible_for_analysis": true,
        "osm_tags": {
          "name": "Urząd Gminy Gierałtowice",
          "office": "government",
          "government": "administrative",
          "building": "yes"
        }
      },
      "geometry": {
        "type": "Polygon",
        "coordinates": [
          [
            [
              18.7244398,
              50.2239265
            ],
            [
              18.7240725,
              50.2238666
            ],
            [
              18.7240474,
              50.223931099999994
            ],
            [
              18.7240238,
              50.2239888
            ],
            [
              18.7242043,
              50.22401909999999
            ],
            [
              18.7242312,
              50.2239628
            ],
            [
              18.7244143,
              50.2239909
            ],
            [
              18.7244398,
              50.2239265
            ]
          ]
        ]
      }
    },
    {
      "type": "Feature",
      "properties": {
        "source": "OpenStreetMap",
        "source_id": "way/130135828",
        "domain": "public",
        "asset_type": "administration",
        "confidence": "medium",
        "missing_fields": [],
        "limitations": [
          "OSM public-service completeness and tagging vary by area and facility type.",
          "A facility tag is evidence of mapped semantics, not service availability, capacity, accessibility or operating status.",
          "BDOT10k building geometry is retained only as topographic comparison context and cannot establish facility semantics.",
          "No qualified PRG public-service facility class is enabled for this domain pack."
        ],
        "eligible_for_analysis": true,
        "osm_tags": {
          "name": "Urząd Gminy Zebrzydowice",
          "amenity": "townhall",
          "building": "yes"
        }
      },
      "geometry": {
        "type": "Polygon",
        "coordinates": [
          [
            [
              18.6125599,
              49.87893139999999
            ],
            [
              18.6126029,
              49.879008899999995
            ],
            [
              18.612743400000003,
              49.87897649999999
            ],
            [
              18.6124958,
              49.8785302
            ],
            [
              18.6122486,
              49.87858709999999
            ],
            [
              18.6124533,
              49.87895600000001
            ],
            [
              18.6125599,
              49.87893139999999
            ]
          ]
        ]
      }
    },
    {
      "type": "Feature",
      "properties": {
        "source": "OpenStreetMap",
        "source_id": "way/130764268",
        "domain": "public",
        "asset_type": "administration",
        "confidence": "medium",
        "missing_fields": [],
        "limitations": [
          "OSM public-service completeness and tagging vary by area and facility type.",
          "A facility tag is evidence of mapped semantics, not service availability, capacity, accessibility or operating status.",
          "BDOT10k building geometry is retained only as topographic comparison context and cannot establish facility semantics.",
          "No qualified PRG public-service facility class is enabled for this domain pack."
        ],
        "eligible_for_analysis": true,
        "osm_tags": {
          "name": "Urząd Gminy Hażlach",
          "website": "https://www.hazlach.pl/",
          "amenity": "townhall",
          "building": "office",
          "opening_hours": "Mo-Th 07:00-15:00; We 07:00-17:00; Fr 08:00-14:00",
          "phone": "+48 33 85 69 479",
          "email": "ug@hazlach.pl"
        }
      },
      "geometry": {
        "type": "Polygon",
        "coordinates": [
          [
            [
              18.656284300000003,
              49.80749389999999
            ],
            [
              18.6562809,
              49.807518
            ],
            [
              18.6563741,
              49.807523399999994
            ],
            [
              18.6563777,
              49.80749759999999
            ],
            [
              18.6564656,
              49.8075027
            ],
            [
              18.656501000000002,
              49.80724880000001
            ],
            [
              18.6561892,
              49.80723069999999
            ],
            [
              18.656153700000004,
              49.807486299999994
            ],
            [
              18.656284300000003,
              49.80749389999999
            ]
          ]
        ]
      }
    },
    {
      "type": "Feature",
      "properties": {
        "source": "OpenStreetMap",
        "source_id": "way/136105782",
        "domain": "public",
        "asset_type": "administration",
        "confidence": "medium",
        "missing_fields": [],
        "limitations": [
          "OSM public-service completeness and tagging vary by area and facility type.",
          "A facility tag is evidence of mapped semantics, not service availability, capacity, accessibility or operating status.",
          "BDOT10k building geometry is retained only as topographic comparison context and cannot establish facility semantics.",
          "No qualified PRG public-service facility class is enabled for this domain pack."
        ],
        "eligible_for_analysis": true,
        "osm_tags": {
          "name": "Ratusz",
          "wikidata": "Q276860",
          "wikipedia": "pl:Knurów",
          "website": "https://www.knurow.pl/",
          "image": "https://upload.wikimedia.org/wikipedia/commons/0/0b/Knur%C3%B3w_-_Ratusz_01.jpg",
          "description": "Siedziba Rady Miasta Knurów",
          "amenity": "townhall",
          "email": "um@knurow.pl",
          "wheelchair": "yes"
        }
      },
      "geometry": {
        "type": "Polygon",
        "coordinates": [
          [
            [
              18.6683415,
              50.22082599999999
            ],
            [
              18.6684502,
              50.22071489999999
            ],
            [
              18.6681096,
              50.22057649999999
            ],
            [
              18.6680004,
              50.22068839999999
            ],
            [
              18.6681045,
              50.2207307
            ],
            [
              18.6680933,
              50.2207424
            ],
            [
              18.6681554,
              50.22076739999999
            ],
            [
              18.6682256,
              50.22079569999999
            ],
            [
              18.668237,
              50.2207848
            ],
            [
              18.6683415,
              50.22082599999999
            ]
          ]
        ]
      }
    },
    {
      "type": "Feature",
      "properties": {
        "source": "OpenStreetMap",
        "source_id": "way/144961323",
        "domain": "public",
        "asset_type": "administration",
        "confidence": "medium",
        "missing_fields": [],
        "limitations": [
          "OSM public-service completeness and tagging vary by area and facility type.",
          "A facility tag is evidence of mapped semantics, not service availability, capacity, accessibility or operating status.",
          "BDOT10k building geometry is retained only as topographic comparison context and cannot establish facility semantics.",
          "No qualified PRG public-service facility class is enabled for this domain pack."
        ],
        "eligible_for_analysis": true,
        "osm_tags": {
          "name": "Obecní Úřad Šilheřovice",
          "website": "https://www.silherovice.cz/",
          "source": "cuzk:ruian",
          "amenity": "townhall",
          "office": "government",
          "building": "civic",
          "phone": "+420 595 054 120"
        }
      },
      "geometry": {
        "type": "Polygon",
        "coordinates": [
          [
            [
              18.2699855,
              49.92540389999999
            ],
            [
              18.2700017,
              49.925372800000005
            ],
            [
              18.2699575,
              49.92536319999999
            ],
            [
              18.2699513,
              49.9253752
            ],
            [
              18.2699163,
              49.92536750000001
            ],
            [
              18.2698485,
              49.925498
            ],
            [
              18.269892,
              49.92550539999999
            ],
            [
              18.269902,
              49.925490599999996
            ],
            [
              18.2701313,
              49.925540299999994
            ],
            [
              18.2701524,
              49.925499200000004
            ],
            [
              18.2701821,
              49.9255055
            ],
            [
              18.2702171,
              49.925454300000006
            ],
            [
              18.2699855,
              49.92540389999999
            ]
          ]
        ]
      }
    },
    {
      "type": "Feature",
      "properties": {
        "source": "OpenStreetMap",
        "source_id": "way/149219263",
        "domain": "public",
        "asset_type": "administration",
        "confidence": "medium",
        "missing_fields": [],
        "limitations": [
          "OSM public-service completeness and tagging vary by area and facility type.",
          "A facility tag is evidence of mapped semantics, not service availability, capacity, accessibility or operating status.",
          "BDOT10k building geometry is retained only as topographic comparison context and cannot establish facility semantics.",
          "No qualified PRG public-service facility class is enabled for this domain pack."
        ],
        "eligible_for_analysis": true,
        "osm_tags": {
          "name": "Starostwo Powiatowe w Wodzisławiu Śląskim",
          "website": "https://www.powiatwodzislawski.pl",
          "source": "Starostwo Powiatowe",
          "office": "government",
          "government": "administrative",
          "building": "yes",
          "opening_hours": "Mo-We, 7:15-15:15, Th 7:17-15:15, fr 7:15-13:15",
          "phone": "+48 32 453 97 10",
          "email": "starostwo@powiatwodzislawski.pl"
        }
      },
      "geometry": {
        "type": "Polygon",
        "coordinates": [
          [
            [
              18.4592559,
              50.0006012
            ],
            [
              18.4593748,
              50.0005402
            ],
            [
              18.459356,
              50.00050009999999
            ],
            [
              18.459374100000005,
              50.00049659999999
            ],
            [
              18.4593939,
              50.00047430000001
            ],
            [
              18.459374900000004,
              50.00042779999999
            ],
            [
              18.459332300000003,
              50.00032360000001
            ],
            [
              18.459157600000005,
              50.0003531
            ],
            [
              18.4591732,
              50.0003911
            ],
            [
              18.4591928,
              50.000439099999994
            ],
            [
              18.45917,
              50.00044290000001
            ],
            [
              18.4591922,
              50.000497300000006
            ],
            [
              18.459212,
              50.00049390000001
            ],
            [
              18.4592559,
              50.0006012
            ]
          ]
        ]
      }
    },
    {
      "type": "Feature",
      "properties": {
        "source": "OpenStreetMap",
        "source_id": "way/153685065",
        "domain": "public",
        "asset_type": "administration",
        "confidence": "medium",
        "missing_fields": [],
        "limitations": [
          "OSM public-service completeness and tagging vary by area and facility type.",
          "A facility tag is evidence of mapped semantics, not service availability, capacity, accessibility or operating status.",
          "BDOT10k building geometry is retained only as topographic comparison context and cannot establish facility semantics.",
          "No qualified PRG public-service facility class is enabled for this domain pack."
        ],
        "eligible_for_analysis": true,
        "osm_tags": {
          "name": "Urząd Gminy Dębowiec",
          "website": "https://www.debowiec.cieszyn.pl/",
          "amenity": "townhall",
          "building": "office",
          "opening_hours": "Mo-We 07:30-15:30; Th 07:30-16:30; Fr 07:30-14:30",
          "phone": "+48 33 853 38 81",
          "email": "debowiec@debowiec.cieszyn.pl"
        }
      },
      "geometry": {
        "type": "Polygon",
        "coordinates": [
          [
            [
              18.7189651,
              49.8141552
            ],
            [
              18.718953000000003,
              49.814134
            ],
            [
              18.7191055,
              49.8140973
            ],
            [
              18.7191197,
              49.814122
            ],
            [
              18.7191997,
              49.81410280000001
            ],
            [
              18.719184,
              49.8140755
            ],
            [
              18.7192181,
              49.8140673
            ],
            [
              18.7191502,
              49.813949
            ],
            [
              18.7189184,
              49.81400359999999
            ],
            [
              18.7187373,
              49.81404819999999
            ],
            [
              18.7187723,
              49.814109200000004
            ],
            [
              18.7187971,
              49.814103300000006
            ],
            [
              18.718843700000004,
              49.81418440000001
            ],
            [
              18.7189651,
              49.8141552
            ]
          ]
        ]
      }
    },
    {
      "type": "Feature",
      "properties": {
        "source": "OpenStreetMap",
        "source_id": "way/158058194",
        "domain": "public",
        "asset_type": "administration",
        "confidence": "medium",
        "missing_fields": [],
        "limitations": [
          "OSM public-service completeness and tagging vary by area and facility type.",
          "A facility tag is evidence of mapped semantics, not service availability, capacity, accessibility or operating status.",
          "BDOT10k building geometry is retained only as topographic comparison context and cannot establish facility semantics.",
          "No qualified PRG public-service facility class is enabled for this domain pack."
        ],
        "eligible_for_analysis": true,
        "osm_tags": {
          "name": "Ratusz",
          "wikidata": "Q1696256",
          "wikipedia": "pl:Ratusz w Gliwicach",
          "height": "20",
          "source": "Bing",
          "amenity": "townhall",
          "building": "yes"
        }
      },
      "geometry": {
        "type": "Polygon",
        "coordinates": [
          [
            [
              18.6656499,
              50.294047400000004
            ],
            [
              18.6656993,
              50.294014999999995
            ],
            [
              18.6657818,
              50.2939609
            ],
            [
              18.6657407,
              50.29393529999999
            ],
            [
              18.6656586,
              50.293884199999994
            ],
            [
              18.6656175,
              50.2938586
            ],
            [
              18.6654036,
              50.293998900000005
            ],
            [
              18.6654447,
              50.294024500000006
            ],
            [
              18.6655269,
              50.2940756
            ],
            [
              18.6655679,
              50.29410109999999
            ],
            [
              18.6656499,
              50.294047400000004
            ]
          ]
        ]
      }
    },
    {
      "type": "Feature",
      "properties": {
        "source": "OpenStreetMap",
        "source_id": "way/161853985",
        "domain": "public",
        "asset_type": "administration",
        "confidence": "medium",
        "missing_fields": [],
        "limitations": [
          "OSM public-service completeness and tagging vary by area and facility type.",
          "A facility tag is evidence of mapped semantics, not service availability, capacity, accessibility or operating status.",
          "BDOT10k building geometry is retained only as topographic comparison context and cannot establish facility semantics.",
          "No qualified PRG public-service facility class is enabled for this domain pack."
        ],
        "eligible_for_analysis": true,
        "osm_tags": {
          "name": "Urząd Gminy Ornontowice",
          "wikidata": "Q140928412",
          "source": "Bing",
          "amenity": "townhall",
          "office": "government",
          "government": "administrative",
          "building": "yes"
        }
      },
      "geometry": {
        "type": "Polygon",
        "coordinates": [
          [
            [
              18.7623977,
              50.1831856
            ],
            [
              18.7621733,
              50.1834452
            ],
            [
              18.7622471,
              50.183471299999994
            ],
            [
              18.7624065,
              50.18352779999999
            ],
            [
              18.762441,
              50.1834879
            ],
            [
              18.762532,
              50.1833827
            ],
            [
              18.7626309,
              50.18326830000001
            ],
            [
              18.7623977,
              50.1831856
            ]
          ]
        ]
      }
    },
    {
      "type": "Feature",
      "properties": {
        "source": "OpenStreetMap",
        "source_id": "way/165141541",
        "domain": "public",
        "asset_type": "administration",
        "confidence": "medium",
        "missing_fields": [],
        "limitations": [
          "OSM public-service completeness and tagging vary by area and facility type.",
          "A facility tag is evidence of mapped semantics, not service availability, capacity, accessibility or operating status.",
          "BDOT10k building geometry is retained only as topographic comparison context and cannot establish facility semantics.",
          "No qualified PRG public-service facility class is enabled for this domain pack."
        ],
        "eligible_for_analysis": true,
        "osm_tags": {
          "name": "Urząd Miasta Ruda Śląska",
          "wikidata": "Q140520902",
          "website": "https://www.rudaslaska.pl/",
          "source": "OSM Tracker, knowledge",
          "amenity": "townhall",
          "office": "government",
          "government": "administrative",
          "building": "civic",
          "phone": "+48 322449000",
          "email": "urzad@ruda-sl.pl",
          "wheelchair": "limited"
        }
      },
      "geometry": {
        "type": "Polygon",
        "coordinates": [
          [
            [
              18.874628,
              50.28615469999999
            ],
            [
              18.8746468,
              50.2860827
            ],
            [
              18.8748603,
              50.28610539999999
            ],
            [
              18.8748564,
              50.2861195
            ],
            [
              18.8748335,
              50.28612540000001
            ],
            [
              18.874831,
              50.286136899999995
            ],
            [
              18.874833300000002,
              50.286150899999996
            ],
            [
              18.8748422,
              50.28616609999999
            ],
            [
              18.8748542,
              50.2861779
            ],
            [
              18.8748691,
              50.2861917
            ],
            [
              18.8748937,
              50.2862044
            ],
            [
              18.8749232,
              50.2862164
            ],
            [
              18.8749565,
              50.286223299999996
            ],
            [
              18.8749874,
              50.28622480000001
            ],
            [
              18.875027900000003,
              50.28622250000001
            ],
            [
              18.8750481,
              50.2862187
            ],
            [
              18.8751093,
              50.286223400000004
            ],
            [
              18.8751422,
              50.286194599999995
            ],
            [
              18.8751632,
              50.28617620000001
            ],
            [
              18.8752205,
              50.28618070000001
            ],
            [
              18.8752312,
              50.28613589999999
            ],
            [
              18.8752775,
              50.28614110000001
            ],
            [
              18.8753238,
              50.28614619999999
            ],
            [
              18.8753025,
              50.286228400000006
            ],
            [
              18.8754669,
              50.28624479999999
            ],
            [
              18.8755156,
              50.28605879999999
            ],
            [
              18.875522,
              50.286059
            ],
            [
              18.8755312,
              50.2860248
            ],
            [
              18.8754788,
              50.286018199999994
            ],
            [
              18.8754763,
              50.2860243
            ],
            [
              18.8751926,
              50.2859938
            ],
            [
              18.8751937,
              50.2859892
            ],
            [
              18.8750366,
              50.285973699999985
            ],
            [
              18.8749796,
              50.285967799999995
            ],
            [
              18.8748705,
              50.2859554
            ],
            [
              18.8748679,
              50.2859607
            ],
            [
              18.8745865,
              50.28593219999999
            ],
            [
              18.8745878,
              50.2859274
            ],
            [
              18.8745327,
              50.2859216
            ],
            [
              18.874525,
              50.28595629999999
            ],
            [
              18.8745309,
              50.285957
            ],
            [
              18.8744872,
              50.2861392
            ],
            [
              18.874628,
              50.28615469999999
            ]
          ]
        ]
      }
    },
    {
      "type": "Feature",
      "properties": {
        "source": "OpenStreetMap",
        "source_id": "way/167066582",
        "domain": "public",
        "asset_type": "administration",
        "confidence": "medium",
        "missing_fields": [],
        "limitations": [
          "OSM public-service completeness and tagging vary by area and facility type.",
          "A facility tag is evidence of mapped semantics, not service availability, capacity, accessibility or operating status.",
          "BDOT10k building geometry is retained only as topographic comparison context and cannot establish facility semantics.",
          "No qualified PRG public-service facility class is enabled for this domain pack."
        ],
        "eligible_for_analysis": true,
        "osm_tags": {
          "name": "Urząd Miasta Ruda Śląska",
          "source": "OSM Tracker, knowledge",
          "amenity": "townhall",
          "government": "administrative",
          "building": "yes",
          "wheelchair": "yes"
        }
      },
      "geometry": {
        "type": "Polygon",
        "coordinates": [
          [
            [
              18.875756,
              50.2871924
            ],
            [
              18.8757663,
              50.287145699999996
            ],
            [
              18.8757783,
              50.2871487
            ],
            [
              18.8757963,
              50.28714519999999
            ],
            [
              18.8758287,
              50.28713200000001
            ],
            [
              18.8758481,
              50.287116299999994
            ],
            [
              18.8758594,
              50.287101799999995
            ],
            [
              18.875855,
              50.287089200000004
            ],
            [
              18.8758497,
              50.2870796
            ],
            [
              18.8758338,
              50.287063399999994
            ],
            [
              18.8758048,
              50.2870506
            ],
            [
              18.8758051,
              50.287043100000005
            ],
            [
              18.8758445,
              50.2870476
            ],
            [
              18.8758634,
              50.286971599999994
            ],
            [
              18.8756269,
              50.286946900000004
            ],
            [
              18.8756236,
              50.2869549
            ],
            [
              18.875612600000004,
              50.2869537
            ],
            [
              18.8755996,
              50.287009099999985
            ],
            [
              18.8755941,
              50.28703459999999
            ],
            [
              18.8755727,
              50.287111499999995
            ],
            [
              18.875581,
              50.2871128
            ],
            [
              18.8755633,
              50.287166899999995
            ],
            [
              18.875756,
              50.2871924
            ]
          ]
        ]
      }
    },
    {
      "type": "Feature",
      "properties": {
        "source": "OpenStreetMap",
        "source_id": "way/167284307",
        "domain": "public",
        "asset_type": "administration",
        "confidence": "medium",
        "missing_fields": [],
        "limitations": [
          "OSM public-service completeness and tagging vary by area and facility type.",
          "A facility tag is evidence of mapped semantics, not service availability, capacity, accessibility or operating status.",
          "BDOT10k building geometry is retained only as topographic comparison context and cannot establish facility semantics.",
          "No qualified PRG public-service facility class is enabled for this domain pack."
        ],
        "eligible_for_analysis": true,
        "osm_tags": {
          "name": "Powiatowa Stacja Sanitarno-Epidemiologiczna",
          "website": "https://www.gov.pl/psse-ruda-slaska",
          "office": "government",
          "government": "healthcare",
          "building": "yes",
          "phone": "+48 32 340 03 84",
          "email": "psse.rudaslaska@neostrada.pl"
        }
      },
      "geometry": {
        "type": "Polygon",
        "coordinates": [
          [
            [
              18.8672043,
              50.27143240000001
            ],
            [
              18.8671457,
              50.2716045
            ],
            [
              18.8671269,
              50.271659899999996
            ],
            [
              18.8673254,
              50.271687500000006
            ],
            [
              18.8674028,
              50.27145999999999
            ],
            [
              18.8672043,
              50.27143240000001
            ]
          ]
        ]
      }
    },
    {
      "type": "Feature",
      "properties": {
        "source": "OpenStreetMap",
        "source_id": "way/168312482",
        "domain": "public",
        "asset_type": "administration",
        "confidence": "medium",
        "missing_fields": [],
        "limitations": [
          "OSM public-service completeness and tagging vary by area and facility type.",
          "A facility tag is evidence of mapped semantics, not service availability, capacity, accessibility or operating status.",
          "BDOT10k building geometry is retained only as topographic comparison context and cannot establish facility semantics.",
          "No qualified PRG public-service facility class is enabled for this domain pack."
        ],
        "eligible_for_analysis": true,
        "osm_tags": {
          "name": "Urząd Gminy Gorzyce",
          "source": "Bing",
          "amenity": "townhall",
          "building": "yes"
        }
      },
      "geometry": {
        "type": "Polygon",
        "coordinates": [
          [
            [
              18.4003881,
              49.957307
            ],
            [
              18.4003762,
              49.9572271
            ],
            [
              18.4003634,
              49.9572279
            ],
            [
              18.4003486,
              49.95712219999999
            ],
            [
              18.4001566,
              49.957134
            ],
            [
              18.4001663,
              49.9571981
            ],
            [
              18.4001435,
              49.957199999999986
            ],
            [
              18.4001427,
              49.957195200000015
            ],
            [
              18.4000711,
              49.95719960000002
            ],
            [
              18.4000891,
              49.9573227
            ],
            [
              18.4003881,
              49.957307
            ]
          ]
        ]
      }
    },
    {
      "type": "Feature",
      "properties": {
        "source": "OpenStreetMap",
        "source_id": "way/169044644",
        "domain": "public",
        "asset_type": "administration",
        "confidence": "medium",
        "missing_fields": [],
        "limitations": [
          "OSM public-service completeness and tagging vary by area and facility type.",
          "A facility tag is evidence of mapped semantics, not service availability, capacity, accessibility or operating status.",
          "BDOT10k building geometry is retained only as topographic comparison context and cannot establish facility semantics.",
          "No qualified PRG public-service facility class is enabled for this domain pack."
        ],
        "eligible_for_analysis": true,
        "osm_tags": {
          "name": "Komenda Powiatowa Państwowej Straży Pożarnej",
          "operator": "Państwowa Straż Pożarna",
          "operator:wikidata": "Q11815208",
          "website": "https://www.gov.pl/web/kppsp-mikolow",
          "office": "government",
          "government": "public_safety",
          "building": "yes",
          "phone": "+48 32 3262314",
          "email": "pspmikolow@katowice.kwpsp.gov.pl"
        }
      },
      "geometry": {
        "type": "Polygon",
        "coordinates": [
          [
            [
              18.9034581,
              50.17175269999999
            ],
            [
              18.9034331,
              50.171649300000006
            ],
            [
              18.9033992,
              50.171652599999994
            ],
            [
              18.9033957,
              50.17163819999999
            ],
            [
              18.903384300000003,
              50.1715908
            ],
            [
              18.9033535,
              50.1715938
            ],
            [
              18.9033425,
              50.1715484
            ],
            [
              18.9033376,
              50.1715282
            ],
            [
              18.9033325,
              50.17150699999999
            ],
            [
              18.903322,
              50.17146319999999
            ],
            [
              18.9033478,
              50.17146060000002
            ],
            [
              18.9033203,
              50.17134679999999
            ],
            [
              18.9032962,
              50.17134920000001
            ],
            [
              18.9032742,
              50.17125779999999
            ],
            [
              18.9032418,
              50.171260999999994
            ],
            [
              18.9030896,
              50.171276
            ],
            [
              18.9031826,
              50.171661400000005
            ],
            [
              18.9030212,
              50.17167729999999
            ],
            [
              18.9030428,
              50.17176659999999
            ],
            [
              18.9030492,
              50.171793099999995
            ],
            [
              18.9034581,
              50.17175269999999
            ]
          ]
        ]
      }
    },
    {
      "type": "Feature",
      "properties": {
        "source": "OpenStreetMap",
        "source_id": "way/169054450",
        "domain": "public",
        "asset_type": "administration",
        "confidence": "medium",
        "missing_fields": [],
        "limitations": [
          "OSM public-service completeness and tagging vary by area and facility type.",
          "A facility tag is evidence of mapped semantics, not service availability, capacity, accessibility or operating status.",
          "BDOT10k building geometry is retained only as topographic comparison context and cannot establish facility semantics.",
          "No qualified PRG public-service facility class is enabled for this domain pack."
        ],
        "eligible_for_analysis": true,
        "osm_tags": {
          "name": "Urząd Miejski w Sośnicowicach",
          "website": "https://www.sosnicowice.pl/",
          "amenity": "townhall",
          "office": "government",
          "government": "administrative",
          "building": "yes",
          "phone": "+48 322387191",
          "email": "um@sosnicowice.pl"
        }
      },
      "geometry": {
        "type": "Polygon",
        "coordinates": [
          [
            [
              18.5303934,
              50.27193379999999
            ],
            [
              18.5302625,
              50.271983699999986
            ],
            [
              18.5303522,
              50.27208589999999
            ],
            [
              18.5304217,
              50.272165
            ],
            [
              18.5305582,
              50.2721172
            ],
            [
              18.5303934,
              50.27193379999999
            ]
          ]
        ]
      }
    },
    {
      "type": "Feature",
      "properties": {
        "source": "OpenStreetMap",
        "source_id": "way/170833875",
        "domain": "public",
        "asset_type": "administration",
        "confidence": "medium",
        "missing_fields": [],
        "limitations": [
          "OSM public-service completeness and tagging vary by area and facility type.",
          "A facility tag is evidence of mapped semantics, not service availability, capacity, accessibility or operating status.",
          "BDOT10k building geometry is retained only as topographic comparison context and cannot establish facility semantics.",
          "No qualified PRG public-service facility class is enabled for this domain pack."
        ],
        "eligible_for_analysis": true,
        "osm_tags": {
          "name": "Urząd Miejski w Świętochłowicach",
          "website": "https://www.swietochlowice.pl/",
          "source": "www.geoportal.gov.pl",
          "amenity": "townhall",
          "office": "government",
          "government": "administrative",
          "building": "yes",
          "opening_hours": "Mo 07:30-17:00; Tu-Th 07:30-15:30, Fr 07:30-14:00",
          "phone": "+48 32 349 18 00",
          "email": "um@swietochlowice.pl"
        }
      },
      "geometry": {
        "type": "Polygon",
        "coordinates": [
          [
            [
              18.9313412,
              50.285092600000006
            ],
            [
              18.9314819,
              50.2852534
            ],
            [
              18.9314368,
              50.2852695
            ],
            [
              18.9314201,
              50.285250199999986
            ],
            [
              18.931392700000004,
              50.285259999999994
            ],
            [
              18.9314096,
              50.2852791
            ],
            [
              18.9313597,
              50.2852968
            ],
            [
              18.9312216,
              50.2851394
            ],
            [
              18.931065,
              50.2851968
            ],
            [
              18.9310847,
              50.28521859999999
            ],
            [
              18.9310693,
              50.28522409999999
            ],
            [
              18.9311956,
              50.28536729999999
            ],
            [
              18.931211,
              50.2853618
            ],
            [
              18.9312298,
              50.285382999999996
            ],
            [
              18.9312643,
              50.28537099999999
            ],
            [
              18.9313057,
              50.2854179
            ],
            [
              18.931419,
              50.28537699999999
            ],
            [
              18.9314173,
              50.2853734
            ],
            [
              18.9314554,
              50.28535889999999
            ],
            [
              18.9314622,
              50.28536689999998
            ],
            [
              18.9315805,
              50.285324599999996
            ],
            [
              18.9315902,
              50.2853356
            ],
            [
              18.9317707,
              50.285270499999996
            ],
            [
              18.9317574,
              50.285254699999996
            ],
            [
              18.9317651,
              50.28523620000001
            ],
            [
              18.9317436,
              50.285211399999994
            ],
            [
              18.9317148,
              50.2852064
            ],
            [
              18.9316462,
              50.285130099999996
            ],
            [
              18.9316176,
              50.2851409
            ],
            [
              18.931564600000005,
              50.2850773
            ],
            [
              18.9315703,
              50.2850749
            ],
            [
              18.9315258,
              50.2850261
            ],
            [
              18.9313412,
              50.285092600000006
            ]
          ]
        ]
      }
    },
    {
      "type": "Feature",
      "properties": {
        "source": "OpenStreetMap",
        "source_id": "way/176389012",
        "domain": "public",
        "asset_type": "administration",
        "confidence": "medium",
        "missing_fields": [],
        "limitations": [
          "OSM public-service completeness and tagging vary by area and facility type.",
          "A facility tag is evidence of mapped semantics, not service availability, capacity, accessibility or operating status.",
          "BDOT10k building geometry is retained only as topographic comparison context and cannot establish facility semantics.",
          "No qualified PRG public-service facility class is enabled for this domain pack."
        ],
        "eligible_for_analysis": true,
        "osm_tags": {
          "name": "Urząd Stanu Cywilnego w Pszczynie",
          "office": "government",
          "government": "register_office",
          "building": "yes",
          "opening_hours": "Mo 07:00-16:00; Tu-Fr 07:00-15:00"
        }
      },
      "geometry": {
        "type": "Polygon",
        "coordinates": [
          [
            [
              18.9416576,
              49.9785642
            ],
            [
              18.9418063,
              49.978590399999995
            ],
            [
              18.9418446,
              49.9784928
            ],
            [
              18.9417535,
              49.97847019999999
            ],
            [
              18.941531100000002,
              49.9784402
            ],
            [
              18.9414997,
              49.978532499999986
            ],
            [
              18.9414986,
              49.97853609999999
            ],
            [
              18.9416576,
              49.9785642
            ]
          ]
        ]
      }
    },
    {
      "type": "Feature",
      "properties": {
        "source": "OpenStreetMap",
        "source_id": "way/179315979",
        "domain": "public",
        "asset_type": "administration",
        "confidence": "medium",
        "missing_fields": [],
        "limitations": [
          "OSM public-service completeness and tagging vary by area and facility type.",
          "A facility tag is evidence of mapped semantics, not service availability, capacity, accessibility or operating status.",
          "BDOT10k building geometry is retained only as topographic comparison context and cannot establish facility semantics.",
          "No qualified PRG public-service facility class is enabled for this domain pack."
        ],
        "eligible_for_analysis": true,
        "osm_tags": {
          "name": "Miejski Zarząd Ulic i Mostów",
          "website": "https://mzuim.chorzow.eu/",
          "amenity": "townhall",
          "building": "public",
          "phone": "+48 32 241 12 70",
          "email": "sekretariat@mzuim.chorzow.eu",
          "wheelchair": "yes"
        }
      },
      "geometry": {
        "type": "Polygon",
        "coordinates": [
          [
            [
              18.9373825,
              50.2885865
            ],
            [
              18.9367906,
              50.2880458
            ],
            [
              18.9367563,
              50.2880621
            ],
            [
              18.9366797,
              50.288100199999995
            ],
            [
              18.9366527,
              50.288113499999994
            ],
            [
              18.9372487,
              50.28864649999999
            ],
            [
              18.9373825,
              50.2885865
            ]
          ]
        ]
      }
    },
    {
      "type": "Feature",
      "properties": {
        "source": "OpenStreetMap",
        "source_id": "way/179794467",
        "domain": "public",
        "asset_type": "administration",
        "confidence": "medium",
        "missing_fields": [],
        "limitations": [
          "OSM public-service completeness and tagging vary by area and facility type.",
          "A facility tag is evidence of mapped semantics, not service availability, capacity, accessibility or operating status.",
          "BDOT10k building geometry is retained only as topographic comparison context and cannot establish facility semantics.",
          "No qualified PRG public-service facility class is enabled for this domain pack."
        ],
        "eligible_for_analysis": true,
        "osm_tags": {
          "name": "Urząd Skarbowy Chorzów",
          "office": "government",
          "government": "tax",
          "building": "yes"
        }
      },
      "geometry": {
        "type": "Polygon",
        "coordinates": [
          [
            [
              18.9367666,
              50.2833789
            ],
            [
              18.9368239,
              50.28342859999999
            ],
            [
              18.9371499,
              50.28374659999999
            ],
            [
              18.937316,
              50.283677099999984
            ],
            [
              18.9369851,
              50.283356999999995
            ],
            [
              18.9367926,
              50.2831709
            ],
            [
              18.9366253,
              50.28324159999999
            ],
            [
              18.9367666,
              50.2833789
            ]
          ]
        ]
      }
    },
    {
      "type": "Feature",
      "properties": {
        "source": "OpenStreetMap",
        "source_id": "way/179794833",
        "domain": "public",
        "asset_type": "administration",
        "confidence": "medium",
        "missing_fields": [],
        "limitations": [
          "OSM public-service completeness and tagging vary by area and facility type.",
          "A facility tag is evidence of mapped semantics, not service availability, capacity, accessibility or operating status.",
          "BDOT10k building geometry is retained only as topographic comparison context and cannot establish facility semantics.",
          "No qualified PRG public-service facility class is enabled for this domain pack."
        ],
        "eligible_for_analysis": true,
        "osm_tags": {
          "name": "Urząd Stanu Cywilnego w Świętochłowicach",
          "office": "government",
          "government": "register_office",
          "building": "yes"
        }
      },
      "geometry": {
        "type": "Polygon",
        "coordinates": [
          [
            [
              18.9305488,
              50.28610069999999
            ],
            [
              18.9305143,
              50.286113199999996
            ],
            [
              18.9305711,
              50.286179299999986
            ],
            [
              18.9306082,
              50.28616699999999
            ],
            [
              18.9306174,
              50.2861773
            ],
            [
              18.9308281,
              50.28610309999999
            ],
            [
              18.9308616,
              50.2860903
            ],
            [
              18.9308582,
              50.286086700000006
            ],
            [
              18.9308819,
              50.28607730000001
            ],
            [
              18.9308525,
              50.286043799999995
            ],
            [
              18.9308618,
              50.286040199999995
            ],
            [
              18.930828000000005,
              50.28600149999999
            ],
            [
              18.9307946,
              50.286013099999984
            ],
            [
              18.9307628,
              50.2859756
            ],
            [
              18.9305178,
              50.2860618
            ],
            [
              18.9305488,
              50.28610069999999
            ]
          ]
        ]
      }
    },
    {
      "type": "Feature",
      "properties": {
        "source": "OpenStreetMap",
        "source_id": "way/179811454",
        "domain": "public",
        "asset_type": "administration",
        "confidence": "medium",
        "missing_fields": [],
        "limitations": [
          "OSM public-service completeness and tagging vary by area and facility type.",
          "A facility tag is evidence of mapped semantics, not service availability, capacity, accessibility or operating status.",
          "BDOT10k building geometry is retained only as topographic comparison context and cannot establish facility semantics.",
          "No qualified PRG public-service facility class is enabled for this domain pack."
        ],
        "eligible_for_analysis": true,
        "osm_tags": {
          "office": "government",
          "building": "yes"
        }
      },
      "geometry": {
        "type": "Polygon",
        "coordinates": [
          [
            [
              18.9246128,
              50.2884241
            ],
            [
              18.9246225,
              50.2884328
            ],
            [
              18.924655000000005,
              50.2884267
            ],
            [
              18.9246894,
              50.28841149999999
            ],
            [
              18.9247079,
              50.2883967
            ],
            [
              18.9246895,
              50.288376899999996
            ],
            [
              18.9247285,
              50.28835920000001
            ],
            [
              18.924720000000004,
              50.288351299999995
            ],
            [
              18.924718,
              50.28834129999999
            ],
            [
              18.9247127,
              50.2883329
            ],
            [
              18.9247012,
              50.288324799999984
            ],
            [
              18.9246853,
              50.2883193
            ],
            [
              18.9246674,
              50.288302800000004
            ],
            [
              18.9246801,
              50.28829290000001
            ],
            [
              18.9246808,
              50.288276599999996
            ],
            [
              18.9246654,
              50.28826329999998
            ],
            [
              18.9246448,
              50.288257699999996
            ],
            [
              18.9246232,
              50.288261999999996
            ],
            [
              18.9246063,
              50.2882463
            ],
            [
              18.9246047,
              50.28823299999999
            ],
            [
              18.9245973,
              50.288224199999995
            ],
            [
              18.9245884,
              50.2882184
            ],
            [
              18.924569700000003,
              50.28820199999999
            ],
            [
              18.9244362,
              50.2882617
            ],
            [
              18.924462000000002,
              50.28828639999999
            ],
            [
              18.9244295,
              50.28830109999999
            ],
            [
              18.9244782,
              50.2883464
            ],
            [
              18.9245105,
              50.28833219999999
            ],
            [
              18.9245228,
              50.288343600000005
            ],
            [
              18.9244654,
              50.2883693
            ],
            [
              18.9244895,
              50.28839219999999
            ],
            [
              18.9245318,
              50.2884324
            ],
            [
              18.9245589,
              50.28842019999999
            ],
            [
              18.9245709,
              50.2884307
            ],
            [
              18.9246036,
              50.2884159
            ],
            [
              18.9246128,
              50.2884241
            ]
          ]
        ]
      }
    },
    {
      "type": "Feature",
      "properties": {
        "source": "OpenStreetMap",
        "source_id": "way/183897496",
        "domain": "public",
        "asset_type": "administration",
        "confidence": "medium",
        "missing_fields": [],
        "limitations": [
          "OSM public-service completeness and tagging vary by area and facility type.",
          "A facility tag is evidence of mapped semantics, not service availability, capacity, accessibility or operating status.",
          "BDOT10k building geometry is retained only as topographic comparison context and cannot establish facility semantics.",
          "No qualified PRG public-service facility class is enabled for this domain pack."
        ],
        "eligible_for_analysis": true,
        "osm_tags": {
          "name": "Urząd Skarbowy",
          "office": "government",
          "government": "tax",
          "building": "yes",
          "opening_hours": "Mo-Fr 08:00-15:00"
        }
      },
      "geometry": {
        "type": "Polygon",
        "coordinates": [
          [
            [
              18.4654651,
              50.0031324
            ],
            [
              18.4656277,
              50.00318419999999
            ],
            [
              18.465787900000002,
              50.0029775
            ],
            [
              18.4658151,
              50.0029415
            ],
            [
              18.4656515,
              50.002890799999996
            ],
            [
              18.4654651,
              50.0031324
            ]
          ]
        ]
      }
    },
    {
      "type": "Feature",
      "properties": {
        "source": "OpenStreetMap",
        "source_id": "way/190339346",
        "domain": "public",
        "asset_type": "administration",
        "confidence": "medium",
        "missing_fields": [],
        "limitations": [
          "OSM public-service completeness and tagging vary by area and facility type.",
          "A facility tag is evidence of mapped semantics, not service availability, capacity, accessibility or operating status.",
          "BDOT10k building geometry is retained only as topographic comparison context and cannot establish facility semantics.",
          "No qualified PRG public-service facility class is enabled for this domain pack."
        ],
        "eligible_for_analysis": true,
        "osm_tags": {
          "name": "Starostwo Powiatowe w Wodzisławiu Śląskim",
          "operator": "Powiat Wodzisławski",
          "source": "Bing",
          "amenity": "townhall",
          "building": "public",
          "opening_hours": "Mo-We 08:00-15; 00, Th 08:00-17:00, Fr 08:00-13:00",
          "phone": "+48 32 453 97 10",
          "email": "starostwo@powiatwodzislawski.pl"
        }
      },
      "geometry": {
        "type": "Polygon",
        "coordinates": [
          [
            [
              18.4466005,
              50.0081016
            ],
            [
              18.4458998,
              50.0085034
            ],
            [
              18.4458929,
              50.0084997
            ],
            [
              18.4456742,
              50.0086253
            ],
            [
              18.4457935,
              50.0087116
            ],
            [
              18.445938,
              50.008628
            ],
            [
              18.4460453,
              50.00870619999999
            ],
            [
              18.4458547,
              50.0088153
            ],
            [
              18.4459735,
              50.008903
            ],
            [
              18.446162,
              50.00879379999999
            ],
            [
              18.4465763,
              50.00855510000001
            ],
            [
              18.4464587,
              50.00847
            ],
            [
              18.4462644,
              50.0085801
            ],
            [
              18.4461652,
              50.008502699999994
            ],
            [
              18.4465444,
              50.0082828
            ],
            [
              18.446585,
              50.00831309999998
            ],
            [
              18.4466113,
              50.008299599999994
            ],
            [
              18.4466346,
              50.0082843
            ],
            [
              18.4465941,
              50.00825280000001
            ],
            [
              18.4467177,
              50.00818269999999
            ],
            [
              18.4466005,
              50.0081016
            ]
          ]
        ]
      }
    },
    {
      "type": "Feature",
      "properties": {
        "source": "OpenStreetMap",
        "source_id": "way/190493380",
        "domain": "public",
        "asset_type": "administration",
        "confidence": "medium",
        "missing_fields": [],
        "limitations": [
          "OSM public-service completeness and tagging vary by area and facility type.",
          "A facility tag is evidence of mapped semantics, not service availability, capacity, accessibility or operating status.",
          "BDOT10k building geometry is retained only as topographic comparison context and cannot establish facility semantics.",
          "No qualified PRG public-service facility class is enabled for this domain pack."
        ],
        "eligible_for_analysis": true,
        "osm_tags": {
          "name": "Urząd Gminy Nędza",
          "website": "https://www.nedza.pl/",
          "amenity": "townhall",
          "building": "office",
          "opening_hours": "Mo 07:00-16:00; Tu 07:00-15:00; We 07:00-14:00",
          "phone": "+48 32 410 20 18",
          "email": "ug@nedza.pl"
        }
      },
      "geometry": {
        "type": "Polygon",
        "coordinates": [
          [
            [
              18.3098306,
              50.1603097
            ],
            [
              18.3098765,
              50.160259599999996
            ],
            [
              18.3099863,
              50.160301000000004
            ],
            [
              18.310076,
              50.1602032
            ],
            [
              18.3099282,
              50.1601476
            ],
            [
              18.3098851,
              50.160131299999996
            ],
            [
              18.309819600000004,
              50.16010669999999
            ],
            [
              18.3097766,
              50.160090499999995
            ],
            [
              18.309641,
              50.1602383
            ],
            [
              18.3098306,
              50.1603097
            ]
          ]
        ]
      }
    },
    {
      "type": "Feature",
      "properties": {
        "source": "OpenStreetMap",
        "source_id": "way/200047589",
        "domain": "public",
        "asset_type": "administration",
        "confidence": "medium",
        "missing_fields": [],
        "limitations": [
          "OSM public-service completeness and tagging vary by area and facility type.",
          "A facility tag is evidence of mapped semantics, not service availability, capacity, accessibility or operating status.",
          "BDOT10k building geometry is retained only as topographic comparison context and cannot establish facility semantics.",
          "No qualified PRG public-service facility class is enabled for this domain pack."
        ],
        "eligible_for_analysis": true,
        "osm_tags": {
          "name": "Urząd Dozoru Technicznego",
          "source": "own",
          "office": "government",
          "building": "yes",
          "opening_hours": "Mo-Fr 07:00-15:00; Sa-Su, PH off"
        }
      },
      "geometry": {
        "type": "Polygon",
        "coordinates": [
          [
            [
              18.6912287,
              50.29048699999999
            ],
            [
              18.6910081,
              50.29014409999999
            ],
            [
              18.6909653,
              50.290155399999996
            ],
            [
              18.6909385,
              50.2901137
            ],
            [
              18.6910502,
              50.29008420000001
            ],
            [
              18.6909813,
              50.2899772
            ],
            [
              18.6906626,
              50.2900613
            ],
            [
              18.6907324,
              50.2901699
            ],
            [
              18.690833900000005,
              50.29014310000001
            ],
            [
              18.690857700000002,
              50.2901802
            ],
            [
              18.6908238,
              50.2901892
            ],
            [
              18.6910464,
              50.29053519999999
            ],
            [
              18.6912287,
              50.29048699999999
            ]
          ]
        ]
      }
    },
    {
      "type": "Feature",
      "properties": {
        "source": "OpenStreetMap",
        "source_id": "way/202803287",
        "domain": "public",
        "asset_type": "administration",
        "confidence": "medium",
        "missing_fields": [],
        "limitations": [
          "OSM public-service completeness and tagging vary by area and facility type.",
          "A facility tag is evidence of mapped semantics, not service availability, capacity, accessibility or operating status.",
          "BDOT10k building geometry is retained only as topographic comparison context and cannot establish facility semantics.",
          "No qualified PRG public-service facility class is enabled for this domain pack."
        ],
        "eligible_for_analysis": true,
        "osm_tags": {
          "name": "Prokuratura Rejonowa",
          "website": "https://www.gliwice.po.gov.pl/prokuratury-rejonowe/pr-zabrze",
          "source": "UM Zabrze",
          "office": "government",
          "government": "prosecutor",
          "building": "yes",
          "phone": "+48 32 271 32 91",
          "email": "pr.zabrze@gliwice.po.gov.pl"
        }
      },
      "geometry": {
        "type": "Polygon",
        "coordinates": [
          [
            [
              18.7970923,
              50.300367900000005
            ],
            [
              18.7970843,
              50.3003915
            ],
            [
              18.7971551,
              50.30040149999999
            ],
            [
              18.7971639,
              50.300378
            ],
            [
              18.7973007,
              50.3003977
            ],
            [
              18.7973111,
              50.3003667
            ],
            [
              18.7973232,
              50.300330599999995
            ],
            [
              18.797338,
              50.3002862
            ],
            [
              18.7972798,
              50.30027789999999
            ],
            [
              18.7969376,
              50.300229200000004
            ],
            [
              18.7968991,
              50.30034
            ],
            [
              18.7970923,
              50.300367900000005
            ]
          ]
        ]
      }
    },
    {
      "type": "Feature",
      "properties": {
        "source": "OpenStreetMap",
        "source_id": "way/202833897",
        "domain": "public",
        "asset_type": "administration",
        "confidence": "medium",
        "missing_fields": [],
        "limitations": [
          "OSM public-service completeness and tagging vary by area and facility type.",
          "A facility tag is evidence of mapped semantics, not service availability, capacity, accessibility or operating status.",
          "BDOT10k building geometry is retained only as topographic comparison context and cannot establish facility semantics.",
          "No qualified PRG public-service facility class is enabled for this domain pack."
        ],
        "eligible_for_analysis": true,
        "osm_tags": {
          "name": "Urząd Miejski w Zabrzu",
          "website": "www.um.zabrze.pl",
          "image": "https://commons.wikimedia.org/wiki/File:Zabrze_dyrekcja_huty.jpg",
          "source": "UM Zabrze",
          "amenity": "townhall",
          "office": "government",
          "government": "administrative",
          "building": "government",
          "phone": "+48 323733300",
          "email": "umz@um.zabrze.pl"
        }
      },
      "geometry": {
        "type": "Polygon",
        "coordinates": [
          [
            [
              18.7866939,
              50.309174999999996
            ],
            [
              18.7866952,
              50.30917049999999
            ],
            [
              18.7868385,
              50.309188
            ],
            [
              18.7868681,
              50.30919159999999
            ],
            [
              18.7869004,
              50.309195599999995
            ],
            [
              18.7869328,
              50.30919959999999
            ],
            [
              18.7869547,
              50.309202199999994
            ],
            [
              18.7871069,
              50.3092202
            ],
            [
              18.7871058,
              50.30922470000001
            ],
            [
              18.7872452,
              50.3092419
            ],
            [
              18.7873171,
              50.309005000000006
            ],
            [
              18.787174,
              50.3089874
            ],
            [
              18.7871476,
              50.3090779
            ],
            [
              18.7867386,
              50.3090276
            ],
            [
              18.786766,
              50.30893759999999
            ],
            [
              18.7866233,
              50.308920099999995
            ],
            [
              18.7865526,
              50.309158399999994
            ],
            [
              18.7866939,
              50.309174999999996
            ]
          ]
        ]
      }
    },
    {
      "type": "Feature",
      "properties": {
        "source": "OpenStreetMap",
        "source_id": "way/202834664",
        "domain": "public",
        "asset_type": "administration",
        "confidence": "medium",
        "missing_fields": [],
        "limitations": [
          "OSM public-service completeness and tagging vary by area and facility type.",
          "A facility tag is evidence of mapped semantics, not service availability, capacity, accessibility or operating status.",
          "BDOT10k building geometry is retained only as topographic comparison context and cannot establish facility semantics.",
          "No qualified PRG public-service facility class is enabled for this domain pack."
        ],
        "eligible_for_analysis": true,
        "osm_tags": {
          "name": "Urząd Miejski w Zabrzu",
          "source": "UM Zabrze",
          "office": "government",
          "building": "government",
          "opening_hours": "Tu-Fr 07:30-15:30; Mo 07:30-17:00"
        }
      },
      "geometry": {
        "type": "Polygon",
        "coordinates": [
          [
            [
              18.7857287,
              50.30748319999999
            ],
            [
              18.7857956,
              50.3075522
            ],
            [
              18.7858365,
              50.307594
            ],
            [
              18.7859496,
              50.3075489
            ],
            [
              18.7859596,
              50.30755919999999
            ],
            [
              18.7860271,
              50.30753219999999
            ],
            [
              18.7860569,
              50.3075627
            ],
            [
              18.7861654,
              50.3075194
            ],
            [
              18.7861634,
              50.307505199999994
            ],
            [
              18.7861752,
              50.3075005
            ],
            [
              18.7861486,
              50.3074732
            ],
            [
              18.7862019,
              50.3074521
            ],
            [
              18.7861558,
              50.307400599999994
            ],
            [
              18.7862006,
              50.3073829
            ],
            [
              18.7861179,
              50.3072976
            ],
            [
              18.7860731,
              50.3073153
            ],
            [
              18.7860116,
              50.30733959999998
            ],
            [
              18.7858854,
              50.30738939999999
            ],
            [
              18.7857138,
              50.3074586
            ],
            [
              18.7857073,
              50.3074612
            ],
            [
              18.7857287,
              50.30748319999999
            ]
          ]
        ]
      }
    },
    {
      "type": "Feature",
      "properties": {
        "source": "OpenStreetMap",
        "source_id": "way/202835067",
        "domain": "public",
        "asset_type": "administration",
        "confidence": "medium",
        "missing_fields": [],
        "limitations": [
          "OSM public-service completeness and tagging vary by area and facility type.",
          "A facility tag is evidence of mapped semantics, not service availability, capacity, accessibility or operating status.",
          "BDOT10k building geometry is retained only as topographic comparison context and cannot establish facility semantics.",
          "No qualified PRG public-service facility class is enabled for this domain pack."
        ],
        "eligible_for_analysis": true,
        "osm_tags": {
          "name": "Urząd Miejski w Zabrzu",
          "website": "www.um.zabrze.pl",
          "source": "UM Zabrze",
          "office": "government",
          "government": "administrative",
          "building": "public",
          "opening_hours": "Mo 07:30-17:00;Tu-Fr 07:30-15:30",
          "phone": "+48 323733300",
          "email": "umz@um.zabrze.pl"
        }
      },
      "geometry": {
        "type": "Polygon",
        "coordinates": [
          [
            [
              18.7852251,
              50.3083421
            ],
            [
              18.7852369,
              50.308409999999995
            ],
            [
              18.785239100000002,
              50.30842259999998
            ],
            [
              18.7852422,
              50.308440899999994
            ],
            [
              18.7852457,
              50.308460499999995
            ],
            [
              18.7852485,
              50.3084775
            ],
            [
              18.7852522,
              50.30849799999999
            ],
            [
              18.7852552,
              50.3085151
            ],
            [
              18.785258800000005,
              50.308536000000004
            ],
            [
              18.7852631,
              50.3085611
            ],
            [
              18.7852668,
              50.30858
            ],
            [
              18.7852662,
              50.3085806
            ],
            [
              18.7852656,
              50.3085818
            ],
            [
              18.7852649,
              50.308583
            ],
            [
              18.7852643,
              50.3085842
            ],
            [
              18.7852638,
              50.30858539999999
            ],
            [
              18.7852635,
              50.30858670000001
            ],
            [
              18.7852633,
              50.3085879
            ],
            [
              18.785263,
              50.30858920000001
            ],
            [
              18.785263,
              50.308590499999994
            ],
            [
              18.785263,
              50.308591699999994
            ],
            [
              18.7852635,
              50.30859420000001
            ],
            [
              18.7852638,
              50.3085955
            ],
            [
              18.7852643,
              50.30859670000001
            ],
            [
              18.7852648,
              50.308598100000005
            ],
            [
              18.7852654,
              50.30859920000001
            ],
            [
              18.785267,
              50.3086014
            ],
            [
              18.785269,
              50.3086036
            ],
            [
              18.7852713,
              50.308605699999994
            ],
            [
              18.7852726,
              50.30860669999999
            ],
            [
              18.785274,
              50.308607599999995
            ],
            [
              18.785277,
              50.30860920000001
            ],
            [
              18.7852801,
              50.308610699999996
            ],
            [
              18.7852835,
              50.308612
            ],
            [
              18.7852871,
              50.30861300000001
            ],
            [
              18.785289,
              50.3086135
            ],
            [
              18.7852909,
              50.3086138
            ],
            [
              18.7852928,
              50.3086142
            ],
            [
              18.7852947,
              50.308614299999995
            ],
            [
              18.7854866,
              50.308597199999994
            ],
            [
              18.7854807,
              50.308559599999995
            ],
            [
              18.7854909,
              50.3085589
            ],
            [
              18.785488,
              50.3085425
            ],
            [
              18.7854269,
              50.30816519999999
            ],
            [
              18.7852192,
              50.30817969999999
            ],
            [
              18.78522,
              50.30818429999999
            ],
            [
              18.7852275,
              50.30823469999999
            ],
            [
              18.7852396,
              50.308300999999986
            ],
            [
              18.7852201,
              50.308302299999994
            ],
            [
              18.7852251,
              50.3083421
            ]
          ]
        ]
      }
    },
    {
      "type": "Feature",
      "properties": {
        "source": "OpenStreetMap",
        "source_id": "way/203210939",
        "domain": "public",
        "asset_type": "administration",
        "confidence": "medium",
        "missing_fields": [],
        "limitations": [
          "OSM public-service completeness and tagging vary by area and facility type.",
          "A facility tag is evidence of mapped semantics, not service availability, capacity, accessibility or operating status.",
          "BDOT10k building geometry is retained only as topographic comparison context and cannot establish facility semantics.",
          "No qualified PRG public-service facility class is enabled for this domain pack."
        ],
        "eligible_for_analysis": true,
        "osm_tags": {
          "name": "Urząd Miejski w Ujeździe",
          "website": "https://ujazd.pl/",
          "amenity": "townhall",
          "office": "government",
          "government": "administrative",
          "building": "public",
          "phone": "+48 774048750",
          "email": "umig@ujazd.pl"
        }
      },
      "geometry": {
        "type": "Polygon",
        "coordinates": [
          [
            [
              18.3470242,
              50.3889093
            ],
            [
              18.3468219,
              50.388908199999996
            ],
            [
              18.3468209,
              50.3889015
            ],
            [
              18.346662,
              50.3889
            ],
            [
              18.3466616,
              50.3889066
            ],
            [
              18.3465887,
              50.38890589999999
            ],
            [
              18.346576,
              50.3888997
            ],
            [
              18.3465709,
              50.3889048
            ],
            [
              18.3465817,
              50.3889101
            ],
            [
              18.346581,
              50.388959699999994
            ],
            [
              18.34657,
              50.3889597
            ],
            [
              18.3465696,
              50.388992
            ],
            [
              18.3465808,
              50.388992099999996
            ],
            [
              18.346580100000004,
              50.389039
            ],
            [
              18.3467484,
              50.389039999999994
            ],
            [
              18.3467491,
              50.388986100000004
            ],
            [
              18.3468588,
              50.38898669999999
            ],
            [
              18.3468582,
              50.38902479999999
            ],
            [
              18.3468577,
              50.389061
            ],
            [
              18.347022,
              50.389061899999994
            ],
            [
              18.3470242,
              50.3889093
            ]
          ]
        ]
      }
    },
    {
      "type": "Feature",
      "properties": {
        "source": "OpenStreetMap",
        "source_id": "way/205262966",
        "domain": "public",
        "asset_type": "administration",
        "confidence": "medium",
        "missing_fields": [],
        "limitations": [
          "OSM public-service completeness and tagging vary by area and facility type.",
          "A facility tag is evidence of mapped semantics, not service availability, capacity, accessibility or operating status.",
          "BDOT10k building geometry is retained only as topographic comparison context and cannot establish facility semantics.",
          "No qualified PRG public-service facility class is enabled for this domain pack."
        ],
        "eligible_for_analysis": true,
        "osm_tags": {
          "name": "Prokuratura Rejonowa",
          "source": "UM Ruda Śląska",
          "office": "government",
          "government": "prosecutor",
          "building": "office"
        }
      },
      "geometry": {
        "type": "Polygon",
        "coordinates": [
          [
            [
              18.8327696,
              50.267514799999994
            ],
            [
              18.8328085,
              50.267320599999984
            ],
            [
              18.8328124,
              50.26730109999999
            ],
            [
              18.8325938,
              50.267283699999986
            ],
            [
              18.8325703,
              50.2673966
            ],
            [
              18.8322079,
              50.26736750000001
            ],
            [
              18.8321792,
              50.2675114
            ],
            [
              18.8323899,
              50.267528399999996
            ],
            [
              18.8326294,
              50.2675478
            ],
            [
              18.8326264,
              50.2675614
            ],
            [
              18.8326743,
              50.2675649
            ],
            [
              18.8326652,
              50.2676146
            ],
            [
              18.8327481,
              50.2676203
            ],
            [
              18.8327495,
              50.267620399999984
            ],
            [
              18.8327561,
              50.26758379999998
            ],
            [
              18.8327582,
              50.267572
            ],
            [
              18.8327696,
              50.267514799999994
            ]
          ]
        ]
      }
    },
    {
      "type": "Feature",
      "properties": {
        "source": "OpenStreetMap",
        "source_id": "way/206728740",
        "domain": "public",
        "asset_type": "administration",
        "confidence": "medium",
        "missing_fields": [],
        "limitations": [
          "OSM public-service completeness and tagging vary by area and facility type.",
          "A facility tag is evidence of mapped semantics, not service availability, capacity, accessibility or operating status.",
          "BDOT10k building geometry is retained only as topographic comparison context and cannot establish facility semantics.",
          "No qualified PRG public-service facility class is enabled for this domain pack."
        ],
        "eligible_for_analysis": true,
        "osm_tags": {
          "name": "Urząd Skarbowy w Jastrzębiu-Zdroju",
          "website": "https://www.slaskie.kas.gov.pl/urzad-skarbowy-w-jastrzebiu-zdroju",
          "office": "government",
          "government": "tax",
          "building": "office",
          "phone": "+48 32 476 14 71",
          "email": "sekretariat.us.jastrzebie-zdroj@mf.gov.pl"
        }
      },
      "geometry": {
        "type": "Polygon",
        "coordinates": [
          [
            [
              18.5767835,
              49.95046169999999
            ],
            [
              18.576805300000004,
              49.9504652
            ],
            [
              18.5768371,
              49.9503754
            ],
            [
              18.576741900000002,
              49.9503609
            ],
            [
              18.5767169,
              49.95035690000001
            ],
            [
              18.5767219,
              49.95034359999999
            ],
            [
              18.5766608,
              49.9503353
            ],
            [
              18.5766566,
              49.950348000000005
            ],
            [
              18.5765447,
              49.950333
            ],
            [
              18.5765132,
              49.9504238
            ],
            [
              18.5765555,
              49.950429699999994
            ],
            [
              18.5765351,
              49.95048779999999
            ],
            [
              18.5767606,
              49.9505212
            ],
            [
              18.5767835,
              49.95046169999999
            ]
          ]
        ]
      }
    },
    {
      "type": "Feature",
      "properties": {
        "source": "OpenStreetMap",
        "source_id": "way/206728847",
        "domain": "public",
        "asset_type": "administration",
        "confidence": "medium",
        "missing_fields": [],
        "limitations": [
          "OSM public-service completeness and tagging vary by area and facility type.",
          "A facility tag is evidence of mapped semantics, not service availability, capacity, accessibility or operating status.",
          "BDOT10k building geometry is retained only as topographic comparison context and cannot establish facility semantics.",
          "No qualified PRG public-service facility class is enabled for this domain pack."
        ],
        "eligible_for_analysis": true,
        "osm_tags": {
          "name": "Urząd Skarbowy w Jastrzębiu-Zdroju",
          "website": "https://www.slaskie.kas.gov.pl/urzad-skarbowy-w-jastrzebiu-zdroju",
          "source": "UM Jastrzębie-Zdrój",
          "office": "government",
          "government": "tax",
          "building": "public",
          "phone": "+48 32 476 14 71",
          "email": "sekretariat.us.jastrzebie-zdroj@mf.gov.pl"
        }
      },
      "geometry": {
        "type": "Polygon",
        "coordinates": [
          [
            [
              18.5769871,
              49.9502364
            ],
            [
              18.5769943,
              49.95023169999999
            ],
            [
              18.5770003,
              49.950226199999996
            ],
            [
              18.577005,
              49.95022029999999
            ],
            [
              18.5770081,
              49.95021389999999
            ],
            [
              18.5770096,
              49.950207299999995
            ],
            [
              18.5770095,
              49.950200699999996
            ],
            [
              18.5770078,
              49.950194100000004
            ],
            [
              18.5770045,
              49.9501877
            ],
            [
              18.5769997,
              49.9501818
            ],
            [
              18.577023,
              49.9501046
            ],
            [
              18.5769083,
              49.95008889999998
            ],
            [
              18.5769027,
              49.95010519999999
            ],
            [
              18.5768306,
              49.950096800000004
            ],
            [
              18.576826,
              49.95011089999999
            ],
            [
              18.5767988,
              49.950107300000006
            ],
            [
              18.576791,
              49.95013130000001
            ],
            [
              18.5767871,
              49.95013250000001
            ],
            [
              18.5767752,
              49.9501372
            ],
            [
              18.5767644,
              49.9501429
            ],
            [
              18.5767549,
              49.950149399999994
            ],
            [
              18.5767469,
              49.95015670000001
            ],
            [
              18.576740300000004,
              49.950164699999995
            ],
            [
              18.5767355,
              49.950173099999994
            ],
            [
              18.5767325,
              49.9501819
            ],
            [
              18.5767314,
              49.950190799999994
            ],
            [
              18.5767322,
              49.9501998
            ],
            [
              18.5767348,
              49.9502087
            ],
            [
              18.5767392,
              49.95021710000001
            ],
            [
              18.5767455,
              49.9502252
            ],
            [
              18.5767549,
              49.950233899999986
            ],
            [
              18.5767472,
              49.950255299999995
            ],
            [
              18.5767735,
              49.950259100000004
            ],
            [
              18.5767689,
              49.9502733
            ],
            [
              18.5768024,
              49.9502785
            ],
            [
              18.5768302,
              49.9502826
            ],
            [
              18.576822,
              49.95030619999999
            ],
            [
              18.5769286,
              49.95032209999999
            ],
            [
              18.5769376,
              49.95029699999999
            ],
            [
              18.576957500000002,
              49.9502996
            ],
            [
              18.5769788,
              49.9502404
            ],
            [
              18.5769871,
              49.9502364
            ]
          ]
        ]
      }
    },
    {
      "type": "Feature",
      "properties": {
        "source": "OpenStreetMap",
        "source_id": "way/206729823",
        "domain": "public",
        "asset_type": "administration",
        "confidence": "medium",
        "missing_fields": [],
        "limitations": [
          "OSM public-service completeness and tagging vary by area and facility type.",
          "A facility tag is evidence of mapped semantics, not service availability, capacity, accessibility or operating status.",
          "BDOT10k building geometry is retained only as topographic comparison context and cannot establish facility semantics.",
          "No qualified PRG public-service facility class is enabled for this domain pack."
        ],
        "eligible_for_analysis": true,
        "osm_tags": {
          "name": "Komenda Miejska Państwowej Straży Pożarnej",
          "website": "https://www.gov.pl/kmpsp-jastrzebie-zdroj",
          "office": "government",
          "government": "public_safety",
          "building": "yes",
          "email": "pspjastrzebie@katowice.kwpsp.gov.pl"
        }
      },
      "geometry": {
        "type": "Polygon",
        "coordinates": [
          [
            [
              18.5835319,
              49.9382303
            ],
            [
              18.5833729,
              49.93823350000001
            ],
            [
              18.583306,
              49.93823489999998
            ],
            [
              18.583307,
              49.93827809999999
            ],
            [
              18.583317,
              49.938501699999996
            ],
            [
              18.5833202,
              49.93863919999999
            ],
            [
              18.5833261,
              49.938639499999994
            ],
            [
              18.5835507,
              49.938635299999994
            ],
            [
              18.5835319,
              49.9382303
            ]
          ]
        ]
      }
    },
    {
      "type": "Feature",
      "properties": {
        "source": "OpenStreetMap",
        "source_id": "way/208457476",
        "domain": "public",
        "asset_type": "administration",
        "confidence": "medium",
        "missing_fields": [],
        "limitations": [
          "OSM public-service completeness and tagging vary by area and facility type.",
          "A facility tag is evidence of mapped semantics, not service availability, capacity, accessibility or operating status.",
          "BDOT10k building geometry is retained only as topographic comparison context and cannot establish facility semantics.",
          "No qualified PRG public-service facility class is enabled for this domain pack."
        ],
        "eligible_for_analysis": true,
        "osm_tags": {
          "name": "OŚRODEK POMOCY DZIECIOM I RODZINIE",
          "source": "UM Ruda Śląska",
          "office": "government",
          "government": "yes",
          "building": "yes",
          "phone": "+48 32 240 90 07"
        }
      },
      "geometry": {
        "type": "Polygon",
        "coordinates": [
          [
            [
              18.899463700000002,
              50.2734874
            ],
            [
              18.8995867,
              50.27344610000001
            ],
            [
              18.899564,
              50.273419700000005
            ],
            [
              18.8998879,
              50.273289799999986
            ],
            [
              18.8999116,
              50.2733082
            ],
            [
              18.900026500000003,
              50.273257699999995
            ],
            [
              18.899983300000002,
              50.2732178
            ],
            [
              18.8999111,
              50.2731472
            ],
            [
              18.899904,
              50.27314019999999
            ],
            [
              18.8998164,
              50.273175499999994
            ],
            [
              18.8998199,
              50.27317889999999
            ],
            [
              18.8994105,
              50.2733496
            ],
            [
              18.8993446,
              50.273374399999994
            ],
            [
              18.899463700000002,
              50.2734874
            ]
          ]
        ]
      }
    },
    {
      "type": "Feature",
      "properties": {
        "source": "OpenStreetMap",
        "source_id": "way/209673796",
        "domain": "public",
        "asset_type": "administration",
        "confidence": "medium",
        "missing_fields": [],
        "limitations": [
          "OSM public-service completeness and tagging vary by area and facility type.",
          "A facility tag is evidence of mapped semantics, not service availability, capacity, accessibility or operating status.",
          "BDOT10k building geometry is retained only as topographic comparison context and cannot establish facility semantics.",
          "No qualified PRG public-service facility class is enabled for this domain pack."
        ],
        "eligible_for_analysis": true,
        "osm_tags": {
          "name": "Komenda Miejska Państwowej Straży Pożarnej",
          "website": "https://www.gov.pl/web/kmpsp-rybnik",
          "office": "government",
          "government": "public_safety",
          "building": "yes",
          "phone": "+48 32 439 58 00",
          "email": "psprybnik@katowice.kwpsp.gov.pl"
        }
      },
      "geometry": {
        "type": "Polygon",
        "coordinates": [
          [
            [
              18.5345911,
              50.096621299999995
            ],
            [
              18.534648,
              50.09646809999998
            ],
            [
              18.5345285,
              50.096449899999996
            ],
            [
              18.5346,
              50.09625719999999
            ],
            [
              18.5344726,
              50.096237699999996
            ],
            [
              18.5345159,
              50.0961211
            ],
            [
              18.534693600000004,
              50.096148299999996
            ],
            [
              18.5347322,
              50.096044299999996
            ],
            [
              18.5343011,
              50.09597850000001
            ],
            [
              18.5340908,
              50.0965449
            ],
            [
              18.5345911,
              50.096621299999995
            ]
          ]
        ]
      }
    },
    {
      "type": "Feature",
      "properties": {
        "source": "OpenStreetMap",
        "source_id": "way/210045236",
        "domain": "public",
        "asset_type": "administration",
        "confidence": "medium",
        "missing_fields": [],
        "limitations": [
          "OSM public-service completeness and tagging vary by area and facility type.",
          "A facility tag is evidence of mapped semantics, not service availability, capacity, accessibility or operating status.",
          "BDOT10k building geometry is retained only as topographic comparison context and cannot establish facility semantics.",
          "No qualified PRG public-service facility class is enabled for this domain pack."
        ],
        "eligible_for_analysis": true,
        "osm_tags": {
          "name": "Starostwo Powiatowe",
          "operator": "Starostwo Powiatowe w Raciborzu",
          "website": "https://www.powiatraciborski.pl/",
          "source": "UM Racibórz",
          "office": "government",
          "building": "yes",
          "phone": "+4832 459 73 00"
        }
      },
      "geometry": {
        "type": "Polygon",
        "coordinates": [
          [
            [
              18.2232862,
              50.0992617
            ],
            [
              18.2234306,
              50.09925879999999
            ],
            [
              18.2234292,
              50.099225499999996
            ],
            [
              18.2237498,
              50.09921899999999
            ],
            [
              18.2237421,
              50.099066199999996
            ],
            [
              18.2236964,
              50.0990671
            ],
            [
              18.2236962,
              50.0990651
            ],
            [
              18.2236741,
              50.09906549999999
            ],
            [
              18.2236458,
              50.099066099999995
            ],
            [
              18.2236459,
              50.09906809999999
            ],
            [
              18.2235999,
              50.099069199999995
            ],
            [
              18.2236002,
              50.0990733
            ],
            [
              18.2234067,
              50.09907699999999
            ],
            [
              18.2234058,
              50.099072799999995
            ],
            [
              18.2233274,
              50.09907449999999
            ],
            [
              18.2232776,
              50.099075499999984
            ],
            [
              18.2232792,
              50.099109099999986
            ],
            [
              18.2232821,
              50.099168600000006
            ],
            [
              18.2232862,
              50.0992617
            ]
          ]
        ]
      }
    },
    {
      "type": "Feature",
      "properties": {
        "source": "OpenStreetMap",
        "source_id": "way/215411638",
        "domain": "public",
        "asset_type": "administration",
        "confidence": "medium",
        "missing_fields": [],
        "limitations": [
          "OSM public-service completeness and tagging vary by area and facility type.",
          "A facility tag is evidence of mapped semantics, not service availability, capacity, accessibility or operating status.",
          "BDOT10k building geometry is retained only as topographic comparison context and cannot establish facility semantics.",
          "No qualified PRG public-service facility class is enabled for this domain pack."
        ],
        "eligible_for_analysis": true,
        "osm_tags": {
          "name": "Urząd Miasta Żory",
          "website": "https://www.zory.pl/",
          "source": "WMS UM Żory",
          "amenity": "townhall",
          "office": "government",
          "government": "administrative",
          "building": "yes",
          "phone": "+48 324348200",
          "email": "umzory@um.zory.pl"
        }
      },
      "geometry": {
        "type": "Polygon",
        "coordinates": [
          [
            [
              18.684707,
              50.04555380000001
            ],
            [
              18.684712,
              50.04557659999999
            ],
            [
              18.6848653,
              50.0455845
            ],
            [
              18.6848748,
              50.045513299999996
            ],
            [
              18.6848063,
              50.0455106
            ],
            [
              18.6847927,
              50.0454487
            ],
            [
              18.6843073,
              50.045491600000005
            ],
            [
              18.6843069,
              50.045481099999996
            ],
            [
              18.6842232,
              50.0454868
            ],
            [
              18.6842378,
              50.04555359999999
            ],
            [
              18.6842743,
              50.045550299999995
            ],
            [
              18.684282,
              50.045592299999996
            ],
            [
              18.684707,
              50.04555380000001
            ]
          ]
        ]
      }
    },
    {
      "type": "Feature",
      "properties": {
        "source": "OpenStreetMap",
        "source_id": "way/215462630",
        "domain": "public",
        "asset_type": "administration",
        "confidence": "medium",
        "missing_fields": [],
        "limitations": [
          "OSM public-service completeness and tagging vary by area and facility type.",
          "A facility tag is evidence of mapped semantics, not service availability, capacity, accessibility or operating status.",
          "BDOT10k building geometry is retained only as topographic comparison context and cannot establish facility semantics.",
          "No qualified PRG public-service facility class is enabled for this domain pack."
        ],
        "eligible_for_analysis": true,
        "osm_tags": {
          "name": "Urząd Miasta Racibórz",
          "website": "https://www.raciborz.pl/",
          "source": "UM Racibórz",
          "amenity": "townhall",
          "office": "government",
          "government": "administrative",
          "building": "office",
          "phone": "+48 327550600",
          "email": "boi@um.raciborz.pl"
        }
      },
      "geometry": {
        "type": "Polygon",
        "coordinates": [
          [
            [
              18.2230882,
              50.09239840000001
            ],
            [
              18.2230593,
              50.09239749999999
            ],
            [
              18.2230261,
              50.09239709999999
            ],
            [
              18.2229899,
              50.0924597
            ],
            [
              18.2230139,
              50.092465499999996
            ],
            [
              18.2230847,
              50.0924674
            ],
            [
              18.2237083,
              50.0924866
            ],
            [
              18.223707,
              50.09252349999999
            ],
            [
              18.223692800000002,
              50.09254979999999
            ],
            [
              18.2236835,
              50.0925669
            ],
            [
              18.2237913,
              50.0925941
            ],
            [
              18.2238273,
              50.0925346
            ],
            [
              18.2238289,
              50.0924953
            ],
            [
              18.2240207,
              50.09250159999999
            ],
            [
              18.2240215,
              50.09248920000001
            ],
            [
              18.2240412,
              50.09248980000001
            ],
            [
              18.2240442,
              50.092444400000005
            ],
            [
              18.2240215,
              50.09244379999999
            ],
            [
              18.2240277,
              50.092349
            ],
            [
              18.2238737,
              50.09234459999999
            ],
            [
              18.223799900000003,
              50.092342800000004
            ],
            [
              18.2236117,
              50.09233699999999
            ],
            [
              18.2230946,
              50.09232010000001
            ],
            [
              18.2230882,
              50.09239840000001
            ]
          ]
        ]
      }
    },
    {
      "type": "Feature",
      "properties": {
        "source": "OpenStreetMap",
        "source_id": "way/215462915",
        "domain": "public",
        "asset_type": "administration",
        "confidence": "medium",
        "missing_fields": [],
        "limitations": [
          "OSM public-service completeness and tagging vary by area and facility type.",
          "A facility tag is evidence of mapped semantics, not service availability, capacity, accessibility or operating status.",
          "BDOT10k building geometry is retained only as topographic comparison context and cannot establish facility semantics.",
          "No qualified PRG public-service facility class is enabled for this domain pack."
        ],
        "eligible_for_analysis": true,
        "osm_tags": {
          "name": "Urząd Stanu Cywilnego",
          "alt_name": "Pałac Ślubów",
          "source": "UM Racibórz",
          "office": "government",
          "building": "yes",
          "phone": "+48327550620",
          "email": "usc@um.raciborz.pl"
        }
      },
      "geometry": {
        "type": "Polygon",
        "coordinates": [
          [
            [
              18.2151135,
              50.0891097
            ],
            [
              18.2151306,
              50.0891198
            ],
            [
              18.2152326,
              50.08904979999999
            ],
            [
              18.2152139,
              50.08903759999998
            ],
            [
              18.2152376,
              50.0890217
            ],
            [
              18.2150889,
              50.08893379999999
            ],
            [
              18.2150224,
              50.0889809
            ],
            [
              18.2149453,
              50.08903519999999
            ],
            [
              18.2149983,
              50.089065600000005
            ],
            [
              18.2149957,
              50.0890678
            ],
            [
              18.2150596,
              50.089105299999986
            ],
            [
              18.215091300000005,
              50.0891251
            ],
            [
              18.2151135,
              50.0891097
            ]
          ]
        ]
      }
    },
    {
      "type": "Feature",
      "properties": {
        "source": "OpenStreetMap",
        "source_id": "way/215464684",
        "domain": "public",
        "asset_type": "administration",
        "confidence": "medium",
        "missing_fields": [],
        "limitations": [
          "OSM public-service completeness and tagging vary by area and facility type.",
          "A facility tag is evidence of mapped semantics, not service availability, capacity, accessibility or operating status.",
          "BDOT10k building geometry is retained only as topographic comparison context and cannot establish facility semantics.",
          "No qualified PRG public-service facility class is enabled for this domain pack."
        ],
        "eligible_for_analysis": true,
        "osm_tags": {
          "name": "Zakład Ubezpieczeń Społecznych",
          "operator": "Oddział ZUS w Rybniku",
          "source": "UM Racibórz",
          "office": "government",
          "government": "pension_fund",
          "building": "yes",
          "opening_hours": "Mo-We 08:00-15:30; Th 08:00-17:00; Fr 08:00-14:00",
          "phone": "+48324152385"
        }
      },
      "geometry": {
        "type": "Polygon",
        "coordinates": [
          [
            [
              18.2205961,
              50.07657259999999
            ],
            [
              18.2203471,
              50.0763847
            ],
            [
              18.2202002,
              50.07646600000001
            ],
            [
              18.2203315,
              50.07656159999999
            ],
            [
              18.2204529,
              50.07665089999999
            ],
            [
              18.2205961,
              50.07657259999999
            ]
          ]
        ]
      }
    },
    {
      "type": "Feature",
      "properties": {
        "source": "OpenStreetMap",
        "source_id": "way/219415785",
        "domain": "public",
        "asset_type": "administration",
        "confidence": "medium",
        "missing_fields": [],
        "limitations": [
          "OSM public-service completeness and tagging vary by area and facility type.",
          "A facility tag is evidence of mapped semantics, not service availability, capacity, accessibility or operating status.",
          "BDOT10k building geometry is retained only as topographic comparison context and cannot establish facility semantics.",
          "No qualified PRG public-service facility class is enabled for this domain pack."
        ],
        "eligible_for_analysis": true,
        "osm_tags": {
          "name": "Urząd Gminy Krzyżanowice",
          "amenity": "townhall",
          "building": "yes",
          "phone": "+4832 419 40 50",
          "email": "ug@krzyzanowice.pl"
        }
      },
      "geometry": {
        "type": "Polygon",
        "coordinates": [
          [
            [
              18.2663162,
              49.981355900000004
            ],
            [
              18.2666889,
              49.9815322
            ],
            [
              18.2668154,
              49.98142159999999
            ],
            [
              18.2665084,
              49.98127469999999
            ],
            [
              18.266443,
              49.981244100000005
            ],
            [
              18.2663162,
              49.981355900000004
            ]
          ]
        ]
      }
    },
    {
      "type": "Feature",
      "properties": {
        "source": "OpenStreetMap",
        "source_id": "way/220072384",
        "domain": "public",
        "asset_type": "administration",
        "confidence": "medium",
        "missing_fields": [],
        "limitations": [
          "OSM public-service completeness and tagging vary by area and facility type.",
          "A facility tag is evidence of mapped semantics, not service availability, capacity, accessibility or operating status.",
          "BDOT10k building geometry is retained only as topographic comparison context and cannot establish facility semantics.",
          "No qualified PRG public-service facility class is enabled for this domain pack."
        ],
        "eligible_for_analysis": true,
        "osm_tags": {
          "name": "Urząd Miejski w Krzanowicach",
          "website": "https://www.krzanowice.pl/",
          "amenity": "townhall",
          "office": "government",
          "government": "administrative",
          "building": "yes",
          "phone": "+48 324108202",
          "email": "um@krzanowice.pl"
        }
      },
      "geometry": {
        "type": "Polygon",
        "coordinates": [
          [
            [
              18.124991,
              50.01799379999999
            ],
            [
              18.1250291,
              50.01769710000001
            ],
            [
              18.1248306,
              50.01768649999999
            ],
            [
              18.1247925,
              50.017983199999996
            ],
            [
              18.124991,
              50.01799379999999
            ]
          ]
        ]
      }
    },
    {
      "type": "Feature",
      "properties": {
        "source": "OpenStreetMap",
        "source_id": "way/221328380",
        "domain": "public",
        "asset_type": "administration",
        "confidence": "medium",
        "missing_fields": [],
        "limitations": [
          "OSM public-service completeness and tagging vary by area and facility type.",
          "A facility tag is evidence of mapped semantics, not service availability, capacity, accessibility or operating status.",
          "BDOT10k building geometry is retained only as topographic comparison context and cannot establish facility semantics.",
          "No qualified PRG public-service facility class is enabled for this domain pack."
        ],
        "eligible_for_analysis": true,
        "osm_tags": {
          "name": "Urząd Gminy Suszec",
          "website": "https://www.suszec.pl/",
          "amenity": "townhall",
          "building": "yes",
          "opening_hours": "Mo 07:30-17:00; Tu-Fr 07:30-15:30",
          "phone": "+48 32 449 30 50",
          "email": "gmina@suszec.pl"
        }
      },
      "geometry": {
        "type": "Polygon",
        "coordinates": [
          [
            [
              18.791520700000003,
              50.028403099999984
            ],
            [
              18.7913464,
              50.02823909999999
            ],
            [
              18.7910352,
              50.02837559999999
            ],
            [
              18.7912096,
              50.028539599999995
            ],
            [
              18.791520700000003,
              50.028403099999984
            ]
          ]
        ]
      }
    },
    {
      "type": "Feature",
      "properties": {
        "source": "OpenStreetMap",
        "source_id": "way/222194713",
        "domain": "public",
        "asset_type": "administration",
        "confidence": "medium",
        "missing_fields": [],
        "limitations": [
          "OSM public-service completeness and tagging vary by area and facility type.",
          "A facility tag is evidence of mapped semantics, not service availability, capacity, accessibility or operating status.",
          "BDOT10k building geometry is retained only as topographic comparison context and cannot establish facility semantics.",
          "No qualified PRG public-service facility class is enabled for this domain pack."
        ],
        "eligible_for_analysis": true,
        "osm_tags": {
          "name": "Urząd Gminy Kornowac",
          "website": "https://kornowac.pl/",
          "amenity": "townhall",
          "building": "office",
          "phone": "+48 32 430 10 37",
          "email": "urzad@kornowac.pl"
        }
      },
      "geometry": {
        "type": "Polygon",
        "coordinates": [
          [
            [
              18.3258514,
              50.07151749999998
            ],
            [
              18.3262112,
              50.0714822
            ],
            [
              18.3261871,
              50.0713811
            ],
            [
              18.3258273,
              50.07141649999999
            ],
            [
              18.3258514,
              50.07151749999998
            ]
          ]
        ]
      }
    },
    {
      "type": "Feature",
      "properties": {
        "source": "OpenStreetMap",
        "source_id": "way/228950034",
        "domain": "public",
        "asset_type": "administration",
        "confidence": "medium",
        "missing_fields": [],
        "limitations": [
          "OSM public-service completeness and tagging vary by area and facility type.",
          "A facility tag is evidence of mapped semantics, not service availability, capacity, accessibility or operating status.",
          "BDOT10k building geometry is retained only as topographic comparison context and cannot establish facility semantics.",
          "No qualified PRG public-service facility class is enabled for this domain pack."
        ],
        "eligible_for_analysis": true,
        "osm_tags": {
          "name": "Urząd Miasta Tychy",
          "website": "https://umtychy.pl/",
          "amenity": "townhall",
          "office": "government",
          "government": "administrative",
          "building": "public",
          "opening_hours": "Mo-We 07:30-15:30; Th 07:30-17:30; Fr 07:30-13:30",
          "phone": "+48 327763333",
          "email": "poczta@umtychy.pl"
        }
      },
      "geometry": {
        "type": "Polygon",
        "coordinates": [
          [
            [
              18.9967311,
              50.114835
            ],
            [
              18.9969225,
              50.11479539999999
            ],
            [
              18.9969082,
              50.114766599999996
            ],
            [
              18.9968643,
              50.114674699999995
            ],
            [
              18.996831,
              50.11468239999999
            ],
            [
              18.9968152,
              50.1146549
            ],
            [
              18.9969132,
              50.1146094
            ],
            [
              18.9969271,
              50.1146216
            ],
            [
              18.9969519,
              50.1146106
            ],
            [
              18.9969766,
              50.114599500000004
            ],
            [
              18.9969624,
              50.114586700000004
            ],
            [
              18.9969894,
              50.11457419999999
            ],
            [
              18.9970608,
              50.1145937
            ],
            [
              18.9970667,
              50.1145947
            ],
            [
              18.9970788,
              50.11459469999999
            ],
            [
              18.9970887,
              50.11459299999999
            ],
            [
              18.9970984,
              50.11458929999999
            ],
            [
              18.9971056,
              50.1145845
            ],
            [
              18.9971208,
              50.11458879999999
            ],
            [
              18.997372,
              50.11466060000001
            ],
            [
              18.9973694,
              50.114664499999996
            ],
            [
              18.997379,
              50.114667
            ],
            [
              18.9974286,
              50.114590199999995
            ],
            [
              18.9974185,
              50.114587599999986
            ],
            [
              18.9974155,
              50.114592300000005
            ],
            [
              18.9971473,
              50.1145225
            ],
            [
              18.9971689,
              50.1144889
            ],
            [
              18.9971711,
              50.1144803
            ],
            [
              18.9971695,
              50.1144731
            ],
            [
              18.9971647,
              50.1144663
            ],
            [
              18.997157,
              50.11446059999998
            ],
            [
              18.9971489,
              50.114457099999996
            ],
            [
              18.9971038,
              50.11444410000001
            ],
            [
              18.9970963,
              50.11441339999998
            ],
            [
              18.9970743,
              50.114402299999995
            ],
            [
              18.9970024,
              50.1144088
            ],
            [
              18.9969987,
              50.114374999999995
            ],
            [
              18.9969933,
              50.11432539999999
            ],
            [
              18.9969999,
              50.11432499999999
            ],
            [
              18.9969992,
              50.1143205
            ],
            [
              18.9968681,
              50.114330900000006
            ],
            [
              18.9968687,
              50.11433579999999
            ],
            [
              18.996876600000004,
              50.11433660000001
            ],
            [
              18.9968868,
              50.11438789999999
            ],
            [
              18.9968928,
              50.1144179
            ],
            [
              18.9968422,
              50.1144213
            ],
            [
              18.9968255,
              50.114435
            ],
            [
              18.9968313,
              50.1144662
            ],
            [
              18.9967589,
              50.11450150000001
            ],
            [
              18.996747400000004,
              50.11449210000001
            ],
            [
              18.9967277,
              50.11450179999999
            ],
            [
              18.9967079,
              50.1145115
            ],
            [
              18.9967194,
              50.11452119999999
            ],
            [
              18.9965876,
              50.11458559999999
            ],
            [
              18.9965842,
              50.1146023
            ],
            [
              18.9966159,
              50.114629900000004
            ],
            [
              18.9966625,
              50.1146919
            ],
            [
              18.9966688,
              50.11470489999999
            ],
            [
              18.9967311,
              50.114835
            ]
          ]
        ]
      }
    },
    {
      "type": "Feature",
      "properties": {
        "source": "OpenStreetMap",
        "source_id": "way/231806249",
        "domain": "public",
        "asset_type": "administration",
        "confidence": "medium",
        "missing_fields": [],
        "limitations": [
          "OSM public-service completeness and tagging vary by area and facility type.",
          "A facility tag is evidence of mapped semantics, not service availability, capacity, accessibility or operating status.",
          "BDOT10k building geometry is retained only as topographic comparison context and cannot establish facility semantics.",
          "No qualified PRG public-service facility class is enabled for this domain pack."
        ],
        "eligible_for_analysis": true,
        "osm_tags": {
          "name": "Komenda Miejska Państwowej Straży Pożarnej",
          "website": "https://www.gov.pl/web/kmpsp-zabrze",
          "office": "government",
          "government": "public_safety",
          "phone": "+48 32 376 09 90",
          "email": "straz@psp.zabrze.pl"
        }
      },
      "geometry": {
        "type": "LineString",
        "coordinates": [
          [
            18.78738,
            50.3092548
          ],
          [
            18.78815,
            50.3093577
          ],
          [
            18.7883555,
            50.3093776
          ],
          [
            18.7884154,
            50.3093979
          ],
          [
            18.7885385,
            50.30940069999999
          ],
          [
            18.7886125,
            50.3093971
          ],
          [
            18.7887085,
            50.309387300000004
          ],
          [
            18.788835000000002,
            50.30936249999999
          ],
          [
            18.7888592,
            50.30934469999999
          ],
          [
            18.7888798,
            50.30930289999999
          ],
          [
            18.7888908,
            50.3092628
          ],
          [
            18.7889242,
            50.3091704
          ],
          [
            18.7890192,
            50.30878059999999
          ],
          [
            18.7890317,
            50.3087326
          ],
          [
            18.7889227,
            50.30872310000001
          ],
          [
            18.7887134,
            50.308704199999994
          ],
          [
            18.7886834,
            50.3087025
          ],
          [
            18.7886012,
            50.3086958
          ],
          [
            18.7884505,
            50.3086835
          ],
          [
            18.788337300000002,
            50.308673199999994
          ],
          [
            18.788322,
            50.308748400000006
          ],
          [
            18.7883007,
            50.3088399
          ],
          [
            18.788244,
            50.308982900000004
          ],
          [
            18.7874909,
            50.30887049999999
          ],
          [
            18.78738,
            50.3092548
          ]
        ]
      }
    },
    {
      "type": "Feature",
      "properties": {
        "source": "OpenStreetMap",
        "source_id": "way/232232685",
        "domain": "public",
        "asset_type": "administration",
        "confidence": "medium",
        "missing_fields": [],
        "limitations": [
          "OSM public-service completeness and tagging vary by area and facility type.",
          "A facility tag is evidence of mapped semantics, not service availability, capacity, accessibility or operating status.",
          "BDOT10k building geometry is retained only as topographic comparison context and cannot establish facility semantics.",
          "No qualified PRG public-service facility class is enabled for this domain pack."
        ],
        "eligible_for_analysis": true,
        "osm_tags": {
          "name": "Poradnia Psychologiczno-Pedagogiczna",
          "source": "Bing",
          "office": "government",
          "building": "office"
        }
      },
      "geometry": {
        "type": "Polygon",
        "coordinates": [
          [
            [
              18.547859,
              50.09145490000001
            ],
            [
              18.5480403,
              50.09143410000001
            ],
            [
              18.5479733,
              50.09119329999999
            ],
            [
              18.5479076,
              50.0912008
            ],
            [
              18.547901,
              50.0911769
            ],
            [
              18.5477853,
              50.0911902
            ],
            [
              18.547792,
              50.091214099999995
            ],
            [
              18.547859,
              50.09145490000001
            ]
          ]
        ]
      }
    },
    {
      "type": "Feature",
      "properties": {
        "source": "OpenStreetMap",
        "source_id": "way/232544302",
        "domain": "public",
        "asset_type": "administration",
        "confidence": "medium",
        "missing_fields": [],
        "limitations": [
          "OSM public-service completeness and tagging vary by area and facility type.",
          "A facility tag is evidence of mapped semantics, not service availability, capacity, accessibility or operating status.",
          "BDOT10k building geometry is retained only as topographic comparison context and cannot establish facility semantics.",
          "No qualified PRG public-service facility class is enabled for this domain pack."
        ],
        "eligible_for_analysis": true,
        "osm_tags": {
          "name": "Delegatura NFZ w Rybniku",
          "office": "government",
          "building": "commercial"
        }
      },
      "geometry": {
        "type": "Polygon",
        "coordinates": [
          [
            [
              18.544497,
              50.0901571
            ],
            [
              18.5442417,
              50.09016660000001
            ],
            [
              18.5442587,
              50.090352900000006
            ],
            [
              18.5443847,
              50.090348199999994
            ],
            [
              18.5443803,
              50.09029979999999
            ],
            [
              18.5445096,
              50.090294899999996
            ],
            [
              18.544497,
              50.0901571
            ]
          ]
        ]
      }
    },
    {
      "type": "Feature",
      "properties": {
        "source": "OpenStreetMap",
        "source_id": "way/232635111",
        "domain": "public",
        "asset_type": "administration",
        "confidence": "medium",
        "missing_fields": [],
        "limitations": [
          "OSM public-service completeness and tagging vary by area and facility type.",
          "A facility tag is evidence of mapped semantics, not service availability, capacity, accessibility or operating status.",
          "BDOT10k building geometry is retained only as topographic comparison context and cannot establish facility semantics.",
          "No qualified PRG public-service facility class is enabled for this domain pack."
        ],
        "eligible_for_analysis": true,
        "osm_tags": {
          "name": "Powiatowy Zespół do Spraw Orzekania o Niepełnosprawności",
          "source": "www.geoportal.gov.pl",
          "office": "government",
          "building": "yes"
        }
      },
      "geometry": {
        "type": "Polygon",
        "coordinates": [
          [
            [
              18.5512089,
              50.09229520000001
            ],
            [
              18.5513663,
              50.092271999999994
            ],
            [
              18.5513608,
              50.092256299999995
            ],
            [
              18.5513976,
              50.092251
            ],
            [
              18.5514042,
              50.0922664
            ],
            [
              18.5519278,
              50.09218919999999
            ],
            [
              18.5518839,
              50.092066
            ],
            [
              18.5511661,
              50.09217189999999
            ],
            [
              18.5512089,
              50.09229520000001
            ]
          ]
        ]
      }
    },
    {
      "type": "Feature",
      "properties": {
        "source": "OpenStreetMap",
        "source_id": "way/232635112",
        "domain": "public",
        "asset_type": "administration",
        "confidence": "medium",
        "missing_fields": [],
        "limitations": [
          "OSM public-service completeness and tagging vary by area and facility type.",
          "A facility tag is evidence of mapped semantics, not service availability, capacity, accessibility or operating status.",
          "BDOT10k building geometry is retained only as topographic comparison context and cannot establish facility semantics.",
          "No qualified PRG public-service facility class is enabled for this domain pack."
        ],
        "eligible_for_analysis": true,
        "osm_tags": {
          "name": "Prokuratura Rejonowa w Rybniku",
          "source": "www.geoportal.gov.pl",
          "office": "government",
          "government": "prosecutor",
          "building": "yes"
        }
      },
      "geometry": {
        "type": "Polygon",
        "coordinates": [
          [
            [
              18.5522183,
              50.09218599999999
            ],
            [
              18.552417,
              50.09215699999999
            ],
            [
              18.5525185,
              50.0921422
            ],
            [
              18.5524612,
              50.0919796
            ],
            [
              18.5521609,
              50.09202339999999
            ],
            [
              18.5522183,
              50.09218599999999
            ]
          ]
        ]
      }
    },
    {
      "type": "Feature",
      "properties": {
        "source": "OpenStreetMap",
        "source_id": "way/235859491",
        "domain": "public",
        "asset_type": "administration",
        "confidence": "medium",
        "missing_fields": [],
        "limitations": [
          "OSM public-service completeness and tagging vary by area and facility type.",
          "A facility tag is evidence of mapped semantics, not service availability, capacity, accessibility or operating status.",
          "BDOT10k building geometry is retained only as topographic comparison context and cannot establish facility semantics.",
          "No qualified PRG public-service facility class is enabled for this domain pack."
        ],
        "eligible_for_analysis": true,
        "osm_tags": {
          "name": "Urząd Miejski w Strumieniu",
          "wikidata": "Q9304572",
          "wikipedia": "pl:Ratusz w Strumieniu",
          "website": "https://www.strumien.pl/",
          "alt_name": "Ratusz w Strumieniu",
          "height": "12",
          "amenity": "townhall",
          "office": "government",
          "government": "administrative",
          "building": "yes",
          "phone": "+48 338570142",
          "email": "sekretariat@um.strumien.pl"
        }
      },
      "geometry": {
        "type": "Polygon",
        "coordinates": [
          [
            [
              18.7628645,
              49.917191100000004
            ],
            [
              18.7628751,
              49.9171904
            ],
            [
              18.7628882,
              49.91715219999999
            ],
            [
              18.7628936,
              49.91715010000001
            ],
            [
              18.7629056,
              49.91711630000001
            ],
            [
              18.7629026,
              49.9171126
            ],
            [
              18.7629185,
              49.91706569999999
            ],
            [
              18.7629154,
              49.91706189999999
            ],
            [
              18.7626975,
              49.91702719999999
            ],
            [
              18.7626472,
              49.91715889999999
            ],
            [
              18.7628645,
              49.917191100000004
            ]
          ]
        ]
      }
    },
    {
      "type": "Feature",
      "properties": {
        "source": "OpenStreetMap",
        "source_id": "way/236780121",
        "domain": "public",
        "asset_type": "administration",
        "confidence": "medium",
        "missing_fields": [],
        "limitations": [
          "OSM public-service completeness and tagging vary by area and facility type.",
          "A facility tag is evidence of mapped semantics, not service availability, capacity, accessibility or operating status.",
          "BDOT10k building geometry is retained only as topographic comparison context and cannot establish facility semantics.",
          "No qualified PRG public-service facility class is enabled for this domain pack."
        ],
        "eligible_for_analysis": true,
        "osm_tags": {
          "amenity": "townhall",
          "building": "yes"
        }
      },
      "geometry": {
        "type": "Polygon",
        "coordinates": [
          [
            [
              18.7190227,
              49.962279099999996
            ],
            [
              18.7189917,
              49.96207609999999
            ],
            [
              18.7185987,
              49.96209739999999
            ],
            [
              18.7186287,
              49.962301599999996
            ],
            [
              18.7190227,
              49.962279099999996
            ]
          ]
        ]
      }
    },
    {
      "type": "Feature",
      "properties": {
        "source": "OpenStreetMap",
        "source_id": "way/237464684",
        "domain": "public",
        "asset_type": "administration",
        "confidence": "medium",
        "missing_fields": [],
        "limitations": [
          "OSM public-service completeness and tagging vary by area and facility type.",
          "A facility tag is evidence of mapped semantics, not service availability, capacity, accessibility or operating status.",
          "BDOT10k building geometry is retained only as topographic comparison context and cannot establish facility semantics.",
          "No qualified PRG public-service facility class is enabled for this domain pack."
        ],
        "eligible_for_analysis": true,
        "osm_tags": {
          "name": "Starostwo Powiatowe Powiatu Rybnickiego",
          "website": "https://starostwo.rybnik.pl",
          "office": "government",
          "government": "administrative",
          "building": "commercial",
          "phone": "+48 32 422 83 00"
        }
      },
      "geometry": {
        "type": "Polygon",
        "coordinates": [
          [
            [
              18.5448576,
              50.089852
            ],
            [
              18.5450926,
              50.089845600000004
            ],
            [
              18.5451007,
              50.089968600000006
            ],
            [
              18.545253,
              50.0899645
            ],
            [
              18.5452379,
              50.089735
            ],
            [
              18.5446351,
              50.0897513
            ],
            [
              18.5446459,
              50.08991639999999
            ],
            [
              18.5446269,
              50.089916899999984
            ],
            [
              18.5446346,
              50.0900343
            ],
            [
              18.5448692,
              50.090027899999995
            ],
            [
              18.5448576,
              50.089852
            ]
          ]
        ]
      }
    },
    {
      "type": "Feature",
      "properties": {
        "source": "OpenStreetMap",
        "source_id": "way/246692531",
        "domain": "public",
        "asset_type": "administration",
        "confidence": "medium",
        "missing_fields": [],
        "limitations": [
          "OSM public-service completeness and tagging vary by area and facility type.",
          "A facility tag is evidence of mapped semantics, not service availability, capacity, accessibility or operating status.",
          "BDOT10k building geometry is retained only as topographic comparison context and cannot establish facility semantics.",
          "No qualified PRG public-service facility class is enabled for this domain pack."
        ],
        "eligible_for_analysis": true,
        "osm_tags": {
          "name": "Urząd Gminy Pilchowice",
          "website": "https://pilchowice.pl/",
          "amenity": "townhall",
          "building": "office",
          "opening_hours": "Mo-We 07:30-15:30; Th 07:30-17:30; Fr 07:30-13:30",
          "phone": "+48 32 235 65 21",
          "email": "ug@pilchowice.pl"
        }
      },
      "geometry": {
        "type": "Polygon",
        "coordinates": [
          [
            [
              18.5604427,
              50.21454740000001
            ],
            [
              18.5606951,
              50.2147643
            ],
            [
              18.5608906,
              50.2146748
            ],
            [
              18.5606386,
              50.2144574
            ],
            [
              18.5604427,
              50.21454740000001
            ]
          ]
        ]
      }
    },
    {
      "type": "Feature",
      "properties": {
        "source": "OpenStreetMap",
        "source_id": "way/248287640",
        "domain": "public",
        "asset_type": "administration",
        "confidence": "medium",
        "missing_fields": [],
        "limitations": [
          "OSM public-service completeness and tagging vary by area and facility type.",
          "A facility tag is evidence of mapped semantics, not service availability, capacity, accessibility or operating status.",
          "BDOT10k building geometry is retained only as topographic comparison context and cannot establish facility semantics.",
          "No qualified PRG public-service facility class is enabled for this domain pack."
        ],
        "eligible_for_analysis": true,
        "osm_tags": {
          "name": "Komenda Powiatowa Państwowej Straży Pożarnej",
          "website": "https://www.pszczyna.kppsp.gov.pl",
          "office": "government",
          "government": "public_safety",
          "building": "yes",
          "phone": "+48 32 449 37 00",
          "email": "straz1221@pszczyna.kppsp.gov.pl"
        }
      },
      "geometry": {
        "type": "Polygon",
        "coordinates": [
          [
            [
              18.9571045,
              49.9705688
            ],
            [
              18.9572877,
              49.9705654
            ],
            [
              18.9572996,
              49.970833199999994
            ],
            [
              18.9574846,
              49.970829800000004
            ],
            [
              18.957472800000005,
              49.9705644
            ],
            [
              18.9576332,
              49.9705615
            ],
            [
              18.9576259,
              49.9703979
            ],
            [
              18.9574556,
              49.970401
            ],
            [
              18.9574451,
              49.9701641
            ],
            [
              18.9572332,
              49.97016800000001
            ],
            [
              18.9572439,
              49.97040919999999
            ],
            [
              18.9570976,
              49.9704119
            ],
            [
              18.9571045,
              49.9705688
            ]
          ]
        ]
      }
    },
    {
      "type": "Feature",
      "properties": {
        "source": "OpenStreetMap",
        "source_id": "way/248447173",
        "domain": "public",
        "asset_type": "administration",
        "confidence": "medium",
        "missing_fields": [],
        "limitations": [
          "OSM public-service completeness and tagging vary by area and facility type.",
          "A facility tag is evidence of mapped semantics, not service availability, capacity, accessibility or operating status.",
          "BDOT10k building geometry is retained only as topographic comparison context and cannot establish facility semantics.",
          "No qualified PRG public-service facility class is enabled for this domain pack."
        ],
        "eligible_for_analysis": true,
        "osm_tags": {
          "name": "Zakład Ubezpieczeń Społecznych",
          "operator": "Oddział ZUS w Rybniku",
          "office": "government",
          "government": "pension_fund",
          "building": "office",
          "opening_hours": "Mo-We 08:00-15:30; Th 08:00-17:00; Fr 08:00-14:00"
        }
      },
      "geometry": {
        "type": "Polygon",
        "coordinates": [
          [
            [
              18.9451446,
              49.976426999999994
            ],
            [
              18.945208,
              49.9763834
            ],
            [
              18.9454132,
              49.9762423
            ],
            [
              18.9454047,
              49.9762111
            ],
            [
              18.9454411,
              49.976206699999985
            ],
            [
              18.945425,
              49.976153599999996
            ],
            [
              18.9453894,
              49.97615729999998
            ],
            [
              18.945381,
              49.9761247
            ],
            [
              18.9451199,
              49.9760349
            ],
            [
              18.9450739,
              49.9760919
            ],
            [
              18.9450371,
              49.97613760000001
            ],
            [
              18.9451241,
              49.97616729999999
            ],
            [
              18.945083500000003,
              49.976189
            ],
            [
              18.9450955,
              49.9762457
            ],
            [
              18.9451466,
              49.97625630000001
            ],
            [
              18.9450758,
              49.97630689999999
            ],
            [
              18.9450164,
              49.97634959999999
            ],
            [
              18.9451446,
              49.976426999999994
            ]
          ]
        ]
      }
    },
    {
      "type": "Feature",
      "properties": {
        "source": "OpenStreetMap",
        "source_id": "way/249102418",
        "domain": "public",
        "asset_type": "administration",
        "confidence": "medium",
        "missing_fields": [],
        "limitations": [
          "OSM public-service completeness and tagging vary by area and facility type.",
          "A facility tag is evidence of mapped semantics, not service availability, capacity, accessibility or operating status.",
          "BDOT10k building geometry is retained only as topographic comparison context and cannot establish facility semantics.",
          "No qualified PRG public-service facility class is enabled for this domain pack."
        ],
        "eligible_for_analysis": true,
        "osm_tags": {
          "name": "Urząd Skarbowy",
          "office": "government",
          "government": "tax",
          "building": "government"
        }
      },
      "geometry": {
        "type": "Polygon",
        "coordinates": [
          [
            [
              18.950694100000003,
              49.9773466
            ],
            [
              18.9508812,
              49.9773054
            ],
            [
              18.9509054,
              49.97728479999999
            ],
            [
              18.9508862,
              49.97720309999998
            ],
            [
              18.9508672,
              49.97712150000001
            ],
            [
              18.9507934,
              49.97712860000001
            ],
            [
              18.9507893,
              49.9771042
            ],
            [
              18.9507864,
              49.9771046
            ],
            [
              18.9507427,
              49.9771091
            ],
            [
              18.9507418,
              49.9771092
            ],
            [
              18.950747,
              49.977132999999995
            ],
            [
              18.9506776,
              49.9771396
            ],
            [
              18.9506902,
              49.9771939
            ],
            [
              18.9506737,
              49.97720139999999
            ],
            [
              18.9506786,
              49.9772195
            ],
            [
              18.950697,
              49.97722310000001
            ],
            [
              18.9507019,
              49.97724409999999
            ],
            [
              18.9506465,
              49.97725629999999
            ],
            [
              18.950694100000003,
              49.9773466
            ]
          ]
        ]
      }
    },
    {
      "type": "Feature",
      "properties": {
        "source": "OpenStreetMap",
        "source_id": "way/249104019",
        "domain": "public",
        "asset_type": "administration",
        "confidence": "medium",
        "missing_fields": [],
        "limitations": [
          "OSM public-service completeness and tagging vary by area and facility type.",
          "A facility tag is evidence of mapped semantics, not service availability, capacity, accessibility or operating status.",
          "BDOT10k building geometry is retained only as topographic comparison context and cannot establish facility semantics.",
          "No qualified PRG public-service facility class is enabled for this domain pack."
        ],
        "eligible_for_analysis": true,
        "osm_tags": {
          "name": "Starostwo Powiatowe",
          "office": "government",
          "building": "yes"
        }
      },
      "geometry": {
        "type": "Polygon",
        "coordinates": [
          [
            [
              18.9498561,
              49.975633200000004
            ],
            [
              18.9499369,
              49.9756257
            ],
            [
              18.9499329,
              49.97560529999999
            ],
            [
              18.950181,
              49.9755802
            ],
            [
              18.950174200000003,
              49.97555069999999
            ],
            [
              18.950217600000002,
              49.9755464
            ],
            [
              18.9502103,
              49.9755151
            ],
            [
              18.950271,
              49.9755093
            ],
            [
              18.9502945,
              49.9756103
            ],
            [
              18.9502962,
              49.9756177
            ],
            [
              18.95029,
              49.97561840000001
            ],
            [
              18.9503018,
              49.975668799999994
            ],
            [
              18.9503111,
              49.9757056
            ],
            [
              18.9503174,
              49.975704999999984
            ],
            [
              18.9503437,
              49.9758188
            ],
            [
              18.9504196,
              49.9758119
            ],
            [
              18.9504268,
              49.9758133
            ],
            [
              18.9504942,
              49.975805
            ],
            [
              18.950499,
              49.9758034
            ],
            [
              18.9505725,
              49.9757959
            ],
            [
              18.9505448,
              49.97568209999999
            ],
            [
              18.9505528,
              49.975680699999984
            ],
            [
              18.9505303,
              49.975594199999996
            ],
            [
              18.9505229,
              49.9755946
            ],
            [
              18.9504947,
              49.975480100000006
            ],
            [
              18.9504305,
              49.9754864
            ],
            [
              18.9504245,
              49.9754603
            ],
            [
              18.9502786,
              49.9754747
            ],
            [
              18.9502637,
              49.975411499999986
            ],
            [
              18.9501467,
              49.975424
            ],
            [
              18.9501467,
              49.97542609999999
            ],
            [
              18.9498146,
              49.9754612
            ],
            [
              18.9498561,
              49.975633200000004
            ]
          ]
        ]
      }
    },
    {
      "type": "Feature",
      "properties": {
        "source": "OpenStreetMap",
        "source_id": "way/251370453",
        "domain": "public",
        "asset_type": "administration",
        "confidence": "medium",
        "missing_fields": [],
        "limitations": [
          "OSM public-service completeness and tagging vary by area and facility type.",
          "A facility tag is evidence of mapped semantics, not service availability, capacity, accessibility or operating status.",
          "BDOT10k building geometry is retained only as topographic comparison context and cannot establish facility semantics.",
          "No qualified PRG public-service facility class is enabled for this domain pack."
        ],
        "eligible_for_analysis": true,
        "osm_tags": {
          "name": "Urząd Skarbowy",
          "office": "government",
          "government": "tax",
          "building": "yes"
        }
      },
      "geometry": {
        "type": "Polygon",
        "coordinates": [
          [
            [
              18.8942045,
              50.16975419999999
            ],
            [
              18.894089300000005,
              50.1693321
            ],
            [
              18.8939305,
              50.16932150000001
            ],
            [
              18.8939212,
              50.1693786
            ],
            [
              18.8938623,
              50.169385199999994
            ],
            [
              18.8939701,
              50.16978040000001
            ],
            [
              18.8942045,
              50.16975419999999
            ]
          ]
        ]
      }
    },
    {
      "type": "Feature",
      "properties": {
        "source": "OpenStreetMap",
        "source_id": "way/259998206",
        "domain": "public",
        "asset_type": "administration",
        "confidence": "medium",
        "missing_fields": [],
        "limitations": [
          "OSM public-service completeness and tagging vary by area and facility type.",
          "A facility tag is evidence of mapped semantics, not service availability, capacity, accessibility or operating status.",
          "BDOT10k building geometry is retained only as topographic comparison context and cannot establish facility semantics.",
          "No qualified PRG public-service facility class is enabled for this domain pack."
        ],
        "eligible_for_analysis": true,
        "osm_tags": {
          "name": "Oddział Celny w Gliwicach",
          "website": "https://www.slaskie.kas.gov.pl/slaski-urzad-celno-skarbowy-w-katowicach",
          "office": "government",
          "government": "customs",
          "building": "office",
          "phone": "+48 32 330 58 20",
          "email": "sekretariat.OC.gliwice@mf.gov.pl"
        }
      },
      "geometry": {
        "type": "Polygon",
        "coordinates": [
          [
            [
              18.6389514,
              50.32455879999999
            ],
            [
              18.6386195,
              50.3243338
            ],
            [
              18.6384674,
              50.3244252
            ],
            [
              18.6387994,
              50.32465020000001
            ],
            [
              18.6389514,
              50.32455879999999
            ]
          ]
        ]
      }
    },
    {
      "type": "Feature",
      "properties": {
        "source": "OpenStreetMap",
        "source_id": "way/260502088",
        "domain": "public",
        "asset_type": "administration",
        "confidence": "medium",
        "missing_fields": [],
        "limitations": [
          "OSM public-service completeness and tagging vary by area and facility type.",
          "A facility tag is evidence of mapped semantics, not service availability, capacity, accessibility or operating status.",
          "BDOT10k building geometry is retained only as topographic comparison context and cannot establish facility semantics.",
          "No qualified PRG public-service facility class is enabled for this domain pack."
        ],
        "eligible_for_analysis": true,
        "osm_tags": {
          "name": "Urząd Miasta Rybnika",
          "wikidata": "Q140264945",
          "website": "https://rybnik.eu",
          "amenity": "townhall",
          "office": "government",
          "government": "administrative",
          "building": "office",
          "opening_hours": "Mo-We 08:00-15:00; Th 08:00-17:30; Fr 08:00-12:30",
          "phone": "+48 32 439 20 00",
          "email": "rybnik@um.rybnik.pl",
          "wheelchair": "yes"
        }
      },
      "geometry": {
        "type": "Polygon",
        "coordinates": [
          [
            [
              18.5425983,
              50.093819100000005
            ],
            [
              18.5425768,
              50.093759999999996
            ],
            [
              18.5424786,
              50.0937747
            ],
            [
              18.5424632,
              50.0937151
            ],
            [
              18.5422892,
              50.09373349999999
            ],
            [
              18.5422237,
              50.09372979999999
            ],
            [
              18.5422626,
              50.09339250000001
            ],
            [
              18.5425434,
              50.09335680000001
            ],
            [
              18.5425772,
              50.0933525
            ],
            [
              18.5425423,
              50.0932397
            ],
            [
              18.5423258,
              50.093267299999994
            ],
            [
              18.5423267,
              50.0932704
            ],
            [
              18.5422766,
              50.093276800000005
            ],
            [
              18.542277600000002,
              50.0932666
            ],
            [
              18.542081000000003,
              50.0932586
            ],
            [
              18.5420188,
              50.093826899999996
            ],
            [
              18.5420949,
              50.093832899999995
            ],
            [
              18.5420918,
              50.09385619999999
            ],
            [
              18.5422766,
              50.0938594
            ],
            [
              18.5422794,
              50.093849399999996
            ],
            [
              18.5423459,
              50.093854099999994
            ],
            [
              18.5424956,
              50.093841000000005
            ],
            [
              18.542494,
              50.093834699999995
            ],
            [
              18.5425983,
              50.093819100000005
            ]
          ]
        ]
      }
    },
    {
      "type": "Feature",
      "properties": {
        "source": "OpenStreetMap",
        "source_id": "way/262833075",
        "domain": "public",
        "asset_type": "administration",
        "confidence": "medium",
        "missing_fields": [],
        "limitations": [
          "OSM public-service completeness and tagging vary by area and facility type.",
          "A facility tag is evidence of mapped semantics, not service availability, capacity, accessibility or operating status.",
          "BDOT10k building geometry is retained only as topographic comparison context and cannot establish facility semantics.",
          "No qualified PRG public-service facility class is enabled for this domain pack."
        ],
        "eligible_for_analysis": true,
        "osm_tags": {
          "name": "Urząd Skarbowy w Tychach",
          "website": "https://www.slaskie.kas.gov.pl/urzad-skarbowy-w-tychach",
          "office": "government",
          "government": "tax",
          "building": "office",
          "phone": "+48 32 325 11 00",
          "email": "sekretariat.us.tychy@mf.gov.pl"
        }
      },
      "geometry": {
        "type": "Polygon",
        "coordinates": [
          [
            [
              18.9902413,
              50.11672639999999
            ],
            [
              18.9902627,
              50.1167162
            ],
            [
              18.9901498,
              50.116620399999995
            ],
            [
              18.9901377,
              50.1166265
            ],
            [
              18.9899895,
              50.1166972
            ],
            [
              18.9896892,
              50.116841799999996
            ],
            [
              18.9898021,
              50.1169359
            ],
            [
              18.9902413,
              50.11672639999999
            ]
          ]
        ]
      }
    },
    {
      "type": "Feature",
      "properties": {
        "source": "OpenStreetMap",
        "source_id": "way/264032635",
        "domain": "public",
        "asset_type": "administration",
        "confidence": "medium",
        "missing_fields": [],
        "limitations": [
          "OSM public-service completeness and tagging vary by area and facility type.",
          "A facility tag is evidence of mapped semantics, not service availability, capacity, accessibility or operating status.",
          "BDOT10k building geometry is retained only as topographic comparison context and cannot establish facility semantics.",
          "No qualified PRG public-service facility class is enabled for this domain pack."
        ],
        "eligible_for_analysis": true,
        "osm_tags": {
          "name": "Urząd Miejski w Łaziskach Górnych",
          "website": "https://www.laziska.pl/",
          "amenity": "townhall",
          "office": "government",
          "government": "administrative",
          "building": "office",
          "phone": "+48 323248010",
          "email": "burmistrz@laziska.pl"
        }
      },
      "geometry": {
        "type": "Polygon",
        "coordinates": [
          [
            [
              18.8397983,
              50.1495628
            ],
            [
              18.8398228,
              50.14955390000001
            ],
            [
              18.8399034,
              50.14967159999999
            ],
            [
              18.8399671,
              50.14965350000001
            ],
            [
              18.8400636,
              50.1496245
            ],
            [
              18.8399838,
              50.14950819999999
            ],
            [
              18.8399496,
              50.1495177
            ],
            [
              18.839907,
              50.14945709999999
            ],
            [
              18.8396338,
              50.14943749999999
            ],
            [
              18.8396261,
              50.1494631
            ],
            [
              18.8396079,
              50.1495496
            ],
            [
              18.8397983,
              50.1495628
            ]
          ]
        ]
      }
    },
    {
      "type": "Feature",
      "properties": {
        "source": "OpenStreetMap",
        "source_id": "way/267278323",
        "domain": "public",
        "asset_type": "administration",
        "confidence": "medium",
        "missing_fields": [],
        "limitations": [
          "OSM public-service completeness and tagging vary by area and facility type.",
          "A facility tag is evidence of mapped semantics, not service availability, capacity, accessibility or operating status.",
          "BDOT10k building geometry is retained only as topographic comparison context and cannot establish facility semantics.",
          "No qualified PRG public-service facility class is enabled for this domain pack."
        ],
        "eligible_for_analysis": true,
        "osm_tags": {
          "name": "Powiatowa Stacja Sanitarno-Epidemiologiczna w Rybniku",
          "website": "https://www.gov.pl/psse-rybnik",
          "alt_name": "Sanepid w Rybniku",
          "office": "government",
          "government": "healthcare",
          "building": "yes",
          "phone": "+48 32 422 40 09",
          "email": "psse.rybnik@pis.gov.pl"
        }
      },
      "geometry": {
        "type": "Polygon",
        "coordinates": [
          [
            [
              18.5453961,
              50.110648600000005
            ],
            [
              18.545459600000004,
              50.110535000000006
            ],
            [
              18.5453313,
              50.11050349999999
            ],
            [
              18.5452312,
              50.11048019999999
            ],
            [
              18.5450113,
              50.110432
            ],
            [
              18.5449478,
              50.1105455
            ],
            [
              18.5453961,
              50.110648600000005
            ]
          ]
        ]
      }
    },
    {
      "type": "Feature",
      "properties": {
        "source": "OpenStreetMap",
        "source_id": "way/268001682",
        "domain": "public",
        "asset_type": "administration",
        "confidence": "medium",
        "missing_fields": [],
        "limitations": [
          "OSM public-service completeness and tagging vary by area and facility type.",
          "A facility tag is evidence of mapped semantics, not service availability, capacity, accessibility or operating status.",
          "BDOT10k building geometry is retained only as topographic comparison context and cannot establish facility semantics.",
          "No qualified PRG public-service facility class is enabled for this domain pack."
        ],
        "eligible_for_analysis": true,
        "osm_tags": {
          "name": "Nadleśnictwo Rybnik",
          "office": "government",
          "government": "forestry",
          "building": "yes"
        }
      },
      "geometry": {
        "type": "Polygon",
        "coordinates": [
          [
            [
              18.5477761,
              50.0935176
            ],
            [
              18.5477704,
              50.0934994
            ],
            [
              18.547821700000004,
              50.0934929
            ],
            [
              18.5478899,
              50.0934842
            ],
            [
              18.5478764,
              50.093440499999986
            ],
            [
              18.5479016,
              50.09343729999999
            ],
            [
              18.5478808,
              50.093369799999984
            ],
            [
              18.5475977,
              50.0934058
            ],
            [
              18.5476377,
              50.093535200000005
            ],
            [
              18.5477761,
              50.0935176
            ]
          ]
        ]
      }
    },
    {
      "type": "Feature",
      "properties": {
        "source": "OpenStreetMap",
        "source_id": "way/277434175",
        "domain": "public",
        "asset_type": "administration",
        "confidence": "medium",
        "missing_fields": [],
        "limitations": [
          "OSM public-service completeness and tagging vary by area and facility type.",
          "A facility tag is evidence of mapped semantics, not service availability, capacity, accessibility or operating status.",
          "BDOT10k building geometry is retained only as topographic comparison context and cannot establish facility semantics.",
          "No qualified PRG public-service facility class is enabled for this domain pack."
        ],
        "eligible_for_analysis": true,
        "osm_tags": {
          "name": "Urząd Miejski Orzesze",
          "website": "https://www.orzesze.pl/",
          "source": "Powiat mikołowski",
          "amenity": "townhall",
          "office": "government",
          "government": "administrative",
          "building": "office",
          "phone": "+48 323248800",
          "email": "um@orzesze.pl"
        }
      },
      "geometry": {
        "type": "Polygon",
        "coordinates": [
          [
            [
              18.7788598,
              50.1463404
            ],
            [
              18.7785418,
              50.14645199999999
            ],
            [
              18.7785469,
              50.146457899999994
            ],
            [
              18.778627,
              50.146552199999995
            ],
            [
              18.7786347,
              50.1465612
            ],
            [
              18.7789527,
              50.14644959999999
            ],
            [
              18.7788598,
              50.1463404
            ]
          ]
        ]
      }
    },
    {
      "type": "Feature",
      "properties": {
        "source": "OpenStreetMap",
        "source_id": "way/277524969",
        "domain": "public",
        "asset_type": "administration",
        "confidence": "medium",
        "missing_fields": [],
        "limitations": [
          "OSM public-service completeness and tagging vary by area and facility type.",
          "A facility tag is evidence of mapped semantics, not service availability, capacity, accessibility or operating status.",
          "BDOT10k building geometry is retained only as topographic comparison context and cannot establish facility semantics.",
          "No qualified PRG public-service facility class is enabled for this domain pack."
        ],
        "eligible_for_analysis": true,
        "osm_tags": {
          "name": "Starostwo Powiatowe",
          "website": "https://starostwo.gliwice.pl/",
          "amenity": "townhall",
          "building": "yes",
          "opening_hours": "Mo-We 07:30-15:30; Th 07:30-17:30; Fr 07:30-13:30; PH,Sa,Su off"
        }
      },
      "geometry": {
        "type": "Polygon",
        "coordinates": [
          [
            [
              18.6604107,
              50.291748199999994
            ],
            [
              18.6604797,
              50.2917099
            ],
            [
              18.6605239,
              50.291685599999994
            ],
            [
              18.6605427,
              50.2916753
            ],
            [
              18.660571,
              50.2916595
            ],
            [
              18.6606473,
              50.2916173
            ],
            [
              18.6605456,
              50.29154179999998
            ],
            [
              18.6604887,
              50.291573199999995
            ],
            [
              18.6604416,
              50.2915383
            ],
            [
              18.6604587,
              50.29152879999999
            ],
            [
              18.6604113,
              50.2914937
            ],
            [
              18.6603943,
              50.291503099999986
            ],
            [
              18.660336100000002,
              50.291459999999994
            ],
            [
              18.660393,
              50.29142860000001
            ],
            [
              18.6603034,
              50.2913621
            ],
            [
              18.6600668,
              50.291493
            ],
            [
              18.6604107,
              50.291748199999994
            ]
          ]
        ]
      }
    },
    {
      "type": "Feature",
      "properties": {
        "source": "OpenStreetMap",
        "source_id": "way/283588391",
        "domain": "public",
        "asset_type": "administration",
        "confidence": "medium",
        "missing_fields": [],
        "limitations": [
          "OSM public-service completeness and tagging vary by area and facility type.",
          "A facility tag is evidence of mapped semantics, not service availability, capacity, accessibility or operating status.",
          "BDOT10k building geometry is retained only as topographic comparison context and cannot establish facility semantics.",
          "No qualified PRG public-service facility class is enabled for this domain pack."
        ],
        "eligible_for_analysis": true,
        "osm_tags": {
          "name": "Centrum Ratownictwa Gliwice",
          "website": "crg.gliwice.pl",
          "office": "government",
          "building": "office"
        }
      },
      "geometry": {
        "type": "Polygon",
        "coordinates": [
          [
            [
              18.644423,
              50.295638
            ],
            [
              18.644419,
              50.295641
            ],
            [
              18.644513,
              50.295699
            ],
            [
              18.644579,
              50.295739999999995
            ],
            [
              18.644583,
              50.295736999999995
            ],
            [
              18.644751,
              50.29584
            ],
            [
              18.644743,
              50.295845
            ],
            [
              18.644776,
              50.29586599999999
            ],
            [
              18.644784,
              50.29585999999999
            ],
            [
              18.644879,
              50.295919
            ],
            [
              18.64499,
              50.29584400000001
            ],
            [
              18.644694000000005,
              50.295662
            ],
            [
              18.644699,
              50.295658999999986
            ],
            [
              18.644668,
              50.295640999999996
            ],
            [
              18.644652,
              50.29563100000001
            ],
            [
              18.644646,
              50.295626999999996
            ],
            [
              18.6446204,
              50.295611
            ],
            [
              18.64459,
              50.29559199999999
            ],
            [
              18.64457,
              50.29558
            ],
            [
              18.644539,
              50.295561
            ],
            [
              18.644535,
              50.295564
            ],
            [
              18.6442398,
              50.29538199999999
            ],
            [
              18.644196000000004,
              50.295355
            ],
            [
              18.644237,
              50.2953279
            ],
            [
              18.644349000000002,
              50.29525400000001
            ],
            [
              18.644232,
              50.295182000000004
            ],
            [
              18.643967,
              50.295359
            ],
            [
              18.644423,
              50.295638
            ]
          ]
        ]
      }
    },
    {
      "type": "Feature",
      "properties": {
        "source": "OpenStreetMap",
        "source_id": "way/288891670",
        "domain": "public",
        "asset_type": "administration",
        "confidence": "medium",
        "missing_fields": [],
        "limitations": [
          "OSM public-service completeness and tagging vary by area and facility type.",
          "A facility tag is evidence of mapped semantics, not service availability, capacity, accessibility or operating status.",
          "BDOT10k building geometry is retained only as topographic comparison context and cannot establish facility semantics.",
          "No qualified PRG public-service facility class is enabled for this domain pack."
        ],
        "eligible_for_analysis": true,
        "osm_tags": {
          "name": "Urząd Gminy Lubomia",
          "amenity": "townhall",
          "building": "office"
        }
      },
      "geometry": {
        "type": "Polygon",
        "coordinates": [
          [
            [
              18.3056092,
              50.04097120000001
            ],
            [
              18.3056384,
              50.04099939999999
            ],
            [
              18.3057772,
              50.04094010000001
            ],
            [
              18.305661200000003,
              50.040828
            ],
            [
              18.3052325,
              50.041010799999995
            ],
            [
              18.3053193,
              50.04109480000001
            ],
            [
              18.3056092,
              50.04097120000001
            ]
          ]
        ]
      }
    },
    {
      "type": "Feature",
      "properties": {
        "source": "OpenStreetMap",
        "source_id": "way/292154066",
        "domain": "public",
        "asset_type": "administration",
        "confidence": "medium",
        "missing_fields": [],
        "limitations": [
          "OSM public-service completeness and tagging vary by area and facility type.",
          "A facility tag is evidence of mapped semantics, not service availability, capacity, accessibility or operating status.",
          "BDOT10k building geometry is retained only as topographic comparison context and cannot establish facility semantics.",
          "No qualified PRG public-service facility class is enabled for this domain pack."
        ],
        "eligible_for_analysis": true,
        "osm_tags": {
          "name": "Urząd Gminy Cisek",
          "website": "https://cisek.pl/",
          "phases": "+4877 4871157",
          "source": "http://sdi.opolskie.pl/mapa_bazowa/request.aspx",
          "amenity": "townhall",
          "office": "government",
          "government": "administrative",
          "building": "office",
          "opening_hours": "Mo 08:45-16:45; Tu-Fr 07:15-15:15",
          "phone": "+48 774871159",
          "email": "info@cisek.pl"
        }
      },
      "geometry": {
        "type": "Polygon",
        "coordinates": [
          [
            [
              18.2040633,
              50.284286
            ],
            [
              18.2040611,
              50.28417139999999
            ],
            [
              18.2039972,
              50.2841719
            ],
            [
              18.2039951,
              50.28406559999999
            ],
            [
              18.2037045,
              50.28406789999998
            ],
            [
              18.2037066,
              50.28417399999999
            ],
            [
              18.2036358,
              50.28417459999999
            ],
            [
              18.203638,
              50.28428939999999
            ],
            [
              18.2040633,
              50.284286
            ]
          ]
        ]
      }
    },
    {
      "type": "Feature",
      "properties": {
        "source": "OpenStreetMap",
        "source_id": "way/293460756",
        "domain": "public",
        "asset_type": "administration",
        "confidence": "medium",
        "missing_fields": [],
        "limitations": [
          "OSM public-service completeness and tagging vary by area and facility type.",
          "A facility tag is evidence of mapped semantics, not service availability, capacity, accessibility or operating status.",
          "BDOT10k building geometry is retained only as topographic comparison context and cannot establish facility semantics.",
          "No qualified PRG public-service facility class is enabled for this domain pack."
        ],
        "eligible_for_analysis": true,
        "osm_tags": {
          "name": "Urząd Gminy Kobiór",
          "amenity": "townhall",
          "building": "yes"
        }
      },
      "geometry": {
        "type": "Polygon",
        "coordinates": [
          [
            [
              18.9336846,
              50.061052800000006
            ],
            [
              18.9336866,
              50.0609576
            ],
            [
              18.9336997,
              50.0609573
            ],
            [
              18.9336993,
              50.0609501
            ],
            [
              18.9337159,
              50.0609499
            ],
            [
              18.9337154,
              50.0609111
            ],
            [
              18.9336836,
              50.0608972
            ],
            [
              18.933515300000003,
              50.0608972
            ],
            [
              18.933519,
              50.061088399999996
            ],
            [
              18.9336846,
              50.061052800000006
            ]
          ]
        ]
      }
    },
    {
      "type": "Feature",
      "properties": {
        "source": "OpenStreetMap",
        "source_id": "way/294981855",
        "domain": "public",
        "asset_type": "administration",
        "confidence": "medium",
        "missing_fields": [],
        "limitations": [
          "OSM public-service completeness and tagging vary by area and facility type.",
          "A facility tag is evidence of mapped semantics, not service availability, capacity, accessibility or operating status.",
          "BDOT10k building geometry is retained only as topographic comparison context and cannot establish facility semantics.",
          "No qualified PRG public-service facility class is enabled for this domain pack."
        ],
        "eligible_for_analysis": true,
        "osm_tags": {
          "name": "Urząd Stanu Cywilnego",
          "office": "government",
          "government": "register_office",
          "building": "yes"
        }
      },
      "geometry": {
        "type": "Polygon",
        "coordinates": [
          [
            [
              18.6792563,
              50.1481151
            ],
            [
              18.6792095,
              50.14808990000001
            ],
            [
              18.6791388,
              50.1480518
            ],
            [
              18.679101,
              50.1480806
            ],
            [
              18.6790007,
              50.1481572
            ],
            [
              18.6791182,
              50.1482205
            ],
            [
              18.6792563,
              50.1481151
            ]
          ]
        ]
      }
    },
    {
      "type": "Feature",
      "properties": {
        "source": "OpenStreetMap",
        "source_id": "way/294981856",
        "domain": "public",
        "asset_type": "administration",
        "confidence": "medium",
        "missing_fields": [],
        "limitations": [
          "OSM public-service completeness and tagging vary by area and facility type.",
          "A facility tag is evidence of mapped semantics, not service availability, capacity, accessibility or operating status.",
          "BDOT10k building geometry is retained only as topographic comparison context and cannot establish facility semantics.",
          "No qualified PRG public-service facility class is enabled for this domain pack."
        ],
        "eligible_for_analysis": true,
        "osm_tags": {
          "name": "Urząd Gminy i Miasta Czerwionka-Leszczyny",
          "website": "https://www.czerwionka-leszczyny.pl/",
          "amenity": "townhall",
          "office": "government",
          "government": "administrative",
          "building": "office",
          "opening_hours": "Mo 07:30-17:00; Tu-Th 07:30-15:30; Fr 07:30-14:00",
          "phone": "+48 324295911",
          "email": "sekretariat@czerwionka-leszczyny.com.pl"
        }
      },
      "geometry": {
        "type": "Polygon",
        "coordinates": [
          [
            [
              18.6786976,
              50.1483988
            ],
            [
              18.6786927,
              50.1483962
            ],
            [
              18.6787633,
              50.1483411
            ],
            [
              18.678768500000004,
              50.1483439
            ],
            [
              18.6788611,
              50.14827159999999
            ],
            [
              18.6787762,
              50.14822699999999
            ],
            [
              18.678769600000003,
              50.14823209999999
            ],
            [
              18.6787631,
              50.1482372
            ],
            [
              18.6787165,
              50.1482127
            ],
            [
              18.6787006,
              50.14822509999999
            ],
            [
              18.6786726,
              50.14824689999999
            ],
            [
              18.6786762,
              50.1482488
            ],
            [
              18.6786426,
              50.1482751
            ],
            [
              18.6786233,
              50.14826490000001
            ],
            [
              18.678551,
              50.1483214
            ],
            [
              18.6785697,
              50.14833120000001
            ],
            [
              18.6785361,
              50.14835749999999
            ],
            [
              18.6785325,
              50.1483556
            ],
            [
              18.6784886,
              50.1483899
            ],
            [
              18.6785522,
              50.1484233
            ],
            [
              18.6785438,
              50.148429900000004
            ],
            [
              18.6785359,
              50.14843599999999
            ],
            [
              18.678604,
              50.14847189999998
            ],
            [
              18.6786976,
              50.1483988
            ]
          ]
        ]
      }
    },
    {
      "type": "Feature",
      "properties": {
        "source": "OpenStreetMap",
        "source_id": "way/299654832",
        "domain": "public",
        "asset_type": "administration",
        "confidence": "medium",
        "missing_fields": [],
        "limitations": [
          "OSM public-service completeness and tagging vary by area and facility type.",
          "A facility tag is evidence of mapped semantics, not service availability, capacity, accessibility or operating status.",
          "BDOT10k building geometry is retained only as topographic comparison context and cannot establish facility semantics.",
          "No qualified PRG public-service facility class is enabled for this domain pack."
        ],
        "eligible_for_analysis": true,
        "osm_tags": {
          "name": "Powiatowa Stacja Sanitarno-Epidemiologiczna",
          "website": "https://www.gov.pl/psse-tychy",
          "office": "government",
          "government": "healthcare",
          "building": "yes",
          "opening_hours": "Mo-Fr 07:30-15:05",
          "phone": "+48 32 219 31 77",
          "email": "psse.tychy@pis.gov.pl"
        }
      },
      "geometry": {
        "type": "Polygon",
        "coordinates": [
          [
            [
              18.9700869,
              50.128476600000006
            ],
            [
              18.9700137,
              50.128359499999995
            ],
            [
              18.9696006,
              50.12846839999999
            ],
            [
              18.9696747,
              50.12858469999999
            ],
            [
              18.9700869,
              50.128476600000006
            ]
          ]
        ]
      }
    },
    {
      "type": "Feature",
      "properties": {
        "source": "OpenStreetMap",
        "source_id": "way/299813137",
        "domain": "public",
        "asset_type": "administration",
        "confidence": "medium",
        "missing_fields": [],
        "limitations": [
          "OSM public-service completeness and tagging vary by area and facility type.",
          "A facility tag is evidence of mapped semantics, not service availability, capacity, accessibility or operating status.",
          "BDOT10k building geometry is retained only as topographic comparison context and cannot establish facility semantics.",
          "No qualified PRG public-service facility class is enabled for this domain pack."
        ],
        "eligible_for_analysis": true,
        "osm_tags": {
          "name": "Zakład Ubezpieczeń Społecznych",
          "operator": "Oddział ZUS w Zabrzu",
          "source": "msip-mapa.um.gliwice.pl",
          "office": "government",
          "government": "pension_fund",
          "building": "yes",
          "opening_hours": "Mo-We 08:00-15:30; Th 08:00-17:00; Fr 08:00-14:00"
        }
      },
      "geometry": {
        "type": "Polygon",
        "coordinates": [
          [
            [
              18.6719924,
              50.2875247
            ],
            [
              18.6718881,
              50.287425299999995
            ],
            [
              18.6717491,
              50.287487299999995
            ],
            [
              18.671742,
              50.2874809
            ],
            [
              18.671697,
              50.28750149999999
            ],
            [
              18.6717038,
              50.2875082
            ],
            [
              18.6715727,
              50.28756969999999
            ],
            [
              18.6716821,
              50.287666299999984
            ],
            [
              18.6719924,
              50.2875247
            ]
          ]
        ]
      }
    },
    {
      "type": "Feature",
      "properties": {
        "source": "OpenStreetMap",
        "source_id": "way/302841086",
        "domain": "public",
        "asset_type": "administration",
        "confidence": "medium",
        "missing_fields": [],
        "limitations": [
          "OSM public-service completeness and tagging vary by area and facility type.",
          "A facility tag is evidence of mapped semantics, not service availability, capacity, accessibility or operating status.",
          "BDOT10k building geometry is retained only as topographic comparison context and cannot establish facility semantics.",
          "No qualified PRG public-service facility class is enabled for this domain pack."
        ],
        "eligible_for_analysis": true,
        "osm_tags": {
          "name": "Urząd Gminy Wyry",
          "source": "Powiat mikołowski",
          "amenity": "townhall",
          "office": "government",
          "government": "administrative",
          "building": "office"
        }
      },
      "geometry": {
        "type": "Polygon",
        "coordinates": [
          [
            [
              18.8937084,
              50.13256160000001
            ],
            [
              18.8939408,
              50.1325598
            ],
            [
              18.8939373,
              50.132447299999995
            ],
            [
              18.8937063,
              50.13244910000001
            ],
            [
              18.8937084,
              50.13256160000001
            ]
          ]
        ]
      }
    },
    {
      "type": "Feature",
      "properties": {
        "source": "OpenStreetMap",
        "source_id": "way/303606037",
        "domain": "public",
        "asset_type": "administration",
        "confidence": "medium",
        "missing_fields": [],
        "limitations": [
          "OSM public-service completeness and tagging vary by area and facility type.",
          "A facility tag is evidence of mapped semantics, not service availability, capacity, accessibility or operating status.",
          "BDOT10k building geometry is retained only as topographic comparison context and cannot establish facility semantics.",
          "No qualified PRG public-service facility class is enabled for this domain pack."
        ],
        "eligible_for_analysis": true,
        "osm_tags": {
          "name": "Urząd Miasta Pszów",
          "website": "https://www.pszow.pl/",
          "amenity": "townhall",
          "office": "government",
          "government": "administrative",
          "building": "office",
          "phone": "+48 324559551",
          "email": "kancelaria@pszow.pl"
        }
      },
      "geometry": {
        "type": "Polygon",
        "coordinates": [
          [
            [
              18.3956357,
              50.038322699999995
            ],
            [
              18.3956614,
              50.03829419999999
            ],
            [
              18.395674,
              50.038298999999995
            ],
            [
              18.3957121,
              50.0382569
            ],
            [
              18.3956995,
              50.0382521
            ],
            [
              18.3957135,
              50.038236500000004
            ],
            [
              18.3957588,
              50.0381862
            ],
            [
              18.3957517,
              50.038183499999995
            ],
            [
              18.3957633,
              50.0381708
            ],
            [
              18.3956578,
              50.03813139999999
            ],
            [
              18.3956462,
              50.03814409999998
            ],
            [
              18.3956391,
              50.0381415
            ],
            [
              18.3955163,
              50.0382779
            ],
            [
              18.3956357,
              50.038322699999995
            ]
          ]
        ]
      }
    },
    {
      "type": "Feature",
      "properties": {
        "source": "OpenStreetMap",
        "source_id": "way/303865482",
        "domain": "public",
        "asset_type": "administration",
        "confidence": "medium",
        "missing_fields": [],
        "limitations": [
          "OSM public-service completeness and tagging vary by area and facility type.",
          "A facility tag is evidence of mapped semantics, not service availability, capacity, accessibility or operating status.",
          "BDOT10k building geometry is retained only as topographic comparison context and cannot establish facility semantics.",
          "No qualified PRG public-service facility class is enabled for this domain pack."
        ],
        "eligible_for_analysis": true,
        "osm_tags": {
          "name": "Urząd Miejski w Kuźni Raciborskiej",
          "website": "https://kuzniaraciborska.pl/",
          "amenity": "townhall",
          "office": "government",
          "government": "administrative",
          "building": "yes",
          "phone": "+48 324191417",
          "email": "poczta@kuzniaraciborska.pl"
        }
      },
      "geometry": {
        "type": "Polygon",
        "coordinates": [
          [
            [
              18.3066993,
              50.202229200000005
            ],
            [
              18.3068315,
              50.2022275
            ],
            [
              18.306829,
              50.20214709999999
            ],
            [
              18.3064424,
              50.20215019999999
            ],
            [
              18.3064449,
              50.20223240000001
            ],
            [
              18.3066993,
              50.202229200000005
            ]
          ]
        ]
      }
    },
    {
      "type": "Feature",
      "properties": {
        "source": "OpenStreetMap",
        "source_id": "way/304653695",
        "domain": "public",
        "asset_type": "administration",
        "confidence": "medium",
        "missing_fields": [],
        "limitations": [
          "OSM public-service completeness and tagging vary by area and facility type.",
          "A facility tag is evidence of mapped semantics, not service availability, capacity, accessibility or operating status.",
          "BDOT10k building geometry is retained only as topographic comparison context and cannot establish facility semantics.",
          "No qualified PRG public-service facility class is enabled for this domain pack."
        ],
        "eligible_for_analysis": true,
        "osm_tags": {
          "name": "Urząd Miasta Rydułtowy",
          "amenity": "townhall",
          "building": "office"
        }
      },
      "geometry": {
        "type": "Polygon",
        "coordinates": [
          [
            [
              18.4203021,
              50.06352259999999
            ],
            [
              18.4204657,
              50.063479099999995
            ],
            [
              18.4204814,
              50.063474899999996
            ],
            [
              18.4204374,
              50.0634067
            ],
            [
              18.4204653,
              50.06339929999999
            ],
            [
              18.4204035,
              50.063303399999995
            ],
            [
              18.4203773,
              50.0633104
            ],
            [
              18.4203334,
              50.063242499999994
            ],
            [
              18.4201523,
              50.063290599999995
            ],
            [
              18.4203021,
              50.06352259999999
            ]
          ]
        ]
      }
    },
    {
      "type": "Feature",
      "properties": {
        "source": "OpenStreetMap",
        "source_id": "way/305327173",
        "domain": "public",
        "asset_type": "administration",
        "confidence": "medium",
        "missing_fields": [],
        "limitations": [
          "OSM public-service completeness and tagging vary by area and facility type.",
          "A facility tag is evidence of mapped semantics, not service availability, capacity, accessibility or operating status.",
          "BDOT10k building geometry is retained only as topographic comparison context and cannot establish facility semantics.",
          "No qualified PRG public-service facility class is enabled for this domain pack."
        ],
        "eligible_for_analysis": true,
        "osm_tags": {
          "name": "Urząd Miasta Radlin",
          "website": "www.radlin.pl",
          "amenity": "townhall",
          "office": "government",
          "government": "administrative",
          "building": "office",
          "phone": "+48 324590200",
          "email": "info@radlin.pl"
        }
      },
      "geometry": {
        "type": "Polygon",
        "coordinates": [
          [
            [
              18.4736115,
              50.047620300000005
            ],
            [
              18.4736262,
              50.04753019999998
            ],
            [
              18.4736317,
              50.047496499999994
            ],
            [
              18.4732436,
              50.04747069999999
            ],
            [
              18.4732238,
              50.047594600000004
            ],
            [
              18.4736115,
              50.047620300000005
            ]
          ]
        ]
      }
    },
    {
      "type": "Feature",
      "properties": {
        "source": "OpenStreetMap",
        "source_id": "way/336723156",
        "domain": "public",
        "asset_type": "administration",
        "confidence": "medium",
        "missing_fields": [],
        "limitations": [
          "OSM public-service completeness and tagging vary by area and facility type.",
          "A facility tag is evidence of mapped semantics, not service availability, capacity, accessibility or operating status.",
          "BDOT10k building geometry is retained only as topographic comparison context and cannot establish facility semantics.",
          "No qualified PRG public-service facility class is enabled for this domain pack."
        ],
        "eligible_for_analysis": true,
        "osm_tags": {
          "name": "Urząd Miasta Żory",
          "website": "https://zory.pl/",
          "source": "EMUIA/WMS UM Żory",
          "amenity": "townhall",
          "building": "government",
          "phone": "+48 32 43 48 100",
          "wheelchair": "yes"
        }
      },
      "geometry": {
        "type": "Polygon",
        "coordinates": [
          [
            [
              18.6948478,
              50.04527350000001
            ],
            [
              18.6948763,
              50.04523910000001
            ],
            [
              18.6949445,
              50.04515750000001
            ],
            [
              18.6949486,
              50.045148199999986
            ],
            [
              18.6948688,
              50.0451197
            ],
            [
              18.6948585,
              50.04513109999999
            ],
            [
              18.6945849,
              50.045034900000005
            ],
            [
              18.6945932,
              50.045024
            ],
            [
              18.6945461,
              50.045007899999995
            ],
            [
              18.6944357,
              50.0451273
            ],
            [
              18.6948478,
              50.04527350000001
            ]
          ]
        ]
      }
    },
    {
      "type": "Feature",
      "properties": {
        "source": "OpenStreetMap",
        "source_id": "way/346174714",
        "domain": "public",
        "asset_type": "administration",
        "confidence": "medium",
        "missing_fields": [],
        "limitations": [
          "OSM public-service completeness and tagging vary by area and facility type.",
          "A facility tag is evidence of mapped semantics, not service availability, capacity, accessibility or operating status.",
          "BDOT10k building geometry is retained only as topographic comparison context and cannot establish facility semantics.",
          "No qualified PRG public-service facility class is enabled for this domain pack."
        ],
        "eligible_for_analysis": true,
        "osm_tags": {
          "name": "Urząd Gminy Gaszowice",
          "website": "https://www.gaszowice.pl/",
          "amenity": "townhall",
          "office": "government",
          "government": "administrative",
          "building": "yes",
          "opening_hours": "Mo 07:30-16:30; Tu-Th 07:30-15:30; Fr 07:30-14:30",
          "phone": "+48 32 43 27 140",
          "email": "ug@gaszowice.pl"
        }
      },
      "geometry": {
        "type": "Polygon",
        "coordinates": [
          [
            [
              18.4300147,
              50.1081101
            ],
            [
              18.4299848,
              50.108115299999994
            ],
            [
              18.4300622,
              50.1083003
            ],
            [
              18.4300921,
              50.1082952
            ],
            [
              18.4301276,
              50.10838019999999
            ],
            [
              18.4302663,
              50.108356300000004
            ],
            [
              18.4301431,
              50.10806209999999
            ],
            [
              18.4300045,
              50.1080859
            ],
            [
              18.4300147,
              50.1081101
            ]
          ]
        ]
      }
    },
    {
      "type": "Feature",
      "properties": {
        "source": "OpenStreetMap",
        "source_id": "way/360020374",
        "domain": "public",
        "asset_type": "administration",
        "confidence": "medium",
        "missing_fields": [],
        "limitations": [
          "OSM public-service completeness and tagging vary by area and facility type.",
          "A facility tag is evidence of mapped semantics, not service availability, capacity, accessibility or operating status.",
          "BDOT10k building geometry is retained only as topographic comparison context and cannot establish facility semantics.",
          "No qualified PRG public-service facility class is enabled for this domain pack."
        ],
        "eligible_for_analysis": true,
        "osm_tags": {
          "name": "C",
          "office": "government",
          "government": "administrative",
          "building": "civic"
        }
      },
      "geometry": {
        "type": "Polygon",
        "coordinates": [
          [
            [
              18.1875971,
              49.89603110000001
            ],
            [
              18.1872765,
              49.896275
            ],
            [
              18.1872029,
              49.896328399999994
            ],
            [
              18.1872299,
              49.89634689999999
            ],
            [
              18.1874014,
              49.89624070000001
            ],
            [
              18.1874293,
              49.896260600000005
            ],
            [
              18.1874386,
              49.8962561
            ],
            [
              18.1874464,
              49.896262899999996
            ],
            [
              18.1876074,
              49.8961687
            ],
            [
              18.1875819,
              49.896153000000005
            ],
            [
              18.1876109,
              49.89613049999999
            ],
            [
              18.1876998,
              49.896068799999995
            ],
            [
              18.1875971,
              49.89603110000001
            ]
          ]
        ]
      }
    },
    {
      "type": "Feature",
      "properties": {
        "source": "OpenStreetMap",
        "source_id": "way/361872997",
        "domain": "public",
        "asset_type": "administration",
        "confidence": "medium",
        "missing_fields": [],
        "limitations": [
          "OSM public-service completeness and tagging vary by area and facility type.",
          "A facility tag is evidence of mapped semantics, not service availability, capacity, accessibility or operating status.",
          "BDOT10k building geometry is retained only as topographic comparison context and cannot establish facility semantics.",
          "No qualified PRG public-service facility class is enabled for this domain pack."
        ],
        "eligible_for_analysis": true,
        "osm_tags": {
          "name": "Leśnictwo Chwałęcice",
          "office": "government",
          "government": "forestry",
          "building": "yes"
        }
      },
      "geometry": {
        "type": "Polygon",
        "coordinates": [
          [
            [
              18.483236,
              50.12424270000001
            ],
            [
              18.4832253,
              50.12411829999999
            ],
            [
              18.4830684,
              50.1241238
            ],
            [
              18.4830792,
              50.124248200000004
            ],
            [
              18.483236,
              50.12424270000001
            ]
          ]
        ]
      }
    },
    {
      "type": "Feature",
      "properties": {
        "source": "OpenStreetMap",
        "source_id": "way/369330062",
        "domain": "public",
        "asset_type": "administration",
        "confidence": "medium",
        "missing_fields": [],
        "limitations": [
          "OSM public-service completeness and tagging vary by area and facility type.",
          "A facility tag is evidence of mapped semantics, not service availability, capacity, accessibility or operating status.",
          "BDOT10k building geometry is retained only as topographic comparison context and cannot establish facility semantics.",
          "No qualified PRG public-service facility class is enabled for this domain pack."
        ],
        "eligible_for_analysis": true,
        "osm_tags": {
          "name": "Urząd Gminy Marklowice",
          "amenity": "townhall",
          "building": "office"
        }
      },
      "geometry": {
        "type": "Polygon",
        "coordinates": [
          [
            [
              18.5124937,
              50.01840979999999
            ],
            [
              18.5124929,
              50.018423399999996
            ],
            [
              18.5126359,
              50.018426999999996
            ],
            [
              18.5126367,
              50.0184132
            ],
            [
              18.5127648,
              50.01841650000001
            ],
            [
              18.5127676,
              50.018370399999995
            ],
            [
              18.5127921,
              50.018371
            ],
            [
              18.5128066,
              50.0183637
            ],
            [
              18.512808,
              50.018349400000005
            ],
            [
              18.512794900000003,
              50.018340300000006
            ],
            [
              18.5127694,
              50.0183395
            ],
            [
              18.512772700000003,
              50.01829360000001
            ],
            [
              18.5126449,
              50.01828989999999
            ],
            [
              18.5126459,
              50.01827619999999
            ],
            [
              18.5125047,
              50.01827209999999
            ],
            [
              18.5125038,
              50.0182855
            ],
            [
              18.512379,
              50.01828189999999
            ],
            [
              18.5123734,
              50.01827829999999
            ],
            [
              18.5123294,
              50.0182772
            ],
            [
              18.5123233,
              50.018280600000004
            ],
            [
              18.5123155,
              50.0182804
            ],
            [
              18.512312,
              50.018331999999994
            ],
            [
              18.5122723,
              50.018331
            ],
            [
              18.5122708,
              50.018353899999994
            ],
            [
              18.5123104,
              50.01835499999999
            ],
            [
              18.5122714,
              50.0183783
            ],
            [
              18.5123404,
              50.01842599999999
            ],
            [
              18.5123726,
              50.0184067
            ],
            [
              18.5124937,
              50.01840979999999
            ]
          ]
        ]
      }
    },
    {
      "type": "Feature",
      "properties": {
        "source": "OpenStreetMap",
        "source_id": "way/369949575",
        "domain": "public",
        "asset_type": "administration",
        "confidence": "medium",
        "missing_fields": [],
        "limitations": [
          "OSM public-service completeness and tagging vary by area and facility type.",
          "A facility tag is evidence of mapped semantics, not service availability, capacity, accessibility or operating status.",
          "BDOT10k building geometry is retained only as topographic comparison context and cannot establish facility semantics.",
          "No qualified PRG public-service facility class is enabled for this domain pack."
        ],
        "eligible_for_analysis": true,
        "osm_tags": {
          "name": "Urząd Gminy Mszana",
          "amenity": "townhall",
          "building": "office"
        }
      },
      "geometry": {
        "type": "Polygon",
        "coordinates": [
          [
            [
              18.5280396,
              49.9685197
            ],
            [
              18.5280398,
              49.968545
            ],
            [
              18.5282153,
              49.9685385
            ],
            [
              18.5282062,
              49.9683972
            ],
            [
              18.5279402,
              49.968410399999996
            ],
            [
              18.5279501,
              49.96852169999998
            ],
            [
              18.5279613,
              49.9685244
            ],
            [
              18.5280396,
              49.9685197
            ]
          ]
        ]
      }
    },
    {
      "type": "Feature",
      "properties": {
        "source": "OpenStreetMap",
        "source_id": "way/375326161",
        "domain": "public",
        "asset_type": "administration",
        "confidence": "medium",
        "missing_fields": [],
        "limitations": [
          "OSM public-service completeness and tagging vary by area and facility type.",
          "A facility tag is evidence of mapped semantics, not service availability, capacity, accessibility or operating status.",
          "BDOT10k building geometry is retained only as topographic comparison context and cannot establish facility semantics.",
          "No qualified PRG public-service facility class is enabled for this domain pack."
        ],
        "eligible_for_analysis": true,
        "osm_tags": {
          "name": "Sołtys",
          "office": "government",
          "building": "house"
        }
      },
      "geometry": {
        "type": "Polygon",
        "coordinates": [
          [
            [
              18.9247075,
              50.02172240000001
            ],
            [
              18.9247976,
              50.02167409999999
            ],
            [
              18.9246827,
              50.02158499999999
            ],
            [
              18.9246163,
              50.0216208
            ],
            [
              18.9246389,
              50.02163829999999
            ],
            [
              18.9246009,
              50.0216587
            ],
            [
              18.9246422,
              50.02169059999999
            ],
            [
              18.924656600000002,
              50.021683
            ],
            [
              18.9247075,
              50.02172240000001
            ]
          ]
        ]
      }
    },
    {
      "type": "Feature",
      "properties": {
        "source": "OpenStreetMap",
        "source_id": "way/375967558",
        "domain": "public",
        "asset_type": "administration",
        "confidence": "medium",
        "missing_fields": [],
        "limitations": [
          "OSM public-service completeness and tagging vary by area and facility type.",
          "A facility tag is evidence of mapped semantics, not service availability, capacity, accessibility or operating status.",
          "BDOT10k building geometry is retained only as topographic comparison context and cannot establish facility semantics.",
          "No qualified PRG public-service facility class is enabled for this domain pack."
        ],
        "eligible_for_analysis": true,
        "osm_tags": {
          "name": "Powiatowy Inspektorat Weterynarii",
          "website": "http://tychy.piw.gov.pl",
          "office": "government",
          "government": "veterinary",
          "building": "yes",
          "opening_hours": "Mo-Fr 07:30-15:30",
          "phone": "+48 32 227 26 25",
          "email": "sekretariat@tychy.piw.gov.pl"
        }
      },
      "geometry": {
        "type": "Polygon",
        "coordinates": [
          [
            [
              18.983389,
              50.13563679999999
            ],
            [
              18.9833824,
              50.1356241
            ],
            [
              18.983445700000004,
              50.1356107
            ],
            [
              18.9833819,
              50.1354866
            ],
            [
              18.9833332,
              50.135496800000006
            ],
            [
              18.9833168,
              50.135464799999994
            ],
            [
              18.9832468,
              50.1354797
            ],
            [
              18.9832635,
              50.13551220000001
            ],
            [
              18.9832181,
              50.13552179999999
            ],
            [
              18.9832814,
              50.13564509999999
            ],
            [
              18.9833374,
              50.1356332
            ],
            [
              18.9833441,
              50.13564629999999
            ],
            [
              18.983389,
              50.13563679999999
            ]
          ]
        ]
      }
    },
    {
      "type": "Feature",
      "properties": {
        "source": "OpenStreetMap",
        "source_id": "way/391618205",
        "domain": "public",
        "asset_type": "administration",
        "confidence": "medium",
        "missing_fields": [],
        "limitations": [
          "OSM public-service completeness and tagging vary by area and facility type.",
          "A facility tag is evidence of mapped semantics, not service availability, capacity, accessibility or operating status.",
          "BDOT10k building geometry is retained only as topographic comparison context and cannot establish facility semantics.",
          "No qualified PRG public-service facility class is enabled for this domain pack."
        ],
        "eligible_for_analysis": true,
        "osm_tags": {
          "name": "Urząd Gminy Gorzyce (Referat Spraw Obywatelskich)",
          "amenity": "townhall",
          "building": "public"
        }
      },
      "geometry": {
        "type": "Polygon",
        "coordinates": [
          [
            [
              18.3849668,
              49.9578129
            ],
            [
              18.3851382,
              49.95764840000001
            ],
            [
              18.3849517,
              49.95756790000001
            ],
            [
              18.3847806,
              49.9577329
            ],
            [
              18.3849668,
              49.9578129
            ]
          ]
        ]
      }
    },
    {
      "type": "Feature",
      "properties": {
        "source": "OpenStreetMap",
        "source_id": "way/393557463",
        "domain": "public",
        "asset_type": "administration",
        "confidence": "medium",
        "missing_fields": [],
        "limitations": [
          "OSM public-service completeness and tagging vary by area and facility type.",
          "A facility tag is evidence of mapped semantics, not service availability, capacity, accessibility or operating status.",
          "BDOT10k building geometry is retained only as topographic comparison context and cannot establish facility semantics.",
          "No qualified PRG public-service facility class is enabled for this domain pack."
        ],
        "eligible_for_analysis": true,
        "osm_tags": {
          "name": "Urząd Gminy w Chybiu",
          "website": "www.chybie.pl",
          "amenity": "townhall",
          "building": "yes",
          "opening_hours": "Mo-Th 07:00-15:00; Tu 08:00-17:00; Fr 07:00-14:00",
          "phone": "+48 33 856 10 96",
          "email": "sekretariat@chybie.pl"
        }
      },
      "geometry": {
        "type": "Polygon",
        "coordinates": [
          [
            [
              18.8128515,
              49.8957314
            ],
            [
              18.8128907,
              49.8957562
            ],
            [
              18.8130176,
              49.89567900000001
            ],
            [
              18.812983,
              49.89565340000001
            ],
            [
              18.8130123,
              49.8956364
            ],
            [
              18.8129093,
              49.8955635
            ],
            [
              18.8127159,
              49.89567689999999
            ],
            [
              18.8128237,
              49.89574859999999
            ],
            [
              18.8128515,
              49.8957314
            ]
          ]
        ]
      }
    },
    {
      "type": "Feature",
      "properties": {
        "source": "OpenStreetMap",
        "source_id": "way/430793966",
        "domain": "public",
        "asset_type": "administration",
        "confidence": "medium",
        "missing_fields": [],
        "limitations": [
          "OSM public-service completeness and tagging vary by area and facility type.",
          "A facility tag is evidence of mapped semantics, not service availability, capacity, accessibility or operating status.",
          "BDOT10k building geometry is retained only as topographic comparison context and cannot establish facility semantics.",
          "No qualified PRG public-service facility class is enabled for this domain pack."
        ],
        "eligible_for_analysis": true,
        "osm_tags": {
          "name": "Urząd Gminy Polska Cerekiew",
          "website": "https://polskacerekiew.pl/",
          "source": "http://sdi.opolskie.pl/mapa_bazowa/request.aspx",
          "amenity": "townhall",
          "office": "government",
          "government": "administrative",
          "building": "yes",
          "opening_hours": "Mo 07:30-16:00; Tu-Th 07:30-15:30; Fr 07:30-15:00",
          "phone": "+48 774801460",
          "email": "ug@polskacerekiew.pl"
        }
      },
      "geometry": {
        "type": "Polygon",
        "coordinates": [
          [
            [
              18.1238711,
              50.22670829999999
            ],
            [
              18.1239823,
              50.226671599999996
            ],
            [
              18.1238458,
              50.2265043
            ],
            [
              18.1237363,
              50.22654300000001
            ],
            [
              18.1238711,
              50.22670829999999
            ]
          ]
        ]
      }
    },
    {
      "type": "Feature",
      "properties": {
        "source": "OpenStreetMap",
        "source_id": "way/441754326",
        "domain": "public",
        "asset_type": "administration",
        "confidence": "medium",
        "missing_fields": [],
        "limitations": [
          "OSM public-service completeness and tagging vary by area and facility type.",
          "A facility tag is evidence of mapped semantics, not service availability, capacity, accessibility or operating status.",
          "BDOT10k building geometry is retained only as topographic comparison context and cannot establish facility semantics.",
          "No qualified PRG public-service facility class is enabled for this domain pack."
        ],
        "eligible_for_analysis": true,
        "osm_tags": {
          "name": "Urząd Celno-Skarbowy w Rybniku",
          "office": "government",
          "building": "yes"
        }
      },
      "geometry": {
        "type": "Polygon",
        "coordinates": [
          [
            [
              18.6120144,
              50.058047499999994
            ],
            [
              18.6118379,
              50.05772940000001
            ],
            [
              18.6116698,
              50.0577678
            ],
            [
              18.6118464,
              50.058086
            ],
            [
              18.6120144,
              50.058047499999994
            ]
          ]
        ]
      }
    },
    {
      "type": "Feature",
      "properties": {
        "source": "OpenStreetMap",
        "source_id": "way/484695692",
        "domain": "public",
        "asset_type": "administration",
        "confidence": "medium",
        "missing_fields": [],
        "limitations": [
          "OSM public-service completeness and tagging vary by area and facility type.",
          "A facility tag is evidence of mapped semantics, not service availability, capacity, accessibility or operating status.",
          "BDOT10k building geometry is retained only as topographic comparison context and cannot establish facility semantics.",
          "No qualified PRG public-service facility class is enabled for this domain pack."
        ],
        "eligible_for_analysis": true,
        "osm_tags": {
          "name": "Urząd Gminy Rudziniec",
          "amenity": "townhall",
          "building": "public"
        }
      },
      "geometry": {
        "type": "Polygon",
        "coordinates": [
          [
            [
              18.4057872,
              50.3680944
            ],
            [
              18.4057908,
              50.368009699999995
            ],
            [
              18.4058353,
              50.36801049999998
            ],
            [
              18.4058346,
              50.3680272
            ],
            [
              18.4059153,
              50.36802859999999
            ],
            [
              18.4059202,
              50.3679119
            ],
            [
              18.4058373,
              50.3679105
            ],
            [
              18.4058366,
              50.367926099999984
            ],
            [
              18.4057992,
              50.36792549999999
            ],
            [
              18.4058028,
              50.36784180000001
            ],
            [
              18.4056004,
              50.3678382
            ],
            [
              18.4055939,
              50.3679903
            ],
            [
              18.4055896,
              50.36809089999999
            ],
            [
              18.4057872,
              50.3680944
            ]
          ]
        ]
      }
    },
    {
      "type": "Feature",
      "properties": {
        "source": "OpenStreetMap",
        "source_id": "way/525371715",
        "domain": "public",
        "asset_type": "administration",
        "confidence": "medium",
        "missing_fields": [],
        "limitations": [
          "OSM public-service completeness and tagging vary by area and facility type.",
          "A facility tag is evidence of mapped semantics, not service availability, capacity, accessibility or operating status.",
          "BDOT10k building geometry is retained only as topographic comparison context and cannot establish facility semantics.",
          "No qualified PRG public-service facility class is enabled for this domain pack."
        ],
        "eligible_for_analysis": true,
        "osm_tags": {
          "name": "Powiatowy Zarząd Dróg w Wodzisławiu Śląskim",
          "website": "https://pzd-wodzislaw.pl/",
          "office": "government",
          "government": "transportation",
          "building": "yes",
          "opening_hours": "Mo-Fr 07:00-15:00"
        }
      },
      "geometry": {
        "type": "Polygon",
        "coordinates": [
          [
            [
              18.3296025,
              50.01354129999999
            ],
            [
              18.3296225,
              50.0135443
            ],
            [
              18.3296327,
              50.013516900000006
            ],
            [
              18.3296125,
              50.01351389999999
            ],
            [
              18.329633,
              50.013459499999996
            ],
            [
              18.3294375,
              50.013429
            ],
            [
              18.329424600000003,
              50.01346399999999
            ],
            [
              18.329344,
              50.01345140000001
            ],
            [
              18.3293361,
              50.013472199999995
            ],
            [
              18.3294166,
              50.01348479999999
            ],
            [
              18.3294068,
              50.01351120000001
            ],
            [
              18.3296025,
              50.01354129999999
            ]
          ]
        ]
      }
    },
    {
      "type": "Feature",
      "properties": {
        "source": "OpenStreetMap",
        "source_id": "way/750614965",
        "domain": "public",
        "asset_type": "administration",
        "confidence": "medium",
        "missing_fields": [],
        "limitations": [
          "OSM public-service completeness and tagging vary by area and facility type.",
          "A facility tag is evidence of mapped semantics, not service availability, capacity, accessibility or operating status.",
          "BDOT10k building geometry is retained only as topographic comparison context and cannot establish facility semantics.",
          "No qualified PRG public-service facility class is enabled for this domain pack."
        ],
        "eligible_for_analysis": true,
        "osm_tags": {
          "name": "Wojewódzki Ośrodek Ruchu Drogowego w Opolu. Oddział Terenowy Kędzierzyn-Koźle",
          "office": "government",
          "government": "transportation"
        }
      },
      "geometry": {
        "type": "LineString",
        "coordinates": [
          [
            18.2418879,
            50.31856659999999
          ],
          [
            18.2423339,
            50.3181357
          ],
          [
            18.2426179,
            50.3182565
          ],
          [
            18.2426929,
            50.3182821
          ],
          [
            18.2427371,
            50.318306299999996
          ],
          [
            18.2427116,
            50.318322499999994
          ],
          [
            18.2430687,
            50.3185482
          ],
          [
            18.242992200000003,
            50.3185991
          ],
          [
            18.2429766,
            50.31858929999999
          ],
          [
            18.2427488,
            50.318745699999994
          ],
          [
            18.2428446,
            50.318805
          ],
          [
            18.2428347,
            50.3188116
          ],
          [
            18.2426732,
            50.31890119999999
          ],
          [
            18.2423937,
            50.318790799999995
          ],
          [
            18.2421377,
            50.3187037
          ],
          [
            18.2421658,
            50.31866789999999
          ],
          [
            18.2419875,
            50.31859219999999
          ],
          [
            18.2419556,
            50.318580000000004
          ],
          [
            18.2419275,
            50.31857430000001
          ],
          [
            18.2418879,
            50.31856659999999
          ]
        ]
      }
    },
    {
      "type": "Feature",
      "properties": {
        "source": "OpenStreetMap",
        "source_id": "way/808702178",
        "domain": "public",
        "asset_type": "administration",
        "confidence": "medium",
        "missing_fields": [],
        "limitations": [
          "OSM public-service completeness and tagging vary by area and facility type.",
          "A facility tag is evidence of mapped semantics, not service availability, capacity, accessibility or operating status.",
          "BDOT10k building geometry is retained only as topographic comparison context and cannot establish facility semantics.",
          "No qualified PRG public-service facility class is enabled for this domain pack."
        ],
        "eligible_for_analysis": true,
        "osm_tags": {
          "name": "Powiatowy Urząd Pracy",
          "source": "www.geoportal.gov.pl",
          "office": "government",
          "building": "yes"
        }
      },
      "geometry": {
        "type": "Polygon",
        "coordinates": [
          [
            [
              18.9496129,
              49.97794779999999
            ],
            [
              18.9497741,
              49.97791039999999
            ],
            [
              18.9497662,
              49.9778955
            ],
            [
              18.9498588,
              49.977873
            ],
            [
              18.9498704,
              49.9778934
            ],
            [
              18.9500307,
              49.977855299999995
            ],
            [
              18.9500197,
              49.97783499999999
            ],
            [
              18.9501177,
              49.9778118
            ],
            [
              18.9500595,
              49.9777159
            ],
            [
              18.9497039,
              49.9778007
            ],
            [
              18.949544700000004,
              49.977839
            ],
            [
              18.9496129,
              49.97794779999999
            ]
          ]
        ]
      }
    },
    {
      "type": "Feature",
      "properties": {
        "source": "OpenStreetMap",
        "source_id": "way/832565420",
        "domain": "public",
        "asset_type": "administration",
        "confidence": "medium",
        "missing_fields": [],
        "limitations": [
          "OSM public-service completeness and tagging vary by area and facility type.",
          "A facility tag is evidence of mapped semantics, not service availability, capacity, accessibility or operating status.",
          "BDOT10k building geometry is retained only as topographic comparison context and cannot establish facility semantics.",
          "No qualified PRG public-service facility class is enabled for this domain pack."
        ],
        "eligible_for_analysis": true,
        "osm_tags": {
          "name": "Urząd Gminy Jejkowice",
          "name:pl": "Urząd Gminy Jejkowice",
          "source": "www.geoportal.gov.pl",
          "office": "government",
          "building": "yes"
        }
      },
      "geometry": {
        "type": "Polygon",
        "coordinates": [
          [
            [
              18.4746854,
              50.10591
            ],
            [
              18.4748502,
              50.1058605
            ],
            [
              18.4748098,
              50.105809699999995
            ],
            [
              18.4748518,
              50.105796199999986
            ],
            [
              18.474834,
              50.1057714
            ],
            [
              18.4748305,
              50.1057665
            ],
            [
              18.4747908,
              50.1057777
            ],
            [
              18.4747556,
              50.10572470000001
            ],
            [
              18.4745885,
              50.1057738
            ],
            [
              18.4746854,
              50.10591
            ]
          ]
        ]
      }
    },
    {
      "type": "Feature",
      "properties": {
        "source": "OpenStreetMap",
        "source_id": "way/833814883",
        "domain": "public",
        "asset_type": "administration",
        "confidence": "medium",
        "missing_fields": [],
        "limitations": [
          "OSM public-service completeness and tagging vary by area and facility type.",
          "A facility tag is evidence of mapped semantics, not service availability, capacity, accessibility or operating status.",
          "BDOT10k building geometry is retained only as topographic comparison context and cannot establish facility semantics.",
          "No qualified PRG public-service facility class is enabled for this domain pack."
        ],
        "eligible_for_analysis": true,
        "osm_tags": {
          "name": "Okręgowy Urząd Miar",
          "source": "www.geoportal.gov.pl",
          "office": "government",
          "building": "yes"
        }
      },
      "geometry": {
        "type": "Polygon",
        "coordinates": [
          [
            [
              18.5514093,
              50.0642173
            ],
            [
              18.5515156,
              50.06415619999999
            ],
            [
              18.551343,
              50.0640343
            ],
            [
              18.5512365,
              50.06409440000001
            ],
            [
              18.5513255,
              50.064157
            ],
            [
              18.5514093,
              50.0642173
            ]
          ]
        ]
      }
    },
    {
      "type": "Feature",
      "properties": {
        "source": "OpenStreetMap",
        "source_id": "way/1039833930",
        "domain": "public",
        "asset_type": "administration",
        "confidence": "medium",
        "missing_fields": [],
        "limitations": [
          "OSM public-service completeness and tagging vary by area and facility type.",
          "A facility tag is evidence of mapped semantics, not service availability, capacity, accessibility or operating status.",
          "BDOT10k building geometry is retained only as topographic comparison context and cannot establish facility semantics.",
          "No qualified PRG public-service facility class is enabled for this domain pack."
        ],
        "eligible_for_analysis": true,
        "osm_tags": {
          "name": "Urząd Gminy Świerklany",
          "website": "https://swierklany.pl/",
          "amenity": "townhall",
          "office": "government",
          "government": "administrative",
          "building": "civic"
        }
      },
      "geometry": {
        "type": "Polygon",
        "coordinates": [
          [
            [
              18.5878867,
              50.0269729
            ],
            [
              18.5878878,
              50.0269716
            ],
            [
              18.5879729,
              50.0269932
            ],
            [
              18.5879718,
              50.0269949
            ],
            [
              18.5879847,
              50.026998199999994
            ],
            [
              18.5879861,
              50.02699660000001
            ],
            [
              18.5880714,
              50.0270188
            ],
            [
              18.5880702,
              50.0270206
            ],
            [
              18.5880835,
              50.0270238
            ],
            [
              18.5880844,
              50.02702260000001
            ],
            [
              18.5881546,
              50.02704129999999
            ],
            [
              18.5881376,
              50.027050900000006
            ],
            [
              18.5882112,
              50.0270714
            ],
            [
              18.5882194,
              50.0270588
            ],
            [
              18.5883474,
              50.0270924
            ],
            [
              18.5883464,
              50.0270937
            ],
            [
              18.5883588,
              50.02709680000001
            ],
            [
              18.5883601,
              50.02709529999999
            ],
            [
              18.5884894,
              50.0271283
            ],
            [
              18.5884884,
              50.02712999999999
            ],
            [
              18.5885008,
              50.0271334
            ],
            [
              18.5885019,
              50.027132
            ],
            [
              18.588610200000005,
              50.0271599
            ],
            [
              18.588565,
              50.027094
            ],
            [
              18.5885671,
              50.0270936
            ],
            [
              18.5885612,
              50.0270851
            ],
            [
              18.5885591,
              50.02708569999999
            ],
            [
              18.5885322,
              50.0270468
            ],
            [
              18.5885343,
              50.027046299999995
            ],
            [
              18.5885291,
              50.027038499999996
            ],
            [
              18.5885263,
              50.0270389
            ],
            [
              18.5885017,
              50.0270032
            ],
            [
              18.5885045,
              50.02700239999999
            ],
            [
              18.5884985,
              50.026993999999995
            ],
            [
              18.5884964,
              50.02699459999999
            ],
            [
              18.5884714,
              50.0269593
            ],
            [
              18.5884739,
              50.0269585
            ],
            [
              18.5884674,
              50.0269499
            ],
            [
              18.5884654,
              50.0269504
            ],
            [
              18.5884335,
              50.0269047
            ],
            [
              18.5884513,
              50.02689459999999
            ],
            [
              18.5884285,
              50.02686150000001
            ],
            [
              18.5884113,
              50.0268715
            ],
            [
              18.5883941,
              50.02684560000001
            ],
            [
              18.5883963,
              50.026844899999986
            ],
            [
              18.5883909,
              50.0268365
            ],
            [
              18.588378,
              50.026838600000005
            ],
            [
              18.5883781,
              50.0268403
            ],
            [
              18.588233,
              50.02686339999999
            ],
            [
              18.5882319,
              50.0268619
            ],
            [
              18.5882192,
              50.026863999999996
            ],
            [
              18.5882235,
              50.0268726
            ],
            [
              18.5882252,
              50.02687219999999
            ],
            [
              18.5882693,
              50.0269365
            ],
            [
              18.5882466,
              50.02695190000001
            ],
            [
              18.5881495,
              50.02692679999999
            ],
            [
              18.5881505,
              50.0269256
            ],
            [
              18.5881359,
              50.02692199999999
            ],
            [
              18.5881347,
              50.026923499999995
            ],
            [
              18.588006,
              50.0268891
            ],
            [
              18.5880061,
              50.02688719999999
            ],
            [
              18.5879927,
              50.0268848
            ],
            [
              18.5879831,
              50.0268912
            ],
            [
              18.5879852,
              50.0268919
            ],
            [
              18.5878852,
              50.026963499999994
            ],
            [
              18.5878826,
              50.0269625
            ],
            [
              18.5878742,
              50.0269696
            ],
            [
              18.5878867,
              50.0269729
            ]
          ]
        ]
      }
    },
    {
      "type": "Feature",
      "properties": {
        "source": "OpenStreetMap",
        "source_id": "way/1091395106",
        "domain": "public",
        "asset_type": "administration",
        "confidence": "medium",
        "missing_fields": [],
        "limitations": [
          "OSM public-service completeness and tagging vary by area and facility type.",
          "A facility tag is evidence of mapped semantics, not service availability, capacity, accessibility or operating status.",
          "BDOT10k building geometry is retained only as topographic comparison context and cannot establish facility semantics.",
          "No qualified PRG public-service facility class is enabled for this domain pack."
        ],
        "eligible_for_analysis": true,
        "osm_tags": {
          "name": "Starostwo Powiatowe w Mikołowie",
          "source": "www.geoportal.gov.pl",
          "office": "government",
          "government": "administrative",
          "building": "civic"
        }
      },
      "geometry": {
        "type": "Polygon",
        "coordinates": [
          [
            [
              18.8987,
              50.1696211
            ],
            [
              18.8985166,
              50.16969549999999
            ],
            [
              18.8988585,
              50.1700454
            ],
            [
              18.8990383,
              50.169971999999994
            ],
            [
              18.8987,
              50.1696211
            ]
          ]
        ]
      }
    },
    {
      "type": "Feature",
      "properties": {
        "source": "OpenStreetMap",
        "source_id": "way/1120351685",
        "domain": "public",
        "asset_type": "administration",
        "confidence": "medium",
        "missing_fields": [],
        "limitations": [
          "OSM public-service completeness and tagging vary by area and facility type.",
          "A facility tag is evidence of mapped semantics, not service availability, capacity, accessibility or operating status.",
          "BDOT10k building geometry is retained only as topographic comparison context and cannot establish facility semantics.",
          "No qualified PRG public-service facility class is enabled for this domain pack."
        ],
        "eligible_for_analysis": true,
        "osm_tags": {
          "name": "Komenda Miejska Państwowej Straży Pożarnej",
          "website": "https://www.gov.pl/web/kmpsp-gliwice",
          "office": "government",
          "government": "public_safety",
          "building": "yes",
          "phone": "+48 32 231 18 85",
          "email": "kmpsp@kmpsp.gliwice.pl"
        }
      },
      "geometry": {
        "type": "Polygon",
        "coordinates": [
          [
            [
              18.6752574,
              50.2926291
            ],
            [
              18.6749193,
              50.29292199999999
            ],
            [
              18.6748992,
              50.29291250000001
            ],
            [
              18.6748711,
              50.2929368
            ],
            [
              18.6748399,
              50.29292209999999
            ],
            [
              18.6745863,
              50.292802599999995
            ],
            [
              18.6746078,
              50.2927839
            ],
            [
              18.6743601,
              50.2926672
            ],
            [
              18.6742713,
              50.2927441
            ],
            [
              18.6742513,
              50.29276140000001
            ],
            [
              18.674499,
              50.2928782
            ],
            [
              18.6747383,
              50.29299090000001
            ],
            [
              18.674895,
              50.293064799999996
            ],
            [
              18.6750104,
              50.2929649
            ],
            [
              18.6753486,
              50.2926721
            ],
            [
              18.6752574,
              50.2926291
            ]
          ]
        ]
      }
    },
    {
      "type": "Feature",
      "properties": {
        "source": "OpenStreetMap",
        "source_id": "way/1208875949",
        "domain": "public",
        "asset_type": "administration",
        "confidence": "medium",
        "missing_fields": [],
        "limitations": [
          "OSM public-service completeness and tagging vary by area and facility type.",
          "A facility tag is evidence of mapped semantics, not service availability, capacity, accessibility or operating status.",
          "BDOT10k building geometry is retained only as topographic comparison context and cannot establish facility semantics.",
          "No qualified PRG public-service facility class is enabled for this domain pack."
        ],
        "eligible_for_analysis": true,
        "osm_tags": {
          "name": "Prokuratura Rejonowa w Żorach",
          "website": "https://www.gov.pl/web/po-gliwice/prokuratura-rejonowa-w-zorach",
          "source": "EMUIA/WMS UM Żory",
          "office": "government",
          "government": "prosecutor",
          "building": "office",
          "contact:email": "biuro.podawcze.przor@prokuratura.gov.pl"
        }
      },
      "geometry": {
        "type": "Polygon",
        "coordinates": [
          [
            [
              18.6880686,
              50.04224909999999
            ],
            [
              18.6880492,
              50.0422489
            ],
            [
              18.6880496,
              50.0422802
            ],
            [
              18.6880688,
              50.04228139999999
            ],
            [
              18.6881657,
              50.042279799999996
            ],
            [
              18.6881658,
              50.042283999999995
            ],
            [
              18.6881887,
              50.042283700000006
            ],
            [
              18.6881895,
              50.0423076
            ],
            [
              18.6881691,
              50.04230809999999
            ],
            [
              18.688169500000004,
              50.042313699999994
            ],
            [
              18.6881899,
              50.042313099999994
            ],
            [
              18.688191900000003,
              50.04234499999999
            ],
            [
              18.68825,
              50.042343699999996
            ],
            [
              18.6882929,
              50.0423427
            ],
            [
              18.6882933,
              50.0423488
            ],
            [
              18.688302,
              50.0423486
            ],
            [
              18.6883016,
              50.0423432
            ],
            [
              18.6883589,
              50.0423424
            ],
            [
              18.6883562,
              50.0422821
            ],
            [
              18.6883679,
              50.042281799999984
            ],
            [
              18.6883685,
              50.0422288
            ],
            [
              18.688369,
              50.0422273
            ],
            [
              18.6883623,
              50.041936799999995
            ],
            [
              18.6882835,
              50.04193790000001
            ],
            [
              18.688279100000003,
              50.04193790000001
            ],
            [
              18.6881575,
              50.0419396
            ],
            [
              18.6881646,
              50.042247800000005
            ],
            [
              18.6880686,
              50.04224909999999
            ]
          ]
        ]
      }
    },
    {
      "type": "Feature",
      "properties": {
        "source": "OpenStreetMap",
        "source_id": "way/1355310389",
        "domain": "public",
        "asset_type": "administration",
        "confidence": "medium",
        "missing_fields": [],
        "limitations": [
          "OSM public-service completeness and tagging vary by area and facility type.",
          "A facility tag is evidence of mapped semantics, not service availability, capacity, accessibility or operating status.",
          "BDOT10k building geometry is retained only as topographic comparison context and cannot establish facility semantics.",
          "No qualified PRG public-service facility class is enabled for this domain pack."
        ],
        "eligible_for_analysis": true,
        "osm_tags": {
          "name": "Urząd Skarbowy",
          "website": "https://www.slaskie.kas.gov.pl/urzad-skarbowy-w-zorach",
          "office": "government",
          "government": "tax",
          "building": "yes",
          "opening_hours": "Mo-Fr 08:00-15:00",
          "phone": "+48 32 478 85 30",
          "email": "sekretariat.us.zory@mf.gov.pl"
        }
      },
      "geometry": {
        "type": "Polygon",
        "coordinates": [
          [
            [
              18.6880496,
              50.0422802
            ],
            [
              18.6880492,
              50.0422489
            ],
            [
              18.6880474,
              50.042117499999996
            ],
            [
              18.6876901,
              50.04211939999999
            ],
            [
              18.687693100000004,
              50.04234869999999
            ],
            [
              18.6880505,
              50.042346699999996
            ],
            [
              18.6880496,
              50.0422802
            ]
          ]
        ]
      }
    },
    {
      "type": "Feature",
      "properties": {
        "source": "OpenStreetMap",
        "source_id": "way/1437141456",
        "domain": "public",
        "asset_type": "administration",
        "confidence": "medium",
        "missing_fields": [],
        "limitations": [
          "OSM public-service completeness and tagging vary by area and facility type.",
          "A facility tag is evidence of mapped semantics, not service availability, capacity, accessibility or operating status.",
          "BDOT10k building geometry is retained only as topographic comparison context and cannot establish facility semantics.",
          "No qualified PRG public-service facility class is enabled for this domain pack."
        ],
        "eligible_for_analysis": true,
        "osm_tags": {
          "name": "Agencja Restrukturyzacji i Modernizacji Rolnictwa",
          "amenity": "government",
          "office": "government",
          "government": "agency"
        }
      },
      "geometry": {
        "type": "Polygon",
        "coordinates": [
          [
            [
              18.5817569,
              49.9411054
            ],
            [
              18.5818811,
              49.9410809
            ],
            [
              18.58201,
              49.9410555
            ],
            [
              18.581973,
              49.940979600000006
            ],
            [
              18.5819331,
              49.94089509999999
            ],
            [
              18.5816822,
              49.94094089999999
            ],
            [
              18.5817569,
              49.9411054
            ]
          ]
        ]
      }
    }
  ]
}