{
  "type": "FeatureCollection",
  "metadata": {
    "cache_layout_version": "provider_cache/v1",
    "geojson_contract_version": "provider_geojson/v1",
    "aoi_id": "rybnik_35km",
    "domain": "public",
    "layer_id": "public.post",
    "source": "OpenStreetMap",
    "source_type": "analytical_vector",
    "source_registry_id": "openstreetmap",
    "source_url": "https://overpass-api.de/api/interpreter",
    "source_query": "Bounded Overpass snapshot: explicit public-service amenity and office tags within the Rybnik 35 km AOI.",
    "snapshot_at": "2026-08-03T20:30:00Z",
    "pipeline_version": "geo_pipeline/public-services/v1",
    "query_version": "public-osm/v1",
    "validation_status_raw": "warning",
    "quality_status": "warning",
    "confidence": "medium",
    "limitations": [
      "OSM public-service completeness and tagging vary by area and facility type.",
      "A facility tag is evidence of mapped semantics, not service availability, capacity, accessibility or operating status.",
      "BDOT10k building geometry is retained only as topographic comparison context and cannot establish facility semantics.",
      "No qualified PRG public-service facility class is enabled for this domain pack."
    ],
    "eligible_for_analysis": true,
    "readiness": "usable_with_limitations",
    "contract_version": "provider_geojson/v1",
    "feature_count": 220
  },
  "features": [
    {
      "type": "Feature",
      "properties": {
        "source": "OpenStreetMap",
        "source_id": "node/267287179",
        "domain": "public",
        "asset_type": "post",
        "confidence": "medium",
        "missing_fields": [],
        "limitations": [
          "OSM public-service completeness and tagging vary by area and facility type.",
          "A facility tag is evidence of mapped semantics, not service availability, capacity, accessibility or operating status.",
          "BDOT10k building geometry is retained only as topographic comparison context and cannot establish facility semantics.",
          "No qualified PRG public-service facility class is enabled for this domain pack."
        ],
        "eligible_for_analysis": true,
        "osm_tags": {
          "amenity": "post_office"
        }
      },
      "geometry": {
        "type": "Point",
        "coordinates": [
          18.7241734,
          50.223797899999994
        ]
      }
    },
    {
      "type": "Feature",
      "properties": {
        "source": "OpenStreetMap",
        "source_id": "node/299429591",
        "domain": "public",
        "asset_type": "post",
        "confidence": "medium",
        "missing_fields": [],
        "limitations": [
          "OSM public-service completeness and tagging vary by area and facility type.",
          "A facility tag is evidence of mapped semantics, not service availability, capacity, accessibility or operating status.",
          "BDOT10k building geometry is retained only as topographic comparison context and cannot establish facility semantics.",
          "No qualified PRG public-service facility class is enabled for this domain pack."
        ],
        "eligible_for_analysis": true,
        "osm_tags": {
          "amenity": "post_office"
        }
      },
      "geometry": {
        "type": "Point",
        "coordinates": [
          18.6158457,
          50.3879207
        ]
      }
    },
    {
      "type": "Feature",
      "properties": {
        "source": "OpenStreetMap",
        "source_id": "node/367899080",
        "domain": "public",
        "asset_type": "post",
        "confidence": "medium",
        "missing_fields": [],
        "limitations": [
          "OSM public-service completeness and tagging vary by area and facility type.",
          "A facility tag is evidence of mapped semantics, not service availability, capacity, accessibility or operating status.",
          "BDOT10k building geometry is retained only as topographic comparison context and cannot establish facility semantics.",
          "No qualified PRG public-service facility class is enabled for this domain pack."
        ],
        "eligible_for_analysis": true,
        "osm_tags": {
          "name": "Hať u Hlučína",
          "ref": "74716",
          "operator": "Česká pošta, s.p.",
          "operator:wikidata": "Q341090",
          "amenity": "post_office",
          "opening_hours": "Mo,We 08:00-11:00,14:00-17:00;Tu,Th,Fr 08:00-11:00,14:00-16:30",
          "wheelchair": "limited"
        }
      },
      "geometry": {
        "type": "Point",
        "coordinates": [
          18.255730500000002,
          49.94605000000001
        ]
      }
    },
    {
      "type": "Feature",
      "properties": {
        "source": "OpenStreetMap",
        "source_id": "node/371192698",
        "domain": "public",
        "asset_type": "post",
        "confidence": "medium",
        "missing_fields": [],
        "limitations": [
          "OSM public-service completeness and tagging vary by area and facility type.",
          "A facility tag is evidence of mapped semantics, not service availability, capacity, accessibility or operating status.",
          "BDOT10k building geometry is retained only as topographic comparison context and cannot establish facility semantics.",
          "No qualified PRG public-service facility class is enabled for this domain pack."
        ],
        "eligible_for_analysis": true,
        "osm_tags": {
          "name": "UP Gliwice 21",
          "website": "https://gliwice.poczta-online.com/poczta/ul-gwardii-ludowej-1/",
          "amenity": "post_office",
          "opening_hours": "Mo,Tu 08:00-17:00; We 08:00-18:00; Th 08:00-20:00; Fr 08:00-19:00; Sa,Su,PH off"
        }
      },
      "geometry": {
        "type": "Point",
        "coordinates": [
          18.6404457,
          50.3014998
        ]
      }
    },
    {
      "type": "Feature",
      "properties": {
        "source": "OpenStreetMap",
        "source_id": "node/389515458",
        "domain": "public",
        "asset_type": "post",
        "confidence": "medium",
        "missing_fields": [],
        "limitations": [
          "OSM public-service completeness and tagging vary by area and facility type.",
          "A facility tag is evidence of mapped semantics, not service availability, capacity, accessibility or operating status.",
          "BDOT10k building geometry is retained only as topographic comparison context and cannot establish facility semantics.",
          "No qualified PRG public-service facility class is enabled for this domain pack."
        ],
        "eligible_for_analysis": true,
        "osm_tags": {
          "amenity": "post_office"
        }
      },
      "geometry": {
        "type": "Point",
        "coordinates": [
          18.616791,
          50.24822600000001
        ]
      }
    },
    {
      "type": "Feature",
      "properties": {
        "source": "OpenStreetMap",
        "source_id": "node/474423385",
        "domain": "public",
        "asset_type": "post",
        "confidence": "medium",
        "missing_fields": [],
        "limitations": [
          "OSM public-service completeness and tagging vary by area and facility type.",
          "A facility tag is evidence of mapped semantics, not service availability, capacity, accessibility or operating status.",
          "BDOT10k building geometry is retained only as topographic comparison context and cannot establish facility semantics.",
          "No qualified PRG public-service facility class is enabled for this domain pack."
        ],
        "eligible_for_analysis": true,
        "osm_tags": {
          "name": "Filia Gliwice 21",
          "website": "https://gliwice.poczta-online.com/poczta/ul-filipa-sieronia-21/",
          "description": "FUP Gliwice 21",
          "amenity": "post_office"
        }
      },
      "geometry": {
        "type": "Point",
        "coordinates": [
          18.618050800000002,
          50.30910289999999
        ]
      }
    },
    {
      "type": "Feature",
      "properties": {
        "source": "OpenStreetMap",
        "source_id": "node/488765946",
        "domain": "public",
        "asset_type": "post",
        "confidence": "medium",
        "missing_fields": [],
        "limitations": [
          "OSM public-service completeness and tagging vary by area and facility type.",
          "A facility tag is evidence of mapped semantics, not service availability, capacity, accessibility or operating status.",
          "BDOT10k building geometry is retained only as topographic comparison context and cannot establish facility semantics.",
          "No qualified PRG public-service facility class is enabled for this domain pack."
        ],
        "eligible_for_analysis": true,
        "osm_tags": {
          "name": "Agencja Pocztowa Tworków",
          "amenity": "post_office"
        }
      },
      "geometry": {
        "type": "Point",
        "coordinates": [
          18.2353637,
          50.00735769999999
        ]
      }
    },
    {
      "type": "Feature",
      "properties": {
        "source": "OpenStreetMap",
        "source_id": "node/601103289",
        "domain": "public",
        "asset_type": "post",
        "confidence": "medium",
        "missing_fields": [],
        "limitations": [
          "OSM public-service completeness and tagging vary by area and facility type.",
          "A facility tag is evidence of mapped semantics, not service availability, capacity, accessibility or operating status.",
          "BDOT10k building geometry is retained only as topographic comparison context and cannot establish facility semantics.",
          "No qualified PRG public-service facility class is enabled for this domain pack."
        ],
        "eligible_for_analysis": true,
        "osm_tags": {
          "name": "Poczta Polska",
          "amenity": "post_office",
          "opening_hours": "Mo-Th 08:00-16:00; Fr 08:00-20:00"
        }
      },
      "geometry": {
        "type": "Point",
        "coordinates": [
          18.9057543,
          50.1708122
        ]
      }
    },
    {
      "type": "Feature",
      "properties": {
        "source": "OpenStreetMap",
        "source_id": "node/641428790",
        "domain": "public",
        "asset_type": "post",
        "confidence": "medium",
        "missing_fields": [],
        "limitations": [
          "OSM public-service completeness and tagging vary by area and facility type.",
          "A facility tag is evidence of mapped semantics, not service availability, capacity, accessibility or operating status.",
          "BDOT10k building geometry is retained only as topographic comparison context and cannot establish facility semantics.",
          "No qualified PRG public-service facility class is enabled for this domain pack."
        ],
        "eligible_for_analysis": true,
        "osm_tags": {
          "name": "Rychvald",
          "ref": "73532",
          "operator": "Česká pošta, s.p.",
          "operator:wikidata": "Q341090",
          "amenity": "post_office",
          "opening_hours": "Mo-Fr 08:00-11:00,14:00-18:00;Sa 08:00-10:00",
          "wheelchair": "yes"
        }
      },
      "geometry": {
        "type": "Point",
        "coordinates": [
          18.3767181,
          49.86697120000001
        ]
      }
    },
    {
      "type": "Feature",
      "properties": {
        "source": "OpenStreetMap",
        "source_id": "node/700901723",
        "domain": "public",
        "asset_type": "post",
        "confidence": "medium",
        "missing_fields": [],
        "limitations": [
          "OSM public-service completeness and tagging vary by area and facility type.",
          "A facility tag is evidence of mapped semantics, not service availability, capacity, accessibility or operating status.",
          "BDOT10k building geometry is retained only as topographic comparison context and cannot establish facility semantics.",
          "No qualified PRG public-service facility class is enabled for this domain pack."
        ],
        "eligible_for_analysis": true,
        "osm_tags": {
          "name": "Urząd Pocztowy Połomia, filia Mszana",
          "amenity": "post_office"
        }
      },
      "geometry": {
        "type": "Point",
        "coordinates": [
          18.5611971,
          49.989830899999994
        ]
      }
    },
    {
      "type": "Feature",
      "properties": {
        "source": "OpenStreetMap",
        "source_id": "node/810642525",
        "domain": "public",
        "asset_type": "post",
        "confidence": "medium",
        "missing_fields": [],
        "limitations": [
          "OSM public-service completeness and tagging vary by area and facility type.",
          "A facility tag is evidence of mapped semantics, not service availability, capacity, accessibility or operating status.",
          "BDOT10k building geometry is retained only as topographic comparison context and cannot establish facility semantics.",
          "No qualified PRG public-service facility class is enabled for this domain pack."
        ],
        "eligible_for_analysis": true,
        "osm_tags": {
          "amenity": "post_office"
        }
      },
      "geometry": {
        "type": "Point",
        "coordinates": [
          18.3215295,
          50.07218490000001
        ]
      }
    },
    {
      "type": "Feature",
      "properties": {
        "source": "OpenStreetMap",
        "source_id": "node/825716210",
        "domain": "public",
        "asset_type": "post",
        "confidence": "medium",
        "missing_fields": [],
        "limitations": [
          "OSM public-service completeness and tagging vary by area and facility type.",
          "A facility tag is evidence of mapped semantics, not service availability, capacity, accessibility or operating status.",
          "BDOT10k building geometry is retained only as topographic comparison context and cannot establish facility semantics.",
          "No qualified PRG public-service facility class is enabled for this domain pack."
        ],
        "eligible_for_analysis": true,
        "osm_tags": {
          "amenity": "post_office"
        }
      },
      "geometry": {
        "type": "Point",
        "coordinates": [
          18.227761,
          50.10019659999999
        ]
      }
    },
    {
      "type": "Feature",
      "properties": {
        "source": "OpenStreetMap",
        "source_id": "node/864133367",
        "domain": "public",
        "asset_type": "post",
        "confidence": "medium",
        "missing_fields": [],
        "limitations": [
          "OSM public-service completeness and tagging vary by area and facility type.",
          "A facility tag is evidence of mapped semantics, not service availability, capacity, accessibility or operating status.",
          "BDOT10k building geometry is retained only as topographic comparison context and cannot establish facility semantics.",
          "No qualified PRG public-service facility class is enabled for this domain pack."
        ],
        "eligible_for_analysis": true,
        "osm_tags": {
          "amenity": "post_office"
        }
      },
      "geometry": {
        "type": "Point",
        "coordinates": [
          18.1220015,
          50.22885469999999
        ]
      }
    },
    {
      "type": "Feature",
      "properties": {
        "source": "OpenStreetMap",
        "source_id": "node/871917070",
        "domain": "public",
        "asset_type": "post",
        "confidence": "medium",
        "missing_fields": [],
        "limitations": [
          "OSM public-service completeness and tagging vary by area and facility type.",
          "A facility tag is evidence of mapped semantics, not service availability, capacity, accessibility or operating status.",
          "BDOT10k building geometry is retained only as topographic comparison context and cannot establish facility semantics.",
          "No qualified PRG public-service facility class is enabled for this domain pack."
        ],
        "eligible_for_analysis": true,
        "osm_tags": {
          "amenity": "post_office"
        }
      },
      "geometry": {
        "type": "Point",
        "coordinates": [
          18.4975342,
          50.06685749999999
        ]
      }
    },
    {
      "type": "Feature",
      "properties": {
        "source": "OpenStreetMap",
        "source_id": "node/925524699",
        "domain": "public",
        "asset_type": "post",
        "confidence": "medium",
        "missing_fields": [],
        "limitations": [
          "OSM public-service completeness and tagging vary by area and facility type.",
          "A facility tag is evidence of mapped semantics, not service availability, capacity, accessibility or operating status.",
          "BDOT10k building geometry is retained only as topographic comparison context and cannot establish facility semantics.",
          "No qualified PRG public-service facility class is enabled for this domain pack."
        ],
        "eligible_for_analysis": true,
        "osm_tags": {
          "name": "Ostrava 2",
          "ref": "70200",
          "operator": "Česká pošta, s.p.",
          "operator:wikidata": "Q341090",
          "amenity": "post_office",
          "opening_hours": "Mo,We 10:00-12:00,13:00-18:00; Tu,Th,Fr 08:00-12:00,13:00-16:00; Sa 08:00-12:00",
          "phone": "+420 954 270 200",
          "wheelchair": "yes"
        }
      },
      "geometry": {
        "type": "Point",
        "coordinates": [
          18.2686472,
          49.851707299999994
        ]
      }
    },
    {
      "type": "Feature",
      "properties": {
        "source": "OpenStreetMap",
        "source_id": "node/1204245558",
        "domain": "public",
        "asset_type": "post",
        "confidence": "medium",
        "missing_fields": [],
        "limitations": [
          "OSM public-service completeness and tagging vary by area and facility type.",
          "A facility tag is evidence of mapped semantics, not service availability, capacity, accessibility or operating status.",
          "BDOT10k building geometry is retained only as topographic comparison context and cannot establish facility semantics.",
          "No qualified PRG public-service facility class is enabled for this domain pack."
        ],
        "eligible_for_analysis": true,
        "osm_tags": {
          "name": "Oddział Pocztowy",
          "amenity": "post_office"
        }
      },
      "geometry": {
        "type": "Point",
        "coordinates": [
          18.4162787,
          50.0138782
        ]
      }
    },
    {
      "type": "Feature",
      "properties": {
        "source": "OpenStreetMap",
        "source_id": "node/1235488338",
        "domain": "public",
        "asset_type": "post",
        "confidence": "medium",
        "missing_fields": [],
        "limitations": [
          "OSM public-service completeness and tagging vary by area and facility type.",
          "A facility tag is evidence of mapped semantics, not service availability, capacity, accessibility or operating status.",
          "BDOT10k building geometry is retained only as topographic comparison context and cannot establish facility semantics.",
          "No qualified PRG public-service facility class is enabled for this domain pack."
        ],
        "eligible_for_analysis": true,
        "osm_tags": {
          "ref": "Filia Urzędu Pocztowego Skoczów",
          "operator": "Poczta Polska",
          "amenity": "post_office"
        }
      },
      "geometry": {
        "type": "Point",
        "coordinates": [
          18.7188904,
          49.81402850000001
        ]
      }
    },
    {
      "type": "Feature",
      "properties": {
        "source": "OpenStreetMap",
        "source_id": "node/1244521875",
        "domain": "public",
        "asset_type": "post",
        "confidence": "medium",
        "missing_fields": [],
        "limitations": [
          "OSM public-service completeness and tagging vary by area and facility type.",
          "A facility tag is evidence of mapped semantics, not service availability, capacity, accessibility or operating status.",
          "BDOT10k building geometry is retained only as topographic comparison context and cannot establish facility semantics.",
          "No qualified PRG public-service facility class is enabled for this domain pack."
        ],
        "eligible_for_analysis": true,
        "osm_tags": {
          "name": "Urząd Pocztowy Radlin",
          "amenity": "post_office",
          "opening_hours": "Mo-Fr 08:00-18:00;Sa 07:00-13:00"
        }
      },
      "geometry": {
        "type": "Point",
        "coordinates": [
          18.474049,
          50.050290100000005
        ]
      }
    },
    {
      "type": "Feature",
      "properties": {
        "source": "OpenStreetMap",
        "source_id": "node/1279674265",
        "domain": "public",
        "asset_type": "post",
        "confidence": "medium",
        "missing_fields": [],
        "limitations": [
          "OSM public-service completeness and tagging vary by area and facility type.",
          "A facility tag is evidence of mapped semantics, not service availability, capacity, accessibility or operating status.",
          "BDOT10k building geometry is retained only as topographic comparison context and cannot establish facility semantics.",
          "No qualified PRG public-service facility class is enabled for this domain pack."
        ],
        "eligible_for_analysis": true,
        "osm_tags": {
          "name": "Katowice 26",
          "amenity": "post_office"
        }
      },
      "geometry": {
        "type": "Point",
        "coordinates": [
          18.9873504,
          50.21523479999999
        ]
      }
    },
    {
      "type": "Feature",
      "properties": {
        "source": "OpenStreetMap",
        "source_id": "node/1306029415",
        "domain": "public",
        "asset_type": "post",
        "confidence": "medium",
        "missing_fields": [],
        "limitations": [
          "OSM public-service completeness and tagging vary by area and facility type.",
          "A facility tag is evidence of mapped semantics, not service availability, capacity, accessibility or operating status.",
          "BDOT10k building geometry is retained only as topographic comparison context and cannot establish facility semantics.",
          "No qualified PRG public-service facility class is enabled for this domain pack."
        ],
        "eligible_for_analysis": true,
        "osm_tags": {
          "name": "Poczta",
          "amenity": "post_office"
        }
      },
      "geometry": {
        "type": "Point",
        "coordinates": [
          18.8745356,
          50.28924419999999
        ]
      }
    },
    {
      "type": "Feature",
      "properties": {
        "source": "OpenStreetMap",
        "source_id": "node/1452244197",
        "domain": "public",
        "asset_type": "post",
        "confidence": "medium",
        "missing_fields": [],
        "limitations": [
          "OSM public-service completeness and tagging vary by area and facility type.",
          "A facility tag is evidence of mapped semantics, not service availability, capacity, accessibility or operating status.",
          "BDOT10k building geometry is retained only as topographic comparison context and cannot establish facility semantics.",
          "No qualified PRG public-service facility class is enabled for this domain pack."
        ],
        "eligible_for_analysis": true,
        "osm_tags": {
          "name": "Urząd Pocztowy Ruda Śląska 11",
          "operator": "Poczta Polska",
          "amenity": "post_office",
          "opening_hours": "Mo 09:00-20:00; Tu-Fr 09:00-17:00"
        }
      },
      "geometry": {
        "type": "Point",
        "coordinates": [
          18.8299012,
          50.26723629999999
        ]
      }
    },
    {
      "type": "Feature",
      "properties": {
        "source": "OpenStreetMap",
        "source_id": "node/1607422232",
        "domain": "public",
        "asset_type": "post",
        "confidence": "medium",
        "missing_fields": [],
        "limitations": [
          "OSM public-service completeness and tagging vary by area and facility type.",
          "A facility tag is evidence of mapped semantics, not service availability, capacity, accessibility or operating status.",
          "BDOT10k building geometry is retained only as topographic comparison context and cannot establish facility semantics.",
          "No qualified PRG public-service facility class is enabled for this domain pack."
        ],
        "eligible_for_analysis": true,
        "osm_tags": {
          "amenity": "post_office"
        }
      },
      "geometry": {
        "type": "Point",
        "coordinates": [
          18.7658354,
          50.17941270000001
        ]
      }
    },
    {
      "type": "Feature",
      "properties": {
        "source": "OpenStreetMap",
        "source_id": "node/1630954254",
        "domain": "public",
        "asset_type": "post",
        "confidence": "medium",
        "missing_fields": [],
        "limitations": [
          "OSM public-service completeness and tagging vary by area and facility type.",
          "A facility tag is evidence of mapped semantics, not service availability, capacity, accessibility or operating status.",
          "BDOT10k building geometry is retained only as topographic comparison context and cannot establish facility semantics.",
          "No qualified PRG public-service facility class is enabled for this domain pack."
        ],
        "eligible_for_analysis": true,
        "osm_tags": {
          "name": "Urząd Pocztowy Tychy 8",
          "operator": "Poczta Polska",
          "amenity": "post_office",
          "opening_hours": "Mo 09:30-20:00; Tu-Fr 09:30-18:00",
          "phone": "+48 32 227 38 80",
          "wheelchair": "yes"
        }
      },
      "geometry": {
        "type": "Point",
        "coordinates": [
          18.9850083,
          50.12649439999999
        ]
      }
    },
    {
      "type": "Feature",
      "properties": {
        "source": "OpenStreetMap",
        "source_id": "node/1665476284",
        "domain": "public",
        "asset_type": "post",
        "confidence": "medium",
        "missing_fields": [],
        "limitations": [
          "OSM public-service completeness and tagging vary by area and facility type.",
          "A facility tag is evidence of mapped semantics, not service availability, capacity, accessibility or operating status.",
          "BDOT10k building geometry is retained only as topographic comparison context and cannot establish facility semantics.",
          "No qualified PRG public-service facility class is enabled for this domain pack."
        ],
        "eligible_for_analysis": true,
        "osm_tags": {
          "name": "Urząd Pocztowy Katowice 19",
          "wikidata": "Q126898587",
          "amenity": "post_office",
          "opening_hours": "Mo-Fr 09:00-19:00; Sa,Su off",
          "contact:phone": "+48 32 252 73 76"
        }
      },
      "geometry": {
        "type": "Point",
        "coordinates": [
          18.959019,
          50.2276293
        ]
      }
    },
    {
      "type": "Feature",
      "properties": {
        "source": "OpenStreetMap",
        "source_id": "node/1667657585",
        "domain": "public",
        "asset_type": "post",
        "confidence": "medium",
        "missing_fields": [],
        "limitations": [
          "OSM public-service completeness and tagging vary by area and facility type.",
          "A facility tag is evidence of mapped semantics, not service availability, capacity, accessibility or operating status.",
          "BDOT10k building geometry is retained only as topographic comparison context and cannot establish facility semantics.",
          "No qualified PRG public-service facility class is enabled for this domain pack."
        ],
        "eligible_for_analysis": true,
        "osm_tags": {
          "name": "Poczta Polska",
          "amenity": "post_office"
        }
      },
      "geometry": {
        "type": "Point",
        "coordinates": [
          18.6164679,
          49.949865900000006
        ]
      }
    },
    {
      "type": "Feature",
      "properties": {
        "source": "OpenStreetMap",
        "source_id": "node/1679769821",
        "domain": "public",
        "asset_type": "post",
        "confidence": "medium",
        "missing_fields": [],
        "limitations": [
          "OSM public-service completeness and tagging vary by area and facility type.",
          "A facility tag is evidence of mapped semantics, not service availability, capacity, accessibility or operating status.",
          "BDOT10k building geometry is retained only as topographic comparison context and cannot establish facility semantics.",
          "No qualified PRG public-service facility class is enabled for this domain pack."
        ],
        "eligible_for_analysis": true,
        "osm_tags": {
          "name": "Urząd Pocztowy Gliwice 5",
          "ref": "5",
          "operator": "Poczta Polska",
          "amenity": "post_office",
          "opening_hours": "Mo-We 08:30-12:00,12:30-15:00; Th 11:30-15:00,15:30-18:00; Fr 13:30-15:00,15:30-20:00"
        }
      },
      "geometry": {
        "type": "Point",
        "coordinates": [
          18.7033579,
          50.325507999999985
        ]
      }
    },
    {
      "type": "Feature",
      "properties": {
        "source": "OpenStreetMap",
        "source_id": "node/1684831082",
        "domain": "public",
        "asset_type": "post",
        "confidence": "medium",
        "missing_fields": [],
        "limitations": [
          "OSM public-service completeness and tagging vary by area and facility type.",
          "A facility tag is evidence of mapped semantics, not service availability, capacity, accessibility or operating status.",
          "BDOT10k building geometry is retained only as topographic comparison context and cannot establish facility semantics.",
          "No qualified PRG public-service facility class is enabled for this domain pack."
        ],
        "eligible_for_analysis": true,
        "osm_tags": {
          "name": "Petřvald u Karviné",
          "ref": "73541",
          "operator": "Česká pošta, s.p.",
          "operator:wikidata": "Q341090",
          "amenity": "post_office",
          "opening_hours": "Mo-Fr 08:00-11:00,14:00-18:00;Sa 08:00-10:00",
          "wheelchair": "limited"
        }
      },
      "geometry": {
        "type": "Point",
        "coordinates": [
          18.3869875,
          49.8303559
        ]
      }
    },
    {
      "type": "Feature",
      "properties": {
        "source": "OpenStreetMap",
        "source_id": "node/1693833580",
        "domain": "public",
        "asset_type": "post",
        "confidence": "medium",
        "missing_fields": [],
        "limitations": [
          "OSM public-service completeness and tagging vary by area and facility type.",
          "A facility tag is evidence of mapped semantics, not service availability, capacity, accessibility or operating status.",
          "BDOT10k building geometry is retained only as topographic comparison context and cannot establish facility semantics.",
          "No qualified PRG public-service facility class is enabled for this domain pack."
        ],
        "eligible_for_analysis": true,
        "osm_tags": {
          "name": "Urząd Pocztowy",
          "operator": "Poczta Polska",
          "amenity": "post_office"
        }
      },
      "geometry": {
        "type": "Point",
        "coordinates": [
          18.6049779,
          49.9532189
        ]
      }
    },
    {
      "type": "Feature",
      "properties": {
        "source": "OpenStreetMap",
        "source_id": "node/1696144170",
        "domain": "public",
        "asset_type": "post",
        "confidence": "medium",
        "missing_fields": [],
        "limitations": [
          "OSM public-service completeness and tagging vary by area and facility type.",
          "A facility tag is evidence of mapped semantics, not service availability, capacity, accessibility or operating status.",
          "BDOT10k building geometry is retained only as topographic comparison context and cannot establish facility semantics.",
          "No qualified PRG public-service facility class is enabled for this domain pack."
        ],
        "eligible_for_analysis": true,
        "osm_tags": {
          "name": "Urząd Pocztowy Zabrze 8",
          "operator": "Poczta Polska",
          "amenity": "post_office",
          "opening_hours": "Mo-Th 08:00-19:00; Fr 08:00-20:00"
        }
      },
      "geometry": {
        "type": "Point",
        "coordinates": [
          18.8006392,
          50.365125099999986
        ]
      }
    },
    {
      "type": "Feature",
      "properties": {
        "source": "OpenStreetMap",
        "source_id": "node/1740232478",
        "domain": "public",
        "asset_type": "post",
        "confidence": "medium",
        "missing_fields": [],
        "limitations": [
          "OSM public-service completeness and tagging vary by area and facility type.",
          "A facility tag is evidence of mapped semantics, not service availability, capacity, accessibility or operating status.",
          "BDOT10k building geometry is retained only as topographic comparison context and cannot establish facility semantics.",
          "No qualified PRG public-service facility class is enabled for this domain pack."
        ],
        "eligible_for_analysis": true,
        "osm_tags": {
          "name": "Poczta Polska",
          "operator": "Poczta Polska S.A.",
          "amenity": "post_office",
          "opening_hours": "Mo-Tu 08:30-16:30; We 12:00-19:00; Th-Fr 08:30-16:30; Sa-Su closed; PH closed; We 19:00-20:00 open \"Wyłącznie wydawanie przesyłek awizowanych\"",
          "wheelchair": "limited"
        }
      },
      "geometry": {
        "type": "Point",
        "coordinates": [
          18.9067069,
          50.16747709999999
        ]
      }
    },
    {
      "type": "Feature",
      "properties": {
        "source": "OpenStreetMap",
        "source_id": "node/1751760444",
        "domain": "public",
        "asset_type": "post",
        "confidence": "medium",
        "missing_fields": [],
        "limitations": [
          "OSM public-service completeness and tagging vary by area and facility type.",
          "A facility tag is evidence of mapped semantics, not service availability, capacity, accessibility or operating status.",
          "BDOT10k building geometry is retained only as topographic comparison context and cannot establish facility semantics.",
          "No qualified PRG public-service facility class is enabled for this domain pack."
        ],
        "eligible_for_analysis": true,
        "osm_tags": {
          "name": "UP Chybie",
          "source": "http://placowki.poczta-polska.pl/",
          "amenity": "post_office",
          "opening_hours": "Mo-Fr 08:00-17:00",
          "wheelchair": "yes"
        }
      },
      "geometry": {
        "type": "Point",
        "coordinates": [
          18.8125044,
          49.8953973
        ]
      }
    },
    {
      "type": "Feature",
      "properties": {
        "source": "OpenStreetMap",
        "source_id": "node/1754607357",
        "domain": "public",
        "asset_type": "post",
        "confidence": "medium",
        "missing_fields": [],
        "limitations": [
          "OSM public-service completeness and tagging vary by area and facility type.",
          "A facility tag is evidence of mapped semantics, not service availability, capacity, accessibility or operating status.",
          "BDOT10k building geometry is retained only as topographic comparison context and cannot establish facility semantics.",
          "No qualified PRG public-service facility class is enabled for this domain pack."
        ],
        "eligible_for_analysis": true,
        "osm_tags": {
          "name": "DPD CZ, Depo Ostrava",
          "ref": "1384",
          "operator": "Direct Parcel Distribution CZ s. r. o.",
          "website": "https://www.dpd.cz",
          "description": "Přepravní společnost - přeprava zboží a zásilek",
          "source": "DPD CZ",
          "amenity": "post_office",
          "opening_hours": "Mo-Fr 09:00-18:00",
          "phone": "+420 225 373 373",
          "email": "info@dpd.cz"
        }
      },
      "geometry": {
        "type": "Point",
        "coordinates": [
          18.3222856,
          49.863198399999995
        ]
      }
    },
    {
      "type": "Feature",
      "properties": {
        "source": "OpenStreetMap",
        "source_id": "node/1758214033",
        "domain": "public",
        "asset_type": "post",
        "confidence": "medium",
        "missing_fields": [],
        "limitations": [
          "OSM public-service completeness and tagging vary by area and facility type.",
          "A facility tag is evidence of mapped semantics, not service availability, capacity, accessibility or operating status.",
          "BDOT10k building geometry is retained only as topographic comparison context and cannot establish facility semantics.",
          "No qualified PRG public-service facility class is enabled for this domain pack."
        ],
        "eligible_for_analysis": true,
        "osm_tags": {
          "name": "Orlová 4",
          "ref": "73514",
          "operator": "Česká pošta, s.p.",
          "operator:wikidata": "Q341090",
          "source": "local knowledge",
          "amenity": "post_office",
          "opening_hours": "Mo-Fr 08:00-19:00; Sa 08:00-12:00; PH closed",
          "wheelchair": "yes"
        }
      },
      "geometry": {
        "type": "Point",
        "coordinates": [
          18.4263687,
          49.87180899999999
        ]
      }
    },
    {
      "type": "Feature",
      "properties": {
        "source": "OpenStreetMap",
        "source_id": "node/1759440527",
        "domain": "public",
        "asset_type": "post",
        "confidence": "medium",
        "missing_fields": [],
        "limitations": [
          "OSM public-service completeness and tagging vary by area and facility type.",
          "A facility tag is evidence of mapped semantics, not service availability, capacity, accessibility or operating status.",
          "BDOT10k building geometry is retained only as topographic comparison context and cannot establish facility semantics.",
          "No qualified PRG public-service facility class is enabled for this domain pack."
        ],
        "eligible_for_analysis": true,
        "osm_tags": {
          "name": "Poczta Polska",
          "amenity": "post_office"
        }
      },
      "geometry": {
        "type": "Point",
        "coordinates": [
          18.2604327,
          50.089904199999985
        ]
      }
    },
    {
      "type": "Feature",
      "properties": {
        "source": "OpenStreetMap",
        "source_id": "node/1776158275",
        "domain": "public",
        "asset_type": "post",
        "confidence": "medium",
        "missing_fields": [],
        "limitations": [
          "OSM public-service completeness and tagging vary by area and facility type.",
          "A facility tag is evidence of mapped semantics, not service availability, capacity, accessibility or operating status.",
          "BDOT10k building geometry is retained only as topographic comparison context and cannot establish facility semantics.",
          "No qualified PRG public-service facility class is enabled for this domain pack."
        ],
        "eligible_for_analysis": true,
        "osm_tags": {
          "name": "Filia Urzędu Pocztowego Mikołów 1",
          "amenity": "post_office",
          "opening_hours": "Mo-We 08:00-15:00; Th-Fr 11:00-18:00; Sa,Su off",
          "contact:phone": "+48 32 2262191"
        }
      },
      "geometry": {
        "type": "Point",
        "coordinates": [
          18.8991216,
          50.132276899999994
        ]
      }
    },
    {
      "type": "Feature",
      "properties": {
        "source": "OpenStreetMap",
        "source_id": "node/1795263396",
        "domain": "public",
        "asset_type": "post",
        "confidence": "medium",
        "missing_fields": [],
        "limitations": [
          "OSM public-service completeness and tagging vary by area and facility type.",
          "A facility tag is evidence of mapped semantics, not service availability, capacity, accessibility or operating status.",
          "BDOT10k building geometry is retained only as topographic comparison context and cannot establish facility semantics.",
          "No qualified PRG public-service facility class is enabled for this domain pack."
        ],
        "eligible_for_analysis": true,
        "osm_tags": {
          "name": "Urząd Pocztowy nr 12",
          "amenity": "post_office",
          "opening_hours": "Mo-Th 09:00-19:00; Fr 09:00-20:00"
        }
      },
      "geometry": {
        "type": "Point",
        "coordinates": [
          18.8779524,
          50.3153037
        ]
      }
    },
    {
      "type": "Feature",
      "properties": {
        "source": "OpenStreetMap",
        "source_id": "node/1796116798",
        "domain": "public",
        "asset_type": "post",
        "confidence": "medium",
        "missing_fields": [],
        "limitations": [
          "OSM public-service completeness and tagging vary by area and facility type.",
          "A facility tag is evidence of mapped semantics, not service availability, capacity, accessibility or operating status.",
          "BDOT10k building geometry is retained only as topographic comparison context and cannot establish facility semantics.",
          "No qualified PRG public-service facility class is enabled for this domain pack."
        ],
        "eligible_for_analysis": true,
        "osm_tags": {
          "name": "Urząd Pocztowy nr 14",
          "operator": "Poczta Polska",
          "amenity": "post_office"
        }
      },
      "geometry": {
        "type": "Point",
        "coordinates": [
          18.8870408,
          50.318516200000005
        ]
      }
    },
    {
      "type": "Feature",
      "properties": {
        "source": "OpenStreetMap",
        "source_id": "node/1796713637",
        "domain": "public",
        "asset_type": "post",
        "confidence": "medium",
        "missing_fields": [],
        "limitations": [
          "OSM public-service completeness and tagging vary by area and facility type.",
          "A facility tag is evidence of mapped semantics, not service availability, capacity, accessibility or operating status.",
          "BDOT10k building geometry is retained only as topographic comparison context and cannot establish facility semantics.",
          "No qualified PRG public-service facility class is enabled for this domain pack."
        ],
        "eligible_for_analysis": true,
        "osm_tags": {
          "name": "FUP Katowice 25",
          "amenity": "post_office",
          "opening_hours": "Mo 11:00-20:00; Tu-Fr 10:30-18:30; Sa-Su,PH off",
          "contact:phone": "+48 887 331 272;+48 32 252 73 47"
        }
      },
      "geometry": {
        "type": "Point",
        "coordinates": [
          18.9767635,
          50.23359439999999
        ]
      }
    },
    {
      "type": "Feature",
      "properties": {
        "source": "OpenStreetMap",
        "source_id": "node/1798794516",
        "domain": "public",
        "asset_type": "post",
        "confidence": "medium",
        "missing_fields": [],
        "limitations": [
          "OSM public-service completeness and tagging vary by area and facility type.",
          "A facility tag is evidence of mapped semantics, not service availability, capacity, accessibility or operating status.",
          "BDOT10k building geometry is retained only as topographic comparison context and cannot establish facility semantics.",
          "No qualified PRG public-service facility class is enabled for this domain pack."
        ],
        "eligible_for_analysis": true,
        "osm_tags": {
          "name": "Poczta Polska",
          "ref": "6",
          "operator": "Poczta Polska",
          "amenity": "post_office",
          "opening_hours": "Mo-Fr 09:00-18:00; Sa 09:00-12:00"
        }
      },
      "geometry": {
        "type": "Point",
        "coordinates": [
          18.826656000000003,
          50.298196799999985
        ]
      }
    },
    {
      "type": "Feature",
      "properties": {
        "source": "OpenStreetMap",
        "source_id": "node/1805428739",
        "domain": "public",
        "asset_type": "post",
        "confidence": "medium",
        "missing_fields": [],
        "limitations": [
          "OSM public-service completeness and tagging vary by area and facility type.",
          "A facility tag is evidence of mapped semantics, not service availability, capacity, accessibility or operating status.",
          "BDOT10k building geometry is retained only as topographic comparison context and cannot establish facility semantics.",
          "No qualified PRG public-service facility class is enabled for this domain pack."
        ],
        "eligible_for_analysis": true,
        "osm_tags": {
          "name": "Oddział pocztowy",
          "operator": "Poczta Polska",
          "amenity": "post_office",
          "opening_hours": "Mo-Fr 09:00-16:00"
        }
      },
      "geometry": {
        "type": "Point",
        "coordinates": [
          18.470401600000002,
          50.0063272
        ]
      }
    },
    {
      "type": "Feature",
      "properties": {
        "source": "OpenStreetMap",
        "source_id": "node/1806319426",
        "domain": "public",
        "asset_type": "post",
        "confidence": "medium",
        "missing_fields": [],
        "limitations": [
          "OSM public-service completeness and tagging vary by area and facility type.",
          "A facility tag is evidence of mapped semantics, not service availability, capacity, accessibility or operating status.",
          "BDOT10k building geometry is retained only as topographic comparison context and cannot establish facility semantics.",
          "No qualified PRG public-service facility class is enabled for this domain pack."
        ],
        "eligible_for_analysis": true,
        "osm_tags": {
          "name": "AP Rachowice",
          "operator": "Poczta Polska",
          "amenity": "post_office"
        }
      },
      "geometry": {
        "type": "Point",
        "coordinates": [
          18.4966387,
          50.30046759999998
        ]
      }
    },
    {
      "type": "Feature",
      "properties": {
        "source": "OpenStreetMap",
        "source_id": "node/1806465065",
        "domain": "public",
        "asset_type": "post",
        "confidence": "medium",
        "missing_fields": [],
        "limitations": [
          "OSM public-service completeness and tagging vary by area and facility type.",
          "A facility tag is evidence of mapped semantics, not service availability, capacity, accessibility or operating status.",
          "BDOT10k building geometry is retained only as topographic comparison context and cannot establish facility semantics.",
          "No qualified PRG public-service facility class is enabled for this domain pack."
        ],
        "eligible_for_analysis": true,
        "osm_tags": {
          "name": "Oddział pocztowy",
          "operator": "Poczta Polska",
          "amenity": "post_office",
          "opening_hours": "Mo-We 08:00-15:30; Th 11:00-17:30; Fr 11:00-20:00"
        }
      },
      "geometry": {
        "type": "Point",
        "coordinates": [
          18.4570362,
          50.0119721
        ]
      }
    },
    {
      "type": "Feature",
      "properties": {
        "source": "OpenStreetMap",
        "source_id": "node/1815132041",
        "domain": "public",
        "asset_type": "post",
        "confidence": "medium",
        "missing_fields": [],
        "limitations": [
          "OSM public-service completeness and tagging vary by area and facility type.",
          "A facility tag is evidence of mapped semantics, not service availability, capacity, accessibility or operating status.",
          "BDOT10k building geometry is retained only as topographic comparison context and cannot establish facility semantics.",
          "No qualified PRG public-service facility class is enabled for this domain pack."
        ],
        "eligible_for_analysis": true,
        "osm_tags": {
          "name": "Urząd Pocztowy FUP Cieszyńska 116A",
          "amenity": "post_office"
        }
      },
      "geometry": {
        "type": "Point",
        "coordinates": [
          18.5993697,
          49.9254966
        ]
      }
    },
    {
      "type": "Feature",
      "properties": {
        "source": "OpenStreetMap",
        "source_id": "node/1835654722",
        "domain": "public",
        "asset_type": "post",
        "confidence": "medium",
        "missing_fields": [],
        "limitations": [
          "OSM public-service completeness and tagging vary by area and facility type.",
          "A facility tag is evidence of mapped semantics, not service availability, capacity, accessibility or operating status.",
          "BDOT10k building geometry is retained only as topographic comparison context and cannot establish facility semantics.",
          "No qualified PRG public-service facility class is enabled for this domain pack."
        ],
        "eligible_for_analysis": true,
        "osm_tags": {
          "amenity": "post_office"
        }
      },
      "geometry": {
        "type": "Point",
        "coordinates": [
          18.9946655,
          50.11869829999999
        ]
      }
    },
    {
      "type": "Feature",
      "properties": {
        "source": "OpenStreetMap",
        "source_id": "node/1861759114",
        "domain": "public",
        "asset_type": "post",
        "confidence": "medium",
        "missing_fields": [],
        "limitations": [
          "OSM public-service completeness and tagging vary by area and facility type.",
          "A facility tag is evidence of mapped semantics, not service availability, capacity, accessibility or operating status.",
          "BDOT10k building geometry is retained only as topographic comparison context and cannot establish facility semantics.",
          "No qualified PRG public-service facility class is enabled for this domain pack."
        ],
        "eligible_for_analysis": true,
        "osm_tags": {
          "name": "FUP Ruda Śląska 1",
          "amenity": "post_office",
          "opening_hours": "Mo 09:00-14:30,15:00-19:00; Tu 09:00-14:30,15:00-19:00; We 11:00-14:30,15:00-18:00; Th 11:00-14:30,15:00-18:00; Fr 13:00-14:30,15:00-20:00"
        }
      },
      "geometry": {
        "type": "Point",
        "coordinates": [
          18.8545972,
          50.300041099999994
        ]
      }
    },
    {
      "type": "Feature",
      "properties": {
        "source": "OpenStreetMap",
        "source_id": "node/1879141087",
        "domain": "public",
        "asset_type": "post",
        "confidence": "medium",
        "missing_fields": [],
        "limitations": [
          "OSM public-service completeness and tagging vary by area and facility type.",
          "A facility tag is evidence of mapped semantics, not service availability, capacity, accessibility or operating status.",
          "BDOT10k building geometry is retained only as topographic comparison context and cannot establish facility semantics.",
          "No qualified PRG public-service facility class is enabled for this domain pack."
        ],
        "eligible_for_analysis": true,
        "osm_tags": {
          "name": "Poczta Polska",
          "website": "https://placowki.poczta-polska.pl/",
          "amenity": "post_office",
          "phone": "+48 887331689"
        }
      },
      "geometry": {
        "type": "Point",
        "coordinates": [
          18.7917741,
          50.02810839999999
        ]
      }
    },
    {
      "type": "Feature",
      "properties": {
        "source": "OpenStreetMap",
        "source_id": "node/1899128820",
        "domain": "public",
        "asset_type": "post",
        "confidence": "medium",
        "missing_fields": [],
        "limitations": [
          "OSM public-service completeness and tagging vary by area and facility type.",
          "A facility tag is evidence of mapped semantics, not service availability, capacity, accessibility or operating status.",
          "BDOT10k building geometry is retained only as topographic comparison context and cannot establish facility semantics.",
          "No qualified PRG public-service facility class is enabled for this domain pack."
        ],
        "eligible_for_analysis": true,
        "osm_tags": {
          "name": "Filia Urzędu Pocztowego Gliwice 22",
          "amenity": "post_office",
          "opening_hours": "Mo-We 08:00-18:00; Th 08:00-20:00; Fr 08:00-15:00"
        }
      },
      "geometry": {
        "type": "Point",
        "coordinates": [
          18.6567885,
          50.276811499999994
        ]
      }
    },
    {
      "type": "Feature",
      "properties": {
        "source": "OpenStreetMap",
        "source_id": "node/1901023754",
        "domain": "public",
        "asset_type": "post",
        "confidence": "medium",
        "missing_fields": [],
        "limitations": [
          "OSM public-service completeness and tagging vary by area and facility type.",
          "A facility tag is evidence of mapped semantics, not service availability, capacity, accessibility or operating status.",
          "BDOT10k building geometry is retained only as topographic comparison context and cannot establish facility semantics.",
          "No qualified PRG public-service facility class is enabled for this domain pack."
        ],
        "eligible_for_analysis": true,
        "osm_tags": {
          "name": "Poczta Polska",
          "amenity": "post_office",
          "opening_hours": "Mo,Tu 08:00-11:30,12:00-15:00; We,Th 11:00-14:30,15:00-18:00; Fr 11:00-14:30,15:00-20:00"
        }
      },
      "geometry": {
        "type": "Point",
        "coordinates": [
          18.9135567,
          50.2818076
        ]
      }
    },
    {
      "type": "Feature",
      "properties": {
        "source": "OpenStreetMap",
        "source_id": "node/1944200039",
        "domain": "public",
        "asset_type": "post",
        "confidence": "medium",
        "missing_fields": [],
        "limitations": [
          "OSM public-service completeness and tagging vary by area and facility type.",
          "A facility tag is evidence of mapped semantics, not service availability, capacity, accessibility or operating status.",
          "BDOT10k building geometry is retained only as topographic comparison context and cannot establish facility semantics.",
          "No qualified PRG public-service facility class is enabled for this domain pack."
        ],
        "eligible_for_analysis": true,
        "osm_tags": {
          "name": "Urząd Pocztowy nr 2",
          "amenity": "post_office",
          "opening_hours": "Mo-Fr 09:00-19:00; Sa 09:00-13:00",
          "wheelchair": "yes"
        }
      },
      "geometry": {
        "type": "Point",
        "coordinates": [
          18.675501,
          50.300828300000006
        ]
      }
    },
    {
      "type": "Feature",
      "properties": {
        "source": "OpenStreetMap",
        "source_id": "node/1944666748",
        "domain": "public",
        "asset_type": "post",
        "confidence": "medium",
        "missing_fields": [],
        "limitations": [
          "OSM public-service completeness and tagging vary by area and facility type.",
          "A facility tag is evidence of mapped semantics, not service availability, capacity, accessibility or operating status.",
          "BDOT10k building geometry is retained only as topographic comparison context and cannot establish facility semantics.",
          "No qualified PRG public-service facility class is enabled for this domain pack."
        ],
        "eligible_for_analysis": true,
        "osm_tags": {
          "name": "Poczta Polska - punkt pocztowy",
          "amenity": "post_office"
        }
      },
      "geometry": {
        "type": "Point",
        "coordinates": [
          18.2215606,
          50.098078999999984
        ]
      }
    },
    {
      "type": "Feature",
      "properties": {
        "source": "OpenStreetMap",
        "source_id": "node/1966515893",
        "domain": "public",
        "asset_type": "post",
        "confidence": "medium",
        "missing_fields": [],
        "limitations": [
          "OSM public-service completeness and tagging vary by area and facility type.",
          "A facility tag is evidence of mapped semantics, not service availability, capacity, accessibility or operating status.",
          "BDOT10k building geometry is retained only as topographic comparison context and cannot establish facility semantics.",
          "No qualified PRG public-service facility class is enabled for this domain pack."
        ],
        "eligible_for_analysis": true,
        "osm_tags": {
          "name": "Poczta Polska",
          "amenity": "post_office"
        }
      },
      "geometry": {
        "type": "Point",
        "coordinates": [
          18.6124306,
          49.87858389999999
        ]
      }
    },
    {
      "type": "Feature",
      "properties": {
        "source": "OpenStreetMap",
        "source_id": "node/1978696748",
        "domain": "public",
        "asset_type": "post",
        "confidence": "medium",
        "missing_fields": [],
        "limitations": [
          "OSM public-service completeness and tagging vary by area and facility type.",
          "A facility tag is evidence of mapped semantics, not service availability, capacity, accessibility or operating status.",
          "BDOT10k building geometry is retained only as topographic comparison context and cannot establish facility semantics.",
          "No qualified PRG public-service facility class is enabled for this domain pack."
        ],
        "eligible_for_analysis": true,
        "osm_tags": {
          "name": "Poczta",
          "amenity": "post_office"
        }
      },
      "geometry": {
        "type": "Point",
        "coordinates": [
          18.5751194,
          49.95010039999999
        ]
      }
    },
    {
      "type": "Feature",
      "properties": {
        "source": "OpenStreetMap",
        "source_id": "node/2011458602",
        "domain": "public",
        "asset_type": "post",
        "confidence": "medium",
        "missing_fields": [],
        "limitations": [
          "OSM public-service completeness and tagging vary by area and facility type.",
          "A facility tag is evidence of mapped semantics, not service availability, capacity, accessibility or operating status.",
          "BDOT10k building geometry is retained only as topographic comparison context and cannot establish facility semantics.",
          "No qualified PRG public-service facility class is enabled for this domain pack."
        ],
        "eligible_for_analysis": true,
        "osm_tags": {
          "name": "Poczta Polska",
          "operator": "Poczta Polska",
          "amenity": "post_office",
          "opening_hours": "Mo-Sa 06:30-21:30, Su 08:00-21:00"
        }
      },
      "geometry": {
        "type": "Point",
        "coordinates": [
          18.4506541,
          50.01484389999999
        ]
      }
    },
    {
      "type": "Feature",
      "properties": {
        "source": "OpenStreetMap",
        "source_id": "node/2078621782",
        "domain": "public",
        "asset_type": "post",
        "confidence": "medium",
        "missing_fields": [],
        "limitations": [
          "OSM public-service completeness and tagging vary by area and facility type.",
          "A facility tag is evidence of mapped semantics, not service availability, capacity, accessibility or operating status.",
          "BDOT10k building geometry is retained only as topographic comparison context and cannot establish facility semantics.",
          "No qualified PRG public-service facility class is enabled for this domain pack."
        ],
        "eligible_for_analysis": true,
        "osm_tags": {
          "name": "Urząd Pocztowy Tychy 5",
          "operator": "Poczta Polska",
          "amenity": "post_office",
          "opening_hours": "Mo,Tu 09:00-15:30; We,Th 11:30-18:30; Fr 13:00-20:00; Sa,Su,PH off"
        }
      },
      "geometry": {
        "type": "Point",
        "coordinates": [
          18.9892455,
          50.11995949999999
        ]
      }
    },
    {
      "type": "Feature",
      "properties": {
        "source": "OpenStreetMap",
        "source_id": "node/2079057574",
        "domain": "public",
        "asset_type": "post",
        "confidence": "medium",
        "missing_fields": [],
        "limitations": [
          "OSM public-service completeness and tagging vary by area and facility type.",
          "A facility tag is evidence of mapped semantics, not service availability, capacity, accessibility or operating status.",
          "BDOT10k building geometry is retained only as topographic comparison context and cannot establish facility semantics.",
          "No qualified PRG public-service facility class is enabled for this domain pack."
        ],
        "eligible_for_analysis": true,
        "osm_tags": {
          "name": "Urząd Pocztowy Tychy 7",
          "operator": "Poczta Polska",
          "amenity": "post_office",
          "opening_hours": "Mo-Th 09:00-18:00; Fr 09:00-20:00"
        }
      },
      "geometry": {
        "type": "Point",
        "coordinates": [
          19.0049264,
          50.11446699999998
        ]
      }
    },
    {
      "type": "Feature",
      "properties": {
        "source": "OpenStreetMap",
        "source_id": "node/2096186362",
        "domain": "public",
        "asset_type": "post",
        "confidence": "medium",
        "missing_fields": [],
        "limitations": [
          "OSM public-service completeness and tagging vary by area and facility type.",
          "A facility tag is evidence of mapped semantics, not service availability, capacity, accessibility or operating status.",
          "BDOT10k building geometry is retained only as topographic comparison context and cannot establish facility semantics.",
          "No qualified PRG public-service facility class is enabled for this domain pack."
        ],
        "eligible_for_analysis": true,
        "osm_tags": {
          "name": "Poczta",
          "amenity": "post_office"
        }
      },
      "geometry": {
        "type": "Point",
        "coordinates": [
          18.8036207,
          50.1234861
        ]
      }
    },
    {
      "type": "Feature",
      "properties": {
        "source": "OpenStreetMap",
        "source_id": "node/2114369779",
        "domain": "public",
        "asset_type": "post",
        "confidence": "medium",
        "missing_fields": [],
        "limitations": [
          "OSM public-service completeness and tagging vary by area and facility type.",
          "A facility tag is evidence of mapped semantics, not service availability, capacity, accessibility or operating status.",
          "BDOT10k building geometry is retained only as topographic comparison context and cannot establish facility semantics.",
          "No qualified PRG public-service facility class is enabled for this domain pack."
        ],
        "eligible_for_analysis": true,
        "osm_tags": {
          "amenity": "post_office"
        }
      },
      "geometry": {
        "type": "Point",
        "coordinates": [
          18.775578,
          49.956697000000005
        ]
      }
    },
    {
      "type": "Feature",
      "properties": {
        "source": "OpenStreetMap",
        "source_id": "node/2118225589",
        "domain": "public",
        "asset_type": "post",
        "confidence": "medium",
        "missing_fields": [],
        "limitations": [
          "OSM public-service completeness and tagging vary by area and facility type.",
          "A facility tag is evidence of mapped semantics, not service availability, capacity, accessibility or operating status.",
          "BDOT10k building geometry is retained only as topographic comparison context and cannot establish facility semantics.",
          "No qualified PRG public-service facility class is enabled for this domain pack."
        ],
        "eligible_for_analysis": true,
        "osm_tags": {
          "name": "Urząd Pocztowy Katowice 8",
          "operator": "Poczta Polska",
          "amenity": "post_office"
        }
      },
      "geometry": {
        "type": "Point",
        "coordinates": [
          18.9743594,
          50.209554299999986
        ]
      }
    },
    {
      "type": "Feature",
      "properties": {
        "source": "OpenStreetMap",
        "source_id": "node/2144775694",
        "domain": "public",
        "asset_type": "post",
        "confidence": "medium",
        "missing_fields": [],
        "limitations": [
          "OSM public-service completeness and tagging vary by area and facility type.",
          "A facility tag is evidence of mapped semantics, not service availability, capacity, accessibility or operating status.",
          "BDOT10k building geometry is retained only as topographic comparison context and cannot establish facility semantics.",
          "No qualified PRG public-service facility class is enabled for this domain pack."
        ],
        "eligible_for_analysis": true,
        "osm_tags": {
          "name": "Urząd Pocztowy Zabrze 7",
          "operator": "Poczta Polska",
          "amenity": "post_office"
        }
      },
      "geometry": {
        "type": "Point",
        "coordinates": [
          18.7772078,
          50.34110690000001
        ]
      }
    },
    {
      "type": "Feature",
      "properties": {
        "source": "OpenStreetMap",
        "source_id": "node/2249092520",
        "domain": "public",
        "asset_type": "post",
        "confidence": "medium",
        "missing_fields": [],
        "limitations": [
          "OSM public-service completeness and tagging vary by area and facility type.",
          "A facility tag is evidence of mapped semantics, not service availability, capacity, accessibility or operating status.",
          "BDOT10k building geometry is retained only as topographic comparison context and cannot establish facility semantics.",
          "No qualified PRG public-service facility class is enabled for this domain pack."
        ],
        "eligible_for_analysis": true,
        "osm_tags": {
          "name": "Oddział Pocztowy",
          "amenity": "post_office",
          "phone": "+4832 415 45 83"
        }
      },
      "geometry": {
        "type": "Point",
        "coordinates": [
          18.1987831,
          50.0870833
        ]
      }
    },
    {
      "type": "Feature",
      "properties": {
        "source": "OpenStreetMap",
        "source_id": "node/2249126244",
        "domain": "public",
        "asset_type": "post",
        "confidence": "medium",
        "missing_fields": [],
        "limitations": [
          "OSM public-service completeness and tagging vary by area and facility type.",
          "A facility tag is evidence of mapped semantics, not service availability, capacity, accessibility or operating status.",
          "BDOT10k building geometry is retained only as topographic comparison context and cannot establish facility semantics.",
          "No qualified PRG public-service facility class is enabled for this domain pack."
        ],
        "eligible_for_analysis": true,
        "osm_tags": {
          "name": "Agencja Pocztowa",
          "operator": "Poczta Polska",
          "amenity": "post_office"
        }
      },
      "geometry": {
        "type": "Point",
        "coordinates": [
          18.2142017,
          50.09500069999999
        ]
      }
    },
    {
      "type": "Feature",
      "properties": {
        "source": "OpenStreetMap",
        "source_id": "node/2291850899",
        "domain": "public",
        "asset_type": "post",
        "confidence": "medium",
        "missing_fields": [],
        "limitations": [
          "OSM public-service completeness and tagging vary by area and facility type.",
          "A facility tag is evidence of mapped semantics, not service availability, capacity, accessibility or operating status.",
          "BDOT10k building geometry is retained only as topographic comparison context and cannot establish facility semantics.",
          "No qualified PRG public-service facility class is enabled for this domain pack."
        ],
        "eligible_for_analysis": true,
        "osm_tags": {
          "amenity": "post_office"
        }
      },
      "geometry": {
        "type": "Point",
        "coordinates": [
          18.3952306,
          50.038752800000005
        ]
      }
    },
    {
      "type": "Feature",
      "properties": {
        "source": "OpenStreetMap",
        "source_id": "node/2294070862",
        "domain": "public",
        "asset_type": "post",
        "confidence": "medium",
        "missing_fields": [],
        "limitations": [
          "OSM public-service completeness and tagging vary by area and facility type.",
          "A facility tag is evidence of mapped semantics, not service availability, capacity, accessibility or operating status.",
          "BDOT10k building geometry is retained only as topographic comparison context and cannot establish facility semantics.",
          "No qualified PRG public-service facility class is enabled for this domain pack."
        ],
        "eligible_for_analysis": true,
        "osm_tags": {
          "name": "Oddział Pocztowy",
          "operator": "Poczta Polska",
          "amenity": "post_office"
        }
      },
      "geometry": {
        "type": "Point",
        "coordinates": [
          18.2632358,
          50.07451789999999
        ]
      }
    },
    {
      "type": "Feature",
      "properties": {
        "source": "OpenStreetMap",
        "source_id": "node/2296649553",
        "domain": "public",
        "asset_type": "post",
        "confidence": "medium",
        "missing_fields": [],
        "limitations": [
          "OSM public-service completeness and tagging vary by area and facility type.",
          "A facility tag is evidence of mapped semantics, not service availability, capacity, accessibility or operating status.",
          "BDOT10k building geometry is retained only as topographic comparison context and cannot establish facility semantics.",
          "No qualified PRG public-service facility class is enabled for this domain pack."
        ],
        "eligible_for_analysis": true,
        "osm_tags": {
          "name": "Bohumín 1",
          "ref": "73581",
          "operator": "Česká pošta, s.p.",
          "operator:wikidata": "Q341090",
          "source": "survey",
          "amenity": "post_office",
          "opening_hours": "Mo-Fr 08:00-18:00;Sa 08:00-12:00",
          "phone": "+420 954 273 581",
          "wheelchair": "yes"
        }
      },
      "geometry": {
        "type": "Point",
        "coordinates": [
          18.3583471,
          49.90063299999999
        ]
      }
    },
    {
      "type": "Feature",
      "properties": {
        "source": "OpenStreetMap",
        "source_id": "node/2368924488",
        "domain": "public",
        "asset_type": "post",
        "confidence": "medium",
        "missing_fields": [],
        "limitations": [
          "OSM public-service completeness and tagging vary by area and facility type.",
          "A facility tag is evidence of mapped semantics, not service availability, capacity, accessibility or operating status.",
          "BDOT10k building geometry is retained only as topographic comparison context and cannot establish facility semantics.",
          "No qualified PRG public-service facility class is enabled for this domain pack."
        ],
        "eligible_for_analysis": true,
        "osm_tags": {
          "operator": "Poczta Polska",
          "amenity": "post_office"
        }
      },
      "geometry": {
        "type": "Point",
        "coordinates": [
          18.6265468,
          50.1407865
        ]
      }
    },
    {
      "type": "Feature",
      "properties": {
        "source": "OpenStreetMap",
        "source_id": "node/2370353920",
        "domain": "public",
        "asset_type": "post",
        "confidence": "medium",
        "missing_fields": [],
        "limitations": [
          "OSM public-service completeness and tagging vary by area and facility type.",
          "A facility tag is evidence of mapped semantics, not service availability, capacity, accessibility or operating status.",
          "BDOT10k building geometry is retained only as topographic comparison context and cannot establish facility semantics.",
          "No qualified PRG public-service facility class is enabled for this domain pack."
        ],
        "eligible_for_analysis": true,
        "osm_tags": {
          "name": "Agencja Pocztowa w Wojnowicach",
          "operator": "Poczta Polska",
          "amenity": "post_office"
        }
      },
      "geometry": {
        "type": "Point",
        "coordinates": [
          18.1533301,
          50.0593587
        ]
      }
    },
    {
      "type": "Feature",
      "properties": {
        "source": "OpenStreetMap",
        "source_id": "node/2374675125",
        "domain": "public",
        "asset_type": "post",
        "confidence": "medium",
        "missing_fields": [],
        "limitations": [
          "OSM public-service completeness and tagging vary by area and facility type.",
          "A facility tag is evidence of mapped semantics, not service availability, capacity, accessibility or operating status.",
          "BDOT10k building geometry is retained only as topographic comparison context and cannot establish facility semantics.",
          "No qualified PRG public-service facility class is enabled for this domain pack."
        ],
        "eligible_for_analysis": true,
        "osm_tags": {
          "name": "UP Zabrze 19",
          "ref": "41-819",
          "operator": "Poczta Polska S.A.",
          "amenity": "post_office"
        }
      },
      "geometry": {
        "type": "Point",
        "coordinates": [
          18.7677669,
          50.3149864
        ]
      }
    },
    {
      "type": "Feature",
      "properties": {
        "source": "OpenStreetMap",
        "source_id": "node/2385699012",
        "domain": "public",
        "asset_type": "post",
        "confidence": "medium",
        "missing_fields": [],
        "limitations": [
          "OSM public-service completeness and tagging vary by area and facility type.",
          "A facility tag is evidence of mapped semantics, not service availability, capacity, accessibility or operating status.",
          "BDOT10k building geometry is retained only as topographic comparison context and cannot establish facility semantics.",
          "No qualified PRG public-service facility class is enabled for this domain pack."
        ],
        "eligible_for_analysis": true,
        "osm_tags": {
          "name": "Poczta",
          "amenity": "post_office"
        }
      },
      "geometry": {
        "type": "Point",
        "coordinates": [
          18.7022161,
          50.170478900000006
        ]
      }
    },
    {
      "type": "Feature",
      "properties": {
        "source": "OpenStreetMap",
        "source_id": "node/2387633799",
        "domain": "public",
        "asset_type": "post",
        "confidence": "medium",
        "missing_fields": [],
        "limitations": [
          "OSM public-service completeness and tagging vary by area and facility type.",
          "A facility tag is evidence of mapped semantics, not service availability, capacity, accessibility or operating status.",
          "BDOT10k building geometry is retained only as topographic comparison context and cannot establish facility semantics.",
          "No qualified PRG public-service facility class is enabled for this domain pack."
        ],
        "eligible_for_analysis": true,
        "osm_tags": {
          "name": "Karviná 4",
          "ref": "73401",
          "operator": "Česká pošta, s.p.",
          "operator:wikidata": "Q341090",
          "amenity": "post_office",
          "opening_hours": "Mo-Fr 08:00-18:00;Sa 08:00-12:00",
          "wheelchair": "limited"
        }
      },
      "geometry": {
        "type": "Point",
        "coordinates": [
          18.5571186,
          49.8577296
        ]
      }
    },
    {
      "type": "Feature",
      "properties": {
        "source": "OpenStreetMap",
        "source_id": "node/2412055872",
        "domain": "public",
        "asset_type": "post",
        "confidence": "medium",
        "missing_fields": [],
        "limitations": [
          "OSM public-service completeness and tagging vary by area and facility type.",
          "A facility tag is evidence of mapped semantics, not service availability, capacity, accessibility or operating status.",
          "BDOT10k building geometry is retained only as topographic comparison context and cannot establish facility semantics.",
          "No qualified PRG public-service facility class is enabled for this domain pack."
        ],
        "eligible_for_analysis": true,
        "osm_tags": {
          "name": "Ostrava 1",
          "ref": "70100",
          "operator": "Česká pošta, s.p.",
          "operator:wikidata": "Q341090",
          "amenity": "post_office",
          "opening_hours": "Mo-Fr 07:00-19:00; Sa 08:00-12:00",
          "wheelchair": "yes"
        }
      },
      "geometry": {
        "type": "Point",
        "coordinates": [
          18.2891564,
          49.837927599999986
        ]
      }
    },
    {
      "type": "Feature",
      "properties": {
        "source": "OpenStreetMap",
        "source_id": "node/2439479662",
        "domain": "public",
        "asset_type": "post",
        "confidence": "medium",
        "missing_fields": [],
        "limitations": [
          "OSM public-service completeness and tagging vary by area and facility type.",
          "A facility tag is evidence of mapped semantics, not service availability, capacity, accessibility or operating status.",
          "BDOT10k building geometry is retained only as topographic comparison context and cannot establish facility semantics.",
          "No qualified PRG public-service facility class is enabled for this domain pack."
        ],
        "eligible_for_analysis": true,
        "osm_tags": {
          "name": "Urząd Pocztowy Strumień",
          "operator": "Poczta Polska",
          "amenity": "post_office"
        }
      },
      "geometry": {
        "type": "Point",
        "coordinates": [
          18.761986,
          49.916736099999994
        ]
      }
    },
    {
      "type": "Feature",
      "properties": {
        "source": "OpenStreetMap",
        "source_id": "node/2565672643",
        "domain": "public",
        "asset_type": "post",
        "confidence": "medium",
        "missing_fields": [],
        "limitations": [
          "OSM public-service completeness and tagging vary by area and facility type.",
          "A facility tag is evidence of mapped semantics, not service availability, capacity, accessibility or operating status.",
          "BDOT10k building geometry is retained only as topographic comparison context and cannot establish facility semantics.",
          "No qualified PRG public-service facility class is enabled for this domain pack."
        ],
        "eligible_for_analysis": true,
        "osm_tags": {
          "name": "Poczta",
          "amenity": "post_office",
          "opening_hours": "Mo-Th 08:30-18:30; Fr 08:30-20:30"
        }
      },
      "geometry": {
        "type": "Point",
        "coordinates": [
          18.8323912,
          50.24037659999999
        ]
      }
    },
    {
      "type": "Feature",
      "properties": {
        "source": "OpenStreetMap",
        "source_id": "node/2578758711",
        "domain": "public",
        "asset_type": "post",
        "confidence": "medium",
        "missing_fields": [],
        "limitations": [
          "OSM public-service completeness and tagging vary by area and facility type.",
          "A facility tag is evidence of mapped semantics, not service availability, capacity, accessibility or operating status.",
          "BDOT10k building geometry is retained only as topographic comparison context and cannot establish facility semantics.",
          "No qualified PRG public-service facility class is enabled for this domain pack."
        ],
        "eligible_for_analysis": true,
        "osm_tags": {
          "amenity": "post_office"
        }
      },
      "geometry": {
        "type": "Point",
        "coordinates": [
          18.840038,
          50.2446904
        ]
      }
    },
    {
      "type": "Feature",
      "properties": {
        "source": "OpenStreetMap",
        "source_id": "node/2595597834",
        "domain": "public",
        "asset_type": "post",
        "confidence": "medium",
        "missing_fields": [],
        "limitations": [
          "OSM public-service completeness and tagging vary by area and facility type.",
          "A facility tag is evidence of mapped semantics, not service availability, capacity, accessibility or operating status.",
          "BDOT10k building geometry is retained only as topographic comparison context and cannot establish facility semantics.",
          "No qualified PRG public-service facility class is enabled for this domain pack."
        ],
        "eligible_for_analysis": true,
        "osm_tags": {
          "amenity": "post_office"
        }
      },
      "geometry": {
        "type": "Point",
        "coordinates": [
          18.9437127,
          49.975912099999995
        ]
      }
    },
    {
      "type": "Feature",
      "properties": {
        "source": "OpenStreetMap",
        "source_id": "node/2620148656",
        "domain": "public",
        "asset_type": "post",
        "confidence": "medium",
        "missing_fields": [],
        "limitations": [
          "OSM public-service completeness and tagging vary by area and facility type.",
          "A facility tag is evidence of mapped semantics, not service availability, capacity, accessibility or operating status.",
          "BDOT10k building geometry is retained only as topographic comparison context and cannot establish facility semantics.",
          "No qualified PRG public-service facility class is enabled for this domain pack."
        ],
        "eligible_for_analysis": true,
        "osm_tags": {
          "name": "UP Zabrze 20",
          "amenity": "post_office",
          "opening_hours": "Mo-We 09:00-15:00; Th-Fr 14:00-20:00"
        }
      },
      "geometry": {
        "type": "Point",
        "coordinates": [
          18.7636137,
          50.305613
        ]
      }
    },
    {
      "type": "Feature",
      "properties": {
        "source": "OpenStreetMap",
        "source_id": "node/2626788045",
        "domain": "public",
        "asset_type": "post",
        "confidence": "medium",
        "missing_fields": [],
        "limitations": [
          "OSM public-service completeness and tagging vary by area and facility type.",
          "A facility tag is evidence of mapped semantics, not service availability, capacity, accessibility or operating status.",
          "BDOT10k building geometry is retained only as topographic comparison context and cannot establish facility semantics.",
          "No qualified PRG public-service facility class is enabled for this domain pack."
        ],
        "eligible_for_analysis": true,
        "osm_tags": {
          "name": "Poczta Polska S.A.",
          "amenity": "post_office",
          "opening_hours": "Tu-Fr 10:00-18:00, Mo 14:00-20:00",
          "phone": "+48 883 200 143"
        }
      },
      "geometry": {
        "type": "Point",
        "coordinates": [
          18.9630692,
          50.11344849999999
        ]
      }
    },
    {
      "type": "Feature",
      "properties": {
        "source": "OpenStreetMap",
        "source_id": "node/2707760313",
        "domain": "public",
        "asset_type": "post",
        "confidence": "medium",
        "missing_fields": [],
        "limitations": [
          "OSM public-service completeness and tagging vary by area and facility type.",
          "A facility tag is evidence of mapped semantics, not service availability, capacity, accessibility or operating status.",
          "BDOT10k building geometry is retained only as topographic comparison context and cannot establish facility semantics.",
          "No qualified PRG public-service facility class is enabled for this domain pack."
        ],
        "eligible_for_analysis": true,
        "osm_tags": {
          "name": "Agencja Pocztowa",
          "operator": "Poczta Polska",
          "amenity": "post_office",
          "opening_hours": "Mo-Tu 08:00-15:00; We 14:00-20:00; Th-Fr 08:00-15:00"
        }
      },
      "geometry": {
        "type": "Point",
        "coordinates": [
          18.7310058,
          50.2937764
        ]
      }
    },
    {
      "type": "Feature",
      "properties": {
        "source": "OpenStreetMap",
        "source_id": "node/2892220569",
        "domain": "public",
        "asset_type": "post",
        "confidence": "medium",
        "missing_fields": [],
        "limitations": [
          "OSM public-service completeness and tagging vary by area and facility type.",
          "A facility tag is evidence of mapped semantics, not service availability, capacity, accessibility or operating status.",
          "BDOT10k building geometry is retained only as topographic comparison context and cannot establish facility semantics.",
          "No qualified PRG public-service facility class is enabled for this domain pack."
        ],
        "eligible_for_analysis": true,
        "osm_tags": {
          "name": "Poczta",
          "amenity": "post_office"
        }
      },
      "geometry": {
        "type": "Point",
        "coordinates": [
          18.4536562,
          50.189719
        ]
      }
    },
    {
      "type": "Feature",
      "properties": {
        "source": "OpenStreetMap",
        "source_id": "node/2949762422",
        "domain": "public",
        "asset_type": "post",
        "confidence": "medium",
        "missing_fields": [],
        "limitations": [
          "OSM public-service completeness and tagging vary by area and facility type.",
          "A facility tag is evidence of mapped semantics, not service availability, capacity, accessibility or operating status.",
          "BDOT10k building geometry is retained only as topographic comparison context and cannot establish facility semantics.",
          "No qualified PRG public-service facility class is enabled for this domain pack."
        ],
        "eligible_for_analysis": true,
        "osm_tags": {
          "amenity": "post_office"
        }
      },
      "geometry": {
        "type": "Point",
        "coordinates": [
          18.9753092,
          50.1143832
        ]
      }
    },
    {
      "type": "Feature",
      "properties": {
        "source": "OpenStreetMap",
        "source_id": "node/2989027611",
        "domain": "public",
        "asset_type": "post",
        "confidence": "medium",
        "missing_fields": [],
        "limitations": [
          "OSM public-service completeness and tagging vary by area and facility type.",
          "A facility tag is evidence of mapped semantics, not service availability, capacity, accessibility or operating status.",
          "BDOT10k building geometry is retained only as topographic comparison context and cannot establish facility semantics.",
          "No qualified PRG public-service facility class is enabled for this domain pack."
        ],
        "eligible_for_analysis": true,
        "osm_tags": {
          "name": "Filia Urzędu Pocztowego Katowice 25",
          "amenity": "post_office",
          "opening_hours": "Mo,Tu 09:00-15:00; We-Fr 13:00-19:00; Sa,Su off",
          "contact:phone": "+48 32 204 02 91"
        }
      },
      "geometry": {
        "type": "Point",
        "coordinates": [
          18.9536899,
          50.23350069999999
        ]
      }
    },
    {
      "type": "Feature",
      "properties": {
        "source": "OpenStreetMap",
        "source_id": "node/3009858696",
        "domain": "public",
        "asset_type": "post",
        "confidence": "medium",
        "missing_fields": [],
        "limitations": [
          "OSM public-service completeness and tagging vary by area and facility type.",
          "A facility tag is evidence of mapped semantics, not service availability, capacity, accessibility or operating status.",
          "BDOT10k building geometry is retained only as topographic comparison context and cannot establish facility semantics.",
          "No qualified PRG public-service facility class is enabled for this domain pack."
        ],
        "eligible_for_analysis": true,
        "osm_tags": {
          "name": "Orlová 1",
          "ref": "73511",
          "operator": "Česká pošta, s.p.",
          "operator:wikidata": "Q341090",
          "source": "survey",
          "amenity": "post_office",
          "opening_hours": "Mo-Fr 08:30-12:00,14:00-16:00",
          "phone": "+420 731 499 630",
          "wheelchair": "limited"
        }
      },
      "geometry": {
        "type": "Point",
        "coordinates": [
          18.430283,
          49.844752299999996
        ]
      }
    },
    {
      "type": "Feature",
      "properties": {
        "source": "OpenStreetMap",
        "source_id": "node/3025127891",
        "domain": "public",
        "asset_type": "post",
        "confidence": "medium",
        "missing_fields": [],
        "limitations": [
          "OSM public-service completeness and tagging vary by area and facility type.",
          "A facility tag is evidence of mapped semantics, not service availability, capacity, accessibility or operating status.",
          "BDOT10k building geometry is retained only as topographic comparison context and cannot establish facility semantics.",
          "No qualified PRG public-service facility class is enabled for this domain pack."
        ],
        "eligible_for_analysis": true,
        "osm_tags": {
          "name": "Punkt Poczty Polskiej",
          "amenity": "post_office"
        }
      },
      "geometry": {
        "type": "Point",
        "coordinates": [
          18.623823,
          50.3410854
        ]
      }
    },
    {
      "type": "Feature",
      "properties": {
        "source": "OpenStreetMap",
        "source_id": "node/3025204223",
        "domain": "public",
        "asset_type": "post",
        "confidence": "medium",
        "missing_fields": [],
        "limitations": [
          "OSM public-service completeness and tagging vary by area and facility type.",
          "A facility tag is evidence of mapped semantics, not service availability, capacity, accessibility or operating status.",
          "BDOT10k building geometry is retained only as topographic comparison context and cannot establish facility semantics.",
          "No qualified PRG public-service facility class is enabled for this domain pack."
        ],
        "eligible_for_analysis": true,
        "osm_tags": {
          "name": "Placówka Poczty Polskiej",
          "amenity": "post_office"
        }
      },
      "geometry": {
        "type": "Point",
        "coordinates": [
          18.6176476,
          50.3390923
        ]
      }
    },
    {
      "type": "Feature",
      "properties": {
        "source": "OpenStreetMap",
        "source_id": "node/3372446895",
        "domain": "public",
        "asset_type": "post",
        "confidence": "medium",
        "missing_fields": [],
        "limitations": [
          "OSM public-service completeness and tagging vary by area and facility type.",
          "A facility tag is evidence of mapped semantics, not service availability, capacity, accessibility or operating status.",
          "BDOT10k building geometry is retained only as topographic comparison context and cannot establish facility semantics.",
          "No qualified PRG public-service facility class is enabled for this domain pack."
        ],
        "eligible_for_analysis": true,
        "osm_tags": {
          "name": "Poczta Polska",
          "amenity": "post_office",
          "opening_hours": "Mo,Tu 08:30-14:30; We,Th 11:30-17:30; Fr 13:00-20:00",
          "phone": "+48 32 227 41 13"
        }
      },
      "geometry": {
        "type": "Point",
        "coordinates": [
          18.9690818,
          50.1337027
        ]
      }
    },
    {
      "type": "Feature",
      "properties": {
        "source": "OpenStreetMap",
        "source_id": "node/3374492542",
        "domain": "public",
        "asset_type": "post",
        "confidence": "medium",
        "missing_fields": [],
        "limitations": [
          "OSM public-service completeness and tagging vary by area and facility type.",
          "A facility tag is evidence of mapped semantics, not service availability, capacity, accessibility or operating status.",
          "BDOT10k building geometry is retained only as topographic comparison context and cannot establish facility semantics.",
          "No qualified PRG public-service facility class is enabled for this domain pack."
        ],
        "eligible_for_analysis": true,
        "osm_tags": {
          "name": "Poczta Polska",
          "amenity": "post_office",
          "opening_hours": "Mo-We 09:00-16:00; Th 11:00-18:00; Fr 12:30-20:00",
          "contact:phone": "+48 32 2461703"
        }
      },
      "geometry": {
        "type": "Point",
        "coordinates": [
          18.9372939,
          50.2748554
        ]
      }
    },
    {
      "type": "Feature",
      "properties": {
        "source": "OpenStreetMap",
        "source_id": "node/3414358774",
        "domain": "public",
        "asset_type": "post",
        "confidence": "medium",
        "missing_fields": [],
        "limitations": [
          "OSM public-service completeness and tagging vary by area and facility type.",
          "A facility tag is evidence of mapped semantics, not service availability, capacity, accessibility or operating status.",
          "BDOT10k building geometry is retained only as topographic comparison context and cannot establish facility semantics.",
          "No qualified PRG public-service facility class is enabled for this domain pack."
        ],
        "eligible_for_analysis": true,
        "osm_tags": {
          "name": "Punkt Awizo",
          "operator": "InPost",
          "operator:wikidata": "Q3182097",
          "amenity": "post_office",
          "opening_hours": "Mo-Fr 10:00-18:00; Sa 10:00-14:00"
        }
      },
      "geometry": {
        "type": "Point",
        "coordinates": [
          18.6681722,
          50.29312830000001
        ]
      }
    },
    {
      "type": "Feature",
      "properties": {
        "source": "OpenStreetMap",
        "source_id": "node/3471930364",
        "domain": "public",
        "asset_type": "post",
        "confidence": "medium",
        "missing_fields": [],
        "limitations": [
          "OSM public-service completeness and tagging vary by area and facility type.",
          "A facility tag is evidence of mapped semantics, not service availability, capacity, accessibility or operating status.",
          "BDOT10k building geometry is retained only as topographic comparison context and cannot establish facility semantics.",
          "No qualified PRG public-service facility class is enabled for this domain pack."
        ],
        "eligible_for_analysis": true,
        "osm_tags": {
          "name": "Havířov 7",
          "ref": "73609",
          "operator": "Česká pošta, s.p.",
          "operator:wikidata": "Q341090",
          "source": "survey",
          "amenity": "post_office",
          "opening_hours": "Mo-Fr 08:00-11:00,14:00-17:30",
          "wheelchair": "yes"
        }
      },
      "geometry": {
        "type": "Point",
        "coordinates": [
          18.4135834,
          49.8024823
        ]
      }
    },
    {
      "type": "Feature",
      "properties": {
        "source": "OpenStreetMap",
        "source_id": "node/3533392823",
        "domain": "public",
        "asset_type": "post",
        "confidence": "medium",
        "missing_fields": [],
        "limitations": [
          "OSM public-service completeness and tagging vary by area and facility type.",
          "A facility tag is evidence of mapped semantics, not service availability, capacity, accessibility or operating status.",
          "BDOT10k building geometry is retained only as topographic comparison context and cannot establish facility semantics.",
          "No qualified PRG public-service facility class is enabled for this domain pack."
        ],
        "eligible_for_analysis": true,
        "osm_tags": {
          "name": "Agencja Pocztowa w Czernicy",
          "operator": "Poczta Polska",
          "amenity": "post_office"
        }
      },
      "geometry": {
        "type": "Point",
        "coordinates": [
          18.3998969,
          50.07994029999999
        ]
      }
    },
    {
      "type": "Feature",
      "properties": {
        "source": "OpenStreetMap",
        "source_id": "node/3536836439",
        "domain": "public",
        "asset_type": "post",
        "confidence": "medium",
        "missing_fields": [],
        "limitations": [
          "OSM public-service completeness and tagging vary by area and facility type.",
          "A facility tag is evidence of mapped semantics, not service availability, capacity, accessibility or operating status.",
          "BDOT10k building geometry is retained only as topographic comparison context and cannot establish facility semantics.",
          "No qualified PRG public-service facility class is enabled for this domain pack."
        ],
        "eligible_for_analysis": true,
        "osm_tags": {
          "name": "Poczta Polska Placówka w Jejkowicach",
          "amenity": "post_office"
        }
      },
      "geometry": {
        "type": "Point",
        "coordinates": [
          18.4767525,
          50.1050205
        ]
      }
    },
    {
      "type": "Feature",
      "properties": {
        "source": "OpenStreetMap",
        "source_id": "node/3558969802",
        "domain": "public",
        "asset_type": "post",
        "confidence": "medium",
        "missing_fields": [],
        "limitations": [
          "OSM public-service completeness and tagging vary by area and facility type.",
          "A facility tag is evidence of mapped semantics, not service availability, capacity, accessibility or operating status.",
          "BDOT10k building geometry is retained only as topographic comparison context and cannot establish facility semantics.",
          "No qualified PRG public-service facility class is enabled for this domain pack."
        ],
        "eligible_for_analysis": true,
        "osm_tags": {
          "name": "Agencja Pocztowa w Dziergowicach",
          "amenity": "post_office"
        }
      },
      "geometry": {
        "type": "Point",
        "coordinates": [
          18.294587,
          50.23979740000001
        ]
      }
    },
    {
      "type": "Feature",
      "properties": {
        "source": "OpenStreetMap",
        "source_id": "node/3586851351",
        "domain": "public",
        "asset_type": "post",
        "confidence": "medium",
        "missing_fields": [],
        "limitations": [
          "OSM public-service completeness and tagging vary by area and facility type.",
          "A facility tag is evidence of mapped semantics, not service availability, capacity, accessibility or operating status.",
          "BDOT10k building geometry is retained only as topographic comparison context and cannot establish facility semantics.",
          "No qualified PRG public-service facility class is enabled for this domain pack."
        ],
        "eligible_for_analysis": true,
        "osm_tags": {
          "name": "Urząd Pocztowy w Czerwionce-Leszczynach",
          "amenity": "post_office"
        }
      },
      "geometry": {
        "type": "Point",
        "coordinates": [
          18.6776178,
          50.149351
        ]
      }
    },
    {
      "type": "Feature",
      "properties": {
        "source": "OpenStreetMap",
        "source_id": "node/3684056298",
        "domain": "public",
        "asset_type": "post",
        "confidence": "medium",
        "missing_fields": [],
        "limitations": [
          "OSM public-service completeness and tagging vary by area and facility type.",
          "A facility tag is evidence of mapped semantics, not service availability, capacity, accessibility or operating status.",
          "BDOT10k building geometry is retained only as topographic comparison context and cannot establish facility semantics.",
          "No qualified PRG public-service facility class is enabled for this domain pack."
        ],
        "eligible_for_analysis": true,
        "osm_tags": {
          "name": "Urząd Pocztowy Rybnik 1",
          "operator": "Poczta Polska Spółka Akcyjna",
          "amenity": "post_office",
          "opening_hours": "Mo-Fr 07:00-20:00;Sa 07:00-13:00",
          "wheelchair": "yes"
        }
      },
      "geometry": {
        "type": "Point",
        "coordinates": [
          18.5414663,
          50.0938635
        ]
      }
    },
    {
      "type": "Feature",
      "properties": {
        "source": "OpenStreetMap",
        "source_id": "node/3724274056",
        "domain": "public",
        "asset_type": "post",
        "confidence": "medium",
        "missing_fields": [],
        "limitations": [
          "OSM public-service completeness and tagging vary by area and facility type.",
          "A facility tag is evidence of mapped semantics, not service availability, capacity, accessibility or operating status.",
          "BDOT10k building geometry is retained only as topographic comparison context and cannot establish facility semantics.",
          "No qualified PRG public-service facility class is enabled for this domain pack."
        ],
        "eligible_for_analysis": true,
        "osm_tags": {
          "name": "Urząd Pocztowy Knurów 4",
          "operator": "Poczta Polska",
          "amenity": "post_office",
          "opening_hours": "Mo-Fr 08:00-19:00; Sa 09:00-13:00",
          "phone": "+48 32 235 24 86",
          "wheelchair": "yes"
        }
      },
      "geometry": {
        "type": "Point",
        "coordinates": [
          18.661736,
          50.230164200000004
        ]
      }
    },
    {
      "type": "Feature",
      "properties": {
        "source": "OpenStreetMap",
        "source_id": "node/3730925357",
        "domain": "public",
        "asset_type": "post",
        "confidence": "medium",
        "missing_fields": [],
        "limitations": [
          "OSM public-service completeness and tagging vary by area and facility type.",
          "A facility tag is evidence of mapped semantics, not service availability, capacity, accessibility or operating status.",
          "BDOT10k building geometry is retained only as topographic comparison context and cannot establish facility semantics.",
          "No qualified PRG public-service facility class is enabled for this domain pack."
        ],
        "eligible_for_analysis": true,
        "osm_tags": {
          "name": "FUP Gliwice 2",
          "ref": "https://poczta-online.pl/poczta-polska-gliwice/pl-jasminu-2",
          "operator": "Poczta Polska",
          "amenity": "post_office",
          "opening_hours": "Mo-We 08:30-15:00; Th 10:30-17:00; Fr 11:30-20:00",
          "phone": "+48 32 237 86 20",
          "wheelchair": "no"
        }
      },
      "geometry": {
        "type": "Point",
        "coordinates": [
          18.5731044,
          50.26202199999999
        ]
      }
    },
    {
      "type": "Feature",
      "properties": {
        "source": "OpenStreetMap",
        "source_id": "node/3768500834",
        "domain": "public",
        "asset_type": "post",
        "confidence": "medium",
        "missing_fields": [],
        "limitations": [
          "OSM public-service completeness and tagging vary by area and facility type.",
          "A facility tag is evidence of mapped semantics, not service availability, capacity, accessibility or operating status.",
          "BDOT10k building geometry is retained only as topographic comparison context and cannot establish facility semantics.",
          "No qualified PRG public-service facility class is enabled for this domain pack."
        ],
        "eligible_for_analysis": true,
        "osm_tags": {
          "name": "Agencja Pocztowa Chałupki",
          "operator": "Poczta Polska",
          "amenity": "post_office"
        }
      },
      "geometry": {
        "type": "Point",
        "coordinates": [
          18.3182178,
          49.92411680000001
        ]
      }
    },
    {
      "type": "Feature",
      "properties": {
        "source": "OpenStreetMap",
        "source_id": "node/3843261601",
        "domain": "public",
        "asset_type": "post",
        "confidence": "medium",
        "missing_fields": [],
        "limitations": [
          "OSM public-service completeness and tagging vary by area and facility type.",
          "A facility tag is evidence of mapped semantics, not service availability, capacity, accessibility or operating status.",
          "BDOT10k building geometry is retained only as topographic comparison context and cannot establish facility semantics.",
          "No qualified PRG public-service facility class is enabled for this domain pack."
        ],
        "eligible_for_analysis": true,
        "osm_tags": {
          "name": "Ostrava 15",
          "ref": "71500",
          "operator": "Česká pošta, s.p.",
          "operator:wikidata": "Q341090",
          "amenity": "post_office",
          "opening_hours": "Mo,Tu,Th,Fr 09:00-11:00,14:00-17:00;We 09:00-11:00,14:00-18:00",
          "wheelchair": "limited"
        }
      },
      "geometry": {
        "type": "Point",
        "coordinates": [
          18.3414438,
          49.8425164
        ]
      }
    },
    {
      "type": "Feature",
      "properties": {
        "source": "OpenStreetMap",
        "source_id": "node/3893100511",
        "domain": "public",
        "asset_type": "post",
        "confidence": "medium",
        "missing_fields": [],
        "limitations": [
          "OSM public-service completeness and tagging vary by area and facility type.",
          "A facility tag is evidence of mapped semantics, not service availability, capacity, accessibility or operating status.",
          "BDOT10k building geometry is retained only as topographic comparison context and cannot establish facility semantics.",
          "No qualified PRG public-service facility class is enabled for this domain pack."
        ],
        "eligible_for_analysis": true,
        "osm_tags": {
          "amenity": "post_office"
        }
      },
      "geometry": {
        "type": "Point",
        "coordinates": [
          18.3056536,
          50.0409308
        ]
      }
    },
    {
      "type": "Feature",
      "properties": {
        "source": "OpenStreetMap",
        "source_id": "node/3937235339",
        "domain": "public",
        "asset_type": "post",
        "confidence": "medium",
        "missing_fields": [],
        "limitations": [
          "OSM public-service completeness and tagging vary by area and facility type.",
          "A facility tag is evidence of mapped semantics, not service availability, capacity, accessibility or operating status.",
          "BDOT10k building geometry is retained only as topographic comparison context and cannot establish facility semantics.",
          "No qualified PRG public-service facility class is enabled for this domain pack."
        ],
        "eligible_for_analysis": true,
        "osm_tags": {
          "name": "Ludgeřovice",
          "ref": "74714",
          "operator": "Česká pošta, s.p.",
          "operator:wikidata": "Q341090",
          "amenity": "post_office",
          "opening_hours": "Mo-Fr 08:00-11:00,13:00-18:00",
          "wheelchair": "limited"
        }
      },
      "geometry": {
        "type": "Point",
        "coordinates": [
          18.2378941,
          49.8940102
        ]
      }
    },
    {
      "type": "Feature",
      "properties": {
        "source": "OpenStreetMap",
        "source_id": "node/3937235341",
        "domain": "public",
        "asset_type": "post",
        "confidence": "medium",
        "missing_fields": [],
        "limitations": [
          "OSM public-service completeness and tagging vary by area and facility type.",
          "A facility tag is evidence of mapped semantics, not service availability, capacity, accessibility or operating status.",
          "BDOT10k building geometry is retained only as topographic comparison context and cannot establish facility semantics.",
          "No qualified PRG public-service facility class is enabled for this domain pack."
        ],
        "eligible_for_analysis": true,
        "osm_tags": {
          "name": "Ostrava 12",
          "ref": "71200",
          "operator": "Česká pošta, s.p.",
          "operator:wikidata": "Q341090",
          "amenity": "post_office",
          "opening_hours": "Mo-Fr 08:00-11:00,13:00-17:00",
          "wheelchair": "yes"
        }
      },
      "geometry": {
        "type": "Point",
        "coordinates": [
          18.3042385,
          49.85143579999998
        ]
      }
    },
    {
      "type": "Feature",
      "properties": {
        "source": "OpenStreetMap",
        "source_id": "node/3937235345",
        "domain": "public",
        "asset_type": "post",
        "confidence": "medium",
        "missing_fields": [],
        "limitations": [
          "OSM public-service completeness and tagging vary by area and facility type.",
          "A facility tag is evidence of mapped semantics, not service availability, capacity, accessibility or operating status.",
          "BDOT10k building geometry is retained only as topographic comparison context and cannot establish facility semantics.",
          "No qualified PRG public-service facility class is enabled for this domain pack."
        ],
        "eligible_for_analysis": true,
        "osm_tags": {
          "name": "Depo Ostrava 71",
          "ref": "70071",
          "operator": "Česká pošta, s.p.",
          "operator:wikidata": "Q341090",
          "amenity": "post_office"
        }
      },
      "geometry": {
        "type": "Point",
        "coordinates": [
          18.2690493,
          49.85208009999999
        ]
      }
    },
    {
      "type": "Feature",
      "properties": {
        "source": "OpenStreetMap",
        "source_id": "node/3942677323",
        "domain": "public",
        "asset_type": "post",
        "confidence": "medium",
        "missing_fields": [],
        "limitations": [
          "OSM public-service completeness and tagging vary by area and facility type.",
          "A facility tag is evidence of mapped semantics, not service availability, capacity, accessibility or operating status.",
          "BDOT10k building geometry is retained only as topographic comparison context and cannot establish facility semantics.",
          "No qualified PRG public-service facility class is enabled for this domain pack."
        ],
        "eligible_for_analysis": true,
        "osm_tags": {
          "name": "Vřesina u Hlučína",
          "ref": "74720",
          "operator": "Česká pošta, s.p.",
          "operator:wikidata": "Q341090",
          "amenity": "post_office",
          "opening_hours": "Mo-Fr 08:00-11:00,14:00-16:00;We 08:00-11:00,14:00-17:00",
          "phone": "+420 595 031 080",
          "wheelchair": "limited"
        }
      },
      "geometry": {
        "type": "Point",
        "coordinates": [
          18.1939421,
          49.945871200000006
        ]
      }
    },
    {
      "type": "Feature",
      "properties": {
        "source": "OpenStreetMap",
        "source_id": "node/3949883666",
        "domain": "public",
        "asset_type": "post",
        "confidence": "medium",
        "missing_fields": [],
        "limitations": [
          "OSM public-service completeness and tagging vary by area and facility type.",
          "A facility tag is evidence of mapped semantics, not service availability, capacity, accessibility or operating status.",
          "BDOT10k building geometry is retained only as topographic comparison context and cannot establish facility semantics.",
          "No qualified PRG public-service facility class is enabled for this domain pack."
        ],
        "eligible_for_analysis": true,
        "osm_tags": {
          "name": "Karviná 1",
          "ref": "73301",
          "operator": "Česká pošta, s.p.",
          "operator:wikidata": "Q341090",
          "amenity": "post_office",
          "wheelchair": "yes"
        }
      },
      "geometry": {
        "type": "Point",
        "coordinates": [
          18.5403038,
          49.853782700000004
        ]
      }
    },
    {
      "type": "Feature",
      "properties": {
        "source": "OpenStreetMap",
        "source_id": "node/4033818082",
        "domain": "public",
        "asset_type": "post",
        "confidence": "medium",
        "missing_fields": [],
        "limitations": [
          "OSM public-service completeness and tagging vary by area and facility type.",
          "A facility tag is evidence of mapped semantics, not service availability, capacity, accessibility or operating status.",
          "BDOT10k building geometry is retained only as topographic comparison context and cannot establish facility semantics.",
          "No qualified PRG public-service facility class is enabled for this domain pack."
        ],
        "eligible_for_analysis": true,
        "osm_tags": {
          "amenity": "post_office"
        }
      },
      "geometry": {
        "type": "Point",
        "coordinates": [
          18.8428394,
          50.1494438
        ]
      }
    },
    {
      "type": "Feature",
      "properties": {
        "source": "OpenStreetMap",
        "source_id": "node/4113381952",
        "domain": "public",
        "asset_type": "post",
        "confidence": "medium",
        "missing_fields": [],
        "limitations": [
          "OSM public-service completeness and tagging vary by area and facility type.",
          "A facility tag is evidence of mapped semantics, not service availability, capacity, accessibility or operating status.",
          "BDOT10k building geometry is retained only as topographic comparison context and cannot establish facility semantics.",
          "No qualified PRG public-service facility class is enabled for this domain pack."
        ],
        "eligible_for_analysis": true,
        "osm_tags": {
          "name": "Poczta Polska",
          "amenity": "post_office"
        }
      },
      "geometry": {
        "type": "Point",
        "coordinates": [
          18.9681821,
          50.106345499999996
        ]
      }
    },
    {
      "type": "Feature",
      "properties": {
        "source": "OpenStreetMap",
        "source_id": "node/4200505970",
        "domain": "public",
        "asset_type": "post",
        "confidence": "medium",
        "missing_fields": [],
        "limitations": [
          "OSM public-service completeness and tagging vary by area and facility type.",
          "A facility tag is evidence of mapped semantics, not service availability, capacity, accessibility or operating status.",
          "BDOT10k building geometry is retained only as topographic comparison context and cannot establish facility semantics.",
          "No qualified PRG public-service facility class is enabled for this domain pack."
        ],
        "eligible_for_analysis": true,
        "osm_tags": {
          "name": "Poczta",
          "amenity": "post_office"
        }
      },
      "geometry": {
        "type": "Point",
        "coordinates": [
          18.8670313,
          50.140112
        ]
      }
    },
    {
      "type": "Feature",
      "properties": {
        "source": "OpenStreetMap",
        "source_id": "node/4240811930",
        "domain": "public",
        "asset_type": "post",
        "confidence": "medium",
        "missing_fields": [],
        "limitations": [
          "OSM public-service completeness and tagging vary by area and facility type.",
          "A facility tag is evidence of mapped semantics, not service availability, capacity, accessibility or operating status.",
          "BDOT10k building geometry is retained only as topographic comparison context and cannot establish facility semantics.",
          "No qualified PRG public-service facility class is enabled for this domain pack."
        ],
        "eligible_for_analysis": true,
        "osm_tags": {
          "name": "Darkovice",
          "ref": "74717",
          "operator": "Česká pošta, s.p.",
          "operator:wikidata": "Q341090",
          "amenity": "post_office",
          "opening_hours": "Mo,Tu,Th,Fr 08:00-11:00,14:00-16:00;We 08:00-11:00,14:00-17:00",
          "wheelchair": "limited"
        }
      },
      "geometry": {
        "type": "Point",
        "coordinates": [
          18.2244249,
          49.9367065
        ]
      }
    },
    {
      "type": "Feature",
      "properties": {
        "source": "OpenStreetMap",
        "source_id": "node/4269489399",
        "domain": "public",
        "asset_type": "post",
        "confidence": "medium",
        "missing_fields": [],
        "limitations": [
          "OSM public-service completeness and tagging vary by area and facility type.",
          "A facility tag is evidence of mapped semantics, not service availability, capacity, accessibility or operating status.",
          "BDOT10k building geometry is retained only as topographic comparison context and cannot establish facility semantics.",
          "No qualified PRG public-service facility class is enabled for this domain pack."
        ],
        "eligible_for_analysis": true,
        "osm_tags": {
          "name": "Urząd Pocztowy Orzesze",
          "operator": "Poczta Polska",
          "amenity": "post_office",
          "opening_hours": "Mo-Fr 08:00-19:00; Sa 09:00-13:00"
        }
      },
      "geometry": {
        "type": "Point",
        "coordinates": [
          18.7730235,
          50.14142199999999
        ]
      }
    },
    {
      "type": "Feature",
      "properties": {
        "source": "OpenStreetMap",
        "source_id": "node/4463273865",
        "domain": "public",
        "asset_type": "post",
        "confidence": "medium",
        "missing_fields": [],
        "limitations": [
          "OSM public-service completeness and tagging vary by area and facility type.",
          "A facility tag is evidence of mapped semantics, not service availability, capacity, accessibility or operating status.",
          "BDOT10k building geometry is retained only as topographic comparison context and cannot establish facility semantics.",
          "No qualified PRG public-service facility class is enabled for this domain pack."
        ],
        "eligible_for_analysis": true,
        "osm_tags": {
          "amenity": "post_office"
        }
      },
      "geometry": {
        "type": "Point",
        "coordinates": [
          18.2409387,
          50.279927
        ]
      }
    },
    {
      "type": "Feature",
      "properties": {
        "source": "OpenStreetMap",
        "source_id": "node/4571965694",
        "domain": "public",
        "asset_type": "post",
        "confidence": "medium",
        "missing_fields": [],
        "limitations": [
          "OSM public-service completeness and tagging vary by area and facility type.",
          "A facility tag is evidence of mapped semantics, not service availability, capacity, accessibility or operating status.",
          "BDOT10k building geometry is retained only as topographic comparison context and cannot establish facility semantics.",
          "No qualified PRG public-service facility class is enabled for this domain pack."
        ],
        "eligible_for_analysis": true,
        "osm_tags": {
          "name": "Agencja Pocztowa w Krowiarkach",
          "operator": "Poczta Polska",
          "amenity": "post_office"
        }
      },
      "geometry": {
        "type": "Point",
        "coordinates": [
          18.0800258,
          50.1354307
        ]
      }
    },
    {
      "type": "Feature",
      "properties": {
        "source": "OpenStreetMap",
        "source_id": "node/4578070732",
        "domain": "public",
        "asset_type": "post",
        "confidence": "medium",
        "missing_fields": [],
        "limitations": [
          "OSM public-service completeness and tagging vary by area and facility type.",
          "A facility tag is evidence of mapped semantics, not service availability, capacity, accessibility or operating status.",
          "BDOT10k building geometry is retained only as topographic comparison context and cannot establish facility semantics.",
          "No qualified PRG public-service facility class is enabled for this domain pack."
        ],
        "eligible_for_analysis": true,
        "osm_tags": {
          "name": "FUP Żory 1",
          "amenity": "post_office"
        }
      },
      "geometry": {
        "type": "Point",
        "coordinates": [
          18.7031303,
          50.0396519
        ]
      }
    },
    {
      "type": "Feature",
      "properties": {
        "source": "OpenStreetMap",
        "source_id": "node/4578076559",
        "domain": "public",
        "asset_type": "post",
        "confidence": "medium",
        "missing_fields": [],
        "limitations": [
          "OSM public-service completeness and tagging vary by area and facility type.",
          "A facility tag is evidence of mapped semantics, not service availability, capacity, accessibility or operating status.",
          "BDOT10k building geometry is retained only as topographic comparison context and cannot establish facility semantics.",
          "No qualified PRG public-service facility class is enabled for this domain pack."
        ],
        "eligible_for_analysis": true,
        "osm_tags": {
          "amenity": "post_office"
        }
      },
      "geometry": {
        "type": "Point",
        "coordinates": [
          18.6931364,
          50.030360599999995
        ]
      }
    },
    {
      "type": "Feature",
      "properties": {
        "source": "OpenStreetMap",
        "source_id": "node/4578103205",
        "domain": "public",
        "asset_type": "post",
        "confidence": "medium",
        "missing_fields": [],
        "limitations": [
          "OSM public-service completeness and tagging vary by area and facility type.",
          "A facility tag is evidence of mapped semantics, not service availability, capacity, accessibility or operating status.",
          "BDOT10k building geometry is retained only as topographic comparison context and cannot establish facility semantics.",
          "No qualified PRG public-service facility class is enabled for this domain pack."
        ],
        "eligible_for_analysis": true,
        "osm_tags": {
          "name": "Filia Urzędu Pocztowego Żory 1",
          "website": "https://www.poczta-polska.pl/",
          "amenity": "post_office",
          "opening_hours": "Mo-Th 09:00-16:30; Fr 13:30-20:00",
          "phone": "+48 32 435 26 95",
          "wheelchair": "yes"
        }
      },
      "geometry": {
        "type": "Point",
        "coordinates": [
          18.682717,
          50.0387622
        ]
      }
    },
    {
      "type": "Feature",
      "properties": {
        "source": "OpenStreetMap",
        "source_id": "node/4651388882",
        "domain": "public",
        "asset_type": "post",
        "confidence": "medium",
        "missing_fields": [],
        "limitations": [
          "OSM public-service completeness and tagging vary by area and facility type.",
          "A facility tag is evidence of mapped semantics, not service availability, capacity, accessibility or operating status.",
          "BDOT10k building geometry is retained only as topographic comparison context and cannot establish facility semantics.",
          "No qualified PRG public-service facility class is enabled for this domain pack."
        ],
        "eligible_for_analysis": true,
        "osm_tags": {
          "operator": "InPost",
          "amenity": "post_office",
          "opening_hours": "Mo-Fr 09:00-17:00; Sa 09:00-12:00"
        }
      },
      "geometry": {
        "type": "Point",
        "coordinates": [
          18.790967,
          50.36570950000001
        ]
      }
    },
    {
      "type": "Feature",
      "properties": {
        "source": "OpenStreetMap",
        "source_id": "node/4767238182",
        "domain": "public",
        "asset_type": "post",
        "confidence": "medium",
        "missing_fields": [],
        "limitations": [
          "OSM public-service completeness and tagging vary by area and facility type.",
          "A facility tag is evidence of mapped semantics, not service availability, capacity, accessibility or operating status.",
          "BDOT10k building geometry is retained only as topographic comparison context and cannot establish facility semantics.",
          "No qualified PRG public-service facility class is enabled for this domain pack."
        ],
        "eligible_for_analysis": true,
        "osm_tags": {
          "name": "Píšť",
          "ref": "74718",
          "operator": "Česká pošta, s.p.",
          "operator:wikidata": "Q341090",
          "amenity": "post_office",
          "opening_hours": "Mo,We 08:00-11:00,14:00-17:00;Tu,Th,Fr 08:00-11:00,14:00-16:30",
          "wheelchair": "limited"
        }
      },
      "geometry": {
        "type": "Point",
        "coordinates": [
          18.1904028,
          49.9779896
        ]
      }
    },
    {
      "type": "Feature",
      "properties": {
        "source": "OpenStreetMap",
        "source_id": "node/4799875251",
        "domain": "public",
        "asset_type": "post",
        "confidence": "medium",
        "missing_fields": [],
        "limitations": [
          "OSM public-service completeness and tagging vary by area and facility type.",
          "A facility tag is evidence of mapped semantics, not service availability, capacity, accessibility or operating status.",
          "BDOT10k building geometry is retained only as topographic comparison context and cannot establish facility semantics.",
          "No qualified PRG public-service facility class is enabled for this domain pack."
        ],
        "eligible_for_analysis": true,
        "osm_tags": {
          "amenity": "post_office"
        }
      },
      "geometry": {
        "type": "Point",
        "coordinates": [
          18.3491819,
          50.38975030000001
        ]
      }
    },
    {
      "type": "Feature",
      "properties": {
        "source": "OpenStreetMap",
        "source_id": "node/4803430642",
        "domain": "public",
        "asset_type": "post",
        "confidence": "medium",
        "missing_fields": [],
        "limitations": [
          "OSM public-service completeness and tagging vary by area and facility type.",
          "A facility tag is evidence of mapped semantics, not service availability, capacity, accessibility or operating status.",
          "BDOT10k building geometry is retained only as topographic comparison context and cannot establish facility semantics.",
          "No qualified PRG public-service facility class is enabled for this domain pack."
        ],
        "eligible_for_analysis": true,
        "osm_tags": {
          "name": "Strahovice",
          "ref": "74730",
          "operator": "Česká pošta, s.p.",
          "operator:wikidata": "Q341090",
          "amenity": "post_office",
          "opening_hours": "Mo,We 08:00-10:00,15:00-17:00;Tu 08:00-11:00;Th 08:00-10:00,15:00-16:00;Fr 08:00-10:00",
          "phone": "+420 553 650 550",
          "wheelchair": "limited"
        }
      },
      "geometry": {
        "type": "Point",
        "coordinates": [
          18.0894647,
          50.00473539999999
        ]
      }
    },
    {
      "type": "Feature",
      "properties": {
        "source": "OpenStreetMap",
        "source_id": "node/4976710326",
        "domain": "public",
        "asset_type": "post",
        "confidence": "medium",
        "missing_fields": [],
        "limitations": [
          "OSM public-service completeness and tagging vary by area and facility type.",
          "A facility tag is evidence of mapped semantics, not service availability, capacity, accessibility or operating status.",
          "BDOT10k building geometry is retained only as topographic comparison context and cannot establish facility semantics.",
          "No qualified PRG public-service facility class is enabled for this domain pack."
        ],
        "eligible_for_analysis": true,
        "osm_tags": {
          "amenity": "post_office"
        }
      },
      "geometry": {
        "type": "Point",
        "coordinates": [
          18.2133093,
          50.08525039999999
        ]
      }
    },
    {
      "type": "Feature",
      "properties": {
        "source": "OpenStreetMap",
        "source_id": "node/4977677030",
        "domain": "public",
        "asset_type": "post",
        "confidence": "medium",
        "missing_fields": [],
        "limitations": [
          "OSM public-service completeness and tagging vary by area and facility type.",
          "A facility tag is evidence of mapped semantics, not service availability, capacity, accessibility or operating status.",
          "BDOT10k building geometry is retained only as topographic comparison context and cannot establish facility semantics.",
          "No qualified PRG public-service facility class is enabled for this domain pack."
        ],
        "eligible_for_analysis": true,
        "osm_tags": {
          "name": "Agencja Pocztowa",
          "operator": "Poczta Polska",
          "amenity": "post_office"
        }
      },
      "geometry": {
        "type": "Point",
        "coordinates": [
          18.2024693,
          50.08066459999999
        ]
      }
    },
    {
      "type": "Feature",
      "properties": {
        "source": "OpenStreetMap",
        "source_id": "node/4996335248",
        "domain": "public",
        "asset_type": "post",
        "confidence": "medium",
        "missing_fields": [],
        "limitations": [
          "OSM public-service completeness and tagging vary by area and facility type.",
          "A facility tag is evidence of mapped semantics, not service availability, capacity, accessibility or operating status.",
          "BDOT10k building geometry is retained only as topographic comparison context and cannot establish facility semantics.",
          "No qualified PRG public-service facility class is enabled for this domain pack."
        ],
        "eligible_for_analysis": true,
        "osm_tags": {
          "name": "Poczta Polska",
          "amenity": "post_office",
          "opening_hours": "Mo-Th 09:00-18:00; Fr 11:00-20:00"
        }
      },
      "geometry": {
        "type": "Point",
        "coordinates": [
          18.6578105,
          50.29702850000001
        ]
      }
    },
    {
      "type": "Feature",
      "properties": {
        "source": "OpenStreetMap",
        "source_id": "node/4999316528",
        "domain": "public",
        "asset_type": "post",
        "confidence": "medium",
        "missing_fields": [],
        "limitations": [
          "OSM public-service completeness and tagging vary by area and facility type.",
          "A facility tag is evidence of mapped semantics, not service availability, capacity, accessibility or operating status.",
          "BDOT10k building geometry is retained only as topographic comparison context and cannot establish facility semantics.",
          "No qualified PRG public-service facility class is enabled for this domain pack."
        ],
        "eligible_for_analysis": true,
        "osm_tags": {
          "name": "Urząd Pocztowy w Nędzy",
          "operator": "Poczta Polska",
          "amenity": "post_office",
          "phone": "+48 32 410 22 01"
        }
      },
      "geometry": {
        "type": "Point",
        "coordinates": [
          18.3038845,
          50.1597571
        ]
      }
    },
    {
      "type": "Feature",
      "properties": {
        "source": "OpenStreetMap",
        "source_id": "node/5027275603",
        "domain": "public",
        "asset_type": "post",
        "confidence": "medium",
        "missing_fields": [],
        "limitations": [
          "OSM public-service completeness and tagging vary by area and facility type.",
          "A facility tag is evidence of mapped semantics, not service availability, capacity, accessibility or operating status.",
          "BDOT10k building geometry is retained only as topographic comparison context and cannot establish facility semantics.",
          "No qualified PRG public-service facility class is enabled for this domain pack."
        ],
        "eligible_for_analysis": true,
        "osm_tags": {
          "source": "notes",
          "amenity": "post_office",
          "phone": "+48 43 842 06 00"
        }
      },
      "geometry": {
        "type": "Point",
        "coordinates": [
          18.943891600000004,
          50.26571309999999
        ]
      }
    },
    {
      "type": "Feature",
      "properties": {
        "source": "OpenStreetMap",
        "source_id": "node/5094446361",
        "domain": "public",
        "asset_type": "post",
        "confidence": "medium",
        "missing_fields": [],
        "limitations": [
          "OSM public-service completeness and tagging vary by area and facility type.",
          "A facility tag is evidence of mapped semantics, not service availability, capacity, accessibility or operating status.",
          "BDOT10k building geometry is retained only as topographic comparison context and cannot establish facility semantics.",
          "No qualified PRG public-service facility class is enabled for this domain pack."
        ],
        "eligible_for_analysis": true,
        "osm_tags": {
          "name": "Petrovice u Karviné",
          "ref": "73572",
          "operator": "Česká pošta, s.p.",
          "operator:wikidata": "Q341090",
          "amenity": "post_office",
          "opening_hours": "Mo-Fr 08:00-11:00,13:00-18:00",
          "wheelchair": "yes"
        }
      },
      "geometry": {
        "type": "Point",
        "coordinates": [
          18.5490873,
          49.893489699999996
        ]
      }
    },
    {
      "type": "Feature",
      "properties": {
        "source": "OpenStreetMap",
        "source_id": "node/5152031920",
        "domain": "public",
        "asset_type": "post",
        "confidence": "medium",
        "missing_fields": [],
        "limitations": [
          "OSM public-service completeness and tagging vary by area and facility type.",
          "A facility tag is evidence of mapped semantics, not service availability, capacity, accessibility or operating status.",
          "BDOT10k building geometry is retained only as topographic comparison context and cannot establish facility semantics.",
          "No qualified PRG public-service facility class is enabled for this domain pack."
        ],
        "eligible_for_analysis": true,
        "osm_tags": {
          "name": "Chuchelná",
          "ref": "74724",
          "operator": "Česká pošta, s.p.",
          "operator:wikidata": "Q341090",
          "amenity": "post_office",
          "opening_hours": "Mo,We 08:00-10:00,13:00-17:00;Tu,Th,Fr 08:00-11:00,13:00-15:30",
          "phone": "+420 954 274 724",
          "wheelchair": "yes"
        }
      },
      "geometry": {
        "type": "Point",
        "coordinates": [
          18.1207367,
          49.989262
        ]
      }
    },
    {
      "type": "Feature",
      "properties": {
        "source": "OpenStreetMap",
        "source_id": "node/5169020933",
        "domain": "public",
        "asset_type": "post",
        "confidence": "medium",
        "missing_fields": [],
        "limitations": [
          "OSM public-service completeness and tagging vary by area and facility type.",
          "A facility tag is evidence of mapped semantics, not service availability, capacity, accessibility or operating status.",
          "BDOT10k building geometry is retained only as topographic comparison context and cannot establish facility semantics.",
          "No qualified PRG public-service facility class is enabled for this domain pack."
        ],
        "eligible_for_analysis": true,
        "osm_tags": {
          "amenity": "post_office"
        }
      },
      "geometry": {
        "type": "Point",
        "coordinates": [
          18.527795,
          49.968437
        ]
      }
    },
    {
      "type": "Feature",
      "properties": {
        "source": "OpenStreetMap",
        "source_id": "node/5251680586",
        "domain": "public",
        "asset_type": "post",
        "confidence": "medium",
        "missing_fields": [],
        "limitations": [
          "OSM public-service completeness and tagging vary by area and facility type.",
          "A facility tag is evidence of mapped semantics, not service availability, capacity, accessibility or operating status.",
          "BDOT10k building geometry is retained only as topographic comparison context and cannot establish facility semantics.",
          "No qualified PRG public-service facility class is enabled for this domain pack."
        ],
        "eligible_for_analysis": true,
        "osm_tags": {
          "name": "Šilheřovice",
          "ref": "74715",
          "operator": "Česká pošta, s.p.",
          "operator:wikidata": "Q341090",
          "amenity": "post_office",
          "opening_hours": "Mo,We 08:00-11:00,14:00-17:00;Tu,Th,Fr 08:00-11:00,14:00-16:30",
          "wheelchair": "yes"
        }
      },
      "geometry": {
        "type": "Point",
        "coordinates": [
          18.2680428,
          49.92556400000001
        ]
      }
    },
    {
      "type": "Feature",
      "properties": {
        "source": "OpenStreetMap",
        "source_id": "node/5254453232",
        "domain": "public",
        "asset_type": "post",
        "confidence": "medium",
        "missing_fields": [],
        "limitations": [
          "OSM public-service completeness and tagging vary by area and facility type.",
          "A facility tag is evidence of mapped semantics, not service availability, capacity, accessibility or operating status.",
          "BDOT10k building geometry is retained only as topographic comparison context and cannot establish facility semantics.",
          "No qualified PRG public-service facility class is enabled for this domain pack."
        ],
        "eligible_for_analysis": true,
        "osm_tags": {
          "name": "Agencja Pocztowa i Kolpolter",
          "operator": "Poczta Polska",
          "amenity": "post_office"
        }
      },
      "geometry": {
        "type": "Point",
        "coordinates": [
          18.2094072,
          50.08933350000001
        ]
      }
    },
    {
      "type": "Feature",
      "properties": {
        "source": "OpenStreetMap",
        "source_id": "node/5264601780",
        "domain": "public",
        "asset_type": "post",
        "confidence": "medium",
        "missing_fields": [],
        "limitations": [
          "OSM public-service completeness and tagging vary by area and facility type.",
          "A facility tag is evidence of mapped semantics, not service availability, capacity, accessibility or operating status.",
          "BDOT10k building geometry is retained only as topographic comparison context and cannot establish facility semantics.",
          "No qualified PRG public-service facility class is enabled for this domain pack."
        ],
        "eligible_for_analysis": true,
        "osm_tags": {
          "name": "Ostrava 29",
          "ref": "72529",
          "operator": "Česká pošta, s.p.",
          "operator:wikidata": "Q341090",
          "amenity": "post_office",
          "opening_hours": "Mo,We 10:00-12:00,13:00-18:00; Tu,Th,Fr 08:00-12:00,13:00-16:00",
          "wheelchair": "yes"
        }
      },
      "geometry": {
        "type": "Point",
        "coordinates": [
          18.2589179,
          49.8750464
        ]
      }
    },
    {
      "type": "Feature",
      "properties": {
        "source": "OpenStreetMap",
        "source_id": "node/5353997613",
        "domain": "public",
        "asset_type": "post",
        "confidence": "medium",
        "missing_fields": [],
        "limitations": [
          "OSM public-service completeness and tagging vary by area and facility type.",
          "A facility tag is evidence of mapped semantics, not service availability, capacity, accessibility or operating status.",
          "BDOT10k building geometry is retained only as topographic comparison context and cannot establish facility semantics.",
          "No qualified PRG public-service facility class is enabled for this domain pack."
        ],
        "eligible_for_analysis": true,
        "osm_tags": {
          "amenity": "post_office"
        }
      },
      "geometry": {
        "type": "Point",
        "coordinates": [
          18.6639184,
          50.29348539999999
        ]
      }
    },
    {
      "type": "Feature",
      "properties": {
        "source": "OpenStreetMap",
        "source_id": "node/5375720821",
        "domain": "public",
        "asset_type": "post",
        "confidence": "medium",
        "missing_fields": [],
        "limitations": [
          "OSM public-service completeness and tagging vary by area and facility type.",
          "A facility tag is evidence of mapped semantics, not service availability, capacity, accessibility or operating status.",
          "BDOT10k building geometry is retained only as topographic comparison context and cannot establish facility semantics.",
          "No qualified PRG public-service facility class is enabled for this domain pack."
        ],
        "eligible_for_analysis": true,
        "osm_tags": {
          "name": "Hlučín",
          "ref": "74801",
          "operator": "Česká pošta, s.p.",
          "operator:wikidata": "Q341090",
          "amenity": "post_office",
          "opening_hours": "Mo,We 10:00-12:00,13:00-18:00; Tu,Th,Fr 08:00-12:00,13:00-16:00",
          "phone": "+420 954 274 801",
          "wheelchair": "yes"
        }
      },
      "geometry": {
        "type": "Point",
        "coordinates": [
          18.1905791,
          49.8974307
        ]
      }
    },
    {
      "type": "Feature",
      "properties": {
        "source": "OpenStreetMap",
        "source_id": "node/5384587802",
        "domain": "public",
        "asset_type": "post",
        "confidence": "medium",
        "missing_fields": [],
        "limitations": [
          "OSM public-service completeness and tagging vary by area and facility type.",
          "A facility tag is evidence of mapped semantics, not service availability, capacity, accessibility or operating status.",
          "BDOT10k building geometry is retained only as topographic comparison context and cannot establish facility semantics.",
          "No qualified PRG public-service facility class is enabled for this domain pack."
        ],
        "eligible_for_analysis": true,
        "osm_tags": {
          "name": "Bohumín 2",
          "ref": "73582",
          "operator": "Česká pošta, s.p.",
          "operator:wikidata": "Q341090",
          "amenity": "post_office",
          "opening_hours": "Mo-Fr 08:00-10:00,15:00-17:00",
          "phone": "+420 774 989 527",
          "wheelchair": "no"
        }
      },
      "geometry": {
        "type": "Point",
        "coordinates": [
          18.3348081,
          49.917198899999995
        ]
      }
    },
    {
      "type": "Feature",
      "properties": {
        "source": "OpenStreetMap",
        "source_id": "node/5385448193",
        "domain": "public",
        "asset_type": "post",
        "confidence": "medium",
        "missing_fields": [],
        "limitations": [
          "OSM public-service completeness and tagging vary by area and facility type.",
          "A facility tag is evidence of mapped semantics, not service availability, capacity, accessibility or operating status.",
          "BDOT10k building geometry is retained only as topographic comparison context and cannot establish facility semantics.",
          "No qualified PRG public-service facility class is enabled for this domain pack."
        ],
        "eligible_for_analysis": true,
        "osm_tags": {
          "name": "Dolní Lutyně",
          "ref": "73553",
          "operator": "Česká pošta, s.p.",
          "operator:wikidata": "Q341090",
          "amenity": "post_office",
          "opening_hours": "Mo-Fr 08:00-11:00,14:00-18:00",
          "wheelchair": "limited"
        }
      },
      "geometry": {
        "type": "Point",
        "coordinates": [
          18.4276366,
          49.8985584
        ]
      }
    },
    {
      "type": "Feature",
      "properties": {
        "source": "OpenStreetMap",
        "source_id": "node/5385448196",
        "domain": "public",
        "asset_type": "post",
        "confidence": "medium",
        "missing_fields": [],
        "limitations": [
          "OSM public-service completeness and tagging vary by area and facility type.",
          "A facility tag is evidence of mapped semantics, not service availability, capacity, accessibility or operating status.",
          "BDOT10k building geometry is retained only as topographic comparison context and cannot establish facility semantics.",
          "No qualified PRG public-service facility class is enabled for this domain pack."
        ],
        "eligible_for_analysis": true,
        "osm_tags": {
          "name": "Dětmarovice",
          "ref": "73571",
          "operator": "Česká pošta, s.p.",
          "operator:wikidata": "Q341090",
          "amenity": "post_office",
          "opening_hours": "Mo-Fr 08:00-11:00,13:00-18:00",
          "wheelchair": "limited"
        }
      },
      "geometry": {
        "type": "Point",
        "coordinates": [
          18.4664861,
          49.89356219999999
        ]
      }
    },
    {
      "type": "Feature",
      "properties": {
        "source": "OpenStreetMap",
        "source_id": "node/5385448197",
        "domain": "public",
        "asset_type": "post",
        "confidence": "medium",
        "missing_fields": [],
        "limitations": [
          "OSM public-service completeness and tagging vary by area and facility type.",
          "A facility tag is evidence of mapped semantics, not service availability, capacity, accessibility or operating status.",
          "BDOT10k building geometry is retained only as topographic comparison context and cannot establish facility semantics.",
          "No qualified PRG public-service facility class is enabled for this domain pack."
        ],
        "eligible_for_analysis": true,
        "osm_tags": {
          "name": "Doubrava",
          "ref": "73533",
          "operator": "Česká pošta, s.p.",
          "operator:wikidata": "Q341090",
          "amenity": "post_office",
          "opening_hours": "Mo,We,Fr 08:00-12:00;Tu,Th 13:00-17:00",
          "phone": "+420 954 273 533",
          "wheelchair": "limited"
        }
      },
      "geometry": {
        "type": "Point",
        "coordinates": [
          18.4798846,
          49.858996899999994
        ]
      }
    },
    {
      "type": "Feature",
      "properties": {
        "source": "OpenStreetMap",
        "source_id": "node/5385448199",
        "domain": "public",
        "asset_type": "post",
        "confidence": "medium",
        "missing_fields": [],
        "limitations": [
          "OSM public-service completeness and tagging vary by area and facility type.",
          "A facility tag is evidence of mapped semantics, not service availability, capacity, accessibility or operating status.",
          "BDOT10k building geometry is retained only as topographic comparison context and cannot establish facility semantics.",
          "No qualified PRG public-service facility class is enabled for this domain pack."
        ],
        "eligible_for_analysis": true,
        "osm_tags": {
          "name": "Karviná 6",
          "ref": "73506",
          "operator": "Česká pošta, s.p.",
          "operator:wikidata": "Q341090",
          "amenity": "post_office",
          "opening_hours": "Mo-Fr 08:00-12:00,13:00-18:00;Sa 09:00-11:00",
          "wheelchair": "yes"
        }
      },
      "geometry": {
        "type": "Point",
        "coordinates": [
          18.5343744,
          49.8667555
        ]
      }
    },
    {
      "type": "Feature",
      "properties": {
        "source": "OpenStreetMap",
        "source_id": "node/5385448201",
        "domain": "public",
        "asset_type": "post",
        "confidence": "medium",
        "missing_fields": [],
        "limitations": [
          "OSM public-service completeness and tagging vary by area and facility type.",
          "A facility tag is evidence of mapped semantics, not service availability, capacity, accessibility or operating status.",
          "BDOT10k building geometry is retained only as topographic comparison context and cannot establish facility semantics.",
          "No qualified PRG public-service facility class is enabled for this domain pack."
        ],
        "eligible_for_analysis": true,
        "osm_tags": {
          "name": "Karviná 9",
          "ref": "73573",
          "operator": "Česká pošta, s.p.",
          "operator:wikidata": "Q341090",
          "amenity": "post_office",
          "opening_hours": "Mo-Fr 09:00-13:00,14:00-20:00;Sa,Su 09:00-20:00",
          "wheelchair": "yes"
        }
      },
      "geometry": {
        "type": "Point",
        "coordinates": [
          18.5535624,
          49.846226900000005
        ]
      }
    },
    {
      "type": "Feature",
      "properties": {
        "source": "OpenStreetMap",
        "source_id": "node/5385448203",
        "domain": "public",
        "asset_type": "post",
        "confidence": "medium",
        "missing_fields": [],
        "limitations": [
          "OSM public-service completeness and tagging vary by area and facility type.",
          "A facility tag is evidence of mapped semantics, not service availability, capacity, accessibility or operating status.",
          "BDOT10k building geometry is retained only as topographic comparison context and cannot establish facility semantics.",
          "No qualified PRG public-service facility class is enabled for this domain pack."
        ],
        "eligible_for_analysis": true,
        "osm_tags": {
          "name": "Horní Suchá",
          "ref": "73535",
          "operator": "Česká pošta, s.p.",
          "operator:wikidata": "Q341090",
          "amenity": "post_office",
          "opening_hours": "Mo,We 09:00-11:00,14:00-18:00;Tu,Th,Fr 08:00-11:00,14:00-17:00",
          "wheelchair": "limited"
        }
      },
      "geometry": {
        "type": "Point",
        "coordinates": [
          18.4804828,
          49.79724050000001
        ]
      }
    },
    {
      "type": "Feature",
      "properties": {
        "source": "OpenStreetMap",
        "source_id": "node/5385448204",
        "domain": "public",
        "asset_type": "post",
        "confidence": "medium",
        "missing_fields": [],
        "limitations": [
          "OSM public-service completeness and tagging vary by area and facility type.",
          "A facility tag is evidence of mapped semantics, not service availability, capacity, accessibility or operating status.",
          "BDOT10k building geometry is retained only as topographic comparison context and cannot establish facility semantics.",
          "No qualified PRG public-service facility class is enabled for this domain pack."
        ],
        "eligible_for_analysis": true,
        "osm_tags": {
          "name": "Stonava",
          "ref": "73534",
          "operator": "Česká pošta, s.p.",
          "operator:wikidata": "Q341090",
          "amenity": "post_office",
          "opening_hours": "Mo,We,Fr 08:00-15:00;Tu,Th 12:00-18:00",
          "phone": "+420 728 625 516",
          "wheelchair": "yes"
        }
      },
      "geometry": {
        "type": "Point",
        "coordinates": [
          18.5360455,
          49.813642
        ]
      }
    },
    {
      "type": "Feature",
      "properties": {
        "source": "OpenStreetMap",
        "source_id": "node/5385448209",
        "domain": "public",
        "asset_type": "post",
        "confidence": "medium",
        "missing_fields": [],
        "limitations": [
          "OSM public-service completeness and tagging vary by area and facility type.",
          "A facility tag is evidence of mapped semantics, not service availability, capacity, accessibility or operating status.",
          "BDOT10k building geometry is retained only as topographic comparison context and cannot establish facility semantics.",
          "No qualified PRG public-service facility class is enabled for this domain pack."
        ],
        "eligible_for_analysis": true,
        "osm_tags": {
          "name": "Bohumín 3",
          "ref": "73531",
          "operator": "Česká pošta, s.p.",
          "operator:wikidata": "Q341090",
          "amenity": "post_office",
          "opening_hours": "Mo-Th 08:30-11:30, 13:30-16:30; Fr 08:30-14:30",
          "contact:phone": "+420 605 237 419",
          "wheelchair": "yes"
        }
      },
      "geometry": {
        "type": "Point",
        "coordinates": [
          18.3784118,
          49.903664299999996
        ]
      }
    },
    {
      "type": "Feature",
      "properties": {
        "source": "OpenStreetMap",
        "source_id": "node/5395147629",
        "domain": "public",
        "asset_type": "post",
        "confidence": "medium",
        "missing_fields": [],
        "limitations": [
          "OSM public-service completeness and tagging vary by area and facility type.",
          "A facility tag is evidence of mapped semantics, not service availability, capacity, accessibility or operating status.",
          "BDOT10k building geometry is retained only as topographic comparison context and cannot establish facility semantics.",
          "No qualified PRG public-service facility class is enabled for this domain pack."
        ],
        "eligible_for_analysis": true,
        "osm_tags": {
          "name": "Darkovičky",
          "ref": "74802",
          "operator": "Česká pošta, s.p.",
          "operator:wikidata": "Q341090",
          "amenity": "post_office",
          "opening_hours": "Mo 08:00-16:00;Tu,Fr 08:00-12:00;We 08:00-17:30;Th 08:00-12:30",
          "phone": "+420 732 758 828",
          "wheelchair": "yes"
        }
      },
      "geometry": {
        "type": "Point",
        "coordinates": [
          18.2006023,
          49.91984730000001
        ]
      }
    },
    {
      "type": "Feature",
      "properties": {
        "source": "OpenStreetMap",
        "source_id": "node/5413078127",
        "domain": "public",
        "asset_type": "post",
        "confidence": "medium",
        "missing_fields": [],
        "limitations": [
          "OSM public-service completeness and tagging vary by area and facility type.",
          "A facility tag is evidence of mapped semantics, not service availability, capacity, accessibility or operating status.",
          "BDOT10k building geometry is retained only as topographic comparison context and cannot establish facility semantics.",
          "No qualified PRG public-service facility class is enabled for this domain pack."
        ],
        "eligible_for_analysis": true,
        "osm_tags": {
          "amenity": "post_office",
          "opening_hours": "Mo-Th 09:00-13:00, 13:30-16:00; Fr 13:00-20:00",
          "phone": "+48 32 275 00 86"
        }
      },
      "geometry": {
        "type": "Point",
        "coordinates": [
          18.7953329,
          50.275901999999995
        ]
      }
    },
    {
      "type": "Feature",
      "properties": {
        "source": "OpenStreetMap",
        "source_id": "node/5567315460",
        "domain": "public",
        "asset_type": "post",
        "confidence": "medium",
        "missing_fields": [],
        "limitations": [
          "OSM public-service completeness and tagging vary by area and facility type.",
          "A facility tag is evidence of mapped semantics, not service availability, capacity, accessibility or operating status.",
          "BDOT10k building geometry is retained only as topographic comparison context and cannot establish facility semantics.",
          "No qualified PRG public-service facility class is enabled for this domain pack."
        ],
        "eligible_for_analysis": true,
        "osm_tags": {
          "name": "Urząd Pocztowy Katowice 30",
          "amenity": "post_office",
          "opening_hours": "Mo-Tu 08:30-14:30; We-Th 12:00-18:00; Fr 14:00-20:00"
        }
      },
      "geometry": {
        "type": "Point",
        "coordinates": [
          18.9977639,
          50.18401140000001
        ]
      }
    },
    {
      "type": "Feature",
      "properties": {
        "source": "OpenStreetMap",
        "source_id": "node/5768221043",
        "domain": "public",
        "asset_type": "post",
        "confidence": "medium",
        "missing_fields": [],
        "limitations": [
          "OSM public-service completeness and tagging vary by area and facility type.",
          "A facility tag is evidence of mapped semantics, not service availability, capacity, accessibility or operating status.",
          "BDOT10k building geometry is retained only as topographic comparison context and cannot establish facility semantics.",
          "No qualified PRG public-service facility class is enabled for this domain pack."
        ],
        "eligible_for_analysis": true,
        "osm_tags": {
          "name": "Poczta Polska",
          "amenity": "post_office"
        }
      },
      "geometry": {
        "type": "Point",
        "coordinates": [
          18.5937416,
          49.939456099999994
        ]
      }
    },
    {
      "type": "Feature",
      "properties": {
        "source": "OpenStreetMap",
        "source_id": "node/6720662294",
        "domain": "public",
        "asset_type": "post",
        "confidence": "medium",
        "missing_fields": [],
        "limitations": [
          "OSM public-service completeness and tagging vary by area and facility type.",
          "A facility tag is evidence of mapped semantics, not service availability, capacity, accessibility or operating status.",
          "BDOT10k building geometry is retained only as topographic comparison context and cannot establish facility semantics.",
          "No qualified PRG public-service facility class is enabled for this domain pack."
        ],
        "eligible_for_analysis": true,
        "osm_tags": {
          "name": "Urząd Pocztowy w Paniówkach",
          "amenity": "post_office",
          "phone": "+48 32 238 68 38"
        }
      },
      "geometry": {
        "type": "Point",
        "coordinates": [
          18.7794382,
          50.231040899999996
        ]
      }
    },
    {
      "type": "Feature",
      "properties": {
        "source": "OpenStreetMap",
        "source_id": "node/6763945901",
        "domain": "public",
        "asset_type": "post",
        "confidence": "medium",
        "missing_fields": [],
        "limitations": [
          "OSM public-service completeness and tagging vary by area and facility type.",
          "A facility tag is evidence of mapped semantics, not service availability, capacity, accessibility or operating status.",
          "BDOT10k building geometry is retained only as topographic comparison context and cannot establish facility semantics.",
          "No qualified PRG public-service facility class is enabled for this domain pack."
        ],
        "eligible_for_analysis": true,
        "osm_tags": {
          "name": "Poczta Polska",
          "amenity": "post_office",
          "opening_hours": "Mo,Tu 08:30-14:30; We,Th 12:00-18:00; Fr 14:00-20:00"
        }
      },
      "geometry": {
        "type": "Point",
        "coordinates": [
          18.9709287,
          50.17593039999999
        ]
      }
    },
    {
      "type": "Feature",
      "properties": {
        "source": "OpenStreetMap",
        "source_id": "node/6946251812",
        "domain": "public",
        "asset_type": "post",
        "confidence": "medium",
        "missing_fields": [],
        "limitations": [
          "OSM public-service completeness and tagging vary by area and facility type.",
          "A facility tag is evidence of mapped semantics, not service availability, capacity, accessibility or operating status.",
          "BDOT10k building geometry is retained only as topographic comparison context and cannot establish facility semantics.",
          "No qualified PRG public-service facility class is enabled for this domain pack."
        ],
        "eligible_for_analysis": true,
        "osm_tags": {
          "name": "Poczta Polska",
          "amenity": "post_office"
        }
      },
      "geometry": {
        "type": "Point",
        "coordinates": [
          18.6290712,
          50.402555
        ]
      }
    },
    {
      "type": "Feature",
      "properties": {
        "source": "OpenStreetMap",
        "source_id": "node/7251368637",
        "domain": "public",
        "asset_type": "post",
        "confidence": "medium",
        "missing_fields": [],
        "limitations": [
          "OSM public-service completeness and tagging vary by area and facility type.",
          "A facility tag is evidence of mapped semantics, not service availability, capacity, accessibility or operating status.",
          "BDOT10k building geometry is retained only as topographic comparison context and cannot establish facility semantics.",
          "No qualified PRG public-service facility class is enabled for this domain pack."
        ],
        "eligible_for_analysis": true,
        "osm_tags": {
          "name": "Agencja Pocztowa w Zawadzie Książęcej",
          "amenity": "post_office"
        }
      },
      "geometry": {
        "type": "Point",
        "coordinates": [
          18.2490527,
          50.15145280000001
        ]
      }
    },
    {
      "type": "Feature",
      "properties": {
        "source": "OpenStreetMap",
        "source_id": "node/7325377099",
        "domain": "public",
        "asset_type": "post",
        "confidence": "medium",
        "missing_fields": [],
        "limitations": [
          "OSM public-service completeness and tagging vary by area and facility type.",
          "A facility tag is evidence of mapped semantics, not service availability, capacity, accessibility or operating status.",
          "BDOT10k building geometry is retained only as topographic comparison context and cannot establish facility semantics.",
          "No qualified PRG public-service facility class is enabled for this domain pack."
        ],
        "eligible_for_analysis": true,
        "osm_tags": {
          "name": "Poczta Polska",
          "amenity": "post_office"
        }
      },
      "geometry": {
        "type": "Point",
        "coordinates": [
          18.9729475,
          50.22019209999999
        ]
      }
    },
    {
      "type": "Feature",
      "properties": {
        "source": "OpenStreetMap",
        "source_id": "node/7325382188",
        "domain": "public",
        "asset_type": "post",
        "confidence": "medium",
        "missing_fields": [],
        "limitations": [
          "OSM public-service completeness and tagging vary by area and facility type.",
          "A facility tag is evidence of mapped semantics, not service availability, capacity, accessibility or operating status.",
          "BDOT10k building geometry is retained only as topographic comparison context and cannot establish facility semantics.",
          "No qualified PRG public-service facility class is enabled for this domain pack."
        ],
        "eligible_for_analysis": true,
        "osm_tags": {
          "name": "Poczta Polska",
          "amenity": "post_office"
        }
      },
      "geometry": {
        "type": "Point",
        "coordinates": [
          18.9702015,
          50.2234908
        ]
      }
    },
    {
      "type": "Feature",
      "properties": {
        "source": "OpenStreetMap",
        "source_id": "node/7632303551",
        "domain": "public",
        "asset_type": "post",
        "confidence": "medium",
        "missing_fields": [],
        "limitations": [
          "OSM public-service completeness and tagging vary by area and facility type.",
          "A facility tag is evidence of mapped semantics, not service availability, capacity, accessibility or operating status.",
          "BDOT10k building geometry is retained only as topographic comparison context and cannot establish facility semantics.",
          "No qualified PRG public-service facility class is enabled for this domain pack."
        ],
        "eligible_for_analysis": true,
        "osm_tags": {
          "name": "Urząd Pocztowy Rydułtowy",
          "operator": "Poczta Polska",
          "website": "https://placowki.poczta-polska.pl/",
          "amenity": "post_office",
          "phone": "+48 32 457 72 52"
        }
      },
      "geometry": {
        "type": "Point",
        "coordinates": [
          18.419019,
          50.06511170000001
        ]
      }
    },
    {
      "type": "Feature",
      "properties": {
        "source": "OpenStreetMap",
        "source_id": "node/7997042503",
        "domain": "public",
        "asset_type": "post",
        "confidence": "medium",
        "missing_fields": [],
        "limitations": [
          "OSM public-service completeness and tagging vary by area and facility type.",
          "A facility tag is evidence of mapped semantics, not service availability, capacity, accessibility or operating status.",
          "BDOT10k building geometry is retained only as topographic comparison context and cannot establish facility semantics.",
          "No qualified PRG public-service facility class is enabled for this domain pack."
        ],
        "eligible_for_analysis": true,
        "osm_tags": {
          "name": "epaka.pl",
          "amenity": "post_office",
          "opening_hours": "Mo-Fr 09:00-18:00; Sa,Su off"
        }
      },
      "geometry": {
        "type": "Point",
        "coordinates": [
          18.7734098,
          50.30614739999999
        ]
      }
    },
    {
      "type": "Feature",
      "properties": {
        "source": "OpenStreetMap",
        "source_id": "node/8066306332",
        "domain": "public",
        "asset_type": "post",
        "confidence": "medium",
        "missing_fields": [],
        "limitations": [
          "OSM public-service completeness and tagging vary by area and facility type.",
          "A facility tag is evidence of mapped semantics, not service availability, capacity, accessibility or operating status.",
          "BDOT10k building geometry is retained only as topographic comparison context and cannot establish facility semantics.",
          "No qualified PRG public-service facility class is enabled for this domain pack."
        ],
        "eligible_for_analysis": true,
        "osm_tags": {
          "name": "Poczta Polska",
          "amenity": "post_office"
        }
      },
      "geometry": {
        "type": "Point",
        "coordinates": [
          18.6709715,
          50.2813546
        ]
      }
    },
    {
      "type": "Feature",
      "properties": {
        "source": "OpenStreetMap",
        "source_id": "node/8283187386",
        "domain": "public",
        "asset_type": "post",
        "confidence": "medium",
        "missing_fields": [],
        "limitations": [
          "OSM public-service completeness and tagging vary by area and facility type.",
          "A facility tag is evidence of mapped semantics, not service availability, capacity, accessibility or operating status.",
          "BDOT10k building geometry is retained only as topographic comparison context and cannot establish facility semantics.",
          "No qualified PRG public-service facility class is enabled for this domain pack."
        ],
        "eligible_for_analysis": true,
        "osm_tags": {
          "name": "Filia Urzędu Pocztowego Gliwice 21",
          "amenity": "post_office",
          "opening_hours": "Mo-We 08:00-12:00,12:30-15:00; Th 11:00-15:00,15:30-20:00; Fr 11:00-15:00,15:30-17:30"
        }
      },
      "geometry": {
        "type": "Point",
        "coordinates": [
          18.5762333,
          50.32633609999999
        ]
      }
    },
    {
      "type": "Feature",
      "properties": {
        "source": "OpenStreetMap",
        "source_id": "node/8283524617",
        "domain": "public",
        "asset_type": "post",
        "confidence": "medium",
        "missing_fields": [],
        "limitations": [
          "OSM public-service completeness and tagging vary by area and facility type.",
          "A facility tag is evidence of mapped semantics, not service availability, capacity, accessibility or operating status.",
          "BDOT10k building geometry is retained only as topographic comparison context and cannot establish facility semantics.",
          "No qualified PRG public-service facility class is enabled for this domain pack."
        ],
        "eligible_for_analysis": true,
        "osm_tags": {
          "name": "Poczta Polska",
          "amenity": "post_office"
        }
      },
      "geometry": {
        "type": "Point",
        "coordinates": [
          18.8700013,
          50.33791309999998
        ]
      }
    },
    {
      "type": "Feature",
      "properties": {
        "source": "OpenStreetMap",
        "source_id": "node/8360391518",
        "domain": "public",
        "asset_type": "post",
        "confidence": "medium",
        "missing_fields": [],
        "limitations": [
          "OSM public-service completeness and tagging vary by area and facility type.",
          "A facility tag is evidence of mapped semantics, not service availability, capacity, accessibility or operating status.",
          "BDOT10k building geometry is retained only as topographic comparison context and cannot establish facility semantics.",
          "No qualified PRG public-service facility class is enabled for this domain pack."
        ],
        "eligible_for_analysis": true,
        "osm_tags": {
          "name": "Placówka Pocztowa ul. Lencewicza",
          "amenity": "post_office",
          "phone": "+48 32 327 38 31",
          "wheelchair": "yes"
        }
      },
      "geometry": {
        "type": "Point",
        "coordinates": [
          18.9719179,
          50.106160899999985
        ]
      }
    },
    {
      "type": "Feature",
      "properties": {
        "source": "OpenStreetMap",
        "source_id": "node/8360861145",
        "domain": "public",
        "asset_type": "post",
        "confidence": "medium",
        "missing_fields": [],
        "limitations": [
          "OSM public-service completeness and tagging vary by area and facility type.",
          "A facility tag is evidence of mapped semantics, not service availability, capacity, accessibility or operating status.",
          "BDOT10k building geometry is retained only as topographic comparison context and cannot establish facility semantics.",
          "No qualified PRG public-service facility class is enabled for this domain pack."
        ],
        "eligible_for_analysis": true,
        "osm_tags": {
          "name": "Poczta Polska",
          "amenity": "post_office"
        }
      },
      "geometry": {
        "type": "Point",
        "coordinates": [
          18.9903208,
          50.20186029999999
        ]
      }
    },
    {
      "type": "Feature",
      "properties": {
        "source": "OpenStreetMap",
        "source_id": "node/8794550601",
        "domain": "public",
        "asset_type": "post",
        "confidence": "medium",
        "missing_fields": [],
        "limitations": [
          "OSM public-service completeness and tagging vary by area and facility type.",
          "A facility tag is evidence of mapped semantics, not service availability, capacity, accessibility or operating status.",
          "BDOT10k building geometry is retained only as topographic comparison context and cannot establish facility semantics.",
          "No qualified PRG public-service facility class is enabled for this domain pack."
        ],
        "eligible_for_analysis": true,
        "osm_tags": {
          "name": "Poczta Polska",
          "amenity": "post_office",
          "opening_hours": "Mo-Fr 08:00-16:00; Sa 08:00-11:00",
          "phone": "+48 32 235 24 86"
        }
      },
      "geometry": {
        "type": "Point",
        "coordinates": [
          18.6684286,
          50.22470609999999
        ]
      }
    },
    {
      "type": "Feature",
      "properties": {
        "source": "OpenStreetMap",
        "source_id": "node/8808547616",
        "domain": "public",
        "asset_type": "post",
        "confidence": "medium",
        "missing_fields": [],
        "limitations": [
          "OSM public-service completeness and tagging vary by area and facility type.",
          "A facility tag is evidence of mapped semantics, not service availability, capacity, accessibility or operating status.",
          "BDOT10k building geometry is retained only as topographic comparison context and cannot establish facility semantics.",
          "No qualified PRG public-service facility class is enabled for this domain pack."
        ],
        "eligible_for_analysis": true,
        "osm_tags": {
          "name": "DPD Pickup",
          "amenity": "post_office",
          "opening_hours": "Mo-Fr 10:00-18:00"
        }
      },
      "geometry": {
        "type": "Point",
        "coordinates": [
          18.5612892,
          50.0982186
        ]
      }
    },
    {
      "type": "Feature",
      "properties": {
        "source": "OpenStreetMap",
        "source_id": "node/9102762044",
        "domain": "public",
        "asset_type": "post",
        "confidence": "medium",
        "missing_fields": [],
        "limitations": [
          "OSM public-service completeness and tagging vary by area and facility type.",
          "A facility tag is evidence of mapped semantics, not service availability, capacity, accessibility or operating status.",
          "BDOT10k building geometry is retained only as topographic comparison context and cannot establish facility semantics.",
          "No qualified PRG public-service facility class is enabled for this domain pack."
        ],
        "eligible_for_analysis": true,
        "osm_tags": {
          "name": "Inpost out of the box",
          "operator": "InPost",
          "operator:wikidata": "Q3182097",
          "amenity": "post_office",
          "opening_hours": "Mo-Fr 10:00-18:00",
          "phone": "+48 794 929 122"
        }
      },
      "geometry": {
        "type": "Point",
        "coordinates": [
          18.921625,
          50.2901055
        ]
      }
    },
    {
      "type": "Feature",
      "properties": {
        "source": "OpenStreetMap",
        "source_id": "node/9106696700",
        "domain": "public",
        "asset_type": "post",
        "confidence": "medium",
        "missing_fields": [],
        "limitations": [
          "OSM public-service completeness and tagging vary by area and facility type.",
          "A facility tag is evidence of mapped semantics, not service availability, capacity, accessibility or operating status.",
          "BDOT10k building geometry is retained only as topographic comparison context and cannot establish facility semantics.",
          "No qualified PRG public-service facility class is enabled for this domain pack."
        ],
        "eligible_for_analysis": true,
        "osm_tags": {
          "amenity": "post_office"
        }
      },
      "geometry": {
        "type": "Point",
        "coordinates": [
          18.3649676,
          50.2781297
        ]
      }
    },
    {
      "type": "Feature",
      "properties": {
        "source": "OpenStreetMap",
        "source_id": "node/9189783559",
        "domain": "public",
        "asset_type": "post",
        "confidence": "medium",
        "missing_fields": [],
        "limitations": [
          "OSM public-service completeness and tagging vary by area and facility type.",
          "A facility tag is evidence of mapped semantics, not service availability, capacity, accessibility or operating status.",
          "BDOT10k building geometry is retained only as topographic comparison context and cannot establish facility semantics.",
          "No qualified PRG public-service facility class is enabled for this domain pack."
        ],
        "eligible_for_analysis": true,
        "osm_tags": {
          "amenity": "post_office"
        }
      },
      "geometry": {
        "type": "Point",
        "coordinates": [
          18.6819958,
          50.3000122
        ]
      }
    },
    {
      "type": "Feature",
      "properties": {
        "source": "OpenStreetMap",
        "source_id": "node/9221587242",
        "domain": "public",
        "asset_type": "post",
        "confidence": "medium",
        "missing_fields": [],
        "limitations": [
          "OSM public-service completeness and tagging vary by area and facility type.",
          "A facility tag is evidence of mapped semantics, not service availability, capacity, accessibility or operating status.",
          "BDOT10k building geometry is retained only as topographic comparison context and cannot establish facility semantics.",
          "No qualified PRG public-service facility class is enabled for this domain pack."
        ],
        "eligible_for_analysis": true,
        "osm_tags": {
          "amenity": "post_office"
        }
      },
      "geometry": {
        "type": "Point",
        "coordinates": [
          18.6560374,
          50.32262219999999
        ]
      }
    },
    {
      "type": "Feature",
      "properties": {
        "source": "OpenStreetMap",
        "source_id": "node/9315736224",
        "domain": "public",
        "asset_type": "post",
        "confidence": "medium",
        "missing_fields": [],
        "limitations": [
          "OSM public-service completeness and tagging vary by area and facility type.",
          "A facility tag is evidence of mapped semantics, not service availability, capacity, accessibility or operating status.",
          "BDOT10k building geometry is retained only as topographic comparison context and cannot establish facility semantics.",
          "No qualified PRG public-service facility class is enabled for this domain pack."
        ],
        "eligible_for_analysis": true,
        "osm_tags": {
          "name": "Epaka",
          "amenity": "post_office"
        }
      },
      "geometry": {
        "type": "Point",
        "coordinates": [
          18.5384605,
          50.09502679999999
        ]
      }
    },
    {
      "type": "Feature",
      "properties": {
        "source": "OpenStreetMap",
        "source_id": "node/9426550580",
        "domain": "public",
        "asset_type": "post",
        "confidence": "medium",
        "missing_fields": [],
        "limitations": [
          "OSM public-service completeness and tagging vary by area and facility type.",
          "A facility tag is evidence of mapped semantics, not service availability, capacity, accessibility or operating status.",
          "BDOT10k building geometry is retained only as topographic comparison context and cannot establish facility semantics.",
          "No qualified PRG public-service facility class is enabled for this domain pack."
        ],
        "eligible_for_analysis": true,
        "osm_tags": {
          "amenity": "post_office"
        }
      },
      "geometry": {
        "type": "Point",
        "coordinates": [
          18.7526934,
          50.3054024
        ]
      }
    },
    {
      "type": "Feature",
      "properties": {
        "source": "OpenStreetMap",
        "source_id": "node/9527654169",
        "domain": "public",
        "asset_type": "post",
        "confidence": "medium",
        "missing_fields": [],
        "limitations": [
          "OSM public-service completeness and tagging vary by area and facility type.",
          "A facility tag is evidence of mapped semantics, not service availability, capacity, accessibility or operating status.",
          "BDOT10k building geometry is retained only as topographic comparison context and cannot establish facility semantics.",
          "No qualified PRG public-service facility class is enabled for this domain pack."
        ],
        "eligible_for_analysis": true,
        "osm_tags": {
          "name": "Poczta Polska",
          "website": "https://placowki.poczta-polska.pl/",
          "amenity": "post_office",
          "opening_hours": "Mo-Su 12:00-18:00",
          "phone": "+48 32 219 60 01",
          "wheelchair": "yes"
        }
      },
      "geometry": {
        "type": "Point",
        "coordinates": [
          18.9984812,
          50.0887053
        ]
      }
    },
    {
      "type": "Feature",
      "properties": {
        "source": "OpenStreetMap",
        "source_id": "node/9557261503",
        "domain": "public",
        "asset_type": "post",
        "confidence": "medium",
        "missing_fields": [],
        "limitations": [
          "OSM public-service completeness and tagging vary by area and facility type.",
          "A facility tag is evidence of mapped semantics, not service availability, capacity, accessibility or operating status.",
          "BDOT10k building geometry is retained only as topographic comparison context and cannot establish facility semantics.",
          "No qualified PRG public-service facility class is enabled for this domain pack."
        ],
        "eligible_for_analysis": true,
        "osm_tags": {
          "name": "Poczta Polska",
          "amenity": "post_office"
        }
      },
      "geometry": {
        "type": "Point",
        "coordinates": [
          18.5092631,
          50.050635899999996
        ]
      }
    },
    {
      "type": "Feature",
      "properties": {
        "source": "OpenStreetMap",
        "source_id": "node/10555169563",
        "domain": "public",
        "asset_type": "post",
        "confidence": "medium",
        "missing_fields": [],
        "limitations": [
          "OSM public-service completeness and tagging vary by area and facility type.",
          "A facility tag is evidence of mapped semantics, not service availability, capacity, accessibility or operating status.",
          "BDOT10k building geometry is retained only as topographic comparison context and cannot establish facility semantics.",
          "No qualified PRG public-service facility class is enabled for this domain pack."
        ],
        "eligible_for_analysis": true,
        "osm_tags": {
          "name": "epaka.pl Ruda Śląska",
          "operator": "epaka.pl",
          "website": "https://ruda-slaska.epaka.pl/",
          "amenity": "post_office",
          "opening_hours": "Mo-Fr 09:00-17:00",
          "phone": "+48 600 306 868",
          "email": "ruda.slaska@epaka.pl"
        }
      },
      "geometry": {
        "type": "Point",
        "coordinates": [
          18.8393103,
          50.24433400000001
        ]
      }
    },
    {
      "type": "Feature",
      "properties": {
        "source": "OpenStreetMap",
        "source_id": "node/10555220287",
        "domain": "public",
        "asset_type": "post",
        "confidence": "medium",
        "missing_fields": [],
        "limitations": [
          "OSM public-service completeness and tagging vary by area and facility type.",
          "A facility tag is evidence of mapped semantics, not service availability, capacity, accessibility or operating status.",
          "BDOT10k building geometry is retained only as topographic comparison context and cannot establish facility semantics.",
          "No qualified PRG public-service facility class is enabled for this domain pack."
        ],
        "eligible_for_analysis": true,
        "osm_tags": {
          "name": "epaka.pl Świętochłowice",
          "operator": "epaka.pl",
          "website": "https://swietochlowice.epaka.pl/",
          "amenity": "post_office",
          "opening_hours": "Mo-Fr 10:00-18:00",
          "phone": "+48 794 929 122",
          "email": "swietochlowice@epaka.pl"
        }
      },
      "geometry": {
        "type": "Point",
        "coordinates": [
          18.9216506,
          50.2900971
        ]
      }
    },
    {
      "type": "Feature",
      "properties": {
        "source": "OpenStreetMap",
        "source_id": "node/10610428616",
        "domain": "public",
        "asset_type": "post",
        "confidence": "medium",
        "missing_fields": [],
        "limitations": [
          "OSM public-service completeness and tagging vary by area and facility type.",
          "A facility tag is evidence of mapped semantics, not service availability, capacity, accessibility or operating status.",
          "BDOT10k building geometry is retained only as topographic comparison context and cannot establish facility semantics.",
          "No qualified PRG public-service facility class is enabled for this domain pack."
        ],
        "eligible_for_analysis": true,
        "osm_tags": {
          "name": "epaka.pl",
          "website": "https://ruda-slaska-rozana.epaka.pl/",
          "amenity": "post_office",
          "opening_hours": "Mo,We,Fr 10:00-18:00; Tu,Th 10:00-20:00; Sa 10:00-16:00; Su 10:00-15:00",
          "phone": "+48 788 762 820"
        }
      },
      "geometry": {
        "type": "Point",
        "coordinates": [
          18.8519365,
          50.30168249999999
        ]
      }
    },
    {
      "type": "Feature",
      "properties": {
        "source": "OpenStreetMap",
        "source_id": "node/10918411368",
        "domain": "public",
        "asset_type": "post",
        "confidence": "medium",
        "missing_fields": [],
        "limitations": [
          "OSM public-service completeness and tagging vary by area and facility type.",
          "A facility tag is evidence of mapped semantics, not service availability, capacity, accessibility or operating status.",
          "BDOT10k building geometry is retained only as topographic comparison context and cannot establish facility semantics.",
          "No qualified PRG public-service facility class is enabled for this domain pack."
        ],
        "eligible_for_analysis": true,
        "osm_tags": {
          "name": "Agencja Pocztowa Poczta Polska",
          "operator": "Sylwia Duda",
          "amenity": "post_office"
        }
      },
      "geometry": {
        "type": "Point",
        "coordinates": [
          18.8985214,
          50.25398930000001
        ]
      }
    },
    {
      "type": "Feature",
      "properties": {
        "source": "OpenStreetMap",
        "source_id": "node/11054888250",
        "domain": "public",
        "asset_type": "post",
        "confidence": "medium",
        "missing_fields": [],
        "limitations": [
          "OSM public-service completeness and tagging vary by area and facility type.",
          "A facility tag is evidence of mapped semantics, not service availability, capacity, accessibility or operating status.",
          "BDOT10k building geometry is retained only as topographic comparison context and cannot establish facility semantics.",
          "No qualified PRG public-service facility class is enabled for this domain pack."
        ],
        "eligible_for_analysis": true,
        "osm_tags": {
          "name": "Urząd Pocztowy Rudziniec",
          "amenity": "post_office",
          "opening_hours": "Mo-We 08:30-15:30; Th 08:30-20:00; Fr 08:30-15:30"
        }
      },
      "geometry": {
        "type": "Point",
        "coordinates": [
          18.4052097,
          50.3679699
        ]
      }
    },
    {
      "type": "Feature",
      "properties": {
        "source": "OpenStreetMap",
        "source_id": "node/11245820634",
        "domain": "public",
        "asset_type": "post",
        "confidence": "medium",
        "missing_fields": [],
        "limitations": [
          "OSM public-service completeness and tagging vary by area and facility type.",
          "A facility tag is evidence of mapped semantics, not service availability, capacity, accessibility or operating status.",
          "BDOT10k building geometry is retained only as topographic comparison context and cannot establish facility semantics.",
          "No qualified PRG public-service facility class is enabled for this domain pack."
        ],
        "eligible_for_analysis": true,
        "osm_tags": {
          "operator": "Nova Post",
          "operator:wikidata": "Q118613846",
          "amenity": "post_office"
        }
      },
      "geometry": {
        "type": "Point",
        "coordinates": [
          18.7819952,
          50.3071722
        ]
      }
    },
    {
      "type": "Feature",
      "properties": {
        "source": "OpenStreetMap",
        "source_id": "node/11300010486",
        "domain": "public",
        "asset_type": "post",
        "confidence": "medium",
        "missing_fields": [],
        "limitations": [
          "OSM public-service completeness and tagging vary by area and facility type.",
          "A facility tag is evidence of mapped semantics, not service availability, capacity, accessibility or operating status.",
          "BDOT10k building geometry is retained only as topographic comparison context and cannot establish facility semantics.",
          "No qualified PRG public-service facility class is enabled for this domain pack."
        ],
        "eligible_for_analysis": true,
        "osm_tags": {
          "name": "DPD Pickup",
          "operator": "DPD",
          "operator:wikidata": "Q541030",
          "amenity": "post_office"
        }
      },
      "geometry": {
        "type": "Point",
        "coordinates": [
          18.3221328,
          49.9222364
        ]
      }
    },
    {
      "type": "Feature",
      "properties": {
        "source": "OpenStreetMap",
        "source_id": "node/11865806086",
        "domain": "public",
        "asset_type": "post",
        "confidence": "medium",
        "missing_fields": [],
        "limitations": [
          "OSM public-service completeness and tagging vary by area and facility type.",
          "A facility tag is evidence of mapped semantics, not service availability, capacity, accessibility or operating status.",
          "BDOT10k building geometry is retained only as topographic comparison context and cannot establish facility semantics.",
          "No qualified PRG public-service facility class is enabled for this domain pack."
        ],
        "eligible_for_analysis": true,
        "osm_tags": {
          "amenity": "post_office",
          "opening_hours": "Mo-Th 09:00-12:30,13:00-15:30; Fr 13:00-15:00,16:00-20:00",
          "wheelchair": "yes"
        }
      },
      "geometry": {
        "type": "Point",
        "coordinates": [
          18.8748721,
          50.3203489
        ]
      }
    },
    {
      "type": "Feature",
      "properties": {
        "source": "OpenStreetMap",
        "source_id": "node/11879396273",
        "domain": "public",
        "asset_type": "post",
        "confidence": "medium",
        "missing_fields": [],
        "limitations": [
          "OSM public-service completeness and tagging vary by area and facility type.",
          "A facility tag is evidence of mapped semantics, not service availability, capacity, accessibility or operating status.",
          "BDOT10k building geometry is retained only as topographic comparison context and cannot establish facility semantics.",
          "No qualified PRG public-service facility class is enabled for this domain pack."
        ],
        "eligible_for_analysis": true,
        "osm_tags": {
          "amenity": "post_office",
          "opening_hours": "Mo-We 09:00-15:00; Th-Fr 14:00-20:00"
        }
      },
      "geometry": {
        "type": "Point",
        "coordinates": [
          18.7829236,
          50.2975123
        ]
      }
    },
    {
      "type": "Feature",
      "properties": {
        "source": "OpenStreetMap",
        "source_id": "node/12174100940",
        "domain": "public",
        "asset_type": "post",
        "confidence": "medium",
        "missing_fields": [],
        "limitations": [
          "OSM public-service completeness and tagging vary by area and facility type.",
          "A facility tag is evidence of mapped semantics, not service availability, capacity, accessibility or operating status.",
          "BDOT10k building geometry is retained only as topographic comparison context and cannot establish facility semantics.",
          "No qualified PRG public-service facility class is enabled for this domain pack."
        ],
        "eligible_for_analysis": true,
        "osm_tags": {
          "name": "Epaka.pl",
          "website": "https://jastrzebie-zdroj.epaka.pl",
          "amenity": "post_office"
        }
      },
      "geometry": {
        "type": "Point",
        "coordinates": [
          18.5971578,
          49.942617600000005
        ]
      }
    },
    {
      "type": "Feature",
      "properties": {
        "source": "OpenStreetMap",
        "source_id": "node/12174100941",
        "domain": "public",
        "asset_type": "post",
        "confidence": "medium",
        "missing_fields": [],
        "limitations": [
          "OSM public-service completeness and tagging vary by area and facility type.",
          "A facility tag is evidence of mapped semantics, not service availability, capacity, accessibility or operating status.",
          "BDOT10k building geometry is retained only as topographic comparison context and cannot establish facility semantics.",
          "No qualified PRG public-service facility class is enabled for this domain pack."
        ],
        "eligible_for_analysis": true,
        "osm_tags": {
          "name": "DHL Express Service Point",
          "amenity": "post_office"
        }
      },
      "geometry": {
        "type": "Point",
        "coordinates": [
          18.5971561,
          49.9426118
        ]
      }
    },
    {
      "type": "Feature",
      "properties": {
        "source": "OpenStreetMap",
        "source_id": "node/12205450087",
        "domain": "public",
        "asset_type": "post",
        "confidence": "medium",
        "missing_fields": [],
        "limitations": [
          "OSM public-service completeness and tagging vary by area and facility type.",
          "A facility tag is evidence of mapped semantics, not service availability, capacity, accessibility or operating status.",
          "BDOT10k building geometry is retained only as topographic comparison context and cannot establish facility semantics.",
          "No qualified PRG public-service facility class is enabled for this domain pack."
        ],
        "eligible_for_analysis": true,
        "osm_tags": {
          "name": "Ruda Śląska 10",
          "amenity": "post_office",
          "opening_hours": "Mo 09:00-20:00; Tu-Fr 09:00-17:30; Sa-Su,PH off",
          "contact:phone": "+48 32 2441989"
        }
      },
      "geometry": {
        "type": "Point",
        "coordinates": [
          18.8677588,
          50.27121869999999
        ]
      }
    },
    {
      "type": "Feature",
      "properties": {
        "source": "OpenStreetMap",
        "source_id": "node/12529169502",
        "domain": "public",
        "asset_type": "post",
        "confidence": "medium",
        "missing_fields": [],
        "limitations": [
          "OSM public-service completeness and tagging vary by area and facility type.",
          "A facility tag is evidence of mapped semantics, not service availability, capacity, accessibility or operating status.",
          "BDOT10k building geometry is retained only as topographic comparison context and cannot establish facility semantics.",
          "No qualified PRG public-service facility class is enabled for this domain pack."
        ],
        "eligible_for_analysis": true,
        "osm_tags": {
          "amenity": "post_office"
        }
      },
      "geometry": {
        "type": "Point",
        "coordinates": [
          18.945338,
          50.27931299999999
        ]
      }
    },
    {
      "type": "Feature",
      "properties": {
        "source": "OpenStreetMap",
        "source_id": "node/12641291597",
        "domain": "public",
        "asset_type": "post",
        "confidence": "medium",
        "missing_fields": [],
        "limitations": [
          "OSM public-service completeness and tagging vary by area and facility type.",
          "A facility tag is evidence of mapped semantics, not service availability, capacity, accessibility or operating status.",
          "BDOT10k building geometry is retained only as topographic comparison context and cannot establish facility semantics.",
          "No qualified PRG public-service facility class is enabled for this domain pack."
        ],
        "eligible_for_analysis": true,
        "osm_tags": {
          "name": "Poczta Polska",
          "website": "https://www.poczta-polska.pl/",
          "amenity": "post_office",
          "phone": "+48 32 238 22 30"
        }
      },
      "geometry": {
        "type": "Point",
        "coordinates": [
          18.6368103,
          50.288461999999996
        ]
      }
    },
    {
      "type": "Feature",
      "properties": {
        "source": "OpenStreetMap",
        "source_id": "node/12768809401",
        "domain": "public",
        "asset_type": "post",
        "confidence": "medium",
        "missing_fields": [],
        "limitations": [
          "OSM public-service completeness and tagging vary by area and facility type.",
          "A facility tag is evidence of mapped semantics, not service availability, capacity, accessibility or operating status.",
          "BDOT10k building geometry is retained only as topographic comparison context and cannot establish facility semantics.",
          "No qualified PRG public-service facility class is enabled for this domain pack."
        ],
        "eligible_for_analysis": true,
        "osm_tags": {
          "name": "Poczta Polska",
          "website": "https://www.poczta-polska.pl/",
          "amenity": "post_office",
          "opening_hours": "Mo-We 09:00-11:00, 11:30-16:00; Th 10:00-11:00, 11:30-17:00; Fr 13:00-16:00, 16:30-20:00"
        }
      },
      "geometry": {
        "type": "Point",
        "coordinates": [
          18.6403724,
          50.3358057
        ]
      }
    },
    {
      "type": "Feature",
      "properties": {
        "source": "OpenStreetMap",
        "source_id": "node/13613321270",
        "domain": "public",
        "asset_type": "post",
        "confidence": "medium",
        "missing_fields": [],
        "limitations": [
          "OSM public-service completeness and tagging vary by area and facility type.",
          "A facility tag is evidence of mapped semantics, not service availability, capacity, accessibility or operating status.",
          "BDOT10k building geometry is retained only as topographic comparison context and cannot establish facility semantics.",
          "No qualified PRG public-service facility class is enabled for this domain pack."
        ],
        "eligible_for_analysis": true,
        "osm_tags": {
          "amenity": "post_office"
        }
      },
      "geometry": {
        "type": "Point",
        "coordinates": [
          18.5902277,
          50.2804667
        ]
      }
    },
    {
      "type": "Feature",
      "properties": {
        "source": "OpenStreetMap",
        "source_id": "node/13677676779",
        "domain": "public",
        "asset_type": "post",
        "confidence": "medium",
        "missing_fields": [],
        "limitations": [
          "OSM public-service completeness and tagging vary by area and facility type.",
          "A facility tag is evidence of mapped semantics, not service availability, capacity, accessibility or operating status.",
          "BDOT10k building geometry is retained only as topographic comparison context and cannot establish facility semantics.",
          "No qualified PRG public-service facility class is enabled for this domain pack."
        ],
        "eligible_for_analysis": true,
        "osm_tags": {
          "operator": "Poczta Polska",
          "amenity": "post_office",
          "phone": "+48 32 245 29 21",
          "wheelchair": "yes"
        }
      },
      "geometry": {
        "type": "Point",
        "coordinates": [
          18.9047333,
          50.308305600000004
        ]
      }
    },
    {
      "type": "Feature",
      "properties": {
        "source": "OpenStreetMap",
        "source_id": "way/107997289",
        "domain": "public",
        "asset_type": "post",
        "confidence": "medium",
        "missing_fields": [],
        "limitations": [
          "OSM public-service completeness and tagging vary by area and facility type.",
          "A facility tag is evidence of mapped semantics, not service availability, capacity, accessibility or operating status.",
          "BDOT10k building geometry is retained only as topographic comparison context and cannot establish facility semantics.",
          "No qualified PRG public-service facility class is enabled for this domain pack."
        ],
        "eligible_for_analysis": true,
        "osm_tags": {
          "name": "Nova Post. Oddział №1 (do 200 kg) Gliwice",
          "operator": "Nova Post",
          "operator:wikidata": "Q118613846",
          "website": "https://novapost.com/pl-pl",
          "amenity": "post_office",
          "building": "apartments",
          "opening_hours": "Mo-Fr 08:00-20:00; Sa-Su 09:00-18:00"
        }
      },
      "geometry": {
        "type": "Polygon",
        "coordinates": [
          [
            [
              18.6641504,
              50.2937411
            ],
            [
              18.6642753,
              50.2936602
            ],
            [
              18.6641561,
              50.2935858
            ],
            [
              18.6640152,
              50.2936787
            ],
            [
              18.664088,
              50.293722900000006
            ],
            [
              18.6641356,
              50.293751699999994
            ],
            [
              18.6641504,
              50.2937411
            ]
          ]
        ]
      }
    },
    {
      "type": "Feature",
      "properties": {
        "source": "OpenStreetMap",
        "source_id": "way/135920273",
        "domain": "public",
        "asset_type": "post",
        "confidence": "medium",
        "missing_fields": [],
        "limitations": [
          "OSM public-service completeness and tagging vary by area and facility type.",
          "A facility tag is evidence of mapped semantics, not service availability, capacity, accessibility or operating status.",
          "BDOT10k building geometry is retained only as topographic comparison context and cannot establish facility semantics.",
          "No qualified PRG public-service facility class is enabled for this domain pack."
        ],
        "eligible_for_analysis": true,
        "osm_tags": {
          "name": "Urząd Pocztowy Knurów 1",
          "operator": "Poczta Polska",
          "amenity": "post_office",
          "building": "yes"
        }
      },
      "geometry": {
        "type": "Polygon",
        "coordinates": [
          [
            [
              18.6751854,
              50.2205477
            ],
            [
              18.6753322,
              50.2205038
            ],
            [
              18.675317,
              50.220482700000005
            ],
            [
              18.6753493,
              50.22047269999999
            ],
            [
              18.6753157,
              50.220426399999994
            ],
            [
              18.6752832,
              50.2204361
            ],
            [
              18.6752676,
              50.22041449999999
            ],
            [
              18.6751202,
              50.220459000000005
            ],
            [
              18.6751854,
              50.2205477
            ]
          ]
        ]
      }
    },
    {
      "type": "Feature",
      "properties": {
        "source": "OpenStreetMap",
        "source_id": "way/152484265",
        "domain": "public",
        "asset_type": "post",
        "confidence": "medium",
        "missing_fields": [],
        "limitations": [
          "OSM public-service completeness and tagging vary by area and facility type.",
          "A facility tag is evidence of mapped semantics, not service availability, capacity, accessibility or operating status.",
          "BDOT10k building geometry is retained only as topographic comparison context and cannot establish facility semantics.",
          "No qualified PRG public-service facility class is enabled for this domain pack."
        ],
        "eligible_for_analysis": true,
        "osm_tags": {
          "name": "Urząd Pocztowy Knurów 6",
          "operator": "Poczta Polska",
          "amenity": "post_office",
          "building": "yes"
        }
      },
      "geometry": {
        "type": "Polygon",
        "coordinates": [
          [
            [
              18.6530486,
              50.2385774
            ],
            [
              18.6528739,
              50.23852749999999
            ],
            [
              18.6527915,
              50.23864549999999
            ],
            [
              18.6529662,
              50.238695400000005
            ],
            [
              18.6530486,
              50.2385774
            ]
          ]
        ]
      }
    },
    {
      "type": "Feature",
      "properties": {
        "source": "OpenStreetMap",
        "source_id": "way/183093070",
        "domain": "public",
        "asset_type": "post",
        "confidence": "medium",
        "missing_fields": [],
        "limitations": [
          "OSM public-service completeness and tagging vary by area and facility type.",
          "A facility tag is evidence of mapped semantics, not service availability, capacity, accessibility or operating status.",
          "BDOT10k building geometry is retained only as topographic comparison context and cannot establish facility semantics.",
          "No qualified PRG public-service facility class is enabled for this domain pack."
        ],
        "eligible_for_analysis": true,
        "osm_tags": {
          "name": "Urząd Pocztowy Nr 1",
          "operator": "Poczta Polska",
          "amenity": "post_office",
          "building": "yes",
          "opening_hours": "Mo-Fr 08:00-18:00; Sa 08:00-13:00",
          "phone": "+48 32 245 29 93"
        }
      },
      "geometry": {
        "type": "Polygon",
        "coordinates": [
          [
            [
              18.9203926,
              50.29234159999999
            ],
            [
              18.9203182,
              50.2923626
            ],
            [
              18.9203852,
              50.29245709999999
            ],
            [
              18.920329,
              50.292474999999996
            ],
            [
              18.9203968,
              50.29257739999999
            ],
            [
              18.9204521,
              50.29256329999999
            ],
            [
              18.9204588,
              50.2925728
            ],
            [
              18.9204849,
              50.2925655
            ],
            [
              18.9204789,
              50.2925565
            ],
            [
              18.9205365,
              50.2925418
            ],
            [
              18.9205433,
              50.2925514
            ],
            [
              18.9205685,
              50.29254460000001
            ],
            [
              18.920561600000003,
              50.2925352
            ],
            [
              18.9205941,
              50.29252710000001
            ],
            [
              18.9206221,
              50.29252089999999
            ],
            [
              18.9205906,
              50.29247490000001
            ],
            [
              18.9205746,
              50.292451599999985
            ],
            [
              18.9205982,
              50.29244469999999
            ],
            [
              18.9205455,
              50.29236889999999
            ],
            [
              18.9205224,
              50.29237530000001
            ],
            [
              18.9204819,
              50.29231630000001
            ],
            [
              18.9203926,
              50.29234159999999
            ]
          ]
        ]
      }
    },
    {
      "type": "Feature",
      "properties": {
        "source": "OpenStreetMap",
        "source_id": "way/183897498",
        "domain": "public",
        "asset_type": "post",
        "confidence": "medium",
        "missing_fields": [],
        "limitations": [
          "OSM public-service completeness and tagging vary by area and facility type.",
          "A facility tag is evidence of mapped semantics, not service availability, capacity, accessibility or operating status.",
          "BDOT10k building geometry is retained only as topographic comparison context and cannot establish facility semantics.",
          "No qualified PRG public-service facility class is enabled for this domain pack."
        ],
        "eligible_for_analysis": true,
        "osm_tags": {
          "name": "Poczta Polska",
          "amenity": "post_office",
          "building": "yes",
          "opening_hours": "Mo-We 09:00-19:00; Th-Fr 10:00-19:00, Sa 10:00-13:00"
        }
      },
      "geometry": {
        "type": "Polygon",
        "coordinates": [
          [
            [
              18.4657534,
              50.002541799999996
            ],
            [
              18.4657892,
              50.0025487
            ],
            [
              18.4658471,
              50.002421399999996
            ],
            [
              18.4657478,
              50.002404899999995
            ],
            [
              18.465739,
              50.0024319
            ],
            [
              18.465658400000002,
              50.00241729999999
            ],
            [
              18.4656654,
              50.00239969999999
            ],
            [
              18.465601,
              50.002387899999995
            ],
            [
              18.4655758,
              50.002433700000005
            ],
            [
              18.4655442,
              50.0025041
            ],
            [
              18.4657534,
              50.002541799999996
            ]
          ]
        ]
      }
    },
    {
      "type": "Feature",
      "properties": {
        "source": "OpenStreetMap",
        "source_id": "way/185533225",
        "domain": "public",
        "asset_type": "post",
        "confidence": "medium",
        "missing_fields": [],
        "limitations": [
          "OSM public-service completeness and tagging vary by area and facility type.",
          "A facility tag is evidence of mapped semantics, not service availability, capacity, accessibility or operating status.",
          "BDOT10k building geometry is retained only as topographic comparison context and cannot establish facility semantics.",
          "No qualified PRG public-service facility class is enabled for this domain pack."
        ],
        "eligible_for_analysis": true,
        "osm_tags": {
          "name": "Urząd Pocztowy - Ruda Śląska 7",
          "operator": "Poczta Polska",
          "source": "OSM Tracker, Knowledge, Bing",
          "amenity": "post_office",
          "building": "yes"
        }
      },
      "geometry": {
        "type": "Polygon",
        "coordinates": [
          [
            [
              18.908743,
              50.2543256
            ],
            [
              18.9087303,
              50.25427599999998
            ],
            [
              18.9087146,
              50.25421509999999
            ],
            [
              18.9084255,
              50.25424439999999
            ],
            [
              18.9084522,
              50.25434299999999
            ],
            [
              18.9084552,
              50.2543542
            ],
            [
              18.908743,
              50.2543256
            ]
          ]
        ]
      }
    },
    {
      "type": "Feature",
      "properties": {
        "source": "OpenStreetMap",
        "source_id": "way/201595509",
        "domain": "public",
        "asset_type": "post",
        "confidence": "medium",
        "missing_fields": [],
        "limitations": [
          "OSM public-service completeness and tagging vary by area and facility type.",
          "A facility tag is evidence of mapped semantics, not service availability, capacity, accessibility or operating status.",
          "BDOT10k building geometry is retained only as topographic comparison context and cannot establish facility semantics.",
          "No qualified PRG public-service facility class is enabled for this domain pack."
        ],
        "eligible_for_analysis": true,
        "osm_tags": {
          "name": "Poczta Polska",
          "source": "UM Katowice",
          "amenity": "post_office",
          "building": "yes"
        }
      },
      "geometry": {
        "type": "Polygon",
        "coordinates": [
          [
            [
              18.9702303,
              50.2235358
            ],
            [
              18.9703002,
              50.223532000000006
            ],
            [
              18.9703659,
              50.223528400000006
            ],
            [
              18.9703624,
              50.22348129999999
            ],
            [
              18.9703585,
              50.22342919999999
            ],
            [
              18.9701002,
              50.223437399999995
            ],
            [
              18.9701065,
              50.2235157
            ],
            [
              18.9701104,
              50.223563799999994
            ],
            [
              18.9701254,
              50.2235633
            ],
            [
              18.970127,
              50.223583999999995
            ],
            [
              18.9702342,
              50.223580399999996
            ],
            [
              18.9702303,
              50.2235358
            ]
          ]
        ]
      }
    },
    {
      "type": "Feature",
      "properties": {
        "source": "OpenStreetMap",
        "source_id": "way/202702212",
        "domain": "public",
        "asset_type": "post",
        "confidence": "medium",
        "missing_fields": [],
        "limitations": [
          "OSM public-service completeness and tagging vary by area and facility type.",
          "A facility tag is evidence of mapped semantics, not service availability, capacity, accessibility or operating status.",
          "BDOT10k building geometry is retained only as topographic comparison context and cannot establish facility semantics.",
          "No qualified PRG public-service facility class is enabled for this domain pack."
        ],
        "eligible_for_analysis": true,
        "osm_tags": {
          "source": "UM Zabrze",
          "amenity": "post_office",
          "building": "yes"
        }
      },
      "geometry": {
        "type": "Polygon",
        "coordinates": [
          [
            [
              18.7849438,
              50.2829341
            ],
            [
              18.7849307,
              50.28296120000001
            ],
            [
              18.7849976,
              50.2829744
            ],
            [
              18.7850312,
              50.2829052
            ],
            [
              18.7849469,
              50.282888500000006
            ],
            [
              18.7849265,
              50.28293059999999
            ],
            [
              18.7849438,
              50.2829341
            ]
          ]
        ]
      }
    },
    {
      "type": "Feature",
      "properties": {
        "source": "OpenStreetMap",
        "source_id": "way/202833871",
        "domain": "public",
        "asset_type": "post",
        "confidence": "medium",
        "missing_fields": [],
        "limitations": [
          "OSM public-service completeness and tagging vary by area and facility type.",
          "A facility tag is evidence of mapped semantics, not service availability, capacity, accessibility or operating status.",
          "BDOT10k building geometry is retained only as topographic comparison context and cannot establish facility semantics.",
          "No qualified PRG public-service facility class is enabled for this domain pack."
        ],
        "eligible_for_analysis": true,
        "osm_tags": {
          "name": "Poczta Główna",
          "wikidata": "Q15697205",
          "wikipedia": "pl:Gmach Poczty w Zabrzu",
          "image": "https://photos.app.goo.gl/N7J4235NvvrfXKdK8",
          "source": "UM Zabrze",
          "amenity": "post_office",
          "building": "yes",
          "opening_hours": "Mo-Fr 10:30-18:00; Sa 10:30-13:30"
        }
      },
      "geometry": {
        "type": "Polygon",
        "coordinates": [
          [
            [
              18.785865900000005,
              50.30587339999998
            ],
            [
              18.7860977,
              50.3058859
            ],
            [
              18.7864443,
              50.3059045
            ],
            [
              18.7865998,
              50.3059129
            ],
            [
              18.7866368,
              50.30591479999999
            ],
            [
              18.7866634,
              50.3059163
            ],
            [
              18.7866834,
              50.3057646
            ],
            [
              18.7866281,
              50.305761600000004
            ],
            [
              18.7866276,
              50.305765199999996
            ],
            [
              18.7865758,
              50.3057624
            ],
            [
              18.7865754,
              50.30576599999999
            ],
            [
              18.7865048,
              50.305762200000004
            ],
            [
              18.7865009,
              50.30575890000001
            ],
            [
              18.7864933,
              50.3057585
            ],
            [
              18.7864886,
              50.3057614
            ],
            [
              18.7864214,
              50.3057577
            ],
            [
              18.7864177,
              50.3057544
            ],
            [
              18.78641,
              50.30575399999999
            ],
            [
              18.7864054,
              50.3057569
            ],
            [
              18.7863376,
              50.305753199999984
            ],
            [
              18.7863382,
              50.3057487
            ],
            [
              18.7861971,
              50.3057412
            ],
            [
              18.7861965,
              50.3057457
            ],
            [
              18.7861286,
              50.305741999999995
            ],
            [
              18.7861249,
              50.305738700000006
            ],
            [
              18.786117,
              50.3057383
            ],
            [
              18.7861125,
              50.3057412
            ],
            [
              18.7860453,
              50.3057375
            ],
            [
              18.7860416,
              50.305734199999996
            ],
            [
              18.7860339,
              50.30573379999999
            ],
            [
              18.7860293,
              50.305736700000004
            ],
            [
              18.7859587,
              50.3057329
            ],
            [
              18.7859592,
              50.3057293
            ],
            [
              18.7859074,
              50.30572649999999
            ],
            [
              18.7859079,
              50.30572299999999
            ],
            [
              18.7858527,
              50.30572029999999
            ],
            [
              18.7858347,
              50.30587169999999
            ],
            [
              18.785865900000005,
              50.30587339999998
            ]
          ]
        ]
      }
    },
    {
      "type": "Feature",
      "properties": {
        "source": "OpenStreetMap",
        "source_id": "way/206119206",
        "domain": "public",
        "asset_type": "post",
        "confidence": "medium",
        "missing_fields": [],
        "limitations": [
          "OSM public-service completeness and tagging vary by area and facility type.",
          "A facility tag is evidence of mapped semantics, not service availability, capacity, accessibility or operating status.",
          "BDOT10k building geometry is retained only as topographic comparison context and cannot establish facility semantics.",
          "No qualified PRG public-service facility class is enabled for this domain pack."
        ],
        "eligible_for_analysis": true,
        "osm_tags": {
          "name": "Urząd Pocztowy Gorzyce",
          "amenity": "post_office",
          "building": "yes"
        }
      },
      "geometry": {
        "type": "Polygon",
        "coordinates": [
          [
            [
              18.4011154,
              49.959492700000006
            ],
            [
              18.4011073,
              49.959432199999995
            ],
            [
              18.4010934,
              49.95943309999999
            ],
            [
              18.401085,
              49.959368999999995
            ],
            [
              18.4009781,
              49.95937529999999
            ],
            [
              18.4009944,
              49.959499400000006
            ],
            [
              18.4011154,
              49.959492700000006
            ]
          ]
        ]
      }
    },
    {
      "type": "Feature",
      "properties": {
        "source": "OpenStreetMap",
        "source_id": "way/206409072",
        "domain": "public",
        "asset_type": "post",
        "confidence": "medium",
        "missing_fields": [],
        "limitations": [
          "OSM public-service completeness and tagging vary by area and facility type.",
          "A facility tag is evidence of mapped semantics, not service availability, capacity, accessibility or operating status.",
          "BDOT10k building geometry is retained only as topographic comparison context and cannot establish facility semantics.",
          "No qualified PRG public-service facility class is enabled for this domain pack."
        ],
        "eligible_for_analysis": true,
        "osm_tags": {
          "name": "Urząd Poczrowy Ruda Śląska 1",
          "source": "UM Ruda Śląska",
          "amenity": "post_office",
          "building": "retail",
          "opening_hours": "Mo-Fr 09:00-18:00; Sa 09:00-13:00"
        }
      },
      "geometry": {
        "type": "Polygon",
        "coordinates": [
          [
            [
              18.8522177,
              50.313994300000005
            ],
            [
              18.8522263,
              50.314011400000005
            ],
            [
              18.8522584,
              50.31400479999999
            ],
            [
              18.8522498,
              50.3139877
            ],
            [
              18.8523733,
              50.3139622
            ],
            [
              18.8523417,
              50.313900200000006
            ],
            [
              18.8522541,
              50.31372919999999
            ],
            [
              18.8520578,
              50.31376950000001
            ],
            [
              18.8520806,
              50.3138147
            ],
            [
              18.8520866,
              50.31381350000001
            ],
            [
              18.8521167,
              50.31387339999999
            ],
            [
              18.8521134,
              50.3138741
            ],
            [
              18.8521251,
              50.3138976
            ],
            [
              18.8521285,
              50.31389699999999
            ],
            [
              18.8521583,
              50.3139565
            ],
            [
              18.852152600000004,
              50.31395770000001
            ],
            [
              18.852175300000003,
              50.31400310000001
            ],
            [
              18.8522177,
              50.313994300000005
            ]
          ]
        ]
      }
    },
    {
      "type": "Feature",
      "properties": {
        "source": "OpenStreetMap",
        "source_id": "way/206729150",
        "domain": "public",
        "asset_type": "post",
        "confidence": "medium",
        "missing_fields": [],
        "limitations": [
          "OSM public-service completeness and tagging vary by area and facility type.",
          "A facility tag is evidence of mapped semantics, not service availability, capacity, accessibility or operating status.",
          "BDOT10k building geometry is retained only as topographic comparison context and cannot establish facility semantics.",
          "No qualified PRG public-service facility class is enabled for this domain pack."
        ],
        "eligible_for_analysis": true,
        "osm_tags": {
          "source": "UM Jastrzębie-Zdrój",
          "amenity": "post_office",
          "building": "yes"
        }
      },
      "geometry": {
        "type": "Polygon",
        "coordinates": [
          [
            [
              18.6003814,
              49.946886799999994
            ],
            [
              18.5999999,
              49.94688459999999
            ],
            [
              18.599998,
              49.9470014
            ],
            [
              18.6000373,
              49.947001699999994
            ],
            [
              18.6000368,
              49.947038400000004
            ],
            [
              18.6001237,
              49.9470389
            ],
            [
              18.6001243,
              49.9470022
            ],
            [
              18.6003797,
              49.94700370000001
            ],
            [
              18.6003814,
              49.946886799999994
            ]
          ]
        ]
      }
    },
    {
      "type": "Feature",
      "properties": {
        "source": "OpenStreetMap",
        "source_id": "way/215416901",
        "domain": "public",
        "asset_type": "post",
        "confidence": "medium",
        "missing_fields": [],
        "limitations": [
          "OSM public-service completeness and tagging vary by area and facility type.",
          "A facility tag is evidence of mapped semantics, not service availability, capacity, accessibility or operating status.",
          "BDOT10k building geometry is retained only as topographic comparison context and cannot establish facility semantics.",
          "No qualified PRG public-service facility class is enabled for this domain pack."
        ],
        "eligible_for_analysis": true,
        "osm_tags": {
          "name": "Urząd Pocztowy Żory 1",
          "website": "https://www.poczta-polska.pl",
          "source": "WMS UM Żory",
          "amenity": "post_office",
          "building": "commercial",
          "opening_hours": "Mo-Th 08:30-19:00; Fr 09:30-20:00",
          "phone": "+48 32 475 27 66"
        }
      },
      "geometry": {
        "type": "Polygon",
        "coordinates": [
          [
            [
              18.6887742,
              50.0413486
            ],
            [
              18.688576,
              50.041351799999994
            ],
            [
              18.6885866,
              50.0416262
            ],
            [
              18.688785,
              50.04162300000001
            ],
            [
              18.6887742,
              50.0413486
            ]
          ]
        ]
      }
    },
    {
      "type": "Feature",
      "properties": {
        "source": "OpenStreetMap",
        "source_id": "way/215461231",
        "domain": "public",
        "asset_type": "post",
        "confidence": "medium",
        "missing_fields": [],
        "limitations": [
          "OSM public-service completeness and tagging vary by area and facility type.",
          "A facility tag is evidence of mapped semantics, not service availability, capacity, accessibility or operating status.",
          "BDOT10k building geometry is retained only as topographic comparison context and cannot establish facility semantics.",
          "No qualified PRG public-service facility class is enabled for this domain pack."
        ],
        "eligible_for_analysis": true,
        "osm_tags": {
          "alt_name": "Dawny Cesarski Urząd Pocztowy",
          "source": "UM Racibórz",
          "amenity": "post_office",
          "building": "yes",
          "phone": "+48324140943"
        }
      },
      "geometry": {
        "type": "Polygon",
        "coordinates": [
          [
            [
              18.225418,
              50.090616700000005
            ],
            [
              18.2253191,
              50.090738
            ],
            [
              18.2253682,
              50.0907542
            ],
            [
              18.2253643,
              50.090759299999995
            ],
            [
              18.225455,
              50.0907889
            ],
            [
              18.2254586,
              50.09078420000001
            ],
            [
              18.2256501,
              50.09084970000001
            ],
            [
              18.2256471,
              50.0908533
            ],
            [
              18.2257112,
              50.0908746
            ],
            [
              18.2257148,
              50.09087060000001
            ],
            [
              18.2257538,
              50.09088299999999
            ],
            [
              18.2257822,
              50.090923999999994
            ],
            [
              18.2257573,
              50.09093099999999
            ],
            [
              18.2258023,
              50.09098859999999
            ],
            [
              18.2257626,
              50.091001600000006
            ],
            [
              18.2257837,
              50.091029799999994
            ],
            [
              18.2258201,
              50.0910183
            ],
            [
              18.2258989,
              50.0911129
            ],
            [
              18.2259241,
              50.091103499999996
            ],
            [
              18.2259397,
              50.091123399999994
            ],
            [
              18.2259476,
              50.0911274
            ],
            [
              18.2259609,
              50.09112799999999
            ],
            [
              18.2259724,
              50.09112529999999
            ],
            [
              18.2261206,
              50.09107650000001
            ],
            [
              18.2258944,
              50.09077429999999
            ],
            [
              18.2258774,
              50.09075059999999
            ],
            [
              18.2258495,
              50.090741599999994
            ],
            [
              18.2258224,
              50.090732800000005
            ],
            [
              18.2258254,
              50.0907281
            ],
            [
              18.2257443,
              50.090702
            ],
            [
              18.2257422,
              50.090705199999995
            ],
            [
              18.225548,
              50.09064179999999
            ],
            [
              18.2255507,
              50.0906374
            ],
            [
              18.2254692,
              50.09061109999999
            ],
            [
              18.2254668,
              50.09061390000001
            ],
            [
              18.2254298,
              50.0906021
            ],
            [
              18.225418,
              50.090616700000005
            ]
          ]
        ]
      }
    },
    {
      "type": "Feature",
      "properties": {
        "source": "OpenStreetMap",
        "source_id": "way/215525274",
        "domain": "public",
        "asset_type": "post",
        "confidence": "medium",
        "missing_fields": [],
        "limitations": [
          "OSM public-service completeness and tagging vary by area and facility type.",
          "A facility tag is evidence of mapped semantics, not service availability, capacity, accessibility or operating status.",
          "BDOT10k building geometry is retained only as topographic comparison context and cannot establish facility semantics.",
          "No qualified PRG public-service facility class is enabled for this domain pack."
        ],
        "eligible_for_analysis": true,
        "osm_tags": {
          "source": "WMS UM Żory",
          "amenity": "post_office",
          "building": "yes"
        }
      },
      "geometry": {
        "type": "Polygon",
        "coordinates": [
          [
            [
              18.6629893,
              50.0637404
            ],
            [
              18.663119,
              50.063715699999996
            ],
            [
              18.6631276,
              50.0637343
            ],
            [
              18.6632282,
              50.06371309999999
            ],
            [
              18.6632077,
              50.0636684
            ],
            [
              18.6631479,
              50.06367980000001
            ],
            [
              18.663128,
              50.06363639999999
            ],
            [
              18.6630872,
              50.063644100000005
            ],
            [
              18.6630674,
              50.063601
            ],
            [
              18.6629368,
              50.06362589999999
            ],
            [
              18.6629893,
              50.0637404
            ]
          ]
        ]
      }
    },
    {
      "type": "Feature",
      "properties": {
        "source": "OpenStreetMap",
        "source_id": "way/219415782",
        "domain": "public",
        "asset_type": "post",
        "confidence": "medium",
        "missing_fields": [],
        "limitations": [
          "OSM public-service completeness and tagging vary by area and facility type.",
          "A facility tag is evidence of mapped semantics, not service availability, capacity, accessibility or operating status.",
          "BDOT10k building geometry is retained only as topographic comparison context and cannot establish facility semantics.",
          "No qualified PRG public-service facility class is enabled for this domain pack."
        ],
        "eligible_for_analysis": true,
        "osm_tags": {
          "name": "Poczta Polska Krzyżanowice",
          "ref": "248866",
          "operator": "Poczta Polska S.A.",
          "source": "www.geoportal.gov.pl",
          "amenity": "post_office",
          "building": "yes",
          "phone": "+48 32 419 40 40"
        }
      },
      "geometry": {
        "type": "Polygon",
        "coordinates": [
          [
            [
              18.267633,
              49.984876099999994
            ],
            [
              18.2676617,
              49.9848861
            ],
            [
              18.2677328,
              49.984803
            ],
            [
              18.2676233,
              49.98476439999999
            ],
            [
              18.2676041,
              49.9847867
            ],
            [
              18.2675892,
              49.984788599999995
            ],
            [
              18.2675825,
              49.984790399999994
            ],
            [
              18.2675725,
              49.98479499999999
            ],
            [
              18.2675687,
              49.9847995
            ],
            [
              18.2675687,
              49.98480289999999
            ],
            [
              18.2675687,
              49.9848047
            ],
            [
              18.2675703,
              49.984810499999995
            ],
            [
              18.2675761,
              49.98481989999999
            ],
            [
              18.2675525,
              49.9848474
            ],
            [
              18.267633,
              49.984876099999994
            ]
          ]
        ]
      }
    },
    {
      "type": "Feature",
      "properties": {
        "source": "OpenStreetMap",
        "source_id": "way/230774459",
        "domain": "public",
        "asset_type": "post",
        "confidence": "medium",
        "missing_fields": [],
        "limitations": [
          "OSM public-service completeness and tagging vary by area and facility type.",
          "A facility tag is evidence of mapped semantics, not service availability, capacity, accessibility or operating status.",
          "BDOT10k building geometry is retained only as topographic comparison context and cannot establish facility semantics.",
          "No qualified PRG public-service facility class is enabled for this domain pack."
        ],
        "eligible_for_analysis": true,
        "osm_tags": {
          "name": "Urząd Pocztowy Tychy 1",
          "operator": "Poczta Polska",
          "amenity": "post_office",
          "building": "yes",
          "opening_hours": "Mo-Fr 08:00-20:30; Sa 08:00-14:00",
          "phone": "+48 32 327 38 31"
        }
      },
      "geometry": {
        "type": "Polygon",
        "coordinates": [
          [
            [
              18.9951925,
              50.1108694
            ],
            [
              18.9951844,
              50.110862999999995
            ],
            [
              18.9952966,
              50.110777999999996
            ],
            [
              18.9952597,
              50.1107444
            ],
            [
              18.9952629,
              50.110742699999996
            ],
            [
              18.9952329,
              50.110715299999995
            ],
            [
              18.9952297,
              50.11071689999999
            ],
            [
              18.9951541,
              50.11064859999999
            ],
            [
              18.9950803,
              50.11068290000001
            ],
            [
              18.995111,
              50.11073439999999
            ],
            [
              18.9948587,
              50.1108478
            ],
            [
              18.9946955,
              50.110758899999986
            ],
            [
              18.9943916,
              50.11089789999998
            ],
            [
              18.9945031,
              50.1109995
            ],
            [
              18.9946399,
              50.11112099999999
            ],
            [
              18.9951925,
              50.1108694
            ]
          ]
        ]
      }
    },
    {
      "type": "Feature",
      "properties": {
        "source": "OpenStreetMap",
        "source_id": "way/249101415",
        "domain": "public",
        "asset_type": "post",
        "confidence": "medium",
        "missing_fields": [],
        "limitations": [
          "OSM public-service completeness and tagging vary by area and facility type.",
          "A facility tag is evidence of mapped semantics, not service availability, capacity, accessibility or operating status.",
          "BDOT10k building geometry is retained only as topographic comparison context and cannot establish facility semantics.",
          "No qualified PRG public-service facility class is enabled for this domain pack."
        ],
        "eligible_for_analysis": true,
        "osm_tags": {
          "amenity": "post_office",
          "building": "retail"
        }
      },
      "geometry": {
        "type": "Polygon",
        "coordinates": [
          [
            [
              18.9497251,
              49.9776488
            ],
            [
              18.9500627,
              49.9775678
            ],
            [
              18.9500257,
              49.97750350000001
            ],
            [
              18.9500162,
              49.977505900000004
            ],
            [
              18.9500048,
              49.977486199999994
            ],
            [
              18.9499812,
              49.977491799999996
            ],
            [
              18.9499622,
              49.97745860000001
            ],
            [
              18.9498463,
              49.977486299999995
            ],
            [
              18.9497737,
              49.977353399999984
            ],
            [
              18.9495813,
              49.977399500000004
            ],
            [
              18.9497251,
              49.9776488
            ]
          ]
        ]
      }
    },
    {
      "type": "Feature",
      "properties": {
        "source": "OpenStreetMap",
        "source_id": "way/249185154",
        "domain": "public",
        "asset_type": "post",
        "confidence": "medium",
        "missing_fields": [],
        "limitations": [
          "OSM public-service completeness and tagging vary by area and facility type.",
          "A facility tag is evidence of mapped semantics, not service availability, capacity, accessibility or operating status.",
          "BDOT10k building geometry is retained only as topographic comparison context and cannot establish facility semantics.",
          "No qualified PRG public-service facility class is enabled for this domain pack."
        ],
        "eligible_for_analysis": true,
        "osm_tags": {
          "name": "Poczta Polska",
          "amenity": "post_office",
          "building": "yes"
        }
      },
      "geometry": {
        "type": "Polygon",
        "coordinates": [
          [
            [
              18.8970908,
              50.168180099999994
            ],
            [
              18.897128,
              50.168186000000006
            ],
            [
              18.8973007,
              50.16821339999999
            ],
            [
              18.8973125,
              50.1681826
            ],
            [
              18.8974412,
              50.1678493
            ],
            [
              18.8973428,
              50.1678337
            ],
            [
              18.8972827,
              50.16782419999999
            ],
            [
              18.8972806,
              50.167829699999984
            ],
            [
              18.8972367,
              50.1679437
            ],
            [
              18.897189400000002,
              50.16806569999999
            ],
            [
              18.8971683,
              50.1681206
            ],
            [
              18.8971169,
              50.168112400000005
            ],
            [
              18.8971005,
              50.1681551
            ],
            [
              18.8970908,
              50.168180099999994
            ]
          ]
        ]
      }
    },
    {
      "type": "Feature",
      "properties": {
        "source": "OpenStreetMap",
        "source_id": "way/271738313",
        "domain": "public",
        "asset_type": "post",
        "confidence": "medium",
        "missing_fields": [],
        "limitations": [
          "OSM public-service completeness and tagging vary by area and facility type.",
          "A facility tag is evidence of mapped semantics, not service availability, capacity, accessibility or operating status.",
          "BDOT10k building geometry is retained only as topographic comparison context and cannot establish facility semantics.",
          "No qualified PRG public-service facility class is enabled for this domain pack."
        ],
        "eligible_for_analysis": true,
        "osm_tags": {
          "name": "Poczta Polska",
          "amenity": "post_office",
          "building": "yes"
        }
      },
      "geometry": {
        "type": "Polygon",
        "coordinates": [
          [
            [
              18.870077,
              50.337896199999996
            ],
            [
              18.8699217,
              50.337834599999994
            ],
            [
              18.8699213,
              50.3378345
            ],
            [
              18.8698312,
              50.337931799999986
            ],
            [
              18.8698691,
              50.33794340000001
            ],
            [
              18.869916000000003,
              50.337950600000006
            ],
            [
              18.8699272,
              50.33795969999999
            ],
            [
              18.87,
              50.3379867
            ],
            [
              18.870077,
              50.337896199999996
            ]
          ]
        ]
      }
    },
    {
      "type": "Feature",
      "properties": {
        "source": "OpenStreetMap",
        "source_id": "way/276186164",
        "domain": "public",
        "asset_type": "post",
        "confidence": "medium",
        "missing_fields": [],
        "limitations": [
          "OSM public-service completeness and tagging vary by area and facility type.",
          "A facility tag is evidence of mapped semantics, not service availability, capacity, accessibility or operating status.",
          "BDOT10k building geometry is retained only as topographic comparison context and cannot establish facility semantics.",
          "No qualified PRG public-service facility class is enabled for this domain pack."
        ],
        "eligible_for_analysis": true,
        "osm_tags": {
          "name": "Urząd Pocztowy Gliwice 16 (Bojków)",
          "operator": "Poczta Polska",
          "website": "https://placowki.poczta-polska.pl/",
          "amenity": "post_office",
          "building": "yes",
          "opening_hours": "Mo,Tu 09:00-15:00; We,Th 09:30-15:30; Fr 14:00-20:00; Sa,Su off; PH off",
          "phone": "+48 32 232 93 20"
        }
      },
      "geometry": {
        "type": "Polygon",
        "coordinates": [
          [
            [
              18.6795572,
              50.252001899999996
            ],
            [
              18.679592,
              50.2518979
            ],
            [
              18.6795676,
              50.25189499999999
            ],
            [
              18.679571000000003,
              50.251885699999995
            ],
            [
              18.6795477,
              50.25188239999999
            ],
            [
              18.6795444,
              50.2518916
            ],
            [
              18.6794603,
              50.25187979999999
            ],
            [
              18.6793219,
              50.25186029999999
            ],
            [
              18.6792879,
              50.2519644
            ],
            [
              18.6795572,
              50.252001899999996
            ]
          ]
        ]
      }
    },
    {
      "type": "Feature",
      "properties": {
        "source": "OpenStreetMap",
        "source_id": "way/279240991",
        "domain": "public",
        "asset_type": "post",
        "confidence": "medium",
        "missing_fields": [],
        "limitations": [
          "OSM public-service completeness and tagging vary by area and facility type.",
          "A facility tag is evidence of mapped semantics, not service availability, capacity, accessibility or operating status.",
          "BDOT10k building geometry is retained only as topographic comparison context and cannot establish facility semantics.",
          "No qualified PRG public-service facility class is enabled for this domain pack."
        ],
        "eligible_for_analysis": true,
        "osm_tags": {
          "name": "Agencja Pocztowa",
          "operator": "Poczta Polska",
          "amenity": "post_office",
          "building": "yes"
        }
      },
      "geometry": {
        "type": "Polygon",
        "coordinates": [
          [
            [
              18.3368136,
              49.96482739999999
            ],
            [
              18.3368294,
              49.964755000000004
            ],
            [
              18.3367298,
              49.96474479999999
            ],
            [
              18.336715,
              49.96481849999999
            ],
            [
              18.3368136,
              49.96482739999999
            ]
          ]
        ]
      }
    },
    {
      "type": "Feature",
      "properties": {
        "source": "OpenStreetMap",
        "source_id": "way/299938186",
        "domain": "public",
        "asset_type": "post",
        "confidence": "medium",
        "missing_fields": [],
        "limitations": [
          "OSM public-service completeness and tagging vary by area and facility type.",
          "A facility tag is evidence of mapped semantics, not service availability, capacity, accessibility or operating status.",
          "BDOT10k building geometry is retained only as topographic comparison context and cannot establish facility semantics.",
          "No qualified PRG public-service facility class is enabled for this domain pack."
        ],
        "eligible_for_analysis": true,
        "osm_tags": {
          "name": "FUP Kędzierzyn-Koźle 4",
          "operator": "Poczta Polska",
          "source": "http://sdi.opolskie.pl/mapa_bazowa/request.aspx",
          "amenity": "post_office",
          "building": "retail",
          "opening_hours": "Mo-Fr 09:00-16:00",
          "wheelchair": "yes"
        }
      },
      "geometry": {
        "type": "Polygon",
        "coordinates": [
          [
            [
              18.2592936,
              50.353918799999995
            ],
            [
              18.2593329,
              50.3537656
            ],
            [
              18.2591929,
              50.35375079999999
            ],
            [
              18.2591599,
              50.353879199999994
            ],
            [
              18.2591535,
              50.35390410000001
            ],
            [
              18.2592936,
              50.353918799999995
            ]
          ]
        ]
      }
    },
    {
      "type": "Feature",
      "properties": {
        "source": "OpenStreetMap",
        "source_id": "way/303678212",
        "domain": "public",
        "asset_type": "post",
        "confidence": "medium",
        "missing_fields": [],
        "limitations": [
          "OSM public-service completeness and tagging vary by area and facility type.",
          "A facility tag is evidence of mapped semantics, not service availability, capacity, accessibility or operating status.",
          "BDOT10k building geometry is retained only as topographic comparison context and cannot establish facility semantics.",
          "No qualified PRG public-service facility class is enabled for this domain pack."
        ],
        "eligible_for_analysis": true,
        "osm_tags": {
          "amenity": "post_office",
          "building": "yes"
        }
      },
      "geometry": {
        "type": "Polygon",
        "coordinates": [
          [
            [
              18.3859946,
              50.117673
            ],
            [
              18.3860012,
              50.11766810000001
            ],
            [
              18.3861618,
              50.1175485
            ],
            [
              18.3860878,
              50.1175076
            ],
            [
              18.386070600000004,
              50.11752049999999
            ],
            [
              18.3860513,
              50.1175348
            ],
            [
              18.3859331,
              50.11746959999999
            ],
            [
              18.3858025,
              50.11756689999999
            ],
            [
              18.3859946,
              50.117673
            ]
          ]
        ]
      }
    },
    {
      "type": "Feature",
      "properties": {
        "source": "OpenStreetMap",
        "source_id": "way/346174707",
        "domain": "public",
        "asset_type": "post",
        "confidence": "medium",
        "missing_fields": [],
        "limitations": [
          "OSM public-service completeness and tagging vary by area and facility type.",
          "A facility tag is evidence of mapped semantics, not service availability, capacity, accessibility or operating status.",
          "BDOT10k building geometry is retained only as topographic comparison context and cannot establish facility semantics.",
          "No qualified PRG public-service facility class is enabled for this domain pack."
        ],
        "eligible_for_analysis": true,
        "osm_tags": {
          "name": "Poczta Gaszowice",
          "amenity": "post_office",
          "building": "office"
        }
      },
      "geometry": {
        "type": "Polygon",
        "coordinates": [
          [
            [
              18.43001,
              50.1075546
            ],
            [
              18.4299769,
              50.107445399999996
            ],
            [
              18.4298436,
              50.1074606
            ],
            [
              18.4298559,
              50.107504699999986
            ],
            [
              18.429675,
              50.10752459999999
            ],
            [
              18.4296988,
              50.1075924
            ],
            [
              18.43001,
              50.1075546
            ]
          ]
        ]
      }
    },
    {
      "type": "Feature",
      "properties": {
        "source": "OpenStreetMap",
        "source_id": "way/374807040",
        "domain": "public",
        "asset_type": "post",
        "confidence": "medium",
        "missing_fields": [],
        "limitations": [
          "OSM public-service completeness and tagging vary by area and facility type.",
          "A facility tag is evidence of mapped semantics, not service availability, capacity, accessibility or operating status.",
          "BDOT10k building geometry is retained only as topographic comparison context and cannot establish facility semantics.",
          "No qualified PRG public-service facility class is enabled for this domain pack."
        ],
        "eligible_for_analysis": true,
        "osm_tags": {
          "name": "Urząd Pocztowy w Krzanowicach",
          "operator": "Poczta Polska",
          "amenity": "post_office",
          "building": "office"
        }
      },
      "geometry": {
        "type": "Polygon",
        "coordinates": [
          [
            [
              18.12091,
              50.01809630000001
            ],
            [
              18.1207609,
              50.0180631
            ],
            [
              18.1206845,
              50.0182016
            ],
            [
              18.1206917,
              50.0182032
            ],
            [
              18.1208333,
              50.018233599999995
            ],
            [
              18.12091,
              50.01809630000001
            ]
          ]
        ]
      }
    },
    {
      "type": "Feature",
      "properties": {
        "source": "OpenStreetMap",
        "source_id": "way/449359154",
        "domain": "public",
        "asset_type": "post",
        "confidence": "medium",
        "missing_fields": [],
        "limitations": [
          "OSM public-service completeness and tagging vary by area and facility type.",
          "A facility tag is evidence of mapped semantics, not service availability, capacity, accessibility or operating status.",
          "BDOT10k building geometry is retained only as topographic comparison context and cannot establish facility semantics.",
          "No qualified PRG public-service facility class is enabled for this domain pack."
        ],
        "eligible_for_analysis": true,
        "osm_tags": {
          "source": "http://sdi.opolskie.pl/mapa_bazowa/request.aspx",
          "amenity": "post_office",
          "building": "yes"
        }
      },
      "geometry": {
        "type": "Polygon",
        "coordinates": [
          [
            [
              18.20318,
              50.2841206
            ],
            [
              18.2031161,
              50.28400969999999
            ],
            [
              18.202993,
              50.2840389
            ],
            [
              18.2030198,
              50.284085299999994
            ],
            [
              18.2030015,
              50.284089599999994
            ],
            [
              18.2030229,
              50.2841266
            ],
            [
              18.2030412,
              50.2841223
            ],
            [
              18.203057,
              50.2841498
            ],
            [
              18.20318,
              50.2841206
            ]
          ]
        ]
      }
    },
    {
      "type": "Feature",
      "properties": {
        "source": "OpenStreetMap",
        "source_id": "way/461843118",
        "domain": "public",
        "asset_type": "post",
        "confidence": "medium",
        "missing_fields": [],
        "limitations": [
          "OSM public-service completeness and tagging vary by area and facility type.",
          "A facility tag is evidence of mapped semantics, not service availability, capacity, accessibility or operating status.",
          "BDOT10k building geometry is retained only as topographic comparison context and cannot establish facility semantics.",
          "No qualified PRG public-service facility class is enabled for this domain pack."
        ],
        "eligible_for_analysis": true,
        "osm_tags": {
          "amenity": "post_office",
          "building": "yes"
        }
      },
      "geometry": {
        "type": "Polygon",
        "coordinates": [
          [
            [
              18.4604971,
              50.02274680000001
            ],
            [
              18.4604899,
              50.0226648
            ],
            [
              18.4603464,
              50.0226701
            ],
            [
              18.4603479,
              50.0226873
            ],
            [
              18.4603127,
              50.0226886
            ],
            [
              18.4603153,
              50.022718199999986
            ],
            [
              18.4603525,
              50.02271680000001
            ],
            [
              18.4603556,
              50.02275199999999
            ],
            [
              18.4604971,
              50.02274680000001
            ]
          ]
        ]
      }
    },
    {
      "type": "Feature",
      "properties": {
        "source": "OpenStreetMap",
        "source_id": "way/478729362",
        "domain": "public",
        "asset_type": "post",
        "confidence": "medium",
        "missing_fields": [],
        "limitations": [
          "OSM public-service completeness and tagging vary by area and facility type.",
          "A facility tag is evidence of mapped semantics, not service availability, capacity, accessibility or operating status.",
          "BDOT10k building geometry is retained only as topographic comparison context and cannot establish facility semantics.",
          "No qualified PRG public-service facility class is enabled for this domain pack."
        ],
        "eligible_for_analysis": true,
        "osm_tags": {
          "name": "Poczta Polska",
          "amenity": "post_office",
          "opening_hours": "Mo-Fr 09:00-19:00; Sa 08:00-11:00"
        }
      },
      "geometry": {
        "type": "Polygon",
        "coordinates": [
          [
            [
              18.8972367,
              50.1679437
            ],
            [
              18.8971948,
              50.1679371
            ],
            [
              18.8971475,
              50.1680591
            ],
            [
              18.897189400000002,
              50.16806569999999
            ],
            [
              18.8972367,
              50.1679437
            ]
          ]
        ]
      }
    },
    {
      "type": "Feature",
      "properties": {
        "source": "OpenStreetMap",
        "source_id": "way/514275669",
        "domain": "public",
        "asset_type": "post",
        "confidence": "medium",
        "missing_fields": [],
        "limitations": [
          "OSM public-service completeness and tagging vary by area and facility type.",
          "A facility tag is evidence of mapped semantics, not service availability, capacity, accessibility or operating status.",
          "BDOT10k building geometry is retained only as topographic comparison context and cannot establish facility semantics.",
          "No qualified PRG public-service facility class is enabled for this domain pack."
        ],
        "eligible_for_analysis": true,
        "osm_tags": {
          "name": "FUP Racibórz w Pietrowicach Wielkich",
          "source": "http://placowki.poczta-polska.pl",
          "amenity": "post_office",
          "building": "yes",
          "opening_hours": "Mo 08:00-17:30; Tu-Fr 08:00-15:00",
          "phone": "+4832 419 80 72",
          "wheelchair": "yes"
        }
      },
      "geometry": {
        "type": "Polygon",
        "coordinates": [
          [
            [
              18.090278,
              50.085257399999996
            ],
            [
              18.0903314,
              50.08525099999999
            ],
            [
              18.0903307,
              50.0851468
            ],
            [
              18.0902004,
              50.08515080000001
            ],
            [
              18.0901998,
              50.0851887
            ],
            [
              18.0901892,
              50.0852481
            ],
            [
              18.090278,
              50.085257399999996
            ]
          ]
        ]
      }
    },
    {
      "type": "Feature",
      "properties": {
        "source": "OpenStreetMap",
        "source_id": "way/833886315",
        "domain": "public",
        "asset_type": "post",
        "confidence": "medium",
        "missing_fields": [],
        "limitations": [
          "OSM public-service completeness and tagging vary by area and facility type.",
          "A facility tag is evidence of mapped semantics, not service availability, capacity, accessibility or operating status.",
          "BDOT10k building geometry is retained only as topographic comparison context and cannot establish facility semantics.",
          "No qualified PRG public-service facility class is enabled for this domain pack."
        ],
        "eligible_for_analysis": true,
        "osm_tags": {
          "name": "Poczta Polska",
          "source": "www.geoportal.gov.pl",
          "amenity": "post_office",
          "building": "yes",
          "opening_hours": "Mo 09:00-20:00; Tu-Fr 09:30-16:00"
        }
      },
      "geometry": {
        "type": "Polygon",
        "coordinates": [
          [
            [
              18.5764373,
              50.104045000000006
            ],
            [
              18.5763843,
              50.1039806
            ],
            [
              18.5762314,
              50.104032799999985
            ],
            [
              18.5762841,
              50.1040971
            ],
            [
              18.5764373,
              50.104045000000006
            ]
          ]
        ]
      }
    },
    {
      "type": "Feature",
      "properties": {
        "source": "OpenStreetMap",
        "source_id": "way/958596899",
        "domain": "public",
        "asset_type": "post",
        "confidence": "medium",
        "missing_fields": [],
        "limitations": [
          "OSM public-service completeness and tagging vary by area and facility type.",
          "A facility tag is evidence of mapped semantics, not service availability, capacity, accessibility or operating status.",
          "BDOT10k building geometry is retained only as topographic comparison context and cannot establish facility semantics.",
          "No qualified PRG public-service facility class is enabled for this domain pack."
        ],
        "eligible_for_analysis": true,
        "osm_tags": {
          "name": "GLS",
          "operator": "GLS",
          "operator:wikidata": "Q366182",
          "website": "https://gls-group.com/PL/pl/home?utm_medium=organic&utm_source=bing_maps&utm_campaign=bing_maps&utm_content=web_url",
          "amenity": "post_office",
          "building": "yes",
          "opening_hours": "Mo-Fr 10:00-18:00, Sa 09:00-12:00",
          "phone": "+48 32 493 36 50"
        }
      },
      "geometry": {
        "type": "Polygon",
        "coordinates": [
          [
            [
              18.491636,
              50.014137899999994
            ],
            [
              18.4919192,
              50.0136232
            ],
            [
              18.4916502,
              50.013562099999994
            ],
            [
              18.4913668,
              50.0140767
            ],
            [
              18.491636,
              50.014137899999994
            ]
          ]
        ]
      }
    },
    {
      "type": "Feature",
      "properties": {
        "source": "OpenStreetMap",
        "source_id": "way/1097541052",
        "domain": "public",
        "asset_type": "post",
        "confidence": "medium",
        "missing_fields": [],
        "limitations": [
          "OSM public-service completeness and tagging vary by area and facility type.",
          "A facility tag is evidence of mapped semantics, not service availability, capacity, accessibility or operating status.",
          "BDOT10k building geometry is retained only as topographic comparison context and cannot establish facility semantics.",
          "No qualified PRG public-service facility class is enabled for this domain pack."
        ],
        "eligible_for_analysis": true,
        "osm_tags": {
          "name": "Poczta Polska",
          "amenity": "post_office",
          "building": "yes"
        }
      },
      "geometry": {
        "type": "Polygon",
        "coordinates": [
          [
            [
              18.6238987,
              50.3982266
            ],
            [
              18.6239747,
              50.3982327
            ],
            [
              18.6239958,
              50.39812479999999
            ],
            [
              18.6238519,
              50.3981132
            ],
            [
              18.6236995,
              50.39810099999998
            ],
            [
              18.6236975,
              50.39811159999999
            ],
            [
              18.6236783,
              50.398208999999994
            ],
            [
              18.6238987,
              50.3982266
            ]
          ]
        ]
      }
    },
    {
      "type": "Feature",
      "properties": {
        "source": "OpenStreetMap",
        "source_id": "way/1220381351",
        "domain": "public",
        "asset_type": "post",
        "confidence": "medium",
        "missing_fields": [],
        "limitations": [
          "OSM public-service completeness and tagging vary by area and facility type.",
          "A facility tag is evidence of mapped semantics, not service availability, capacity, accessibility or operating status.",
          "BDOT10k building geometry is retained only as topographic comparison context and cannot establish facility semantics.",
          "No qualified PRG public-service facility class is enabled for this domain pack."
        ],
        "eligible_for_analysis": true,
        "osm_tags": {
          "name": "Poczta Polska",
          "amenity": "post_office"
        }
      },
      "geometry": {
        "type": "Polygon",
        "coordinates": [
          [
            [
              18.8663028,
              50.27538849999999
            ],
            [
              18.8662641,
              50.2753451
            ],
            [
              18.8662226,
              50.2753602
            ],
            [
              18.8662614,
              50.2754036
            ],
            [
              18.8663028,
              50.27538849999999
            ]
          ]
        ]
      }
    },
    {
      "type": "Feature",
      "properties": {
        "source": "OpenStreetMap",
        "source_id": "way/1321574690",
        "domain": "public",
        "asset_type": "post",
        "confidence": "medium",
        "missing_fields": [],
        "limitations": [
          "OSM public-service completeness and tagging vary by area and facility type.",
          "A facility tag is evidence of mapped semantics, not service availability, capacity, accessibility or operating status.",
          "BDOT10k building geometry is retained only as topographic comparison context and cannot establish facility semantics.",
          "No qualified PRG public-service facility class is enabled for this domain pack."
        ],
        "eligible_for_analysis": true,
        "osm_tags": {
          "amenity": "post_office"
        }
      },
      "geometry": {
        "type": "Polygon",
        "coordinates": [
          [
            [
              18.7884739,
              50.311648600000005
            ],
            [
              18.78839,
              50.3116339
            ],
            [
              18.7883744,
              50.3116692
            ],
            [
              18.7884108,
              50.3116757
            ],
            [
              18.7883943,
              50.3117136
            ],
            [
              18.7884116,
              50.311716700000005
            ],
            [
              18.7884411,
              50.311722100000004
            ],
            [
              18.7884739,
              50.311648600000005
            ]
          ]
        ]
      }
    },
    {
      "type": "Feature",
      "properties": {
        "source": "OpenStreetMap",
        "source_id": "way/1360974845",
        "domain": "public",
        "asset_type": "post",
        "confidence": "medium",
        "missing_fields": [],
        "limitations": [
          "OSM public-service completeness and tagging vary by area and facility type.",
          "A facility tag is evidence of mapped semantics, not service availability, capacity, accessibility or operating status.",
          "BDOT10k building geometry is retained only as topographic comparison context and cannot establish facility semantics.",
          "No qualified PRG public-service facility class is enabled for this domain pack."
        ],
        "eligible_for_analysis": true,
        "osm_tags": {
          "name": "Poczta Polska",
          "amenity": "post_office"
        }
      },
      "geometry": {
        "type": "Polygon",
        "coordinates": [
          [
            [
              18.987886400000004,
              50.2237333
            ],
            [
              18.9877669,
              50.2237963
            ],
            [
              18.9878116,
              50.223811700000006
            ],
            [
              18.9879155,
              50.22375569999999
            ],
            [
              18.987886400000004,
              50.2237333
            ]
          ]
        ]
      }
    },
    {
      "type": "Feature",
      "properties": {
        "source": "OpenStreetMap",
        "source_id": "way/1495627434",
        "domain": "public",
        "asset_type": "post",
        "confidence": "medium",
        "missing_fields": [],
        "limitations": [
          "OSM public-service completeness and tagging vary by area and facility type.",
          "A facility tag is evidence of mapped semantics, not service availability, capacity, accessibility or operating status.",
          "BDOT10k building geometry is retained only as topographic comparison context and cannot establish facility semantics.",
          "No qualified PRG public-service facility class is enabled for this domain pack."
        ],
        "eligible_for_analysis": true,
        "osm_tags": {
          "amenity": "post_office",
          "opening_hours": "Mo-Sa 09:00-21:00",
          "phone": "+48 32 271 58 58"
        }
      },
      "geometry": {
        "type": "Polygon",
        "coordinates": [
          [
            [
              18.7524183,
              50.3188787
            ],
            [
              18.7523137,
              50.3189141
            ],
            [
              18.7523466,
              50.318947300000005
            ],
            [
              18.7524668,
              50.3189371
            ],
            [
              18.7524183,
              50.3188787
            ]
          ]
        ]
      }
    },
    {
      "type": "Feature",
      "properties": {
        "source": "OpenStreetMap",
        "source_id": "way/1531030444",
        "domain": "public",
        "asset_type": "post",
        "confidence": "medium",
        "missing_fields": [],
        "limitations": [
          "OSM public-service completeness and tagging vary by area and facility type.",
          "A facility tag is evidence of mapped semantics, not service availability, capacity, accessibility or operating status.",
          "BDOT10k building geometry is retained only as topographic comparison context and cannot establish facility semantics.",
          "No qualified PRG public-service facility class is enabled for this domain pack."
        ],
        "eligible_for_analysis": true,
        "osm_tags": {
          "name": "Poczta Polska",
          "amenity": "post_office",
          "building": "yes",
          "opening_hours": "Mo-Fr 09:00-17:00"
        }
      },
      "geometry": {
        "type": "Polygon",
        "coordinates": [
          [
            [
              18.6561436,
              50.3226399
            ],
            [
              18.6561627,
              50.3225929
            ],
            [
              18.656105,
              50.3225836
            ],
            [
              18.6559492,
              50.32255829999999
            ],
            [
              18.6559136,
              50.32265120000001
            ],
            [
              18.6561248,
              50.3226861
            ],
            [
              18.6561436,
              50.3226399
            ]
          ]
        ]
      }
    }
  ]
}