{
  "type": "FeatureCollection",
  "metadata": {
    "cache_layout_version": "provider_cache/v1",
    "geojson_contract_version": "provider_geojson/v1",
    "aoi_id": "rybnik_35km",
    "domain": "public",
    "layer_id": "public.community_social",
    "source": "OpenStreetMap",
    "source_type": "analytical_vector",
    "source_registry_id": "openstreetmap",
    "source_url": "https://overpass-api.de/api/interpreter",
    "source_query": "Bounded Overpass snapshot: explicit public-service amenity and office tags within the Rybnik 35 km AOI.",
    "snapshot_at": "2026-08-03T20:30:00Z",
    "pipeline_version": "geo_pipeline/public-services/v1",
    "query_version": "public-osm/v1",
    "validation_status_raw": "warning",
    "quality_status": "warning",
    "confidence": "medium",
    "limitations": [
      "OSM public-service completeness and tagging vary by area and facility type.",
      "A facility tag is evidence of mapped semantics, not service availability, capacity, accessibility or operating status.",
      "BDOT10k building geometry is retained only as topographic comparison context and cannot establish facility semantics.",
      "No qualified PRG public-service facility class is enabled for this domain pack."
    ],
    "eligible_for_analysis": true,
    "readiness": "usable_with_limitations",
    "contract_version": "provider_geojson/v1",
    "feature_count": 513
  },
  "features": [
    {
      "type": "Feature",
      "properties": {
        "source": "OpenStreetMap",
        "source_id": "node/367899070",
        "domain": "public",
        "asset_type": "community_social",
        "confidence": "medium",
        "missing_fields": [],
        "limitations": [
          "OSM public-service completeness and tagging vary by area and facility type.",
          "A facility tag is evidence of mapped semantics, not service availability, capacity, accessibility or operating status.",
          "BDOT10k building geometry is retained only as topographic comparison context and cannot establish facility semantics.",
          "No qualified PRG public-service facility class is enabled for this domain pack."
        ],
        "eligible_for_analysis": true,
        "osm_tags": {
          "name": "Knihovna",
          "amenity": "library"
        }
      },
      "geometry": {
        "type": "Point",
        "coordinates": [
          18.2557943,
          49.9460284
        ]
      }
    },
    {
      "type": "Feature",
      "properties": {
        "source": "OpenStreetMap",
        "source_id": "node/488766278",
        "domain": "public",
        "asset_type": "community_social",
        "confidence": "medium",
        "missing_fields": [],
        "limitations": [
          "OSM public-service completeness and tagging vary by area and facility type.",
          "A facility tag is evidence of mapped semantics, not service availability, capacity, accessibility or operating status.",
          "BDOT10k building geometry is retained only as topographic comparison context and cannot establish facility semantics.",
          "No qualified PRG public-service facility class is enabled for this domain pack."
        ],
        "eligible_for_analysis": true,
        "osm_tags": {
          "name": "DFK Tworków",
          "website": "http://tworkow.pl/DFK/DFK_Polski/Strona_domowa.html",
          "amenity": "arts_centre"
        }
      },
      "geometry": {
        "type": "Point",
        "coordinates": [
          18.2353473,
          50.00741150000001
        ]
      }
    },
    {
      "type": "Feature",
      "properties": {
        "source": "OpenStreetMap",
        "source_id": "node/945717972",
        "domain": "public",
        "asset_type": "community_social",
        "confidence": "medium",
        "missing_fields": [],
        "limitations": [
          "OSM public-service completeness and tagging vary by area and facility type.",
          "A facility tag is evidence of mapped semantics, not service availability, capacity, accessibility or operating status.",
          "BDOT10k building geometry is retained only as topographic comparison context and cannot establish facility semantics.",
          "No qualified PRG public-service facility class is enabled for this domain pack."
        ],
        "eligible_for_analysis": true,
        "osm_tags": {
          "name": "Kulturní dům Michálkovice",
          "amenity": "community_centre"
        }
      },
      "geometry": {
        "type": "Point",
        "coordinates": [
          18.3468232,
          49.84240440000001
        ]
      }
    },
    {
      "type": "Feature",
      "properties": {
        "source": "OpenStreetMap",
        "source_id": "node/1027209519",
        "domain": "public",
        "asset_type": "community_social",
        "confidence": "medium",
        "missing_fields": [],
        "limitations": [
          "OSM public-service completeness and tagging vary by area and facility type.",
          "A facility tag is evidence of mapped semantics, not service availability, capacity, accessibility or operating status.",
          "BDOT10k building geometry is retained only as topographic comparison context and cannot establish facility semantics.",
          "No qualified PRG public-service facility class is enabled for this domain pack."
        ],
        "eligible_for_analysis": true,
        "osm_tags": {
          "name": "Miejska Biblioteka Publiczna Filia nr 9",
          "amenity": "library",
          "opening_hours": "Mo,We,Fr 11:00-19:00; Tu,Th,Sa 08:00-15:00"
        }
      },
      "geometry": {
        "type": "Point",
        "coordinates": [
          18.6455149,
          50.300567
        ]
      }
    },
    {
      "type": "Feature",
      "properties": {
        "source": "OpenStreetMap",
        "source_id": "node/1035294961",
        "domain": "public",
        "asset_type": "community_social",
        "confidence": "medium",
        "missing_fields": [],
        "limitations": [
          "OSM public-service completeness and tagging vary by area and facility type.",
          "A facility tag is evidence of mapped semantics, not service availability, capacity, accessibility or operating status.",
          "BDOT10k building geometry is retained only as topographic comparison context and cannot establish facility semantics.",
          "No qualified PRG public-service facility class is enabled for this domain pack."
        ],
        "eligible_for_analysis": true,
        "osm_tags": {
          "name": "Chatka",
          "amenity": "community_centre"
        }
      },
      "geometry": {
        "type": "Point",
        "coordinates": [
          18.6426044,
          50.30025580000001
        ]
      }
    },
    {
      "type": "Feature",
      "properties": {
        "source": "OpenStreetMap",
        "source_id": "node/1200706518",
        "domain": "public",
        "asset_type": "community_social",
        "confidence": "medium",
        "missing_fields": [],
        "limitations": [
          "OSM public-service completeness and tagging vary by area and facility type.",
          "A facility tag is evidence of mapped semantics, not service availability, capacity, accessibility or operating status.",
          "BDOT10k building geometry is retained only as topographic comparison context and cannot establish facility semantics.",
          "No qualified PRG public-service facility class is enabled for this domain pack."
        ],
        "eligible_for_analysis": true,
        "osm_tags": {
          "name": "Młodzieżowy Dom Kultury",
          "amenity": "arts_centre",
          "wheelchair": "limited"
        }
      },
      "geometry": {
        "type": "Point",
        "coordinates": [
          18.6779287,
          50.25056910000001
        ]
      }
    },
    {
      "type": "Feature",
      "properties": {
        "source": "OpenStreetMap",
        "source_id": "node/1377652871",
        "domain": "public",
        "asset_type": "community_social",
        "confidence": "medium",
        "missing_fields": [],
        "limitations": [
          "OSM public-service completeness and tagging vary by area and facility type.",
          "A facility tag is evidence of mapped semantics, not service availability, capacity, accessibility or operating status.",
          "BDOT10k building geometry is retained only as topographic comparison context and cannot establish facility semantics.",
          "No qualified PRG public-service facility class is enabled for this domain pack."
        ],
        "eligible_for_analysis": true,
        "osm_tags": {
          "name": "Gminny Ośrodek Kultury",
          "amenity": "arts_centre"
        }
      },
      "geometry": {
        "type": "Point",
        "coordinates": [
          18.4031277,
          49.958164
        ]
      }
    },
    {
      "type": "Feature",
      "properties": {
        "source": "OpenStreetMap",
        "source_id": "node/1394775787",
        "domain": "public",
        "asset_type": "community_social",
        "confidence": "medium",
        "missing_fields": [],
        "limitations": [
          "OSM public-service completeness and tagging vary by area and facility type.",
          "A facility tag is evidence of mapped semantics, not service availability, capacity, accessibility or operating status.",
          "BDOT10k building geometry is retained only as topographic comparison context and cannot establish facility semantics.",
          "No qualified PRG public-service facility class is enabled for this domain pack."
        ],
        "eligible_for_analysis": true,
        "osm_tags": {
          "name": "Gminny Ośrodek Kultury w Lubomi",
          "website": "http://www.gok.lubomia.pl/",
          "amenity": "arts_centre",
          "phone": "+4832 4516094"
        }
      },
      "geometry": {
        "type": "Point",
        "coordinates": [
          18.3093249,
          50.040525499999994
        ]
      }
    },
    {
      "type": "Feature",
      "properties": {
        "source": "OpenStreetMap",
        "source_id": "node/1630954252",
        "domain": "public",
        "asset_type": "community_social",
        "confidence": "medium",
        "missing_fields": [],
        "limitations": [
          "OSM public-service completeness and tagging vary by area and facility type.",
          "A facility tag is evidence of mapped semantics, not service availability, capacity, accessibility or operating status.",
          "BDOT10k building geometry is retained only as topographic comparison context and cannot establish facility semantics.",
          "No qualified PRG public-service facility class is enabled for this domain pack."
        ],
        "eligible_for_analysis": true,
        "osm_tags": {
          "name": "Miejska Biblioteka Publiczna Filia nr 3",
          "website": "http://mbp.tychy.pl/lista-kontaktow/120-filie/17-filia-nr-3",
          "amenity": "library",
          "opening_hours": "Mo 10:00-16:00; Tu 09:00-16:00; We-Fr 11:30-19:00",
          "phone": "+48 322272732",
          "email": "filia3@mbp.tychy.pl"
        }
      },
      "geometry": {
        "type": "Point",
        "coordinates": [
          18.9850544,
          50.12602509999999
        ]
      }
    },
    {
      "type": "Feature",
      "properties": {
        "source": "OpenStreetMap",
        "source_id": "node/1643543435",
        "domain": "public",
        "asset_type": "community_social",
        "confidence": "medium",
        "missing_fields": [],
        "limitations": [
          "OSM public-service completeness and tagging vary by area and facility type.",
          "A facility tag is evidence of mapped semantics, not service availability, capacity, accessibility or operating status.",
          "BDOT10k building geometry is retained only as topographic comparison context and cannot establish facility semantics.",
          "No qualified PRG public-service facility class is enabled for this domain pack."
        ],
        "eligible_for_analysis": true,
        "osm_tags": {
          "name": "Biblioteka",
          "amenity": "library"
        }
      },
      "geometry": {
        "type": "Point",
        "coordinates": [
          18.6091762,
          50.226908899999984
        ]
      }
    },
    {
      "type": "Feature",
      "properties": {
        "source": "OpenStreetMap",
        "source_id": "node/1652542556",
        "domain": "public",
        "asset_type": "community_social",
        "confidence": "medium",
        "missing_fields": [],
        "limitations": [
          "OSM public-service completeness and tagging vary by area and facility type.",
          "A facility tag is evidence of mapped semantics, not service availability, capacity, accessibility or operating status.",
          "BDOT10k building geometry is retained only as topographic comparison context and cannot establish facility semantics.",
          "No qualified PRG public-service facility class is enabled for this domain pack."
        ],
        "eligible_for_analysis": true,
        "osm_tags": {
          "name": "Miejska Biblioteka Publiczna Filia Nr 15",
          "website": "http://biblioteka.r-sl.pl/",
          "source": "OSM Tracker, knowledge",
          "amenity": "library"
        }
      },
      "geometry": {
        "type": "Point",
        "coordinates": [
          18.9130966,
          50.252274799999995
        ]
      }
    },
    {
      "type": "Feature",
      "properties": {
        "source": "OpenStreetMap",
        "source_id": "node/1684831049",
        "domain": "public",
        "asset_type": "community_social",
        "confidence": "medium",
        "missing_fields": [],
        "limitations": [
          "OSM public-service completeness and tagging vary by area and facility type.",
          "A facility tag is evidence of mapped semantics, not service availability, capacity, accessibility or operating status.",
          "BDOT10k building geometry is retained only as topographic comparison context and cannot establish facility semantics.",
          "No qualified PRG public-service facility class is enabled for this domain pack."
        ],
        "eligible_for_analysis": true,
        "osm_tags": {
          "name": "Kulturní dům",
          "operator": "Město Petřvald",
          "amenity": "community_centre"
        }
      },
      "geometry": {
        "type": "Point",
        "coordinates": [
          18.3880795,
          49.83124649999999
        ]
      }
    },
    {
      "type": "Feature",
      "properties": {
        "source": "OpenStreetMap",
        "source_id": "node/1684831050",
        "domain": "public",
        "asset_type": "community_social",
        "confidence": "medium",
        "missing_fields": [],
        "limitations": [
          "OSM public-service completeness and tagging vary by area and facility type.",
          "A facility tag is evidence of mapped semantics, not service availability, capacity, accessibility or operating status.",
          "BDOT10k building geometry is retained only as topographic comparison context and cannot establish facility semantics.",
          "No qualified PRG public-service facility class is enabled for this domain pack."
        ],
        "eligible_for_analysis": true,
        "osm_tags": {
          "name": "Středisko volného času DOMEK",
          "operator": "Město Petřvald",
          "website": "https://svc-domek.webnode.cz/",
          "amenity": "community_centre",
          "opening_hours": "Mo-Fr 08:00-17:00; Sa off; Su 13:00-17:00"
        }
      },
      "geometry": {
        "type": "Point",
        "coordinates": [
          18.3860123,
          49.831050299999994
        ]
      }
    },
    {
      "type": "Feature",
      "properties": {
        "source": "OpenStreetMap",
        "source_id": "node/1684831148",
        "domain": "public",
        "asset_type": "community_social",
        "confidence": "medium",
        "missing_fields": [],
        "limitations": [
          "OSM public-service completeness and tagging vary by area and facility type.",
          "A facility tag is evidence of mapped semantics, not service availability, capacity, accessibility or operating status.",
          "BDOT10k building geometry is retained only as topographic comparison context and cannot establish facility semantics.",
          "No qualified PRG public-service facility class is enabled for this domain pack."
        ],
        "eligible_for_analysis": true,
        "osm_tags": {
          "amenity": "library"
        }
      },
      "geometry": {
        "type": "Point",
        "coordinates": [
          18.3865543,
          49.831046099999995
        ]
      }
    },
    {
      "type": "Feature",
      "properties": {
        "source": "OpenStreetMap",
        "source_id": "node/1719497229",
        "domain": "public",
        "asset_type": "community_social",
        "confidence": "medium",
        "missing_fields": [],
        "limitations": [
          "OSM public-service completeness and tagging vary by area and facility type.",
          "A facility tag is evidence of mapped semantics, not service availability, capacity, accessibility or operating status.",
          "BDOT10k building geometry is retained only as topographic comparison context and cannot establish facility semantics.",
          "No qualified PRG public-service facility class is enabled for this domain pack."
        ],
        "eligible_for_analysis": true,
        "osm_tags": {
          "name": "Miejska Biblioteka Publiczna Filia nr 14",
          "amenity": "library"
        }
      },
      "geometry": {
        "type": "Point",
        "coordinates": [
          18.8874069,
          50.32189429999999
        ]
      }
    },
    {
      "type": "Feature",
      "properties": {
        "source": "OpenStreetMap",
        "source_id": "node/1721948861",
        "domain": "public",
        "asset_type": "community_social",
        "confidence": "medium",
        "missing_fields": [],
        "limitations": [
          "OSM public-service completeness and tagging vary by area and facility type.",
          "A facility tag is evidence of mapped semantics, not service availability, capacity, accessibility or operating status.",
          "BDOT10k building geometry is retained only as topographic comparison context and cannot establish facility semantics.",
          "No qualified PRG public-service facility class is enabled for this domain pack."
        ],
        "eligible_for_analysis": true,
        "osm_tags": {
          "name": "Zabrzańskie centrum świadczeń rodzinnych",
          "amenity": "social_facility"
        }
      },
      "geometry": {
        "type": "Point",
        "coordinates": [
          18.7843065,
          50.3061711
        ]
      }
    },
    {
      "type": "Feature",
      "properties": {
        "source": "OpenStreetMap",
        "source_id": "node/1738418707",
        "domain": "public",
        "asset_type": "community_social",
        "confidence": "medium",
        "missing_fields": [],
        "limitations": [
          "OSM public-service completeness and tagging vary by area and facility type.",
          "A facility tag is evidence of mapped semantics, not service availability, capacity, accessibility or operating status.",
          "BDOT10k building geometry is retained only as topographic comparison context and cannot establish facility semantics.",
          "No qualified PRG public-service facility class is enabled for this domain pack."
        ],
        "eligible_for_analysis": true,
        "osm_tags": {
          "name": "MBP filia nr 6",
          "amenity": "library"
        }
      },
      "geometry": {
        "type": "Point",
        "coordinates": [
          18.996347,
          50.1182977
        ]
      }
    },
    {
      "type": "Feature",
      "properties": {
        "source": "OpenStreetMap",
        "source_id": "node/1738418712",
        "domain": "public",
        "asset_type": "community_social",
        "confidence": "medium",
        "missing_fields": [],
        "limitations": [
          "OSM public-service completeness and tagging vary by area and facility type.",
          "A facility tag is evidence of mapped semantics, not service availability, capacity, accessibility or operating status.",
          "BDOT10k building geometry is retained only as topographic comparison context and cannot establish facility semantics.",
          "No qualified PRG public-service facility class is enabled for this domain pack."
        ],
        "eligible_for_analysis": true,
        "osm_tags": {
          "name": "MBP filia nr 13",
          "amenity": "library"
        }
      },
      "geometry": {
        "type": "Point",
        "coordinates": [
          18.9958452,
          50.11382890000001
        ]
      }
    },
    {
      "type": "Feature",
      "properties": {
        "source": "OpenStreetMap",
        "source_id": "node/1738418713",
        "domain": "public",
        "asset_type": "community_social",
        "confidence": "medium",
        "missing_fields": [],
        "limitations": [
          "OSM public-service completeness and tagging vary by area and facility type.",
          "A facility tag is evidence of mapped semantics, not service availability, capacity, accessibility or operating status.",
          "BDOT10k building geometry is retained only as topographic comparison context and cannot establish facility semantics.",
          "No qualified PRG public-service facility class is enabled for this domain pack."
        ],
        "eligible_for_analysis": true,
        "osm_tags": {
          "name": "MBP filia nr 5",
          "amenity": "library"
        }
      },
      "geometry": {
        "type": "Point",
        "coordinates": [
          18.9895233,
          50.1140355
        ]
      }
    },
    {
      "type": "Feature",
      "properties": {
        "source": "OpenStreetMap",
        "source_id": "node/1738549210",
        "domain": "public",
        "asset_type": "community_social",
        "confidence": "medium",
        "missing_fields": [],
        "limitations": [
          "OSM public-service completeness and tagging vary by area and facility type.",
          "A facility tag is evidence of mapped semantics, not service availability, capacity, accessibility or operating status.",
          "BDOT10k building geometry is retained only as topographic comparison context and cannot establish facility semantics.",
          "No qualified PRG public-service facility class is enabled for this domain pack."
        ],
        "eligible_for_analysis": true,
        "osm_tags": {
          "name": "MBP Filia nr 14",
          "amenity": "library"
        }
      },
      "geometry": {
        "type": "Point",
        "coordinates": [
          18.9870633,
          50.0954896
        ]
      }
    },
    {
      "type": "Feature",
      "properties": {
        "source": "OpenStreetMap",
        "source_id": "node/1738549216",
        "domain": "public",
        "asset_type": "community_social",
        "confidence": "medium",
        "missing_fields": [],
        "limitations": [
          "OSM public-service completeness and tagging vary by area and facility type.",
          "A facility tag is evidence of mapped semantics, not service availability, capacity, accessibility or operating status.",
          "BDOT10k building geometry is retained only as topographic comparison context and cannot establish facility semantics.",
          "No qualified PRG public-service facility class is enabled for this domain pack."
        ],
        "eligible_for_analysis": true,
        "osm_tags": {
          "name": "MBP Filia nr 12",
          "amenity": "library",
          "opening_hours": "Mo 10:00-16:00; Tu 09:00-16:00; We-Fr 10:30-18:00",
          "wheelchair": "yes"
        }
      },
      "geometry": {
        "type": "Point",
        "coordinates": [
          18.999126,
          50.0891338
        ]
      }
    },
    {
      "type": "Feature",
      "properties": {
        "source": "OpenStreetMap",
        "source_id": "node/1738549219",
        "domain": "public",
        "asset_type": "community_social",
        "confidence": "medium",
        "missing_fields": [],
        "limitations": [
          "OSM public-service completeness and tagging vary by area and facility type.",
          "A facility tag is evidence of mapped semantics, not service availability, capacity, accessibility or operating status.",
          "BDOT10k building geometry is retained only as topographic comparison context and cannot establish facility semantics.",
          "No qualified PRG public-service facility class is enabled for this domain pack."
        ],
        "eligible_for_analysis": true,
        "osm_tags": {
          "name": "MBP FIlia nr 15",
          "website": "https://mbp.tychy.pl/p,186,filie-biblioteczne",
          "amenity": "library",
          "opening_hours": "Tu 09:00-15:00; Th 11:00-16:00",
          "contact:phone": "+48 32 329 80 00"
        }
      },
      "geometry": {
        "type": "Point",
        "coordinates": [
          18.9934474,
          50.14244049999999
        ]
      }
    },
    {
      "type": "Feature",
      "properties": {
        "source": "OpenStreetMap",
        "source_id": "node/1738549225",
        "domain": "public",
        "asset_type": "community_social",
        "confidence": "medium",
        "missing_fields": [],
        "limitations": [
          "OSM public-service completeness and tagging vary by area and facility type.",
          "A facility tag is evidence of mapped semantics, not service availability, capacity, accessibility or operating status.",
          "BDOT10k building geometry is retained only as topographic comparison context and cannot establish facility semantics.",
          "No qualified PRG public-service facility class is enabled for this domain pack."
        ],
        "eligible_for_analysis": true,
        "osm_tags": {
          "name": "MBP Filia nr 9",
          "amenity": "library"
        }
      },
      "geometry": {
        "type": "Point",
        "coordinates": [
          19.007382,
          50.11336029999999
        ]
      }
    },
    {
      "type": "Feature",
      "properties": {
        "source": "OpenStreetMap",
        "source_id": "node/1738573578",
        "domain": "public",
        "asset_type": "community_social",
        "confidence": "medium",
        "missing_fields": [],
        "limitations": [
          "OSM public-service completeness and tagging vary by area and facility type.",
          "A facility tag is evidence of mapped semantics, not service availability, capacity, accessibility or operating status.",
          "BDOT10k building geometry is retained only as topographic comparison context and cannot establish facility semantics.",
          "No qualified PRG public-service facility class is enabled for this domain pack."
        ],
        "eligible_for_analysis": true,
        "osm_tags": {
          "name": "MBP FIlia nr 11",
          "amenity": "library"
        }
      },
      "geometry": {
        "type": "Point",
        "coordinates": [
          18.9809051,
          50.11674549999999
        ]
      }
    },
    {
      "type": "Feature",
      "properties": {
        "source": "OpenStreetMap",
        "source_id": "node/1738573605",
        "domain": "public",
        "asset_type": "community_social",
        "confidence": "medium",
        "missing_fields": [],
        "limitations": [
          "OSM public-service completeness and tagging vary by area and facility type.",
          "A facility tag is evidence of mapped semantics, not service availability, capacity, accessibility or operating status.",
          "BDOT10k building geometry is retained only as topographic comparison context and cannot establish facility semantics.",
          "No qualified PRG public-service facility class is enabled for this domain pack."
        ],
        "eligible_for_analysis": true,
        "osm_tags": {
          "name": "Biblioteka Wyższej Szkoły Zarządzania i Nauk Społecznych",
          "amenity": "library"
        }
      },
      "geometry": {
        "type": "Point",
        "coordinates": [
          18.9896996,
          50.11847069999999
        ]
      }
    },
    {
      "type": "Feature",
      "properties": {
        "source": "OpenStreetMap",
        "source_id": "node/1738573611",
        "domain": "public",
        "asset_type": "community_social",
        "confidence": "medium",
        "missing_fields": [],
        "limitations": [
          "OSM public-service completeness and tagging vary by area and facility type.",
          "A facility tag is evidence of mapped semantics, not service availability, capacity, accessibility or operating status.",
          "BDOT10k building geometry is retained only as topographic comparison context and cannot establish facility semantics.",
          "No qualified PRG public-service facility class is enabled for this domain pack."
        ],
        "eligible_for_analysis": true,
        "osm_tags": {
          "name": "MBP FIlia nr 18",
          "amenity": "library",
          "wheelchair": "yes"
        }
      },
      "geometry": {
        "type": "Point",
        "coordinates": [
          18.9747778,
          50.1096275
        ]
      }
    },
    {
      "type": "Feature",
      "properties": {
        "source": "OpenStreetMap",
        "source_id": "node/1738573638",
        "domain": "public",
        "asset_type": "community_social",
        "confidence": "medium",
        "missing_fields": [],
        "limitations": [
          "OSM public-service completeness and tagging vary by area and facility type.",
          "A facility tag is evidence of mapped semantics, not service availability, capacity, accessibility or operating status.",
          "BDOT10k building geometry is retained only as topographic comparison context and cannot establish facility semantics.",
          "No qualified PRG public-service facility class is enabled for this domain pack."
        ],
        "eligible_for_analysis": true,
        "osm_tags": {
          "name": "MBP Filia nr 4",
          "amenity": "library"
        }
      },
      "geometry": {
        "type": "Point",
        "coordinates": [
          18.9874821,
          50.1181624
        ]
      }
    },
    {
      "type": "Feature",
      "properties": {
        "source": "OpenStreetMap",
        "source_id": "node/1738573645",
        "domain": "public",
        "asset_type": "community_social",
        "confidence": "medium",
        "missing_fields": [],
        "limitations": [
          "OSM public-service completeness and tagging vary by area and facility type.",
          "A facility tag is evidence of mapped semantics, not service availability, capacity, accessibility or operating status.",
          "BDOT10k building geometry is retained only as topographic comparison context and cannot establish facility semantics.",
          "No qualified PRG public-service facility class is enabled for this domain pack."
        ],
        "eligible_for_analysis": true,
        "osm_tags": {
          "name": "MBP Filia nr 1",
          "amenity": "library",
          "opening_hours": "Mo 10:00-16:00; Tu 09:00-16:00; We-Fr 10:00-18:00",
          "phone": "+48 32 227 38 32"
        }
      },
      "geometry": {
        "type": "Point",
        "coordinates": [
          18.9693193,
          50.133515499999994
        ]
      }
    },
    {
      "type": "Feature",
      "properties": {
        "source": "OpenStreetMap",
        "source_id": "node/1738573671",
        "domain": "public",
        "asset_type": "community_social",
        "confidence": "medium",
        "missing_fields": [],
        "limitations": [
          "OSM public-service completeness and tagging vary by area and facility type.",
          "A facility tag is evidence of mapped semantics, not service availability, capacity, accessibility or operating status.",
          "BDOT10k building geometry is retained only as topographic comparison context and cannot establish facility semantics.",
          "No qualified PRG public-service facility class is enabled for this domain pack."
        ],
        "eligible_for_analysis": true,
        "osm_tags": {
          "name": "MBP Filia nr 2 dla Dzieci i Młodzieży",
          "amenity": "library",
          "phone": "+48 32 227 28 33"
        }
      },
      "geometry": {
        "type": "Point",
        "coordinates": [
          18.9693283,
          50.1341651
        ]
      }
    },
    {
      "type": "Feature",
      "properties": {
        "source": "OpenStreetMap",
        "source_id": "node/1740232328",
        "domain": "public",
        "asset_type": "community_social",
        "confidence": "medium",
        "missing_fields": [],
        "limitations": [
          "OSM public-service completeness and tagging vary by area and facility type.",
          "A facility tag is evidence of mapped semantics, not service availability, capacity, accessibility or operating status.",
          "BDOT10k building geometry is retained only as topographic comparison context and cannot establish facility semantics.",
          "No qualified PRG public-service facility class is enabled for this domain pack."
        ],
        "eligible_for_analysis": true,
        "osm_tags": {
          "name": "Biblioteka Miejska",
          "amenity": "library",
          "opening_hours": "Mo-Fr 08:30-18:30"
        }
      },
      "geometry": {
        "type": "Point",
        "coordinates": [
          18.903013900000005,
          50.16886329999999
        ]
      }
    },
    {
      "type": "Feature",
      "properties": {
        "source": "OpenStreetMap",
        "source_id": "node/1744316229",
        "domain": "public",
        "asset_type": "community_social",
        "confidence": "medium",
        "missing_fields": [],
        "limitations": [
          "OSM public-service completeness and tagging vary by area and facility type.",
          "A facility tag is evidence of mapped semantics, not service availability, capacity, accessibility or operating status.",
          "BDOT10k building geometry is retained only as topographic comparison context and cannot establish facility semantics.",
          "No qualified PRG public-service facility class is enabled for this domain pack."
        ],
        "eligible_for_analysis": true,
        "osm_tags": {
          "name": "Regionální knihovna Karviná",
          "amenity": "library"
        }
      },
      "geometry": {
        "type": "Point",
        "coordinates": [
          18.5543138,
          49.8559451
        ]
      }
    },
    {
      "type": "Feature",
      "properties": {
        "source": "OpenStreetMap",
        "source_id": "node/1744467656",
        "domain": "public",
        "asset_type": "community_social",
        "confidence": "medium",
        "missing_fields": [],
        "limitations": [
          "OSM public-service completeness and tagging vary by area and facility type.",
          "A facility tag is evidence of mapped semantics, not service availability, capacity, accessibility or operating status.",
          "BDOT10k building geometry is retained only as topographic comparison context and cannot establish facility semantics.",
          "No qualified PRG public-service facility class is enabled for this domain pack."
        ],
        "eligible_for_analysis": true,
        "osm_tags": {
          "amenity": "library"
        }
      },
      "geometry": {
        "type": "Point",
        "coordinates": [
          18.4807637,
          49.79844630000001
        ]
      }
    },
    {
      "type": "Feature",
      "properties": {
        "source": "OpenStreetMap",
        "source_id": "node/1771266820",
        "domain": "public",
        "asset_type": "community_social",
        "confidence": "medium",
        "missing_fields": [],
        "limitations": [
          "OSM public-service completeness and tagging vary by area and facility type.",
          "A facility tag is evidence of mapped semantics, not service availability, capacity, accessibility or operating status.",
          "BDOT10k building geometry is retained only as topographic comparison context and cannot establish facility semantics.",
          "No qualified PRG public-service facility class is enabled for this domain pack."
        ],
        "eligible_for_analysis": true,
        "osm_tags": {
          "name": "Miejska Biblioteka Publiczna filia nr 1",
          "website": "https://biblioteka.jastrzebie.pl/",
          "amenity": "library",
          "phone": "+48 32 471 88 39; +48 32 470 11 83",
          "email": "filia1@biblioteka.jastrzebie.pl"
        }
      },
      "geometry": {
        "type": "Point",
        "coordinates": [
          18.594179200000003,
          49.9537544
        ]
      }
    },
    {
      "type": "Feature",
      "properties": {
        "source": "OpenStreetMap",
        "source_id": "node/1771323666",
        "domain": "public",
        "asset_type": "community_social",
        "confidence": "medium",
        "missing_fields": [],
        "limitations": [
          "OSM public-service completeness and tagging vary by area and facility type.",
          "A facility tag is evidence of mapped semantics, not service availability, capacity, accessibility or operating status.",
          "BDOT10k building geometry is retained only as topographic comparison context and cannot establish facility semantics.",
          "No qualified PRG public-service facility class is enabled for this domain pack."
        ],
        "eligible_for_analysis": true,
        "osm_tags": {
          "name": "Miejska Biblioteka Publiczna filia nr 10",
          "website": "http://biblioteka-jastrzebie.pl/",
          "amenity": "library",
          "phone": "+48 32 474 15 62",
          "email": "filia10@biblioteka.jastrzebie.pl"
        }
      },
      "geometry": {
        "type": "Point",
        "coordinates": [
          18.6215556,
          49.9926594
        ]
      }
    },
    {
      "type": "Feature",
      "properties": {
        "source": "OpenStreetMap",
        "source_id": "node/1771323667",
        "domain": "public",
        "asset_type": "community_social",
        "confidence": "medium",
        "missing_fields": [],
        "limitations": [
          "OSM public-service completeness and tagging vary by area and facility type.",
          "A facility tag is evidence of mapped semantics, not service availability, capacity, accessibility or operating status.",
          "BDOT10k building geometry is retained only as topographic comparison context and cannot establish facility semantics.",
          "No qualified PRG public-service facility class is enabled for this domain pack."
        ],
        "eligible_for_analysis": true,
        "osm_tags": {
          "name": "Miejska Biblioteka Publiczna filia nr 14",
          "website": "http://biblioteka-jastrzebie.pl/",
          "amenity": "library",
          "phone": "+48 32 473 47 30",
          "email": "filia14@biblioteka.jastrzebie.pl"
        }
      },
      "geometry": {
        "type": "Point",
        "coordinates": [
          18.5729803,
          49.9647365
        ]
      }
    },
    {
      "type": "Feature",
      "properties": {
        "source": "OpenStreetMap",
        "source_id": "node/1771323668",
        "domain": "public",
        "asset_type": "community_social",
        "confidence": "medium",
        "missing_fields": [],
        "limitations": [
          "OSM public-service completeness and tagging vary by area and facility type.",
          "A facility tag is evidence of mapped semantics, not service availability, capacity, accessibility or operating status.",
          "BDOT10k building geometry is retained only as topographic comparison context and cannot establish facility semantics.",
          "No qualified PRG public-service facility class is enabled for this domain pack."
        ],
        "eligible_for_analysis": true,
        "osm_tags": {
          "name": "Miejska Biblioteka Publiczna filia nr 16",
          "website": "http://biblioteka-jastrzebie.pl/",
          "amenity": "library",
          "phone": "+48 32 473 34 43",
          "email": "filia16@biblioteka.jastrzebie.pl"
        }
      },
      "geometry": {
        "type": "Point",
        "coordinates": [
          18.578613,
          49.94409129999999
        ]
      }
    },
    {
      "type": "Feature",
      "properties": {
        "source": "OpenStreetMap",
        "source_id": "node/1771323669",
        "domain": "public",
        "asset_type": "community_social",
        "confidence": "medium",
        "missing_fields": [],
        "limitations": [
          "OSM public-service completeness and tagging vary by area and facility type.",
          "A facility tag is evidence of mapped semantics, not service availability, capacity, accessibility or operating status.",
          "BDOT10k building geometry is retained only as topographic comparison context and cannot establish facility semantics.",
          "No qualified PRG public-service facility class is enabled for this domain pack."
        ],
        "eligible_for_analysis": true,
        "osm_tags": {
          "name": "Miejska Biblioteka Publiczna filia nr 2",
          "website": "http://biblioteka-jastrzebie.pl/",
          "amenity": "library",
          "phone": "+48 32 476 13 61",
          "email": "filia2@biblioteka.jastrzebie.pl"
        }
      },
      "geometry": {
        "type": "Point",
        "coordinates": [
          18.5679106,
          49.949466300000005
        ]
      }
    },
    {
      "type": "Feature",
      "properties": {
        "source": "OpenStreetMap",
        "source_id": "node/1771323670",
        "domain": "public",
        "asset_type": "community_social",
        "confidence": "medium",
        "missing_fields": [],
        "limitations": [
          "OSM public-service completeness and tagging vary by area and facility type.",
          "A facility tag is evidence of mapped semantics, not service availability, capacity, accessibility or operating status.",
          "BDOT10k building geometry is retained only as topographic comparison context and cannot establish facility semantics.",
          "No qualified PRG public-service facility class is enabled for this domain pack."
        ],
        "eligible_for_analysis": true,
        "osm_tags": {
          "name": "Miejska Biblioteka Publiczna filia nr 3",
          "website": "http://biblioteka-jastrzebie.pl/",
          "amenity": "library",
          "phone": "+48 32 471 16 97",
          "email": "filia3@biblioteka.jastrzebie.pl"
        }
      },
      "geometry": {
        "type": "Point",
        "coordinates": [
          18.6133614,
          49.95587609999999
        ]
      }
    },
    {
      "type": "Feature",
      "properties": {
        "source": "OpenStreetMap",
        "source_id": "node/1771323671",
        "domain": "public",
        "asset_type": "community_social",
        "confidence": "medium",
        "missing_fields": [],
        "limitations": [
          "OSM public-service completeness and tagging vary by area and facility type.",
          "A facility tag is evidence of mapped semantics, not service availability, capacity, accessibility or operating status.",
          "BDOT10k building geometry is retained only as topographic comparison context and cannot establish facility semantics.",
          "No qualified PRG public-service facility class is enabled for this domain pack."
        ],
        "eligible_for_analysis": true,
        "osm_tags": {
          "name": "Miejska Biblioteka Publiczna filia nr 4",
          "website": "http://biblioteka-jastrzebie.pl/",
          "amenity": "library",
          "phone": "+48 32 470 64 82",
          "email": "filia4@biblioteka.jastrzebie.pl"
        }
      },
      "geometry": {
        "type": "Point",
        "coordinates": [
          18.6164017,
          49.951582499999994
        ]
      }
    },
    {
      "type": "Feature",
      "properties": {
        "source": "OpenStreetMap",
        "source_id": "node/1771323672",
        "domain": "public",
        "asset_type": "community_social",
        "confidence": "medium",
        "missing_fields": [],
        "limitations": [
          "OSM public-service completeness and tagging vary by area and facility type.",
          "A facility tag is evidence of mapped semantics, not service availability, capacity, accessibility or operating status.",
          "BDOT10k building geometry is retained only as topographic comparison context and cannot establish facility semantics.",
          "No qualified PRG public-service facility class is enabled for this domain pack."
        ],
        "eligible_for_analysis": true,
        "osm_tags": {
          "name": "Miejska Biblioteka Publiczna filia nr 5",
          "website": "http://biblioteka-jastrzebie.pl/",
          "amenity": "library",
          "phone": "+48 32 475 25 51",
          "email": "filia5@biblioteka.jastrzebie.pl"
        }
      },
      "geometry": {
        "type": "Point",
        "coordinates": [
          18.6205127,
          49.948180099999995
        ]
      }
    },
    {
      "type": "Feature",
      "properties": {
        "source": "OpenStreetMap",
        "source_id": "node/1771323673",
        "domain": "public",
        "asset_type": "community_social",
        "confidence": "medium",
        "missing_fields": [],
        "limitations": [
          "OSM public-service completeness and tagging vary by area and facility type.",
          "A facility tag is evidence of mapped semantics, not service availability, capacity, accessibility or operating status.",
          "BDOT10k building geometry is retained only as topographic comparison context and cannot establish facility semantics.",
          "No qualified PRG public-service facility class is enabled for this domain pack."
        ],
        "eligible_for_analysis": true,
        "osm_tags": {
          "name": "Miejska Biblioteka Publiczna filia nr 6",
          "website": "http://biblioteka-jastrzebie.pl/",
          "amenity": "library",
          "phone": "+48 32 475 25 50",
          "email": "filia6@biblioteka.jastrzebie.pl"
        }
      },
      "geometry": {
        "type": "Point",
        "coordinates": [
          18.5402546,
          49.94283929999999
        ]
      }
    },
    {
      "type": "Feature",
      "properties": {
        "source": "OpenStreetMap",
        "source_id": "node/1771323674",
        "domain": "public",
        "asset_type": "community_social",
        "confidence": "medium",
        "missing_fields": [],
        "limitations": [
          "OSM public-service completeness and tagging vary by area and facility type.",
          "A facility tag is evidence of mapped semantics, not service availability, capacity, accessibility or operating status.",
          "BDOT10k building geometry is retained only as topographic comparison context and cannot establish facility semantics.",
          "No qualified PRG public-service facility class is enabled for this domain pack."
        ],
        "eligible_for_analysis": true,
        "osm_tags": {
          "name": "Miejska Biblioteka Publiczna filia nr 7",
          "website": "http://biblioteka-jastrzebie.pl/",
          "amenity": "library",
          "phone": "+48 32 475 26 39",
          "email": "filia7@biblioteka.jastrzebie.pl"
        }
      },
      "geometry": {
        "type": "Point",
        "coordinates": [
          18.6004097,
          49.9279865
        ]
      }
    },
    {
      "type": "Feature",
      "properties": {
        "source": "OpenStreetMap",
        "source_id": "node/1771323675",
        "domain": "public",
        "asset_type": "community_social",
        "confidence": "medium",
        "missing_fields": [],
        "limitations": [
          "OSM public-service completeness and tagging vary by area and facility type.",
          "A facility tag is evidence of mapped semantics, not service availability, capacity, accessibility or operating status.",
          "BDOT10k building geometry is retained only as topographic comparison context and cannot establish facility semantics.",
          "No qualified PRG public-service facility class is enabled for this domain pack."
        ],
        "eligible_for_analysis": true,
        "osm_tags": {
          "name": "Miejska Biblioteka Publiczna filia nr 8",
          "website": "http://biblioteka-jastrzebie.pl/",
          "amenity": "library",
          "phone": "+48 32 478 44 50",
          "email": "filia8@biblioteka.jastrzebie.pl"
        }
      },
      "geometry": {
        "type": "Point",
        "coordinates": [
          18.584299300000005,
          49.9475172
        ]
      }
    },
    {
      "type": "Feature",
      "properties": {
        "source": "OpenStreetMap",
        "source_id": "node/1771323676",
        "domain": "public",
        "asset_type": "community_social",
        "confidence": "medium",
        "missing_fields": [],
        "limitations": [
          "OSM public-service completeness and tagging vary by area and facility type.",
          "A facility tag is evidence of mapped semantics, not service availability, capacity, accessibility or operating status.",
          "BDOT10k building geometry is retained only as topographic comparison context and cannot establish facility semantics.",
          "No qualified PRG public-service facility class is enabled for this domain pack."
        ],
        "eligible_for_analysis": true,
        "osm_tags": {
          "name": "Miejska Biblioteka Publiczna filia nr 9",
          "website": "http://biblioteka-jastrzebie.pl/",
          "amenity": "library",
          "phone": "+48 32 475 25 52",
          "email": "filia9@biblioteka.jastrzebie.pl"
        }
      },
      "geometry": {
        "type": "Point",
        "coordinates": [
          18.6210861,
          49.966256699999995
        ]
      }
    },
    {
      "type": "Feature",
      "properties": {
        "source": "OpenStreetMap",
        "source_id": "node/1773585851",
        "domain": "public",
        "asset_type": "community_social",
        "confidence": "medium",
        "missing_fields": [],
        "limitations": [
          "OSM public-service completeness and tagging vary by area and facility type.",
          "A facility tag is evidence of mapped semantics, not service availability, capacity, accessibility or operating status.",
          "BDOT10k building geometry is retained only as topographic comparison context and cannot establish facility semantics.",
          "No qualified PRG public-service facility class is enabled for this domain pack."
        ],
        "eligible_for_analysis": true,
        "osm_tags": {
          "name": "Miejska Biblioteka Publiczna Filia nr 13",
          "website": "http://biblioteka.r-sl.pl/",
          "amenity": "library",
          "opening_hours": "Mo-Fr 11:00-18:00;Sa 11:00-15:00"
        }
      },
      "geometry": {
        "type": "Point",
        "coordinates": [
          18.8776737,
          50.31530990000001
        ]
      }
    },
    {
      "type": "Feature",
      "properties": {
        "source": "OpenStreetMap",
        "source_id": "node/1779706534",
        "domain": "public",
        "asset_type": "community_social",
        "confidence": "medium",
        "missing_fields": [],
        "limitations": [
          "OSM public-service completeness and tagging vary by area and facility type.",
          "A facility tag is evidence of mapped semantics, not service availability, capacity, accessibility or operating status.",
          "BDOT10k building geometry is retained only as topographic comparison context and cannot establish facility semantics.",
          "No qualified PRG public-service facility class is enabled for this domain pack."
        ],
        "eligible_for_analysis": true,
        "osm_tags": {
          "name": "Miejska Biblioteka Publiczna Filia Nr 1",
          "website": "http://biblioteka.r-sl.pl/",
          "amenity": "library",
          "opening_hours": "Mo-Fr 11:00-15:00"
        }
      },
      "geometry": {
        "type": "Point",
        "coordinates": [
          18.8454524,
          50.300886
        ]
      }
    },
    {
      "type": "Feature",
      "properties": {
        "source": "OpenStreetMap",
        "source_id": "node/1779706541",
        "domain": "public",
        "asset_type": "community_social",
        "confidence": "medium",
        "missing_fields": [],
        "limitations": [
          "OSM public-service completeness and tagging vary by area and facility type.",
          "A facility tag is evidence of mapped semantics, not service availability, capacity, accessibility or operating status.",
          "BDOT10k building geometry is retained only as topographic comparison context and cannot establish facility semantics.",
          "No qualified PRG public-service facility class is enabled for this domain pack."
        ],
        "eligible_for_analysis": true,
        "osm_tags": {
          "name": "Miejska Biblioteka Publiczna Filia Nr 16",
          "website": "http://biblioteka.r-sl.pl/",
          "amenity": "library"
        }
      },
      "geometry": {
        "type": "Point",
        "coordinates": [
          18.8525802,
          50.3115111
        ]
      }
    },
    {
      "type": "Feature",
      "properties": {
        "source": "OpenStreetMap",
        "source_id": "node/1779706556",
        "domain": "public",
        "asset_type": "community_social",
        "confidence": "medium",
        "missing_fields": [],
        "limitations": [
          "OSM public-service completeness and tagging vary by area and facility type.",
          "A facility tag is evidence of mapped semantics, not service availability, capacity, accessibility or operating status.",
          "BDOT10k building geometry is retained only as topographic comparison context and cannot establish facility semantics.",
          "No qualified PRG public-service facility class is enabled for this domain pack."
        ],
        "eligible_for_analysis": true,
        "osm_tags": {
          "name": "Miejska Biblioteka Publiczna Filia Nr 18",
          "website": "http://biblioteka.r-sl.pl/",
          "amenity": "library"
        }
      },
      "geometry": {
        "type": "Point",
        "coordinates": [
          18.84044,
          50.2424434
        ]
      }
    },
    {
      "type": "Feature",
      "properties": {
        "source": "OpenStreetMap",
        "source_id": "node/1779706558",
        "domain": "public",
        "asset_type": "community_social",
        "confidence": "medium",
        "missing_fields": [],
        "limitations": [
          "OSM public-service completeness and tagging vary by area and facility type.",
          "A facility tag is evidence of mapped semantics, not service availability, capacity, accessibility or operating status.",
          "BDOT10k building geometry is retained only as topographic comparison context and cannot establish facility semantics.",
          "No qualified PRG public-service facility class is enabled for this domain pack."
        ],
        "eligible_for_analysis": true,
        "osm_tags": {
          "name": "Miejska Biblioteka Publiczna Filia Nr 4",
          "website": "http://biblioteka.r-sl.pl/",
          "amenity": "library"
        }
      },
      "geometry": {
        "type": "Point",
        "coordinates": [
          18.8748501,
          50.2878222
        ]
      }
    },
    {
      "type": "Feature",
      "properties": {
        "source": "OpenStreetMap",
        "source_id": "node/1779706563",
        "domain": "public",
        "asset_type": "community_social",
        "confidence": "medium",
        "missing_fields": [],
        "limitations": [
          "OSM public-service completeness and tagging vary by area and facility type.",
          "A facility tag is evidence of mapped semantics, not service availability, capacity, accessibility or operating status.",
          "BDOT10k building geometry is retained only as topographic comparison context and cannot establish facility semantics.",
          "No qualified PRG public-service facility class is enabled for this domain pack."
        ],
        "eligible_for_analysis": true,
        "osm_tags": {
          "name": "Miejska Biblioteka Publiczna Filia Nr 6",
          "website": "http://biblioteka.r-sl.pl/",
          "amenity": "library"
        }
      },
      "geometry": {
        "type": "Point",
        "coordinates": [
          18.8324325,
          50.26815179999999
        ]
      }
    },
    {
      "type": "Feature",
      "properties": {
        "source": "OpenStreetMap",
        "source_id": "node/1781480115",
        "domain": "public",
        "asset_type": "community_social",
        "confidence": "medium",
        "missing_fields": [],
        "limitations": [
          "OSM public-service completeness and tagging vary by area and facility type.",
          "A facility tag is evidence of mapped semantics, not service availability, capacity, accessibility or operating status.",
          "BDOT10k building geometry is retained only as topographic comparison context and cannot establish facility semantics.",
          "No qualified PRG public-service facility class is enabled for this domain pack."
        ],
        "eligible_for_analysis": true,
        "osm_tags": {
          "name": "Miejska Biblioteka Publiczna Filia Nr 21",
          "website": "http://biblioteka.r-sl.pl",
          "amenity": "library"
        }
      },
      "geometry": {
        "type": "Point",
        "coordinates": [
          18.8871358,
          50.26587860000001
        ]
      }
    },
    {
      "type": "Feature",
      "properties": {
        "source": "OpenStreetMap",
        "source_id": "node/1791544001",
        "domain": "public",
        "asset_type": "community_social",
        "confidence": "medium",
        "missing_fields": [],
        "limitations": [
          "OSM public-service completeness and tagging vary by area and facility type.",
          "A facility tag is evidence of mapped semantics, not service availability, capacity, accessibility or operating status.",
          "BDOT10k building geometry is retained only as topographic comparison context and cannot establish facility semantics.",
          "No qualified PRG public-service facility class is enabled for this domain pack."
        ],
        "eligible_for_analysis": true,
        "osm_tags": {
          "name": "Miejska Biblioteka Publiczna Filia 32",
          "amenity": "library"
        }
      },
      "geometry": {
        "type": "Point",
        "coordinates": [
          18.9800805,
          50.2307752
        ]
      }
    },
    {
      "type": "Feature",
      "properties": {
        "source": "OpenStreetMap",
        "source_id": "node/1797484395",
        "domain": "public",
        "asset_type": "community_social",
        "confidence": "medium",
        "missing_fields": [],
        "limitations": [
          "OSM public-service completeness and tagging vary by area and facility type.",
          "A facility tag is evidence of mapped semantics, not service availability, capacity, accessibility or operating status.",
          "BDOT10k building geometry is retained only as topographic comparison context and cannot establish facility semantics.",
          "No qualified PRG public-service facility class is enabled for this domain pack."
        ],
        "eligible_for_analysis": true,
        "osm_tags": {
          "name": "Gminna Biblioteka w Łaziskach",
          "name:pl": "Gminna Biblioteka w Łaziskach",
          "name:en": "Public library Łaziska",
          "amenity": "library"
        }
      },
      "geometry": {
        "type": "Point",
        "coordinates": [
          18.4430978,
          49.9366597
        ]
      }
    },
    {
      "type": "Feature",
      "properties": {
        "source": "OpenStreetMap",
        "source_id": "node/1806465048",
        "domain": "public",
        "asset_type": "community_social",
        "confidence": "medium",
        "missing_fields": [],
        "limitations": [
          "OSM public-service completeness and tagging vary by area and facility type.",
          "A facility tag is evidence of mapped semantics, not service availability, capacity, accessibility or operating status.",
          "BDOT10k building geometry is retained only as topographic comparison context and cannot establish facility semantics.",
          "No qualified PRG public-service facility class is enabled for this domain pack."
        ],
        "eligible_for_analysis": true,
        "osm_tags": {
          "name": "Filia nr 13",
          "amenity": "library"
        }
      },
      "geometry": {
        "type": "Point",
        "coordinates": [
          18.4579724,
          50.012022800000004
        ]
      }
    },
    {
      "type": "Feature",
      "properties": {
        "source": "OpenStreetMap",
        "source_id": "node/1807838321",
        "domain": "public",
        "asset_type": "community_social",
        "confidence": "medium",
        "missing_fields": [],
        "limitations": [
          "OSM public-service completeness and tagging vary by area and facility type.",
          "A facility tag is evidence of mapped semantics, not service availability, capacity, accessibility or operating status.",
          "BDOT10k building geometry is retained only as topographic comparison context and cannot establish facility semantics.",
          "No qualified PRG public-service facility class is enabled for this domain pack."
        ],
        "eligible_for_analysis": true,
        "osm_tags": {
          "name": "Osiedlowy Dom Kultury Rudzkiej Spółdzielni Mieszkaniowej Matecznik",
          "website": "http://rsm.elsat.net.pl/kulturanew/3/",
          "amenity": "arts_centre"
        }
      },
      "geometry": {
        "type": "Point",
        "coordinates": [
          18.8581892,
          50.3087328
        ]
      }
    },
    {
      "type": "Feature",
      "properties": {
        "source": "OpenStreetMap",
        "source_id": "node/1807838322",
        "domain": "public",
        "asset_type": "community_social",
        "confidence": "medium",
        "missing_fields": [],
        "limitations": [
          "OSM public-service completeness and tagging vary by area and facility type.",
          "A facility tag is evidence of mapped semantics, not service availability, capacity, accessibility or operating status.",
          "BDOT10k building geometry is retained only as topographic comparison context and cannot establish facility semantics.",
          "No qualified PRG public-service facility class is enabled for this domain pack."
        ],
        "eligible_for_analysis": true,
        "osm_tags": {
          "name": "Pedagogiczna Biblioteka Wojewódzka im. Józefa Lompy w Katowicach Filia w Rudzie Śląskiej",
          "website": "https://rudaslaska.pbw.katowice.pl/",
          "amenity": "library",
          "opening_hours": "Mo-Fr 08:00-15:00",
          "phone": "+48 32 248 46 04"
        }
      },
      "geometry": {
        "type": "Point",
        "coordinates": [
          18.8625793,
          50.2795326
        ]
      }
    },
    {
      "type": "Feature",
      "properties": {
        "source": "OpenStreetMap",
        "source_id": "node/1810340348",
        "domain": "public",
        "asset_type": "community_social",
        "confidence": "medium",
        "missing_fields": [],
        "limitations": [
          "OSM public-service completeness and tagging vary by area and facility type.",
          "A facility tag is evidence of mapped semantics, not service availability, capacity, accessibility or operating status.",
          "BDOT10k building geometry is retained only as topographic comparison context and cannot establish facility semantics.",
          "No qualified PRG public-service facility class is enabled for this domain pack."
        ],
        "eligible_for_analysis": true,
        "osm_tags": {
          "name": "Osiedlowy Dom Kultury Jowisz",
          "website": "http://rsm.elsat.net.pl/kulturanew/2/jowiszhome/",
          "amenity": "arts_centre",
          "email": "jowisz@rsm.com.pl"
        }
      },
      "geometry": {
        "type": "Point",
        "coordinates": [
          18.8822287,
          50.3146715
        ]
      }
    },
    {
      "type": "Feature",
      "properties": {
        "source": "OpenStreetMap",
        "source_id": "node/1835674880",
        "domain": "public",
        "asset_type": "community_social",
        "confidence": "medium",
        "missing_fields": [],
        "limitations": [
          "OSM public-service completeness and tagging vary by area and facility type.",
          "A facility tag is evidence of mapped semantics, not service availability, capacity, accessibility or operating status.",
          "BDOT10k building geometry is retained only as topographic comparison context and cannot establish facility semantics.",
          "No qualified PRG public-service facility class is enabled for this domain pack."
        ],
        "eligible_for_analysis": true,
        "osm_tags": {
          "name": "Biblioteka Publiczna",
          "amenity": "library"
        }
      },
      "geometry": {
        "type": "Point",
        "coordinates": [
          18.4612526,
          50.4106519
        ]
      }
    },
    {
      "type": "Feature",
      "properties": {
        "source": "OpenStreetMap",
        "source_id": "node/1835674881",
        "domain": "public",
        "asset_type": "community_social",
        "confidence": "medium",
        "missing_fields": [],
        "limitations": [
          "OSM public-service completeness and tagging vary by area and facility type.",
          "A facility tag is evidence of mapped semantics, not service availability, capacity, accessibility or operating status.",
          "BDOT10k building geometry is retained only as topographic comparison context and cannot establish facility semantics.",
          "No qualified PRG public-service facility class is enabled for this domain pack."
        ],
        "eligible_for_analysis": true,
        "osm_tags": {
          "name": "Gminny Ośrodek Kultury",
          "amenity": "arts_centre"
        }
      },
      "geometry": {
        "type": "Point",
        "coordinates": [
          18.4613318,
          50.4105662
        ]
      }
    },
    {
      "type": "Feature",
      "properties": {
        "source": "OpenStreetMap",
        "source_id": "node/1879141085",
        "domain": "public",
        "asset_type": "community_social",
        "confidence": "medium",
        "missing_fields": [],
        "limitations": [
          "OSM public-service completeness and tagging vary by area and facility type.",
          "A facility tag is evidence of mapped semantics, not service availability, capacity, accessibility or operating status.",
          "BDOT10k building geometry is retained only as topographic comparison context and cannot establish facility semantics.",
          "No qualified PRG public-service facility class is enabled for this domain pack."
        ],
        "eligible_for_analysis": true,
        "osm_tags": {
          "name": "Gminny Ośrodek Kultury w Suszcu",
          "amenity": "arts_centre"
        }
      },
      "geometry": {
        "type": "Point",
        "coordinates": [
          18.789679800000002,
          50.03182000000001
        ]
      }
    },
    {
      "type": "Feature",
      "properties": {
        "source": "OpenStreetMap",
        "source_id": "node/1997703518",
        "domain": "public",
        "asset_type": "community_social",
        "confidence": "medium",
        "missing_fields": [],
        "limitations": [
          "OSM public-service completeness and tagging vary by area and facility type.",
          "A facility tag is evidence of mapped semantics, not service availability, capacity, accessibility or operating status.",
          "BDOT10k building geometry is retained only as topographic comparison context and cannot establish facility semantics.",
          "No qualified PRG public-service facility class is enabled for this domain pack."
        ],
        "eligible_for_analysis": true,
        "osm_tags": {
          "name": "Punkt Biblioteczny",
          "amenity": "library"
        }
      },
      "geometry": {
        "type": "Point",
        "coordinates": [
          18.2015746,
          50.00530059999999
        ]
      }
    },
    {
      "type": "Feature",
      "properties": {
        "source": "OpenStreetMap",
        "source_id": "node/2023588358",
        "domain": "public",
        "asset_type": "community_social",
        "confidence": "medium",
        "missing_fields": [],
        "limitations": [
          "OSM public-service completeness and tagging vary by area and facility type.",
          "A facility tag is evidence of mapped semantics, not service availability, capacity, accessibility or operating status.",
          "BDOT10k building geometry is retained only as topographic comparison context and cannot establish facility semantics.",
          "No qualified PRG public-service facility class is enabled for this domain pack."
        ],
        "eligible_for_analysis": true,
        "osm_tags": {
          "name": "Ośrodek Interwencji Kryzysowej w Rudzie Śląskiej",
          "website": "http://www.oikrsl.org/",
          "amenity": "social_facility",
          "opening_hours": "Mo-Fr 08:00-20:00"
        }
      },
      "geometry": {
        "type": "Point",
        "coordinates": [
          18.8534169,
          50.3165086
        ]
      }
    },
    {
      "type": "Feature",
      "properties": {
        "source": "OpenStreetMap",
        "source_id": "node/2041487411",
        "domain": "public",
        "asset_type": "community_social",
        "confidence": "medium",
        "missing_fields": [],
        "limitations": [
          "OSM public-service completeness and tagging vary by area and facility type.",
          "A facility tag is evidence of mapped semantics, not service availability, capacity, accessibility or operating status.",
          "BDOT10k building geometry is retained only as topographic comparison context and cannot establish facility semantics.",
          "No qualified PRG public-service facility class is enabled for this domain pack."
        ],
        "eligible_for_analysis": true,
        "osm_tags": {
          "name": "Miejska Biblioteka Publiczna Filia nr 5 młodzieżowa",
          "amenity": "library",
          "opening_hours": "Mo-Fr 12:00-19:00; Sa,Su off"
        }
      },
      "geometry": {
        "type": "Point",
        "coordinates": [
          18.97279,
          50.22803720000002
        ]
      }
    },
    {
      "type": "Feature",
      "properties": {
        "source": "OpenStreetMap",
        "source_id": "node/2116260042",
        "domain": "public",
        "asset_type": "community_social",
        "confidence": "medium",
        "missing_fields": [],
        "limitations": [
          "OSM public-service completeness and tagging vary by area and facility type.",
          "A facility tag is evidence of mapped semantics, not service availability, capacity, accessibility or operating status.",
          "BDOT10k building geometry is retained only as topographic comparison context and cannot establish facility semantics.",
          "No qualified PRG public-service facility class is enabled for this domain pack."
        ],
        "eligible_for_analysis": true,
        "osm_tags": {
          "name": "Miejski Dom Kultury Ligota",
          "wikidata": "Q24945772",
          "wikipedia": "pl:Miejski Dom Kultury „Ligota” w Katowicach",
          "website": "http://www.mdkligota.dt.pl",
          "amenity": "arts_centre",
          "opening_hours": "Mo-Fr 06:00-21:00",
          "phone": "+48 32 2523234",
          "email": "mdk@mdkligota.pl"
        }
      },
      "geometry": {
        "type": "Point",
        "coordinates": [
          18.9728704,
          50.22805960000001
        ]
      }
    },
    {
      "type": "Feature",
      "properties": {
        "source": "OpenStreetMap",
        "source_id": "node/2120921449",
        "domain": "public",
        "asset_type": "community_social",
        "confidence": "medium",
        "missing_fields": [],
        "limitations": [
          "OSM public-service completeness and tagging vary by area and facility type.",
          "A facility tag is evidence of mapped semantics, not service availability, capacity, accessibility or operating status.",
          "BDOT10k building geometry is retained only as topographic comparison context and cannot establish facility semantics.",
          "No qualified PRG public-service facility class is enabled for this domain pack."
        ],
        "eligible_for_analysis": true,
        "osm_tags": {
          "name": "Miejska Biblioteka Publiczna w Katowicach Filia nr 12",
          "operator:wikidata": "Q11780178",
          "website": "https://mbp.katowice.pl/biblioteka/filia-nr-12",
          "amenity": "library",
          "opening_hours": "Mo-Fr 08:00-19:00; Sa 09:00-15:00; Su,PH off",
          "contact:phone": "+48 322 545 853",
          "contact:email": "filia12@mbp.katowice.pl",
          "wheelchair": "yes"
        }
      },
      "geometry": {
        "type": "Point",
        "coordinates": [
          18.9711118,
          50.258376899999995
        ]
      }
    },
    {
      "type": "Feature",
      "properties": {
        "source": "OpenStreetMap",
        "source_id": "node/2126546927",
        "domain": "public",
        "asset_type": "community_social",
        "confidence": "medium",
        "missing_fields": [],
        "limitations": [
          "OSM public-service completeness and tagging vary by area and facility type.",
          "A facility tag is evidence of mapped semantics, not service availability, capacity, accessibility or operating status.",
          "BDOT10k building geometry is retained only as topographic comparison context and cannot establish facility semantics.",
          "No qualified PRG public-service facility class is enabled for this domain pack."
        ],
        "eligible_for_analysis": true,
        "osm_tags": {
          "name": "Miejski Ośrodek Kultury",
          "amenity": "arts_centre"
        }
      },
      "geometry": {
        "type": "Point",
        "coordinates": [
          18.7928042,
          50.2887281
        ]
      }
    },
    {
      "type": "Feature",
      "properties": {
        "source": "OpenStreetMap",
        "source_id": "node/2127715355",
        "domain": "public",
        "asset_type": "community_social",
        "confidence": "medium",
        "missing_fields": [],
        "limitations": [
          "OSM public-service completeness and tagging vary by area and facility type.",
          "A facility tag is evidence of mapped semantics, not service availability, capacity, accessibility or operating status.",
          "BDOT10k building geometry is retained only as topographic comparison context and cannot establish facility semantics.",
          "No qualified PRG public-service facility class is enabled for this domain pack."
        ],
        "eligible_for_analysis": true,
        "osm_tags": {
          "name": "Kamiliańskie Centrum Opiekuńczo-Lecznicze",
          "amenity": "social_facility",
          "social_facility": "nursing_home"
        }
      },
      "geometry": {
        "type": "Point",
        "coordinates": [
          18.7795306,
          50.3093344
        ]
      }
    },
    {
      "type": "Feature",
      "properties": {
        "source": "OpenStreetMap",
        "source_id": "node/2140280167",
        "domain": "public",
        "asset_type": "community_social",
        "confidence": "medium",
        "missing_fields": [],
        "limitations": [
          "OSM public-service completeness and tagging vary by area and facility type.",
          "A facility tag is evidence of mapped semantics, not service availability, capacity, accessibility or operating status.",
          "BDOT10k building geometry is retained only as topographic comparison context and cannot establish facility semantics.",
          "No qualified PRG public-service facility class is enabled for this domain pack."
        ],
        "eligible_for_analysis": true,
        "osm_tags": {
          "name": "Gminna Biblioteka Publiczna",
          "amenity": "library"
        }
      },
      "geometry": {
        "type": "Point",
        "coordinates": [
          18.4030903,
          49.95818890000001
        ]
      }
    },
    {
      "type": "Feature",
      "properties": {
        "source": "OpenStreetMap",
        "source_id": "node/2152376861",
        "domain": "public",
        "asset_type": "community_social",
        "confidence": "medium",
        "missing_fields": [],
        "limitations": [
          "OSM public-service completeness and tagging vary by area and facility type.",
          "A facility tag is evidence of mapped semantics, not service availability, capacity, accessibility or operating status.",
          "BDOT10k building geometry is retained only as topographic comparison context and cannot establish facility semantics.",
          "No qualified PRG public-service facility class is enabled for this domain pack."
        ],
        "eligible_for_analysis": true,
        "osm_tags": {
          "name": "Dom Kultury w Rudzie Śląskiej",
          "website": "https://www.domkulturyrsl.pl/",
          "amenity": "arts_centre"
        }
      },
      "geometry": {
        "type": "Point",
        "coordinates": [
          18.8325498,
          50.26823679999999
        ]
      }
    },
    {
      "type": "Feature",
      "properties": {
        "source": "OpenStreetMap",
        "source_id": "node/2167664803",
        "domain": "public",
        "asset_type": "community_social",
        "confidence": "medium",
        "missing_fields": [],
        "limitations": [
          "OSM public-service completeness and tagging vary by area and facility type.",
          "A facility tag is evidence of mapped semantics, not service availability, capacity, accessibility or operating status.",
          "BDOT10k building geometry is retained only as topographic comparison context and cannot establish facility semantics.",
          "No qualified PRG public-service facility class is enabled for this domain pack."
        ],
        "eligible_for_analysis": true,
        "osm_tags": {
          "name": "Miejski Ośrodek Kultury",
          "amenity": "arts_centre"
        }
      },
      "geometry": {
        "type": "Point",
        "coordinates": [
          18.5981801,
          49.95144630000001
        ]
      }
    },
    {
      "type": "Feature",
      "properties": {
        "source": "OpenStreetMap",
        "source_id": "node/2244727268",
        "domain": "public",
        "asset_type": "community_social",
        "confidence": "medium",
        "missing_fields": [],
        "limitations": [
          "OSM public-service completeness and tagging vary by area and facility type.",
          "A facility tag is evidence of mapped semantics, not service availability, capacity, accessibility or operating status.",
          "BDOT10k building geometry is retained only as topographic comparison context and cannot establish facility semantics.",
          "No qualified PRG public-service facility class is enabled for this domain pack."
        ],
        "eligible_for_analysis": true,
        "osm_tags": {
          "name": "Městská knihovna Hlučín",
          "source": "local knowledge",
          "amenity": "library"
        }
      },
      "geometry": {
        "type": "Point",
        "coordinates": [
          18.1854338,
          49.89642529999999
        ]
      }
    },
    {
      "type": "Feature",
      "properties": {
        "source": "OpenStreetMap",
        "source_id": "node/2254646299",
        "domain": "public",
        "asset_type": "community_social",
        "confidence": "medium",
        "missing_fields": [],
        "limitations": [
          "OSM public-service completeness and tagging vary by area and facility type.",
          "A facility tag is evidence of mapped semantics, not service availability, capacity, accessibility or operating status.",
          "BDOT10k building geometry is retained only as topographic comparison context and cannot establish facility semantics.",
          "No qualified PRG public-service facility class is enabled for this domain pack."
        ],
        "eligible_for_analysis": true,
        "osm_tags": {
          "name": "Miejskie Centrum Kultury",
          "source": "UM Tychy",
          "amenity": "community_centre"
        }
      },
      "geometry": {
        "type": "Point",
        "coordinates": [
          18.9784699,
          50.1282869
        ]
      }
    },
    {
      "type": "Feature",
      "properties": {
        "source": "OpenStreetMap",
        "source_id": "node/2264651028",
        "domain": "public",
        "asset_type": "community_social",
        "confidence": "medium",
        "missing_fields": [],
        "limitations": [
          "OSM public-service completeness and tagging vary by area and facility type.",
          "A facility tag is evidence of mapped semantics, not service availability, capacity, accessibility or operating status.",
          "BDOT10k building geometry is retained only as topographic comparison context and cannot establish facility semantics.",
          "No qualified PRG public-service facility class is enabled for this domain pack."
        ],
        "eligible_for_analysis": true,
        "osm_tags": {
          "name": "Biblioteka w Pszczyńskim Centrum Kultury",
          "amenity": "library"
        }
      },
      "geometry": {
        "type": "Point",
        "coordinates": [
          18.9432516,
          49.97818749999999
        ]
      }
    },
    {
      "type": "Feature",
      "properties": {
        "source": "OpenStreetMap",
        "source_id": "node/2271077058",
        "domain": "public",
        "asset_type": "community_social",
        "confidence": "medium",
        "missing_fields": [],
        "limitations": [
          "OSM public-service completeness and tagging vary by area and facility type.",
          "A facility tag is evidence of mapped semantics, not service availability, capacity, accessibility or operating status.",
          "BDOT10k building geometry is retained only as topographic comparison context and cannot establish facility semantics.",
          "No qualified PRG public-service facility class is enabled for this domain pack."
        ],
        "eligible_for_analysis": true,
        "osm_tags": {
          "name": "Gminny Ośrodek Kultury w Kobyli",
          "amenity": "arts_centre",
          "phone": "+4832430 12 00"
        }
      },
      "geometry": {
        "type": "Point",
        "coordinates": [
          18.2952582,
          50.090578400000005
        ]
      }
    },
    {
      "type": "Feature",
      "properties": {
        "source": "OpenStreetMap",
        "source_id": "node/2283114171",
        "domain": "public",
        "asset_type": "community_social",
        "confidence": "medium",
        "missing_fields": [],
        "limitations": [
          "OSM public-service completeness and tagging vary by area and facility type.",
          "A facility tag is evidence of mapped semantics, not service availability, capacity, accessibility or operating status.",
          "BDOT10k building geometry is retained only as topographic comparison context and cannot establish facility semantics.",
          "No qualified PRG public-service facility class is enabled for this domain pack."
        ],
        "eligible_for_analysis": true,
        "osm_tags": {
          "name": "Wiejski Dom Kultury",
          "amenity": "community_centre"
        }
      },
      "geometry": {
        "type": "Point",
        "coordinates": [
          18.413970800000005,
          49.981017
        ]
      }
    },
    {
      "type": "Feature",
      "properties": {
        "source": "OpenStreetMap",
        "source_id": "node/2294070839",
        "domain": "public",
        "asset_type": "community_social",
        "confidence": "medium",
        "missing_fields": [],
        "limitations": [
          "OSM public-service completeness and tagging vary by area and facility type.",
          "A facility tag is evidence of mapped semantics, not service availability, capacity, accessibility or operating status.",
          "BDOT10k building geometry is retained only as topographic comparison context and cannot establish facility semantics.",
          "No qualified PRG public-service facility class is enabled for this domain pack."
        ],
        "eligible_for_analysis": true,
        "osm_tags": {
          "name": "Brzezie - Filia nr 9",
          "operator": "Miejska i Powiatowa Biblioteka Publiczna im. Ryszarda Kincla",
          "website": "https://www.biblrac.pl/",
          "amenity": "library",
          "phone": "+4832 415 6878",
          "email": "f9@biblrac.pl"
        }
      },
      "geometry": {
        "type": "Point",
        "coordinates": [
          18.2633791,
          50.0745443
        ]
      }
    },
    {
      "type": "Feature",
      "properties": {
        "source": "OpenStreetMap",
        "source_id": "node/2294646530",
        "domain": "public",
        "asset_type": "community_social",
        "confidence": "medium",
        "missing_fields": [],
        "limitations": [
          "OSM public-service completeness and tagging vary by area and facility type.",
          "A facility tag is evidence of mapped semantics, not service availability, capacity, accessibility or operating status.",
          "BDOT10k building geometry is retained only as topographic comparison context and cannot establish facility semantics.",
          "No qualified PRG public-service facility class is enabled for this domain pack."
        ],
        "eligible_for_analysis": true,
        "osm_tags": {
          "name": "Markowice -  Filia Publiczno-Szkolna nr 10",
          "operator": "Miejska i Powiatowa Biblioteka Publiczna im. Ryszarda Kincla",
          "website": "https://www.biblrac.pl/",
          "amenity": "library",
          "phone": "+4832 415 6168",
          "email": "f10@biblrac.pl"
        }
      },
      "geometry": {
        "type": "Point",
        "coordinates": [
          18.2749154,
          50.11317830000001
        ]
      }
    },
    {
      "type": "Feature",
      "properties": {
        "source": "OpenStreetMap",
        "source_id": "node/2294646531",
        "domain": "public",
        "asset_type": "community_social",
        "confidence": "medium",
        "missing_fields": [],
        "limitations": [
          "OSM public-service completeness and tagging vary by area and facility type.",
          "A facility tag is evidence of mapped semantics, not service availability, capacity, accessibility or operating status.",
          "BDOT10k building geometry is retained only as topographic comparison context and cannot establish facility semantics.",
          "No qualified PRG public-service facility class is enabled for this domain pack."
        ],
        "eligible_for_analysis": true,
        "osm_tags": {
          "name": "Ocice - Filia Publiczno-Szkolna nr 3",
          "operator": "Miejska i Powiatowa Biblioteka Publiczna im. Ryszarda Kincla",
          "website": "https://www.biblrac.pl/",
          "amenity": "library",
          "phone": "+4832 4157639",
          "email": "f3@biblrac.pl"
        }
      },
      "geometry": {
        "type": "Point",
        "coordinates": [
          18.1723357,
          50.078852199999986
        ]
      }
    },
    {
      "type": "Feature",
      "properties": {
        "source": "OpenStreetMap",
        "source_id": "node/2294646532",
        "domain": "public",
        "asset_type": "community_social",
        "confidence": "medium",
        "missing_fields": [],
        "limitations": [
          "OSM public-service completeness and tagging vary by area and facility type.",
          "A facility tag is evidence of mapped semantics, not service availability, capacity, accessibility or operating status.",
          "BDOT10k building geometry is retained only as topographic comparison context and cannot establish facility semantics.",
          "No qualified PRG public-service facility class is enabled for this domain pack."
        ],
        "eligible_for_analysis": true,
        "osm_tags": {
          "name": "Filia nr 2 Miejskiej i Powiatowej Biblioteki Publicznej",
          "operator": "Miejska i Powiatowa Biblioteka Publiczna im. Ryszarda Kincla",
          "website": "https://www.biblrac.pl/",
          "amenity": "library",
          "phone": "+4832 415 8486",
          "email": "f2@biblrac.pl"
        }
      },
      "geometry": {
        "type": "Point",
        "coordinates": [
          18.2273323,
          50.0976056
        ]
      }
    },
    {
      "type": "Feature",
      "properties": {
        "source": "OpenStreetMap",
        "source_id": "node/2294646533",
        "domain": "public",
        "asset_type": "community_social",
        "confidence": "medium",
        "missing_fields": [],
        "limitations": [
          "OSM public-service completeness and tagging vary by area and facility type.",
          "A facility tag is evidence of mapped semantics, not service availability, capacity, accessibility or operating status.",
          "BDOT10k building geometry is retained only as topographic comparison context and cannot establish facility semantics.",
          "No qualified PRG public-service facility class is enabled for this domain pack."
        ],
        "eligible_for_analysis": true,
        "osm_tags": {
          "name": "Płonia -  Filia Publiczno-Szkolna nr 5",
          "operator": "Miejska i Powiatowa Biblioteka Publiczna im. Ryszarda Kincla",
          "website": "https://www.biblrac.pl/",
          "amenity": "library",
          "phone": "+4832 4171253",
          "email": "f5@biblrac.pl"
        }
      },
      "geometry": {
        "type": "Point",
        "coordinates": [
          18.2371134,
          50.08749069999999
        ]
      }
    },
    {
      "type": "Feature",
      "properties": {
        "source": "OpenStreetMap",
        "source_id": "node/2294646536",
        "domain": "public",
        "asset_type": "community_social",
        "confidence": "medium",
        "missing_fields": [],
        "limitations": [
          "OSM public-service completeness and tagging vary by area and facility type.",
          "A facility tag is evidence of mapped semantics, not service availability, capacity, accessibility or operating status.",
          "BDOT10k building geometry is retained only as topographic comparison context and cannot establish facility semantics.",
          "No qualified PRG public-service facility class is enabled for this domain pack."
        ],
        "eligible_for_analysis": true,
        "osm_tags": {
          "name": "Szpital Rejonowy - Filia nr 4",
          "operator": "Miejska i Powiatowa Biblioteka Publiczna im. Ryszarda Kincla",
          "website": "https://www.biblrac.pl/",
          "amenity": "library",
          "phone": "+4832 755 50 62",
          "email": "f4@biblrac.pl"
        }
      },
      "geometry": {
        "type": "Point",
        "coordinates": [
          18.2022204,
          50.1014705
        ]
      }
    },
    {
      "type": "Feature",
      "properties": {
        "source": "OpenStreetMap",
        "source_id": "node/2295159896",
        "domain": "public",
        "asset_type": "community_social",
        "confidence": "medium",
        "missing_fields": [],
        "limitations": [
          "OSM public-service completeness and tagging vary by area and facility type.",
          "A facility tag is evidence of mapped semantics, not service availability, capacity, accessibility or operating status.",
          "BDOT10k building geometry is retained only as topographic comparison context and cannot establish facility semantics.",
          "No qualified PRG public-service facility class is enabled for this domain pack."
        ],
        "eligible_for_analysis": true,
        "osm_tags": {
          "name": "Żorska -  Filia Publiczno-Szkolna Nr 8",
          "operator": "Miejska i Powiatowa Biblioteka Publiczna im. Ryszarda Kincla",
          "website": "https://www.biblrac.pl/",
          "amenity": "library",
          "phone": "+4832 419 04 93",
          "email": "f8@biblrac.pl"
        }
      },
      "geometry": {
        "type": "Point",
        "coordinates": [
          18.1969021,
          50.083364800000005
        ]
      }
    },
    {
      "type": "Feature",
      "properties": {
        "source": "OpenStreetMap",
        "source_id": "node/2296689085",
        "domain": "public",
        "asset_type": "community_social",
        "confidence": "medium",
        "missing_fields": [],
        "limitations": [
          "OSM public-service completeness and tagging vary by area and facility type.",
          "A facility tag is evidence of mapped semantics, not service availability, capacity, accessibility or operating status.",
          "BDOT10k building geometry is retained only as topographic comparison context and cannot establish facility semantics.",
          "No qualified PRG public-service facility class is enabled for this domain pack."
        ],
        "eligible_for_analysis": true,
        "osm_tags": {
          "name": "Warsztaty Terapii Zajęciowej",
          "operator": "Ośrodek Pomocy Społecznej w Raciborzu",
          "start_date": "2000-10-02",
          "amenity": "social_facility",
          "social_facility": "workshop",
          "phone": "+48 32 415 05 60"
        }
      },
      "geometry": {
        "type": "Point",
        "coordinates": [
          18.2180367,
          50.092371299999996
        ]
      }
    },
    {
      "type": "Feature",
      "properties": {
        "source": "OpenStreetMap",
        "source_id": "node/2296689089",
        "domain": "public",
        "asset_type": "community_social",
        "confidence": "medium",
        "missing_fields": [],
        "limitations": [
          "OSM public-service completeness and tagging vary by area and facility type.",
          "A facility tag is evidence of mapped semantics, not service availability, capacity, accessibility or operating status.",
          "BDOT10k building geometry is retained only as topographic comparison context and cannot establish facility semantics.",
          "No qualified PRG public-service facility class is enabled for this domain pack."
        ],
        "eligible_for_analysis": true,
        "osm_tags": {
          "name": "Ośrodek Pomocy Społecznej",
          "amenity": "social_facility",
          "phone": "+48 32 417 10 46"
        }
      },
      "geometry": {
        "type": "Point",
        "coordinates": [
          18.2082853,
          50.08072129999999
        ]
      }
    },
    {
      "type": "Feature",
      "properties": {
        "source": "OpenStreetMap",
        "source_id": "node/2296689093",
        "domain": "public",
        "asset_type": "community_social",
        "confidence": "medium",
        "missing_fields": [],
        "limitations": [
          "OSM public-service completeness and tagging vary by area and facility type.",
          "A facility tag is evidence of mapped semantics, not service availability, capacity, accessibility or operating status.",
          "BDOT10k building geometry is retained only as topographic comparison context and cannot establish facility semantics.",
          "No qualified PRG public-service facility class is enabled for this domain pack."
        ],
        "eligible_for_analysis": true,
        "osm_tags": {
          "name": "Ośrodek Pomocy Społecznej",
          "amenity": "social_facility",
          "phone": "+48 32 419 06 42"
        }
      },
      "geometry": {
        "type": "Point",
        "coordinates": [
          18.2201724,
          50.088278599999995
        ]
      }
    },
    {
      "type": "Feature",
      "properties": {
        "source": "OpenStreetMap",
        "source_id": "node/2296689097",
        "domain": "public",
        "asset_type": "community_social",
        "confidence": "medium",
        "missing_fields": [],
        "limitations": [
          "OSM public-service completeness and tagging vary by area and facility type.",
          "A facility tag is evidence of mapped semantics, not service availability, capacity, accessibility or operating status.",
          "BDOT10k building geometry is retained only as topographic comparison context and cannot establish facility semantics.",
          "No qualified PRG public-service facility class is enabled for this domain pack."
        ],
        "eligible_for_analysis": true,
        "osm_tags": {
          "name": "Poradnia Profilaktyki i Terapii Uzależnień",
          "amenity": "social_facility",
          "phone": "+48 32 415 38 35"
        }
      },
      "geometry": {
        "type": "Point",
        "coordinates": [
          18.214639,
          50.0900359
        ]
      }
    },
    {
      "type": "Feature",
      "properties": {
        "source": "OpenStreetMap",
        "source_id": "node/2344340959",
        "domain": "public",
        "asset_type": "community_social",
        "confidence": "medium",
        "missing_fields": [],
        "limitations": [
          "OSM public-service completeness and tagging vary by area and facility type.",
          "A facility tag is evidence of mapped semantics, not service availability, capacity, accessibility or operating status.",
          "BDOT10k building geometry is retained only as topographic comparison context and cannot establish facility semantics.",
          "No qualified PRG public-service facility class is enabled for this domain pack."
        ],
        "eligible_for_analysis": true,
        "osm_tags": {
          "name": "Biblioteka Publiczna Miasta Pszów filia nr 1",
          "website": "https://www.mokpszow.pl/index.php/biblioteka.html",
          "amenity": "library",
          "phone": "+48 32 455 79 64"
        }
      },
      "geometry": {
        "type": "Point",
        "coordinates": [
          18.4058972,
          50.04209109999999
        ]
      }
    },
    {
      "type": "Feature",
      "properties": {
        "source": "OpenStreetMap",
        "source_id": "node/2368924478",
        "domain": "public",
        "asset_type": "community_social",
        "confidence": "medium",
        "missing_fields": [],
        "limitations": [
          "OSM public-service completeness and tagging vary by area and facility type.",
          "A facility tag is evidence of mapped semantics, not service availability, capacity, accessibility or operating status.",
          "BDOT10k building geometry is retained only as topographic comparison context and cannot establish facility semantics.",
          "No qualified PRG public-service facility class is enabled for this domain pack."
        ],
        "eligible_for_analysis": true,
        "osm_tags": {
          "name": "Biblioteka Publiczna nr 1",
          "amenity": "library"
        }
      },
      "geometry": {
        "type": "Point",
        "coordinates": [
          18.637286000000003,
          50.14196950000001
        ]
      }
    },
    {
      "type": "Feature",
      "properties": {
        "source": "OpenStreetMap",
        "source_id": "node/2411887020",
        "domain": "public",
        "asset_type": "community_social",
        "confidence": "medium",
        "missing_fields": [],
        "limitations": [
          "OSM public-service completeness and tagging vary by area and facility type.",
          "A facility tag is evidence of mapped semantics, not service availability, capacity, accessibility or operating status.",
          "BDOT10k building geometry is retained only as topographic comparison context and cannot establish facility semantics.",
          "No qualified PRG public-service facility class is enabled for this domain pack."
        ],
        "eligible_for_analysis": true,
        "osm_tags": {
          "name": "Knihovna města Ostravy",
          "amenity": "library",
          "opening_hours": "Mo-Tu, Th 08:00-18:00; We, Fr 08:00-15:00",
          "contact:email": "kmo@kmo.cz"
        }
      },
      "geometry": {
        "type": "Point",
        "coordinates": [
          18.295612,
          49.8373973
        ]
      }
    },
    {
      "type": "Feature",
      "properties": {
        "source": "OpenStreetMap",
        "source_id": "node/2429564017",
        "domain": "public",
        "asset_type": "community_social",
        "confidence": "medium",
        "missing_fields": [],
        "limitations": [
          "OSM public-service completeness and tagging vary by area and facility type.",
          "A facility tag is evidence of mapped semantics, not service availability, capacity, accessibility or operating status.",
          "BDOT10k building geometry is retained only as topographic comparison context and cannot establish facility semantics.",
          "No qualified PRG public-service facility class is enabled for this domain pack."
        ],
        "eligible_for_analysis": true,
        "osm_tags": {
          "name": "Moravskoslezská vědecká knihovna",
          "amenity": "library",
          "opening_hours": "Mo-Fr 09:00-18:00; Sa 08:30-12:00",
          "wheelchair": "limited"
        }
      },
      "geometry": {
        "type": "Point",
        "coordinates": [
          18.2908086,
          49.84105919999999
        ]
      }
    },
    {
      "type": "Feature",
      "properties": {
        "source": "OpenStreetMap",
        "source_id": "node/2471460799",
        "domain": "public",
        "asset_type": "community_social",
        "confidence": "medium",
        "missing_fields": [],
        "limitations": [
          "OSM public-service completeness and tagging vary by area and facility type.",
          "A facility tag is evidence of mapped semantics, not service availability, capacity, accessibility or operating status.",
          "BDOT10k building geometry is retained only as topographic comparison context and cannot establish facility semantics.",
          "No qualified PRG public-service facility class is enabled for this domain pack."
        ],
        "eligible_for_analysis": true,
        "osm_tags": {
          "name": "azylový dům Nová šance",
          "amenity": "community_centre"
        }
      },
      "geometry": {
        "type": "Point",
        "coordinates": [
          18.2838405,
          49.88711479999999
        ]
      }
    },
    {
      "type": "Feature",
      "properties": {
        "source": "OpenStreetMap",
        "source_id": "node/2472678327",
        "domain": "public",
        "asset_type": "community_social",
        "confidence": "medium",
        "missing_fields": [],
        "limitations": [
          "OSM public-service completeness and tagging vary by area and facility type.",
          "A facility tag is evidence of mapped semantics, not service availability, capacity, accessibility or operating status.",
          "BDOT10k building geometry is retained only as topographic comparison context and cannot establish facility semantics.",
          "No qualified PRG public-service facility class is enabled for this domain pack."
        ],
        "eligible_for_analysis": true,
        "osm_tags": {
          "name": "Městská knihovna Orlová",
          "amenity": "library"
        }
      },
      "geometry": {
        "type": "Point",
        "coordinates": [
          18.4247818,
          49.87103659999999
        ]
      }
    },
    {
      "type": "Feature",
      "properties": {
        "source": "OpenStreetMap",
        "source_id": "node/2498277717",
        "domain": "public",
        "asset_type": "community_social",
        "confidence": "medium",
        "missing_fields": [],
        "limitations": [
          "OSM public-service completeness and tagging vary by area and facility type.",
          "A facility tag is evidence of mapped semantics, not service availability, capacity, accessibility or operating status.",
          "BDOT10k building geometry is retained only as topographic comparison context and cannot establish facility semantics.",
          "No qualified PRG public-service facility class is enabled for this domain pack."
        ],
        "eligible_for_analysis": true,
        "osm_tags": {
          "name": "Dom kultury w Pogwizdowie",
          "amenity": "community_centre"
        }
      },
      "geometry": {
        "type": "Point",
        "coordinates": [
          18.5953751,
          49.811873199999994
        ]
      }
    },
    {
      "type": "Feature",
      "properties": {
        "source": "OpenStreetMap",
        "source_id": "node/2550978091",
        "domain": "public",
        "asset_type": "community_social",
        "confidence": "medium",
        "missing_fields": [],
        "limitations": [
          "OSM public-service completeness and tagging vary by area and facility type.",
          "A facility tag is evidence of mapped semantics, not service availability, capacity, accessibility or operating status.",
          "BDOT10k building geometry is retained only as topographic comparison context and cannot establish facility semantics.",
          "No qualified PRG public-service facility class is enabled for this domain pack."
        ],
        "eligible_for_analysis": true,
        "osm_tags": {
          "name": "Miejsko-Powiatowa Biblioteka w Pszczynie – Filia nr 3",
          "website": "https://biblioteka-pszczyna.pl/oddzial-pszczyna-ul-bednorza/",
          "amenity": "library",
          "opening_hours": "Mo,Tu 09:00-15:00; We,Fr 09:00-17:00; Th 11:00-17:00",
          "phone": "+48 32 210 11 67",
          "email": "filia3@biblioteka-pszczyna.pl"
        }
      },
      "geometry": {
        "type": "Point",
        "coordinates": [
          18.9452342,
          49.9720271
        ]
      }
    },
    {
      "type": "Feature",
      "properties": {
        "source": "OpenStreetMap",
        "source_id": "node/2620148654",
        "domain": "public",
        "asset_type": "community_social",
        "confidence": "medium",
        "missing_fields": [],
        "limitations": [
          "OSM public-service completeness and tagging vary by area and facility type.",
          "A facility tag is evidence of mapped semantics, not service availability, capacity, accessibility or operating status.",
          "BDOT10k building geometry is retained only as topographic comparison context and cannot establish facility semantics.",
          "No qualified PRG public-service facility class is enabled for this domain pack."
        ],
        "eligible_for_analysis": true,
        "osm_tags": {
          "name": "Miejska Biblioteka Publiczna w Zabrzu Filia nr 3",
          "amenity": "library",
          "opening_hours": "Mo,We 10:00-18:00; Fr 08:00-16:00",
          "phone": "+48322761355",
          "email": "f3@biblioteka.zabrze.pl"
        }
      },
      "geometry": {
        "type": "Point",
        "coordinates": [
          18.7419105,
          50.311399599999994
        ]
      }
    },
    {
      "type": "Feature",
      "properties": {
        "source": "OpenStreetMap",
        "source_id": "node/2628627835",
        "domain": "public",
        "asset_type": "community_social",
        "confidence": "medium",
        "missing_fields": [],
        "limitations": [
          "OSM public-service completeness and tagging vary by area and facility type.",
          "A facility tag is evidence of mapped semantics, not service availability, capacity, accessibility or operating status.",
          "BDOT10k building geometry is retained only as topographic comparison context and cannot establish facility semantics.",
          "No qualified PRG public-service facility class is enabled for this domain pack."
        ],
        "eligible_for_analysis": true,
        "osm_tags": {
          "name": "Miejska Biblioteka Publiczna w Zabrzu Filia nr 12",
          "amenity": "library",
          "opening_hours": "Mo-Fr 10:00-18:00; Tu,Th 10:00-15:00",
          "phone": "+48322753864",
          "email": "f12@biblioteka.zabrze.pl"
        }
      },
      "geometry": {
        "type": "Point",
        "coordinates": [
          18.7846987,
          50.306335999999995
        ]
      }
    },
    {
      "type": "Feature",
      "properties": {
        "source": "OpenStreetMap",
        "source_id": "node/2750264285",
        "domain": "public",
        "asset_type": "community_social",
        "confidence": "medium",
        "missing_fields": [],
        "limitations": [
          "OSM public-service completeness and tagging vary by area and facility type.",
          "A facility tag is evidence of mapped semantics, not service availability, capacity, accessibility or operating status.",
          "BDOT10k building geometry is retained only as topographic comparison context and cannot establish facility semantics.",
          "No qualified PRG public-service facility class is enabled for this domain pack."
        ],
        "eligible_for_analysis": true,
        "osm_tags": {
          "name": "Biblioteka Publiczna Miejska filia nr 20",
          "amenity": "library"
        }
      },
      "geometry": {
        "type": "Point",
        "coordinates": [
          18.6700012,
          50.31027939999999
        ]
      }
    },
    {
      "type": "Feature",
      "properties": {
        "source": "OpenStreetMap",
        "source_id": "node/2750709073",
        "domain": "public",
        "asset_type": "community_social",
        "confidence": "medium",
        "missing_fields": [],
        "limitations": [
          "OSM public-service completeness and tagging vary by area and facility type.",
          "A facility tag is evidence of mapped semantics, not service availability, capacity, accessibility or operating status.",
          "BDOT10k building geometry is retained only as topographic comparison context and cannot establish facility semantics.",
          "No qualified PRG public-service facility class is enabled for this domain pack."
        ],
        "eligible_for_analysis": true,
        "osm_tags": {
          "name": "Biblioteka Publiczna Miejska. Filia nr 13",
          "amenity": "library",
          "opening_hours": "Mo,We,Fr 11:00-19:00; Tu,Th,Sa 08:00-15:00"
        }
      },
      "geometry": {
        "type": "Point",
        "coordinates": [
          18.6886214,
          50.31996569999999
        ]
      }
    },
    {
      "type": "Feature",
      "properties": {
        "source": "OpenStreetMap",
        "source_id": "node/2825720409",
        "domain": "public",
        "asset_type": "community_social",
        "confidence": "medium",
        "missing_fields": [],
        "limitations": [
          "OSM public-service completeness and tagging vary by area and facility type.",
          "A facility tag is evidence of mapped semantics, not service availability, capacity, accessibility or operating status.",
          "BDOT10k building geometry is retained only as topographic comparison context and cannot establish facility semantics.",
          "No qualified PRG public-service facility class is enabled for this domain pack."
        ],
        "eligible_for_analysis": true,
        "osm_tags": {
          "name": "Miejska Biblioteka Publiczna filia nr 18",
          "amenity": "library",
          "opening_hours": "Mo-Fr 08:00-19:00; Sa 09:00-15:00; Su off",
          "contact:phone": "+48 32 358 66 31",
          "contact:email": "filia18@mbp.katowice.pl"
        }
      },
      "geometry": {
        "type": "Point",
        "coordinates": [
          18.959075800000004,
          50.2158701
        ]
      }
    },
    {
      "type": "Feature",
      "properties": {
        "source": "OpenStreetMap",
        "source_id": "node/2830928571",
        "domain": "public",
        "asset_type": "community_social",
        "confidence": "medium",
        "missing_fields": [],
        "limitations": [
          "OSM public-service completeness and tagging vary by area and facility type.",
          "A facility tag is evidence of mapped semantics, not service availability, capacity, accessibility or operating status.",
          "BDOT10k building geometry is retained only as topographic comparison context and cannot establish facility semantics.",
          "No qualified PRG public-service facility class is enabled for this domain pack."
        ],
        "eligible_for_analysis": true,
        "osm_tags": {
          "name": "Świetlica wiejska",
          "amenity": "community_centre"
        }
      },
      "geometry": {
        "type": "Point",
        "coordinates": [
          18.2906922,
          49.93813920000001
        ]
      }
    },
    {
      "type": "Feature",
      "properties": {
        "source": "OpenStreetMap",
        "source_id": "node/2853131243",
        "domain": "public",
        "asset_type": "community_social",
        "confidence": "medium",
        "missing_fields": [],
        "limitations": [
          "OSM public-service completeness and tagging vary by area and facility type.",
          "A facility tag is evidence of mapped semantics, not service availability, capacity, accessibility or operating status.",
          "BDOT10k building geometry is retained only as topographic comparison context and cannot establish facility semantics.",
          "No qualified PRG public-service facility class is enabled for this domain pack."
        ],
        "eligible_for_analysis": true,
        "osm_tags": {
          "amenity": "library"
        }
      },
      "geometry": {
        "type": "Point",
        "coordinates": [
          18.9457289,
          49.98988489999999
        ]
      }
    },
    {
      "type": "Feature",
      "properties": {
        "source": "OpenStreetMap",
        "source_id": "node/2879969086",
        "domain": "public",
        "asset_type": "community_social",
        "confidence": "medium",
        "missing_fields": [],
        "limitations": [
          "OSM public-service completeness and tagging vary by area and facility type.",
          "A facility tag is evidence of mapped semantics, not service availability, capacity, accessibility or operating status.",
          "BDOT10k building geometry is retained only as topographic comparison context and cannot establish facility semantics.",
          "No qualified PRG public-service facility class is enabled for this domain pack."
        ],
        "eligible_for_analysis": true,
        "osm_tags": {
          "name": "Miejska Biblioteka publiczna. Filia",
          "amenity": "library",
          "opening_hours": "Mo 11:00-19:00; Tu 08:00-15:00; We 11:00-19:00; Th 08:00-15:00; Fr 11:00-19:00; Sa 11:00-15:00"
        }
      },
      "geometry": {
        "type": "Point",
        "coordinates": [
          18.6664016,
          50.29454290000001
        ]
      }
    },
    {
      "type": "Feature",
      "properties": {
        "source": "OpenStreetMap",
        "source_id": "node/2923615754",
        "domain": "public",
        "asset_type": "community_social",
        "confidence": "medium",
        "missing_fields": [],
        "limitations": [
          "OSM public-service completeness and tagging vary by area and facility type.",
          "A facility tag is evidence of mapped semantics, not service availability, capacity, accessibility or operating status.",
          "BDOT10k building geometry is retained only as topographic comparison context and cannot establish facility semantics.",
          "No qualified PRG public-service facility class is enabled for this domain pack."
        ],
        "eligible_for_analysis": true,
        "osm_tags": {
          "name": "Powiatowa i Miejska Biblioteka Publiczna Filia numer 11 Popielów",
          "amenity": "library"
        }
      },
      "geometry": {
        "type": "Point",
        "coordinates": [
          18.5092831,
          50.0505271
        ]
      }
    },
    {
      "type": "Feature",
      "properties": {
        "source": "OpenStreetMap",
        "source_id": "node/2924456442",
        "domain": "public",
        "asset_type": "community_social",
        "confidence": "medium",
        "missing_fields": [],
        "limitations": [
          "OSM public-service completeness and tagging vary by area and facility type.",
          "A facility tag is evidence of mapped semantics, not service availability, capacity, accessibility or operating status.",
          "BDOT10k building geometry is retained only as topographic comparison context and cannot establish facility semantics.",
          "No qualified PRG public-service facility class is enabled for this domain pack."
        ],
        "eligible_for_analysis": true,
        "osm_tags": {
          "name": "Gminna Biblioteka Publiczna w Lubomi",
          "amenity": "library"
        }
      },
      "geometry": {
        "type": "Point",
        "coordinates": [
          18.3093503,
          50.0405608
        ]
      }
    },
    {
      "type": "Feature",
      "properties": {
        "source": "OpenStreetMap",
        "source_id": "node/2969182477",
        "domain": "public",
        "asset_type": "community_social",
        "confidence": "medium",
        "missing_fields": [],
        "limitations": [
          "OSM public-service completeness and tagging vary by area and facility type.",
          "A facility tag is evidence of mapped semantics, not service availability, capacity, accessibility or operating status.",
          "BDOT10k building geometry is retained only as topographic comparison context and cannot establish facility semantics.",
          "No qualified PRG public-service facility class is enabled for this domain pack."
        ],
        "eligible_for_analysis": true,
        "osm_tags": {
          "name": "Świetlica w Łańcach",
          "amenity": "arts_centre"
        }
      },
      "geometry": {
        "type": "Point",
        "coordinates": [
          18.3341374,
          50.0822528
        ]
      }
    },
    {
      "type": "Feature",
      "properties": {
        "source": "OpenStreetMap",
        "source_id": "node/2990156333",
        "domain": "public",
        "asset_type": "community_social",
        "confidence": "medium",
        "missing_fields": [],
        "limitations": [
          "OSM public-service completeness and tagging vary by area and facility type.",
          "A facility tag is evidence of mapped semantics, not service availability, capacity, accessibility or operating status.",
          "BDOT10k building geometry is retained only as topographic comparison context and cannot establish facility semantics.",
          "No qualified PRG public-service facility class is enabled for this domain pack."
        ],
        "eligible_for_analysis": true,
        "osm_tags": {
          "name": "Czytelnia Ogólna i Prasy",
          "amenity": "library",
          "opening_hours": "Mo 10:00-19:00; Tu-Fr 09:00-19:00; Th 12:00-15:00; Sa 09:00-13:00",
          "phone": "+48322711980",
          "email": "cop@biblioteka.zabrze.pl"
        }
      },
      "geometry": {
        "type": "Point",
        "coordinates": [
          18.7846401,
          50.30618789999999
        ]
      }
    },
    {
      "type": "Feature",
      "properties": {
        "source": "OpenStreetMap",
        "source_id": "node/2990156335",
        "domain": "public",
        "asset_type": "community_social",
        "confidence": "medium",
        "missing_fields": [],
        "limitations": [
          "OSM public-service completeness and tagging vary by area and facility type.",
          "A facility tag is evidence of mapped semantics, not service availability, capacity, accessibility or operating status.",
          "BDOT10k building geometry is retained only as topographic comparison context and cannot establish facility semantics.",
          "No qualified PRG public-service facility class is enabled for this domain pack."
        ],
        "eligible_for_analysis": true,
        "osm_tags": {
          "name": "Miejska Biblioteka Publiczna w Zabrzu Filia nr 10",
          "amenity": "library",
          "opening_hours": "Tu 10:00-18:00; Fr 10:00-17:00",
          "phone": "+48322756765",
          "email": "f10@biblioteka.zabrze.pl"
        }
      },
      "geometry": {
        "type": "Point",
        "coordinates": [
          18.7596739,
          50.26177379999999
        ]
      }
    },
    {
      "type": "Feature",
      "properties": {
        "source": "OpenStreetMap",
        "source_id": "node/2990156336",
        "domain": "public",
        "asset_type": "community_social",
        "confidence": "medium",
        "missing_fields": [],
        "limitations": [
          "OSM public-service completeness and tagging vary by area and facility type.",
          "A facility tag is evidence of mapped semantics, not service availability, capacity, accessibility or operating status.",
          "BDOT10k building geometry is retained only as topographic comparison context and cannot establish facility semantics.",
          "No qualified PRG public-service facility class is enabled for this domain pack."
        ],
        "eligible_for_analysis": true,
        "osm_tags": {
          "name": "Miejska Biblioteka Publiczna w Zabrzu Filia nr 11",
          "amenity": "library",
          "opening_hours": "Mo-Fr 10:00-18:00; Tu 09:00-18:00; Th 10:00-15:00; Sa 09:00-13:00",
          "phone": "+48322716041",
          "email": "f11@biblioteka.zabrze.pl"
        }
      },
      "geometry": {
        "type": "Point",
        "coordinates": [
          18.7657833,
          50.3056365
        ]
      }
    },
    {
      "type": "Feature",
      "properties": {
        "source": "OpenStreetMap",
        "source_id": "node/2990156337",
        "domain": "public",
        "asset_type": "community_social",
        "confidence": "medium",
        "missing_fields": [],
        "limitations": [
          "OSM public-service completeness and tagging vary by area and facility type.",
          "A facility tag is evidence of mapped semantics, not service availability, capacity, accessibility or operating status.",
          "BDOT10k building geometry is retained only as topographic comparison context and cannot establish facility semantics.",
          "No qualified PRG public-service facility class is enabled for this domain pack."
        ],
        "eligible_for_analysis": true,
        "osm_tags": {
          "name": "Miejska Biblioteka Publiczna w Zabrzu Filia nr 14",
          "amenity": "library",
          "opening_hours": "Mo-Fr 10:00-18:00; Tu 09:00-18:00; Th 10:00-15:00; Sa 09:00-13:00",
          "phone": "+48322712615",
          "email": "f14@biblioteka.zabrze.pl"
        }
      },
      "geometry": {
        "type": "Point",
        "coordinates": [
          18.7814104,
          50.29557129999999
        ]
      }
    },
    {
      "type": "Feature",
      "properties": {
        "source": "OpenStreetMap",
        "source_id": "node/2990156338",
        "domain": "public",
        "asset_type": "community_social",
        "confidence": "medium",
        "missing_fields": [],
        "limitations": [
          "OSM public-service completeness and tagging vary by area and facility type.",
          "A facility tag is evidence of mapped semantics, not service availability, capacity, accessibility or operating status.",
          "BDOT10k building geometry is retained only as topographic comparison context and cannot establish facility semantics.",
          "No qualified PRG public-service facility class is enabled for this domain pack."
        ],
        "eligible_for_analysis": true,
        "osm_tags": {
          "name": "Miejska Biblioteka Publiczna w Zabrzu Filia nr 16",
          "amenity": "library",
          "opening_hours": "Mo,We 10:00-18:00; Tu 09:00-15:00; Th 10:00-15:00; Fr 09:00-17:00",
          "phone": "+48322735217",
          "email": "f16@biblioteka.zabrze.pl"
        }
      },
      "geometry": {
        "type": "Point",
        "coordinates": [
          18.7751931,
          50.32765469999999
        ]
      }
    },
    {
      "type": "Feature",
      "properties": {
        "source": "OpenStreetMap",
        "source_id": "node/2990156339",
        "domain": "public",
        "asset_type": "community_social",
        "confidence": "medium",
        "missing_fields": [],
        "limitations": [
          "OSM public-service completeness and tagging vary by area and facility type.",
          "A facility tag is evidence of mapped semantics, not service availability, capacity, accessibility or operating status.",
          "BDOT10k building geometry is retained only as topographic comparison context and cannot establish facility semantics.",
          "No qualified PRG public-service facility class is enabled for this domain pack."
        ],
        "eligible_for_analysis": true,
        "osm_tags": {
          "name": "Miejska Biblioteka Publiczna w Zabrzu Filia nr 17",
          "amenity": "library",
          "opening_hours": "Mo,We 10:00-18:00; Tu 09:00-15:00; Th 10:00-15:00; Fr 08:00-16:00",
          "phone": "+48322775414",
          "email": "f17@biblioteka.zabrze.pl"
        }
      },
      "geometry": {
        "type": "Point",
        "coordinates": [
          18.8374959,
          50.30081650000001
        ]
      }
    },
    {
      "type": "Feature",
      "properties": {
        "source": "OpenStreetMap",
        "source_id": "node/2990156340",
        "domain": "public",
        "asset_type": "community_social",
        "confidence": "medium",
        "missing_fields": [],
        "limitations": [
          "OSM public-service completeness and tagging vary by area and facility type.",
          "A facility tag is evidence of mapped semantics, not service availability, capacity, accessibility or operating status.",
          "BDOT10k building geometry is retained only as topographic comparison context and cannot establish facility semantics.",
          "No qualified PRG public-service facility class is enabled for this domain pack."
        ],
        "eligible_for_analysis": true,
        "osm_tags": {
          "name": "Miejska Biblioteka Publiczna w Zabrzu Filia nr 18",
          "amenity": "library",
          "opening_hours": "Mo 11:00-18:00; We,Fr 11:00-17:00",
          "phone": "+48322744732",
          "email": "f18@biblioteka.zabrze.pl"
        }
      },
      "geometry": {
        "type": "Point",
        "coordinates": [
          18.8277415,
          50.3448325
        ]
      }
    },
    {
      "type": "Feature",
      "properties": {
        "source": "OpenStreetMap",
        "source_id": "node/2990156341",
        "domain": "public",
        "asset_type": "community_social",
        "confidence": "medium",
        "missing_fields": [],
        "limitations": [
          "OSM public-service completeness and tagging vary by area and facility type.",
          "A facility tag is evidence of mapped semantics, not service availability, capacity, accessibility or operating status.",
          "BDOT10k building geometry is retained only as topographic comparison context and cannot establish facility semantics.",
          "No qualified PRG public-service facility class is enabled for this domain pack."
        ],
        "eligible_for_analysis": true,
        "osm_tags": {
          "name": "Miejska Biblioteka Publiczna w Zabrzu Filia nr 19",
          "amenity": "library",
          "opening_hours": "Mo-Fr 10:00-18:00; Tu 09:00-18:00; Th 10:00-15:00",
          "phone": "+48322713080",
          "email": "f19@biblioteka.zabrze.pl"
        }
      },
      "geometry": {
        "type": "Point",
        "coordinates": [
          18.7755907,
          50.299517999999985
        ]
      }
    },
    {
      "type": "Feature",
      "properties": {
        "source": "OpenStreetMap",
        "source_id": "node/2990156342",
        "domain": "public",
        "asset_type": "community_social",
        "confidence": "medium",
        "missing_fields": [],
        "limitations": [
          "OSM public-service completeness and tagging vary by area and facility type.",
          "A facility tag is evidence of mapped semantics, not service availability, capacity, accessibility or operating status.",
          "BDOT10k building geometry is retained only as topographic comparison context and cannot establish facility semantics.",
          "No qualified PRG public-service facility class is enabled for this domain pack."
        ],
        "eligible_for_analysis": true,
        "osm_tags": {
          "name": "Miejska Biblioteka Publiczna w Zabrzu Filia nr 2",
          "amenity": "library",
          "opening_hours": "Mo-Fr 10:00-18:00; Tu 09:00-18:00; Th 10:00-15:00",
          "phone": "+48322745922",
          "email": "f2@biblioteka.zabrze.pl"
        }
      },
      "geometry": {
        "type": "Point",
        "coordinates": [
          18.8190269,
          50.3191936
        ]
      }
    },
    {
      "type": "Feature",
      "properties": {
        "source": "OpenStreetMap",
        "source_id": "node/2990156343",
        "domain": "public",
        "asset_type": "community_social",
        "confidence": "medium",
        "missing_fields": [],
        "limitations": [
          "OSM public-service completeness and tagging vary by area and facility type.",
          "A facility tag is evidence of mapped semantics, not service availability, capacity, accessibility or operating status.",
          "BDOT10k building geometry is retained only as topographic comparison context and cannot establish facility semantics.",
          "No qualified PRG public-service facility class is enabled for this domain pack."
        ],
        "eligible_for_analysis": true,
        "osm_tags": {
          "name": "Miejska Biblioteka Publiczna w Zabrzu Filia nr 20",
          "amenity": "library",
          "opening_hours": "Mo-Fr 10:00-18:00; Tu 09:00-18:00; Th 10:00-15:00; Sa 09:00-13:00",
          "phone": "+48322715529",
          "email": "f20@biblioteka.zabrze.pl"
        }
      },
      "geometry": {
        "type": "Point",
        "coordinates": [
          18.7875413,
          50.30402720000001
        ]
      }
    },
    {
      "type": "Feature",
      "properties": {
        "source": "OpenStreetMap",
        "source_id": "node/2990156344",
        "domain": "public",
        "asset_type": "community_social",
        "confidence": "medium",
        "missing_fields": [],
        "limitations": [
          "OSM public-service completeness and tagging vary by area and facility type.",
          "A facility tag is evidence of mapped semantics, not service availability, capacity, accessibility or operating status.",
          "BDOT10k building geometry is retained only as topographic comparison context and cannot establish facility semantics.",
          "No qualified PRG public-service facility class is enabled for this domain pack."
        ],
        "eligible_for_analysis": true,
        "osm_tags": {
          "name": "Miejska Biblioteka Publiczna w Zabrzu Filia nr 4",
          "amenity": "library",
          "opening_hours": "Mo,We 10:00-18:00; Tu 09:00-15:00; Th 10:00-15:00; Fr 09:00-17:00",
          "phone": "+48322764269",
          "email": "f4@biblioteka.zabrze.pl"
        }
      },
      "geometry": {
        "type": "Point",
        "coordinates": [
          18.7682656,
          50.29904620000001
        ]
      }
    },
    {
      "type": "Feature",
      "properties": {
        "source": "OpenStreetMap",
        "source_id": "node/2990156345",
        "domain": "public",
        "asset_type": "community_social",
        "confidence": "medium",
        "missing_fields": [],
        "limitations": [
          "OSM public-service completeness and tagging vary by area and facility type.",
          "A facility tag is evidence of mapped semantics, not service availability, capacity, accessibility or operating status.",
          "BDOT10k building geometry is retained only as topographic comparison context and cannot establish facility semantics.",
          "No qualified PRG public-service facility class is enabled for this domain pack."
        ],
        "eligible_for_analysis": true,
        "osm_tags": {
          "name": "Miejska Biblioteka Publiczna w Zabrzu Filia nr 5",
          "amenity": "library",
          "opening_hours": "Mo,We 10:00-18:00; Tu,Fr 10:00-17:00; Th 10:00-15:00",
          "phone": "+48322740102",
          "email": "f5@biblioteka.zabrze.pl"
        }
      },
      "geometry": {
        "type": "Point",
        "coordinates": [
          18.7840665,
          50.3355934
        ]
      }
    },
    {
      "type": "Feature",
      "properties": {
        "source": "OpenStreetMap",
        "source_id": "node/2990156346",
        "domain": "public",
        "asset_type": "community_social",
        "confidence": "medium",
        "missing_fields": [],
        "limitations": [
          "OSM public-service completeness and tagging vary by area and facility type.",
          "A facility tag is evidence of mapped semantics, not service availability, capacity, accessibility or operating status.",
          "BDOT10k building geometry is retained only as topographic comparison context and cannot establish facility semantics.",
          "No qualified PRG public-service facility class is enabled for this domain pack."
        ],
        "eligible_for_analysis": true,
        "osm_tags": {
          "name": "Miejska Biblioteka Publiczna w Zabrzu Filia nr 6",
          "amenity": "library",
          "opening_hours": "Mo-Fr 10:00-18:00; Tu 09:00-18:00; Th 10:00-15:00; Sa 09:00-13:00",
          "phone": "+48322723942",
          "email": "f6@biblioteka.zabrze.pl"
        }
      },
      "geometry": {
        "type": "Point",
        "coordinates": [
          18.7982485,
          50.365438399999995
        ]
      }
    },
    {
      "type": "Feature",
      "properties": {
        "source": "OpenStreetMap",
        "source_id": "node/2990156347",
        "domain": "public",
        "asset_type": "community_social",
        "confidence": "medium",
        "missing_fields": [],
        "limitations": [
          "OSM public-service completeness and tagging vary by area and facility type.",
          "A facility tag is evidence of mapped semantics, not service availability, capacity, accessibility or operating status.",
          "BDOT10k building geometry is retained only as topographic comparison context and cannot establish facility semantics.",
          "No qualified PRG public-service facility class is enabled for this domain pack."
        ],
        "eligible_for_analysis": true,
        "osm_tags": {
          "name": "Miejska Biblioteka Publiczna w Zabrzu Filia nr 7",
          "amenity": "library",
          "opening_hours": "Tu,Fr 10:00-18:00",
          "phone": "+48322738388",
          "email": "f7@biblioteka.zabrze.pl",
          "wheelchair": "no"
        }
      },
      "geometry": {
        "type": "Point",
        "coordinates": [
          18.7600806,
          50.3651638
        ]
      }
    },
    {
      "type": "Feature",
      "properties": {
        "source": "OpenStreetMap",
        "source_id": "node/2990156348",
        "domain": "public",
        "asset_type": "community_social",
        "confidence": "medium",
        "missing_fields": [],
        "limitations": [
          "OSM public-service completeness and tagging vary by area and facility type.",
          "A facility tag is evidence of mapped semantics, not service availability, capacity, accessibility or operating status.",
          "BDOT10k building geometry is retained only as topographic comparison context and cannot establish facility semantics.",
          "No qualified PRG public-service facility class is enabled for this domain pack."
        ],
        "eligible_for_analysis": true,
        "osm_tags": {
          "name": "Miejska Biblioteka Publiczna w Zabrzu Filia nr 8",
          "amenity": "library",
          "opening_hours": "Mo,We 10:00-18:00; Tu,Fr 10:00-17:00; Th 10:00-15:00",
          "phone": "+48322751225",
          "email": "f8@biblioteka.zabrze.pl"
        }
      },
      "geometry": {
        "type": "Point",
        "coordinates": [
          18.8079208,
          50.280936800000006
        ]
      }
    },
    {
      "type": "Feature",
      "properties": {
        "source": "OpenStreetMap",
        "source_id": "node/2990156350",
        "domain": "public",
        "asset_type": "community_social",
        "confidence": "medium",
        "missing_fields": [],
        "limitations": [
          "OSM public-service completeness and tagging vary by area and facility type.",
          "A facility tag is evidence of mapped semantics, not service availability, capacity, accessibility or operating status.",
          "BDOT10k building geometry is retained only as topographic comparison context and cannot establish facility semantics.",
          "No qualified PRG public-service facility class is enabled for this domain pack."
        ],
        "eligible_for_analysis": true,
        "osm_tags": {
          "name": "Wypożyczalnia Centralna",
          "amenity": "library",
          "opening_hours": "Mo-Fr 10:00-18:00; Tu 09:00-18:00; Th 10:00-15:00; Sa 09:00-13:00",
          "phone": "+48323701253",
          "email": "wc@biblioteka.zabrze.pl"
        }
      },
      "geometry": {
        "type": "Point",
        "coordinates": [
          18.7846809,
          50.31089329999999
        ]
      }
    },
    {
      "type": "Feature",
      "properties": {
        "source": "OpenStreetMap",
        "source_id": "node/3159104453",
        "domain": "public",
        "asset_type": "community_social",
        "confidence": "medium",
        "missing_fields": [],
        "limitations": [
          "OSM public-service completeness and tagging vary by area and facility type.",
          "A facility tag is evidence of mapped semantics, not service availability, capacity, accessibility or operating status.",
          "BDOT10k building geometry is retained only as topographic comparison context and cannot establish facility semantics.",
          "No qualified PRG public-service facility class is enabled for this domain pack."
        ],
        "eligible_for_analysis": true,
        "osm_tags": {
          "name": "Dom Opieki Sióstr Boromeuszek",
          "amenity": "social_facility",
          "social_facility": "nursing_home"
        }
      },
      "geometry": {
        "type": "Point",
        "coordinates": [
          18.9092189,
          50.17115570000001
        ]
      }
    },
    {
      "type": "Feature",
      "properties": {
        "source": "OpenStreetMap",
        "source_id": "node/3252073640",
        "domain": "public",
        "asset_type": "community_social",
        "confidence": "medium",
        "missing_fields": [],
        "limitations": [
          "OSM public-service completeness and tagging vary by area and facility type.",
          "A facility tag is evidence of mapped semantics, not service availability, capacity, accessibility or operating status.",
          "BDOT10k building geometry is retained only as topographic comparison context and cannot establish facility semantics.",
          "No qualified PRG public-service facility class is enabled for this domain pack."
        ],
        "eligible_for_analysis": true,
        "osm_tags": {
          "name": "Gminny Ośrodek Pomocy Społecznej",
          "amenity": "community_centre"
        }
      },
      "geometry": {
        "type": "Point",
        "coordinates": [
          18.8990111,
          50.1316104
        ]
      }
    },
    {
      "type": "Feature",
      "properties": {
        "source": "OpenStreetMap",
        "source_id": "node/3336315156",
        "domain": "public",
        "asset_type": "community_social",
        "confidence": "medium",
        "missing_fields": [],
        "limitations": [
          "OSM public-service completeness and tagging vary by area and facility type.",
          "A facility tag is evidence of mapped semantics, not service availability, capacity, accessibility or operating status.",
          "BDOT10k building geometry is retained only as topographic comparison context and cannot establish facility semantics.",
          "No qualified PRG public-service facility class is enabled for this domain pack."
        ],
        "eligible_for_analysis": true,
        "osm_tags": {
          "name": "Miejsko-Powiatowa Biblioteka w Pszczynie, Filia w Czarkowie",
          "amenity": "library",
          "phone": "+48 32 448 47 64"
        }
      },
      "geometry": {
        "type": "Point",
        "coordinates": [
          18.909534600000004,
          50.0110294
        ]
      }
    },
    {
      "type": "Feature",
      "properties": {
        "source": "OpenStreetMap",
        "source_id": "node/3373563916",
        "domain": "public",
        "asset_type": "community_social",
        "confidence": "medium",
        "missing_fields": [],
        "limitations": [
          "OSM public-service completeness and tagging vary by area and facility type.",
          "A facility tag is evidence of mapped semantics, not service availability, capacity, accessibility or operating status.",
          "BDOT10k building geometry is retained only as topographic comparison context and cannot establish facility semantics.",
          "No qualified PRG public-service facility class is enabled for this domain pack."
        ],
        "eligible_for_analysis": true,
        "osm_tags": {
          "name": "Warsztaty terapii zajęciowej Caritas Diecezji Gliwickiej",
          "operator": "Stowarzyszenie Pomocy Dzieciom \"SERCE\"",
          "website": "https://www.wtzcaritaszabrze.pl/",
          "start_date": "2004-03-02",
          "amenity": "social_facility",
          "social_facility": "workshop"
        }
      },
      "geometry": {
        "type": "Point",
        "coordinates": [
          18.7935116,
          50.2964391
        ]
      }
    },
    {
      "type": "Feature",
      "properties": {
        "source": "OpenStreetMap",
        "source_id": "node/3414599322",
        "domain": "public",
        "asset_type": "community_social",
        "confidence": "medium",
        "missing_fields": [],
        "limitations": [
          "OSM public-service completeness and tagging vary by area and facility type.",
          "A facility tag is evidence of mapped semantics, not service availability, capacity, accessibility or operating status.",
          "BDOT10k building geometry is retained only as topographic comparison context and cannot establish facility semantics.",
          "No qualified PRG public-service facility class is enabled for this domain pack."
        ],
        "eligible_for_analysis": true,
        "osm_tags": {
          "name": "Miejska Biblioteka Publiczna Filia 10",
          "amenity": "library",
          "opening_hours": "Mo-Fr 08:00-19:00; Sa 09:00-15:00; PH off"
        }
      },
      "geometry": {
        "type": "Point",
        "coordinates": [
          18.9880214,
          50.20613900000001
        ]
      }
    },
    {
      "type": "Feature",
      "properties": {
        "source": "OpenStreetMap",
        "source_id": "node/3437646921",
        "domain": "public",
        "asset_type": "community_social",
        "confidence": "medium",
        "missing_fields": [],
        "limitations": [
          "OSM public-service completeness and tagging vary by area and facility type.",
          "A facility tag is evidence of mapped semantics, not service availability, capacity, accessibility or operating status.",
          "BDOT10k building geometry is retained only as topographic comparison context and cannot establish facility semantics.",
          "No qualified PRG public-service facility class is enabled for this domain pack."
        ],
        "eligible_for_analysis": true,
        "osm_tags": {
          "amenity": "library"
        }
      },
      "geometry": {
        "type": "Point",
        "coordinates": [
          18.6002325,
          49.802941600000004
        ]
      }
    },
    {
      "type": "Feature",
      "properties": {
        "source": "OpenStreetMap",
        "source_id": "node/3533392824",
        "domain": "public",
        "asset_type": "community_social",
        "confidence": "medium",
        "missing_fields": [],
        "limitations": [
          "OSM public-service completeness and tagging vary by area and facility type.",
          "A facility tag is evidence of mapped semantics, not service availability, capacity, accessibility or operating status.",
          "BDOT10k building geometry is retained only as topographic comparison context and cannot establish facility semantics.",
          "No qualified PRG public-service facility class is enabled for this domain pack."
        ],
        "eligible_for_analysis": true,
        "osm_tags": {
          "name": "Gminna Publiczna Biblioteka w Gaszowicach - Filia w Czernicy",
          "amenity": "library"
        }
      },
      "geometry": {
        "type": "Point",
        "coordinates": [
          18.3991045,
          50.08281370000001
        ]
      }
    },
    {
      "type": "Feature",
      "properties": {
        "source": "OpenStreetMap",
        "source_id": "node/3553281023",
        "domain": "public",
        "asset_type": "community_social",
        "confidence": "medium",
        "missing_fields": [],
        "limitations": [
          "OSM public-service completeness and tagging vary by area and facility type.",
          "A facility tag is evidence of mapped semantics, not service availability, capacity, accessibility or operating status.",
          "BDOT10k building geometry is retained only as topographic comparison context and cannot establish facility semantics.",
          "No qualified PRG public-service facility class is enabled for this domain pack."
        ],
        "eligible_for_analysis": true,
        "osm_tags": {
          "name": "Świetlica wiejska w Siedliskach",
          "amenity": "arts_centre"
        }
      },
      "geometry": {
        "type": "Point",
        "coordinates": [
          18.2924635,
          50.19397519999998
        ]
      }
    },
    {
      "type": "Feature",
      "properties": {
        "source": "OpenStreetMap",
        "source_id": "node/3601990495",
        "domain": "public",
        "asset_type": "community_social",
        "confidence": "medium",
        "missing_fields": [],
        "limitations": [
          "OSM public-service completeness and tagging vary by area and facility type.",
          "A facility tag is evidence of mapped semantics, not service availability, capacity, accessibility or operating status.",
          "BDOT10k building geometry is retained only as topographic comparison context and cannot establish facility semantics.",
          "No qualified PRG public-service facility class is enabled for this domain pack."
        ],
        "eligible_for_analysis": true,
        "osm_tags": {
          "name": "Gminna Biblioteka Publiczna w Nędzy - filia w Babicach",
          "amenity": "library"
        }
      },
      "geometry": {
        "type": "Point",
        "coordinates": [
          18.3012113,
          50.1356836
        ]
      }
    },
    {
      "type": "Feature",
      "properties": {
        "source": "OpenStreetMap",
        "source_id": "node/3612820599",
        "domain": "public",
        "asset_type": "community_social",
        "confidence": "medium",
        "missing_fields": [],
        "limitations": [
          "OSM public-service completeness and tagging vary by area and facility type.",
          "A facility tag is evidence of mapped semantics, not service availability, capacity, accessibility or operating status.",
          "BDOT10k building geometry is retained only as topographic comparison context and cannot establish facility semantics.",
          "No qualified PRG public-service facility class is enabled for this domain pack."
        ],
        "eligible_for_analysis": true,
        "osm_tags": {
          "name": "Centrum Kulturalno-Edukacyjne",
          "website": "https://www.ckecl.pl/",
          "amenity": "community_centre",
          "phone": "+48 32 431 89 55"
        }
      },
      "geometry": {
        "type": "Point",
        "coordinates": [
          18.6698001,
          50.154376199999994
        ]
      }
    },
    {
      "type": "Feature",
      "properties": {
        "source": "OpenStreetMap",
        "source_id": "node/3614413146",
        "domain": "public",
        "asset_type": "community_social",
        "confidence": "medium",
        "missing_fields": [],
        "limitations": [
          "OSM public-service completeness and tagging vary by area and facility type.",
          "A facility tag is evidence of mapped semantics, not service availability, capacity, accessibility or operating status.",
          "BDOT10k building geometry is retained only as topographic comparison context and cannot establish facility semantics.",
          "No qualified PRG public-service facility class is enabled for this domain pack."
        ],
        "eligible_for_analysis": true,
        "osm_tags": {
          "name": "Ośrodek Pomocy Społecznej w Czerwionce-Leszczynach",
          "website": "http://www.opsczerwionka-leszczyny.pl/",
          "name:pl": "Ośrodek Pomocy Społecznej w Czerwionce-Leszczynach",
          "amenity": "social_facility",
          "social_facility": "outreach",
          "phone": "+48 32 43 12 039",
          "wheelchair": "yes"
        }
      },
      "geometry": {
        "type": "Point",
        "coordinates": [
          18.6693355,
          50.1540589
        ]
      }
    },
    {
      "type": "Feature",
      "properties": {
        "source": "OpenStreetMap",
        "source_id": "node/3648702604",
        "domain": "public",
        "asset_type": "community_social",
        "confidence": "medium",
        "missing_fields": [],
        "limitations": [
          "OSM public-service completeness and tagging vary by area and facility type.",
          "A facility tag is evidence of mapped semantics, not service availability, capacity, accessibility or operating status.",
          "BDOT10k building geometry is retained only as topographic comparison context and cannot establish facility semantics.",
          "No qualified PRG public-service facility class is enabled for this domain pack."
        ],
        "eligible_for_analysis": true,
        "osm_tags": {
          "name": "Dům dětí a mládeže",
          "amenity": "community_centre"
        }
      },
      "geometry": {
        "type": "Point",
        "coordinates": [
          18.1851997,
          49.895865699999995
        ]
      }
    },
    {
      "type": "Feature",
      "properties": {
        "source": "OpenStreetMap",
        "source_id": "node/3652982438",
        "domain": "public",
        "asset_type": "community_social",
        "confidence": "medium",
        "missing_fields": [],
        "limitations": [
          "OSM public-service completeness and tagging vary by area and facility type.",
          "A facility tag is evidence of mapped semantics, not service availability, capacity, accessibility or operating status.",
          "BDOT10k building geometry is retained only as topographic comparison context and cannot establish facility semantics.",
          "No qualified PRG public-service facility class is enabled for this domain pack."
        ],
        "eligible_for_analysis": true,
        "osm_tags": {
          "name": "Miejska Biblioteka Publiczna filia numer 9",
          "amenity": "library",
          "opening_hours": "Mo,Tu 09:00-15:00; We-Fr 11:30-19:00; Sa,Su off"
        }
      },
      "geometry": {
        "type": "Point",
        "coordinates": [
          18.9402003,
          50.265754699999995
        ]
      }
    },
    {
      "type": "Feature",
      "properties": {
        "source": "OpenStreetMap",
        "source_id": "node/3669139500",
        "domain": "public",
        "asset_type": "community_social",
        "confidence": "medium",
        "missing_fields": [],
        "limitations": [
          "OSM public-service completeness and tagging vary by area and facility type.",
          "A facility tag is evidence of mapped semantics, not service availability, capacity, accessibility or operating status.",
          "BDOT10k building geometry is retained only as topographic comparison context and cannot establish facility semantics.",
          "No qualified PRG public-service facility class is enabled for this domain pack."
        ],
        "eligible_for_analysis": true,
        "osm_tags": {
          "name": "Městská knihovna Havířov",
          "website": "https://www.knih-havirov.cz/generala-svobody.html",
          "source": "survey",
          "amenity": "library"
        }
      },
      "geometry": {
        "type": "Point",
        "coordinates": [
          18.4147151,
          49.800833999999995
        ]
      }
    },
    {
      "type": "Feature",
      "properties": {
        "source": "OpenStreetMap",
        "source_id": "node/3678347240",
        "domain": "public",
        "asset_type": "community_social",
        "confidence": "medium",
        "missing_fields": [],
        "limitations": [
          "OSM public-service completeness and tagging vary by area and facility type.",
          "A facility tag is evidence of mapped semantics, not service availability, capacity, accessibility or operating status.",
          "BDOT10k building geometry is retained only as topographic comparison context and cannot establish facility semantics.",
          "No qualified PRG public-service facility class is enabled for this domain pack."
        ],
        "eligible_for_analysis": true,
        "osm_tags": {
          "name": "SeneCura",
          "website": "http://www.grandpark.cz",
          "source": "survey",
          "amenity": "social_facility",
          "social_facility": "nursing_home"
        }
      },
      "geometry": {
        "type": "Point",
        "coordinates": [
          18.4177569,
          49.80464259999999
        ]
      }
    },
    {
      "type": "Feature",
      "properties": {
        "source": "OpenStreetMap",
        "source_id": "node/3767155921",
        "domain": "public",
        "asset_type": "community_social",
        "confidence": "medium",
        "missing_fields": [],
        "limitations": [
          "OSM public-service completeness and tagging vary by area and facility type.",
          "A facility tag is evidence of mapped semantics, not service availability, capacity, accessibility or operating status.",
          "BDOT10k building geometry is retained only as topographic comparison context and cannot establish facility semantics.",
          "No qualified PRG public-service facility class is enabled for this domain pack."
        ],
        "eligible_for_analysis": true,
        "osm_tags": {
          "name": "Gminna Biblioteka Publiczna w Krzyżanowicach. Filia Chałupki",
          "operator": "Gminna Biblioteka Publiczna w Krzyżanowicach",
          "amenity": "library",
          "phone": "+4832 419 31 46"
        }
      },
      "geometry": {
        "type": "Point",
        "coordinates": [
          18.321503,
          49.922342
        ]
      }
    },
    {
      "type": "Feature",
      "properties": {
        "source": "OpenStreetMap",
        "source_id": "node/3767155922",
        "domain": "public",
        "asset_type": "community_social",
        "confidence": "medium",
        "missing_fields": [],
        "limitations": [
          "OSM public-service completeness and tagging vary by area and facility type.",
          "A facility tag is evidence of mapped semantics, not service availability, capacity, accessibility or operating status.",
          "BDOT10k building geometry is retained only as topographic comparison context and cannot establish facility semantics.",
          "No qualified PRG public-service facility class is enabled for this domain pack."
        ],
        "eligible_for_analysis": true,
        "osm_tags": {
          "name": "Gminna Biblioteka Publiczna w Krzyżanowicach. Filia Zabełków",
          "operator": "Gminna Biblioteka Publiczna w Krzyżanowicach",
          "amenity": "library"
        }
      },
      "geometry": {
        "type": "Point",
        "coordinates": [
          18.3215842,
          49.939546699999994
        ]
      }
    },
    {
      "type": "Feature",
      "properties": {
        "source": "OpenStreetMap",
        "source_id": "node/3931123843",
        "domain": "public",
        "asset_type": "community_social",
        "confidence": "medium",
        "missing_fields": [],
        "limitations": [
          "OSM public-service completeness and tagging vary by area and facility type.",
          "A facility tag is evidence of mapped semantics, not service availability, capacity, accessibility or operating status.",
          "BDOT10k building geometry is retained only as topographic comparison context and cannot establish facility semantics.",
          "No qualified PRG public-service facility class is enabled for this domain pack."
        ],
        "eligible_for_analysis": true,
        "osm_tags": {
          "name": "MOPS",
          "amenity": "social_facility"
        }
      },
      "geometry": {
        "type": "Point",
        "coordinates": [
          18.9006378,
          50.172914599999984
        ]
      }
    },
    {
      "type": "Feature",
      "properties": {
        "source": "OpenStreetMap",
        "source_id": "node/3949883663",
        "domain": "public",
        "asset_type": "community_social",
        "confidence": "medium",
        "missing_fields": [],
        "limitations": [
          "OSM public-service completeness and tagging vary by area and facility type.",
          "A facility tag is evidence of mapped semantics, not service availability, capacity, accessibility or operating status.",
          "BDOT10k building geometry is retained only as topographic comparison context and cannot establish facility semantics.",
          "No qualified PRG public-service facility class is enabled for this domain pack."
        ],
        "eligible_for_analysis": true,
        "osm_tags": {
          "name": "Regionální knihovna Karviná",
          "amenity": "library",
          "opening_hours": "Sep-Jun: Mo 12:00-18:00; Sep-Jun: Tu 09:00-11:30,12:00-18:00; Sep-Jun: We 12:00-18:00; Sep-Jun: Th,Fr 09:00-11:30"
        }
      },
      "geometry": {
        "type": "Point",
        "coordinates": [
          18.5411086,
          49.854434999999995
        ]
      }
    },
    {
      "type": "Feature",
      "properties": {
        "source": "OpenStreetMap",
        "source_id": "node/3961513157",
        "domain": "public",
        "asset_type": "community_social",
        "confidence": "medium",
        "missing_fields": [],
        "limitations": [
          "OSM public-service completeness and tagging vary by area and facility type.",
          "A facility tag is evidence of mapped semantics, not service availability, capacity, accessibility or operating status.",
          "BDOT10k building geometry is retained only as topographic comparison context and cannot establish facility semantics.",
          "No qualified PRG public-service facility class is enabled for this domain pack."
        ],
        "eligible_for_analysis": true,
        "osm_tags": {
          "name": "Dům kultury Orlová",
          "amenity": "community_centre"
        }
      },
      "geometry": {
        "type": "Point",
        "coordinates": [
          18.4278332,
          49.871149599999995
        ]
      }
    },
    {
      "type": "Feature",
      "properties": {
        "source": "OpenStreetMap",
        "source_id": "node/4175330206",
        "domain": "public",
        "asset_type": "community_social",
        "confidence": "medium",
        "missing_fields": [],
        "limitations": [
          "OSM public-service completeness and tagging vary by area and facility type.",
          "A facility tag is evidence of mapped semantics, not service availability, capacity, accessibility or operating status.",
          "BDOT10k building geometry is retained only as topographic comparison context and cannot establish facility semantics.",
          "No qualified PRG public-service facility class is enabled for this domain pack."
        ],
        "eligible_for_analysis": true,
        "osm_tags": {
          "name": "ZUŠ Rychvald",
          "amenity": "community_centre"
        }
      },
      "geometry": {
        "type": "Point",
        "coordinates": [
          18.3813307,
          49.865611200000004
        ]
      }
    },
    {
      "type": "Feature",
      "properties": {
        "source": "OpenStreetMap",
        "source_id": "node/4193434997",
        "domain": "public",
        "asset_type": "community_social",
        "confidence": "medium",
        "missing_fields": [],
        "limitations": [
          "OSM public-service completeness and tagging vary by area and facility type.",
          "A facility tag is evidence of mapped semantics, not service availability, capacity, accessibility or operating status.",
          "BDOT10k building geometry is retained only as topographic comparison context and cannot establish facility semantics.",
          "No qualified PRG public-service facility class is enabled for this domain pack."
        ],
        "eligible_for_analysis": true,
        "osm_tags": {
          "name": "Základní umělecká škola",
          "alt_name": "Lidová škola umění",
          "amenity": "community_centre",
          "community_centre": "youth_centre"
        }
      },
      "geometry": {
        "type": "Point",
        "coordinates": [
          18.2930264,
          49.8376653
        ]
      }
    },
    {
      "type": "Feature",
      "properties": {
        "source": "OpenStreetMap",
        "source_id": "node/4349504789",
        "domain": "public",
        "asset_type": "community_social",
        "confidence": "medium",
        "missing_fields": [],
        "limitations": [
          "OSM public-service completeness and tagging vary by area and facility type.",
          "A facility tag is evidence of mapped semantics, not service availability, capacity, accessibility or operating status.",
          "BDOT10k building geometry is retained only as topographic comparison context and cannot establish facility semantics.",
          "No qualified PRG public-service facility class is enabled for this domain pack."
        ],
        "eligible_for_analysis": true,
        "osm_tags": {
          "name": "Miejska Biblioteka Publiczna - Biblioteka Główna",
          "website": "http://mbp.tychy.pl/",
          "amenity": "library",
          "opening_hours": "Mo-Fr 08:00-19:30; Sa 08:00-15:00",
          "phone": "+48 32 2270454"
        }
      },
      "geometry": {
        "type": "Point",
        "coordinates": [
          18.985169,
          50.1063188
        ]
      }
    },
    {
      "type": "Feature",
      "properties": {
        "source": "OpenStreetMap",
        "source_id": "node/4349506489",
        "domain": "public",
        "asset_type": "community_social",
        "confidence": "medium",
        "missing_fields": [],
        "limitations": [
          "OSM public-service completeness and tagging vary by area and facility type.",
          "A facility tag is evidence of mapped semantics, not service availability, capacity, accessibility or operating status.",
          "BDOT10k building geometry is retained only as topographic comparison context and cannot establish facility semantics.",
          "No qualified PRG public-service facility class is enabled for this domain pack."
        ],
        "eligible_for_analysis": true,
        "osm_tags": {
          "name": "Mediateka",
          "amenity": "arts_centre"
        }
      },
      "geometry": {
        "type": "Point",
        "coordinates": [
          18.9853192,
          50.10661089999999
        ]
      }
    },
    {
      "type": "Feature",
      "properties": {
        "source": "OpenStreetMap",
        "source_id": "node/4415347052",
        "domain": "public",
        "asset_type": "community_social",
        "confidence": "medium",
        "missing_fields": [],
        "limitations": [
          "OSM public-service completeness and tagging vary by area and facility type.",
          "A facility tag is evidence of mapped semantics, not service availability, capacity, accessibility or operating status.",
          "BDOT10k building geometry is retained only as topographic comparison context and cannot establish facility semantics.",
          "No qualified PRG public-service facility class is enabled for this domain pack."
        ],
        "eligible_for_analysis": true,
        "osm_tags": {
          "name": "Świetlica",
          "amenity": "social_facility",
          "social_facility": "day_care"
        }
      },
      "geometry": {
        "type": "Point",
        "coordinates": [
          18.3834821,
          49.97285660000001
        ]
      }
    },
    {
      "type": "Feature",
      "properties": {
        "source": "OpenStreetMap",
        "source_id": "node/4426453890",
        "domain": "public",
        "asset_type": "community_social",
        "confidence": "medium",
        "missing_fields": [],
        "limitations": [
          "OSM public-service completeness and tagging vary by area and facility type.",
          "A facility tag is evidence of mapped semantics, not service availability, capacity, accessibility or operating status.",
          "BDOT10k building geometry is retained only as topographic comparison context and cannot establish facility semantics.",
          "No qualified PRG public-service facility class is enabled for this domain pack."
        ],
        "eligible_for_analysis": true,
        "osm_tags": {
          "name": "Gminna Biblioteka Publiczna w Hażlachu filia w Pogwizdowie",
          "amenity": "library"
        }
      },
      "geometry": {
        "type": "Point",
        "coordinates": [
          18.6004691,
          49.803801899999996
        ]
      }
    },
    {
      "type": "Feature",
      "properties": {
        "source": "OpenStreetMap",
        "source_id": "node/4501564878",
        "domain": "public",
        "asset_type": "community_social",
        "confidence": "medium",
        "missing_fields": [],
        "limitations": [
          "OSM public-service completeness and tagging vary by area and facility type.",
          "A facility tag is evidence of mapped semantics, not service availability, capacity, accessibility or operating status.",
          "BDOT10k building geometry is retained only as topographic comparison context and cannot establish facility semantics.",
          "No qualified PRG public-service facility class is enabled for this domain pack."
        ],
        "eligible_for_analysis": true,
        "osm_tags": {
          "name": "Śląski Oddział Okręgowy PCK",
          "amenity": "social_facility",
          "contact:phone": "+48 32 231 70 68",
          "access": "yes"
        }
      },
      "geometry": {
        "type": "Point",
        "coordinates": [
          18.6704213,
          50.29130640000001
        ]
      }
    },
    {
      "type": "Feature",
      "properties": {
        "source": "OpenStreetMap",
        "source_id": "node/4510196568",
        "domain": "public",
        "asset_type": "community_social",
        "confidence": "medium",
        "missing_fields": [],
        "limitations": [
          "OSM public-service completeness and tagging vary by area and facility type.",
          "A facility tag is evidence of mapped semantics, not service availability, capacity, accessibility or operating status.",
          "BDOT10k building geometry is retained only as topographic comparison context and cannot establish facility semantics.",
          "No qualified PRG public-service facility class is enabled for this domain pack."
        ],
        "eligible_for_analysis": true,
        "osm_tags": {
          "name": "Dom Kultury Bojanów",
          "operator": "Miejski Dom Kultury w Krzanowicach",
          "amenity": "arts_centre"
        }
      },
      "geometry": {
        "type": "Point",
        "coordinates": [
          18.1620632,
          50.0303781
        ]
      }
    },
    {
      "type": "Feature",
      "properties": {
        "source": "OpenStreetMap",
        "source_id": "node/4560603958",
        "domain": "public",
        "asset_type": "community_social",
        "confidence": "medium",
        "missing_fields": [],
        "limitations": [
          "OSM public-service completeness and tagging vary by area and facility type.",
          "A facility tag is evidence of mapped semantics, not service availability, capacity, accessibility or operating status.",
          "BDOT10k building geometry is retained only as topographic comparison context and cannot establish facility semantics.",
          "No qualified PRG public-service facility class is enabled for this domain pack."
        ],
        "eligible_for_analysis": true,
        "osm_tags": {
          "name": "Dům s pečovatelskou službou",
          "amenity": "social_facility",
          "social_facility": "assisted_living"
        }
      },
      "geometry": {
        "type": "Point",
        "coordinates": [
          18.3784057,
          49.845870600000005
        ]
      }
    },
    {
      "type": "Feature",
      "properties": {
        "source": "OpenStreetMap",
        "source_id": "node/4571978375",
        "domain": "public",
        "asset_type": "community_social",
        "confidence": "medium",
        "missing_fields": [],
        "limitations": [
          "OSM public-service completeness and tagging vary by area and facility type.",
          "A facility tag is evidence of mapped semantics, not service availability, capacity, accessibility or operating status.",
          "BDOT10k building geometry is retained only as topographic comparison context and cannot establish facility semantics.",
          "No qualified PRG public-service facility class is enabled for this domain pack."
        ],
        "eligible_for_analysis": true,
        "osm_tags": {
          "name": "DFK",
          "amenity": "arts_centre"
        }
      },
      "geometry": {
        "type": "Point",
        "coordinates": [
          18.0849683,
          50.1410383
        ]
      }
    },
    {
      "type": "Feature",
      "properties": {
        "source": "OpenStreetMap",
        "source_id": "node/4574724393",
        "domain": "public",
        "asset_type": "community_social",
        "confidence": "medium",
        "missing_fields": [],
        "limitations": [
          "OSM public-service completeness and tagging vary by area and facility type.",
          "A facility tag is evidence of mapped semantics, not service availability, capacity, accessibility or operating status.",
          "BDOT10k building geometry is retained only as topographic comparison context and cannot establish facility semantics.",
          "No qualified PRG public-service facility class is enabled for this domain pack."
        ],
        "eligible_for_analysis": true,
        "osm_tags": {
          "name": "Dom Opieki im. Ojca Pio",
          "website": "http://www.nzozpio.com",
          "amenity": "social_facility",
          "phone": "+48 506 126 767"
        }
      },
      "geometry": {
        "type": "Point",
        "coordinates": [
          18.8671479,
          50.13698249999999
        ]
      }
    },
    {
      "type": "Feature",
      "properties": {
        "source": "OpenStreetMap",
        "source_id": "node/4596193183",
        "domain": "public",
        "asset_type": "community_social",
        "confidence": "medium",
        "missing_fields": [],
        "limitations": [
          "OSM public-service completeness and tagging vary by area and facility type.",
          "A facility tag is evidence of mapped semantics, not service availability, capacity, accessibility or operating status.",
          "BDOT10k building geometry is retained only as topographic comparison context and cannot establish facility semantics.",
          "No qualified PRG public-service facility class is enabled for this domain pack."
        ],
        "eligible_for_analysis": true,
        "osm_tags": {
          "name": "Świetlica Wiejska Zabłocie",
          "amenity": "community_centre",
          "phone": "+48 33 857 15 18"
        }
      },
      "geometry": {
        "type": "Point",
        "coordinates": [
          18.7846683,
          49.907444000000005
        ]
      }
    },
    {
      "type": "Feature",
      "properties": {
        "source": "OpenStreetMap",
        "source_id": "node/4639473623",
        "domain": "public",
        "asset_type": "community_social",
        "confidence": "medium",
        "missing_fields": [],
        "limitations": [
          "OSM public-service completeness and tagging vary by area and facility type.",
          "A facility tag is evidence of mapped semantics, not service availability, capacity, accessibility or operating status.",
          "BDOT10k building geometry is retained only as topographic comparison context and cannot establish facility semantics.",
          "No qualified PRG public-service facility class is enabled for this domain pack."
        ],
        "eligible_for_analysis": true,
        "osm_tags": {
          "name": "Miejski Dom Kultury Południe filia nr 3 w Zarzeczu",
          "amenity": "community_centre",
          "community_centre": "cultural_centre"
        }
      },
      "geometry": {
        "type": "Point",
        "coordinates": [
          18.9519391,
          50.1847811
        ]
      }
    },
    {
      "type": "Feature",
      "properties": {
        "source": "OpenStreetMap",
        "source_id": "node/4708260791",
        "domain": "public",
        "asset_type": "community_social",
        "confidence": "medium",
        "missing_fields": [],
        "limitations": [
          "OSM public-service completeness and tagging vary by area and facility type.",
          "A facility tag is evidence of mapped semantics, not service availability, capacity, accessibility or operating status.",
          "BDOT10k building geometry is retained only as topographic comparison context and cannot establish facility semantics.",
          "No qualified PRG public-service facility class is enabled for this domain pack."
        ],
        "eligible_for_analysis": true,
        "osm_tags": {
          "name": "DFK SŁAWIKÓW",
          "website": "http://vdg.pl/pl/organization/385",
          "name:pl": "DFK SŁAWIKÓW",
          "amenity": "community_centre",
          "opening_hours": "24/7"
        }
      },
      "geometry": {
        "type": "Point",
        "coordinates": [
          18.2162491,
          50.1847101
        ]
      }
    },
    {
      "type": "Feature",
      "properties": {
        "source": "OpenStreetMap",
        "source_id": "node/4784539232",
        "domain": "public",
        "asset_type": "community_social",
        "confidence": "medium",
        "missing_fields": [],
        "limitations": [
          "OSM public-service completeness and tagging vary by area and facility type.",
          "A facility tag is evidence of mapped semantics, not service availability, capacity, accessibility or operating status.",
          "BDOT10k building geometry is retained only as topographic comparison context and cannot establish facility semantics.",
          "No qualified PRG public-service facility class is enabled for this domain pack."
        ],
        "eligible_for_analysis": true,
        "osm_tags": {
          "name": "Fundacja rodzin polskich im. św Jana Pawła II",
          "website": "https://fundacjarodzin.pl/",
          "amenity": "social_facility",
          "opening_hours": "Mo-Fr 08:00-15:00",
          "phone": "+48 32 793 64 98",
          "email": "kontakt@fundacjarodzin.pl"
        }
      },
      "geometry": {
        "type": "Point",
        "coordinates": [
          18.9170028,
          50.2922172
        ]
      }
    },
    {
      "type": "Feature",
      "properties": {
        "source": "OpenStreetMap",
        "source_id": "node/4799875248",
        "domain": "public",
        "asset_type": "community_social",
        "confidence": "medium",
        "missing_fields": [],
        "limitations": [
          "OSM public-service completeness and tagging vary by area and facility type.",
          "A facility tag is evidence of mapped semantics, not service availability, capacity, accessibility or operating status.",
          "BDOT10k building geometry is retained only as topographic comparison context and cannot establish facility semantics.",
          "No qualified PRG public-service facility class is enabled for this domain pack."
        ],
        "eligible_for_analysis": true,
        "osm_tags": {
          "name": "Dom Kultury",
          "amenity": "community_centre",
          "community_centre": "cultural_centre"
        }
      },
      "geometry": {
        "type": "Point",
        "coordinates": [
          18.3489948,
          50.3891322
        ]
      }
    },
    {
      "type": "Feature",
      "properties": {
        "source": "OpenStreetMap",
        "source_id": "node/4803249221",
        "domain": "public",
        "asset_type": "community_social",
        "confidence": "medium",
        "missing_fields": [],
        "limitations": [
          "OSM public-service completeness and tagging vary by area and facility type.",
          "A facility tag is evidence of mapped semantics, not service availability, capacity, accessibility or operating status.",
          "BDOT10k building geometry is retained only as topographic comparison context and cannot establish facility semantics.",
          "No qualified PRG public-service facility class is enabled for this domain pack."
        ],
        "eligible_for_analysis": true,
        "osm_tags": {
          "name": "Arka N",
          "amenity": "social_facility",
          "phone": "+48 786 214 123",
          "email": "dziedziocha@gmail.com"
        }
      },
      "geometry": {
        "type": "Point",
        "coordinates": [
          18.1667612,
          50.08836819999999
        ]
      }
    },
    {
      "type": "Feature",
      "properties": {
        "source": "OpenStreetMap",
        "source_id": "node/4847736249",
        "domain": "public",
        "asset_type": "community_social",
        "confidence": "medium",
        "missing_fields": [],
        "limitations": [
          "OSM public-service completeness and tagging vary by area and facility type.",
          "A facility tag is evidence of mapped semantics, not service availability, capacity, accessibility or operating status.",
          "BDOT10k building geometry is retained only as topographic comparison context and cannot establish facility semantics.",
          "No qualified PRG public-service facility class is enabled for this domain pack."
        ],
        "eligible_for_analysis": true,
        "osm_tags": {
          "name": "Kulturní Dům",
          "amenity": "community_centre",
          "phone": "+420 553 659 047"
        }
      },
      "geometry": {
        "type": "Point",
        "coordinates": [
          18.134262,
          49.9428812
        ]
      }
    },
    {
      "type": "Feature",
      "properties": {
        "source": "OpenStreetMap",
        "source_id": "node/4876880899",
        "domain": "public",
        "asset_type": "community_social",
        "confidence": "medium",
        "missing_fields": [],
        "limitations": [
          "OSM public-service completeness and tagging vary by area and facility type.",
          "A facility tag is evidence of mapped semantics, not service availability, capacity, accessibility or operating status.",
          "BDOT10k building geometry is retained only as topographic comparison context and cannot establish facility semantics.",
          "No qualified PRG public-service facility class is enabled for this domain pack."
        ],
        "eligible_for_analysis": true,
        "osm_tags": {
          "name": "Karolinka",
          "website": "http://opiekapielegnacyjna.katowice.pl",
          "amenity": "social_facility",
          "social_facility": "ambulatory_care",
          "contact:phone": "+48 32 782 19 20;+48 602 10 68 78"
        }
      },
      "geometry": {
        "type": "Point",
        "coordinates": [
          18.969082,
          50.258877299999995
        ]
      }
    },
    {
      "type": "Feature",
      "properties": {
        "source": "OpenStreetMap",
        "source_id": "node/4999316529",
        "domain": "public",
        "asset_type": "community_social",
        "confidence": "medium",
        "missing_fields": [],
        "limitations": [
          "OSM public-service completeness and tagging vary by area and facility type.",
          "A facility tag is evidence of mapped semantics, not service availability, capacity, accessibility or operating status.",
          "BDOT10k building geometry is retained only as topographic comparison context and cannot establish facility semantics.",
          "No qualified PRG public-service facility class is enabled for this domain pack."
        ],
        "eligible_for_analysis": true,
        "osm_tags": {
          "name": "Gminna Biblioteka Publiczna w Nędzy",
          "amenity": "library",
          "phone": "+4832 410 20 03",
          "email": "bibliotekanedza_xl@wp.pl"
        }
      },
      "geometry": {
        "type": "Point",
        "coordinates": [
          18.3038916,
          50.15987379999999
        ]
      }
    },
    {
      "type": "Feature",
      "properties": {
        "source": "OpenStreetMap",
        "source_id": "node/4999316530",
        "domain": "public",
        "asset_type": "community_social",
        "confidence": "medium",
        "missing_fields": [],
        "limitations": [
          "OSM public-service completeness and tagging vary by area and facility type.",
          "A facility tag is evidence of mapped semantics, not service availability, capacity, accessibility or operating status.",
          "BDOT10k building geometry is retained only as topographic comparison context and cannot establish facility semantics.",
          "No qualified PRG public-service facility class is enabled for this domain pack."
        ],
        "eligible_for_analysis": true,
        "osm_tags": {
          "name": "Gminne Centrum Kultury w Nędzy",
          "website": "http://kulturanedza.blogspot.com/",
          "amenity": "arts_centre",
          "phone": "+4832 410 47 70",
          "email": "centrum.nedza@gmail.com"
        }
      },
      "geometry": {
        "type": "Point",
        "coordinates": [
          18.3038946,
          50.1599233
        ]
      }
    },
    {
      "type": "Feature",
      "properties": {
        "source": "OpenStreetMap",
        "source_id": "node/5024541198",
        "domain": "public",
        "asset_type": "community_social",
        "confidence": "medium",
        "missing_fields": [],
        "limitations": [
          "OSM public-service completeness and tagging vary by area and facility type.",
          "A facility tag is evidence of mapped semantics, not service availability, capacity, accessibility or operating status.",
          "BDOT10k building geometry is retained only as topographic comparison context and cannot establish facility semantics.",
          "No qualified PRG public-service facility class is enabled for this domain pack."
        ],
        "eligible_for_analysis": true,
        "osm_tags": {
          "name": "Gminna Publiczna Biblioteka w Pietrowicach Wielkich",
          "amenity": "library"
        }
      },
      "geometry": {
        "type": "Point",
        "coordinates": [
          18.091226500000005,
          50.0838274
        ]
      }
    },
    {
      "type": "Feature",
      "properties": {
        "source": "OpenStreetMap",
        "source_id": "node/5107051474",
        "domain": "public",
        "asset_type": "community_social",
        "confidence": "medium",
        "missing_fields": [],
        "limitations": [
          "OSM public-service completeness and tagging vary by area and facility type.",
          "A facility tag is evidence of mapped semantics, not service availability, capacity, accessibility or operating status.",
          "BDOT10k building geometry is retained only as topographic comparison context and cannot establish facility semantics.",
          "No qualified PRG public-service facility class is enabled for this domain pack."
        ],
        "eligible_for_analysis": true,
        "osm_tags": {
          "name": "Raciborski Klub Seniora",
          "amenity": "community_centre"
        }
      },
      "geometry": {
        "type": "Point",
        "coordinates": [
          18.2199202,
          50.086655400000005
        ]
      }
    },
    {
      "type": "Feature",
      "properties": {
        "source": "OpenStreetMap",
        "source_id": "node/5162833726",
        "domain": "public",
        "asset_type": "community_social",
        "confidence": "medium",
        "missing_fields": [],
        "limitations": [
          "OSM public-service completeness and tagging vary by area and facility type.",
          "A facility tag is evidence of mapped semantics, not service availability, capacity, accessibility or operating status.",
          "BDOT10k building geometry is retained only as topographic comparison context and cannot establish facility semantics.",
          "No qualified PRG public-service facility class is enabled for this domain pack."
        ],
        "eligible_for_analysis": true,
        "osm_tags": {
          "name": "KIBICE RAZEM Górnik Zabrze",
          "name:pl": "KIBICE RAZEM Górnik Zabrze",
          "amenity": "community_centre"
        }
      },
      "geometry": {
        "type": "Point",
        "coordinates": [
          18.7853587,
          50.286475799999984
        ]
      }
    },
    {
      "type": "Feature",
      "properties": {
        "source": "OpenStreetMap",
        "source_id": "node/5162833727",
        "domain": "public",
        "asset_type": "community_social",
        "confidence": "medium",
        "missing_fields": [],
        "limitations": [
          "OSM public-service completeness and tagging vary by area and facility type.",
          "A facility tag is evidence of mapped semantics, not service availability, capacity, accessibility or operating status.",
          "BDOT10k building geometry is retained only as topographic comparison context and cannot establish facility semantics.",
          "No qualified PRG public-service facility class is enabled for this domain pack."
        ],
        "eligible_for_analysis": true,
        "osm_tags": {
          "name": "Kibice Razem GKS Tychy",
          "amenity": "community_centre"
        }
      },
      "geometry": {
        "type": "Point",
        "coordinates": [
          18.9902713,
          50.123286699999994
        ]
      }
    },
    {
      "type": "Feature",
      "properties": {
        "source": "OpenStreetMap",
        "source_id": "node/5195319202",
        "domain": "public",
        "asset_type": "community_social",
        "confidence": "medium",
        "missing_fields": [],
        "limitations": [
          "OSM public-service completeness and tagging vary by area and facility type.",
          "A facility tag is evidence of mapped semantics, not service availability, capacity, accessibility or operating status.",
          "BDOT10k building geometry is retained only as topographic comparison context and cannot establish facility semantics.",
          "No qualified PRG public-service facility class is enabled for this domain pack."
        ],
        "eligible_for_analysis": true,
        "osm_tags": {
          "name": "Świetlica Wiejska",
          "amenity": "arts_centre"
        }
      },
      "geometry": {
        "type": "Point",
        "coordinates": [
          18.2476139,
          49.97499
        ]
      }
    },
    {
      "type": "Feature",
      "properties": {
        "source": "OpenStreetMap",
        "source_id": "node/5251808324",
        "domain": "public",
        "asset_type": "community_social",
        "confidence": "medium",
        "missing_fields": [],
        "limitations": [
          "OSM public-service completeness and tagging vary by area and facility type.",
          "A facility tag is evidence of mapped semantics, not service availability, capacity, accessibility or operating status.",
          "BDOT10k building geometry is retained only as topographic comparison context and cannot establish facility semantics.",
          "No qualified PRG public-service facility class is enabled for this domain pack."
        ],
        "eligible_for_analysis": true,
        "osm_tags": {
          "name": "Zakład Opikuńczo-Leczniczy",
          "amenity": "social_facility",
          "social_facility": "nursing_home",
          "phone": "+48 32 245 40 51"
        }
      },
      "geometry": {
        "type": "Point",
        "coordinates": [
          18.9266378,
          50.2889757
        ]
      }
    },
    {
      "type": "Feature",
      "properties": {
        "source": "OpenStreetMap",
        "source_id": "node/5316070530",
        "domain": "public",
        "asset_type": "community_social",
        "confidence": "medium",
        "missing_fields": [],
        "limitations": [
          "OSM public-service completeness and tagging vary by area and facility type.",
          "A facility tag is evidence of mapped semantics, not service availability, capacity, accessibility or operating status.",
          "BDOT10k building geometry is retained only as topographic comparison context and cannot establish facility semantics.",
          "No qualified PRG public-service facility class is enabled for this domain pack."
        ],
        "eligible_for_analysis": true,
        "osm_tags": {
          "name": "Gminna Biblioteka Publiczna w Rudniku",
          "amenity": "library",
          "phone": "+4832 410 64 14"
        }
      },
      "geometry": {
        "type": "Point",
        "coordinates": [
          18.1851792,
          50.12632769999999
        ]
      }
    },
    {
      "type": "Feature",
      "properties": {
        "source": "OpenStreetMap",
        "source_id": "node/5399628413",
        "domain": "public",
        "asset_type": "community_social",
        "confidence": "medium",
        "missing_fields": [],
        "limitations": [
          "OSM public-service completeness and tagging vary by area and facility type.",
          "A facility tag is evidence of mapped semantics, not service availability, capacity, accessibility or operating status.",
          "BDOT10k building geometry is retained only as topographic comparison context and cannot establish facility semantics.",
          "No qualified PRG public-service facility class is enabled for this domain pack."
        ],
        "eligible_for_analysis": true,
        "osm_tags": {
          "name": "Filia nr 17 Miejskiej Biblioteki Publicznej",
          "operator": "Miejska Biblioteka Publiczna",
          "amenity": "library",
          "opening_hours": "Mo-We-Fr 11:00-19:00; Tu-Th-Sa 8:00-15:00; Su off"
        }
      },
      "geometry": {
        "type": "Point",
        "coordinates": [
          18.6874276,
          50.3038886
        ]
      }
    },
    {
      "type": "Feature",
      "properties": {
        "source": "OpenStreetMap",
        "source_id": "node/5422776198",
        "domain": "public",
        "asset_type": "community_social",
        "confidence": "medium",
        "missing_fields": [],
        "limitations": [
          "OSM public-service completeness and tagging vary by area and facility type.",
          "A facility tag is evidence of mapped semantics, not service availability, capacity, accessibility or operating status.",
          "BDOT10k building geometry is retained only as topographic comparison context and cannot establish facility semantics.",
          "No qualified PRG public-service facility class is enabled for this domain pack."
        ],
        "eligible_for_analysis": true,
        "osm_tags": {
          "name": "Domovy s pečovatelskou službou",
          "amenity": "social_facility",
          "social_facility": "nursing_home"
        }
      },
      "geometry": {
        "type": "Point",
        "coordinates": [
          18.1948943,
          49.9780145
        ]
      }
    },
    {
      "type": "Feature",
      "properties": {
        "source": "OpenStreetMap",
        "source_id": "node/5429535808",
        "domain": "public",
        "asset_type": "community_social",
        "confidence": "medium",
        "missing_fields": [],
        "limitations": [
          "OSM public-service completeness and tagging vary by area and facility type.",
          "A facility tag is evidence of mapped semantics, not service availability, capacity, accessibility or operating status.",
          "BDOT10k building geometry is retained only as topographic comparison context and cannot establish facility semantics.",
          "No qualified PRG public-service facility class is enabled for this domain pack."
        ],
        "eligible_for_analysis": true,
        "osm_tags": {
          "name": "Biblioteka Główna Śląskiego Uniwersytetu Medycznego Oddział w Zabrzu",
          "website": "https://biblioteka.sum.edu.pl/",
          "amenity": "library",
          "opening_hours": "Mo-Fr 07:30-19:30",
          "phone": "+48 32 370 52 58",
          "email": "bibzab@sum.edu.pl"
        }
      },
      "geometry": {
        "type": "Point",
        "coordinates": [
          18.7806314,
          50.30860919999999
        ]
      }
    },
    {
      "type": "Feature",
      "properties": {
        "source": "OpenStreetMap",
        "source_id": "node/5555188353",
        "domain": "public",
        "asset_type": "community_social",
        "confidence": "medium",
        "missing_fields": [],
        "limitations": [
          "OSM public-service completeness and tagging vary by area and facility type.",
          "A facility tag is evidence of mapped semantics, not service availability, capacity, accessibility or operating status.",
          "BDOT10k building geometry is retained only as topographic comparison context and cannot establish facility semantics.",
          "No qualified PRG public-service facility class is enabled for this domain pack."
        ],
        "eligible_for_analysis": true,
        "osm_tags": {
          "name": "Domov Vesna",
          "amenity": "social_facility",
          "social_facility": "group_home",
          "contact:phone": "+420 596 511 975",
          "contact:email": "sekretariat@domovvesna.cz"
        }
      },
      "geometry": {
        "type": "Point",
        "coordinates": [
          18.4310487,
          49.86856159999999
        ]
      }
    },
    {
      "type": "Feature",
      "properties": {
        "source": "OpenStreetMap",
        "source_id": "node/5583186566",
        "domain": "public",
        "asset_type": "community_social",
        "confidence": "medium",
        "missing_fields": [],
        "limitations": [
          "OSM public-service completeness and tagging vary by area and facility type.",
          "A facility tag is evidence of mapped semantics, not service availability, capacity, accessibility or operating status.",
          "BDOT10k building geometry is retained only as topographic comparison context and cannot establish facility semantics.",
          "No qualified PRG public-service facility class is enabled for this domain pack."
        ],
        "eligible_for_analysis": true,
        "osm_tags": {
          "name": "Gminna Biblioteka Publiczna w Gierałtowicach, filia nr 1 w Przyszowicach",
          "website": "http://www.gieraltowice.pl/1271/gminna_biblioteka_publiczna.html http://www.gieraltowice.naszabiblioteka.com",
          "amenity": "library",
          "phone": "+48 32 336 20 69"
        }
      },
      "geometry": {
        "type": "Point",
        "coordinates": [
          18.7457995,
          50.24419910000001
        ]
      }
    },
    {
      "type": "Feature",
      "properties": {
        "source": "OpenStreetMap",
        "source_id": "node/5649949887",
        "domain": "public",
        "asset_type": "community_social",
        "confidence": "medium",
        "missing_fields": [],
        "limitations": [
          "OSM public-service completeness and tagging vary by area and facility type.",
          "A facility tag is evidence of mapped semantics, not service availability, capacity, accessibility or operating status.",
          "BDOT10k building geometry is retained only as topographic comparison context and cannot establish facility semantics.",
          "No qualified PRG public-service facility class is enabled for this domain pack."
        ],
        "eligible_for_analysis": true,
        "osm_tags": {
          "name": "Powiatowa i Miejska Biblioteka Publiczna Filia numer 18 Wypożyczalnia dla dorosłych",
          "amenity": "library"
        }
      },
      "geometry": {
        "type": "Point",
        "coordinates": [
          18.5224727,
          50.104433
        ]
      }
    },
    {
      "type": "Feature",
      "properties": {
        "source": "OpenStreetMap",
        "source_id": "node/5727576842",
        "domain": "public",
        "asset_type": "community_social",
        "confidence": "medium",
        "missing_fields": [],
        "limitations": [
          "OSM public-service completeness and tagging vary by area and facility type.",
          "A facility tag is evidence of mapped semantics, not service availability, capacity, accessibility or operating status.",
          "BDOT10k building geometry is retained only as topographic comparison context and cannot establish facility semantics.",
          "No qualified PRG public-service facility class is enabled for this domain pack."
        ],
        "eligible_for_analysis": true,
        "osm_tags": {
          "name": "Ośrodek imienia Sługi Bożego ks. Franciszka Blachnickiego",
          "amenity": "social_facility",
          "social_facility": "workshop"
        }
      },
      "geometry": {
        "type": "Point",
        "coordinates": [
          18.7351537,
          50.100643500000004
        ]
      }
    },
    {
      "type": "Feature",
      "properties": {
        "source": "OpenStreetMap",
        "source_id": "node/5808555423",
        "domain": "public",
        "asset_type": "community_social",
        "confidence": "medium",
        "missing_fields": [],
        "limitations": [
          "OSM public-service completeness and tagging vary by area and facility type.",
          "A facility tag is evidence of mapped semantics, not service availability, capacity, accessibility or operating status.",
          "BDOT10k building geometry is retained only as topographic comparison context and cannot establish facility semantics.",
          "No qualified PRG public-service facility class is enabled for this domain pack."
        ],
        "eligible_for_analysis": true,
        "osm_tags": {
          "name": "Gminna Biblioteka Publiczna",
          "amenity": "library"
        }
      },
      "geometry": {
        "type": "Point",
        "coordinates": [
          18.710382,
          50.36855109999998
        ]
      }
    },
    {
      "type": "Feature",
      "properties": {
        "source": "OpenStreetMap",
        "source_id": "node/5873184487",
        "domain": "public",
        "asset_type": "community_social",
        "confidence": "medium",
        "missing_fields": [],
        "limitations": [
          "OSM public-service completeness and tagging vary by area and facility type.",
          "A facility tag is evidence of mapped semantics, not service availability, capacity, accessibility or operating status.",
          "BDOT10k building geometry is retained only as topographic comparison context and cannot establish facility semantics.",
          "No qualified PRG public-service facility class is enabled for this domain pack."
        ],
        "eligible_for_analysis": true,
        "osm_tags": {
          "name": "Obecní knihovna",
          "operator": "obec Šilheřovice",
          "website": "https://knihovnasilherovice.webk.cz/",
          "amenity": "library",
          "phone": "+420 597 589 806",
          "email": "knihovna.silherovice@seznam.cz",
          "wheelchair": "no"
        }
      },
      "geometry": {
        "type": "Point",
        "coordinates": [
          18.2696582,
          49.9260795
        ]
      }
    },
    {
      "type": "Feature",
      "properties": {
        "source": "OpenStreetMap",
        "source_id": "node/5923909317",
        "domain": "public",
        "asset_type": "community_social",
        "confidence": "medium",
        "missing_fields": [],
        "limitations": [
          "OSM public-service completeness and tagging vary by area and facility type.",
          "A facility tag is evidence of mapped semantics, not service availability, capacity, accessibility or operating status.",
          "BDOT10k building geometry is retained only as topographic comparison context and cannot establish facility semantics.",
          "No qualified PRG public-service facility class is enabled for this domain pack."
        ],
        "eligible_for_analysis": true,
        "osm_tags": {
          "name": "Gminna Biblioteka Publiczna",
          "amenity": "library"
        }
      },
      "geometry": {
        "type": "Point",
        "coordinates": [
          18.4794906,
          50.1075486
        ]
      }
    },
    {
      "type": "Feature",
      "properties": {
        "source": "OpenStreetMap",
        "source_id": "node/6030853785",
        "domain": "public",
        "asset_type": "community_social",
        "confidence": "medium",
        "missing_fields": [],
        "limitations": [
          "OSM public-service completeness and tagging vary by area and facility type.",
          "A facility tag is evidence of mapped semantics, not service availability, capacity, accessibility or operating status.",
          "BDOT10k building geometry is retained only as topographic comparison context and cannot establish facility semantics.",
          "No qualified PRG public-service facility class is enabled for this domain pack."
        ],
        "eligible_for_analysis": true,
        "osm_tags": {
          "name": "Filia nr 4 Miejskiej Biblioteki Publicznej w Mikołowie",
          "operator": "Miejska Biblioteka Publiczna w Mikołowie",
          "website": "https://bibliotekamikolow.pl/",
          "amenity": "library",
          "opening_hours": "Mo 10:30-14:30; Tu 08:30-12:30; We-Fr 14:00-18:00",
          "wheelchair": "yes"
        }
      },
      "geometry": {
        "type": "Point",
        "coordinates": [
          18.8913992,
          50.1822099
        ]
      }
    },
    {
      "type": "Feature",
      "properties": {
        "source": "OpenStreetMap",
        "source_id": "node/6135470778",
        "domain": "public",
        "asset_type": "community_social",
        "confidence": "medium",
        "missing_fields": [],
        "limitations": [
          "OSM public-service completeness and tagging vary by area and facility type.",
          "A facility tag is evidence of mapped semantics, not service availability, capacity, accessibility or operating status.",
          "BDOT10k building geometry is retained only as topographic comparison context and cannot establish facility semantics.",
          "No qualified PRG public-service facility class is enabled for this domain pack."
        ],
        "eligible_for_analysis": true,
        "osm_tags": {
          "name": "Strefa Seniora",
          "amenity": "community_centre",
          "community_centre": "community_hall",
          "opening_hours": "Mo-Fr 09:00-13:00"
        }
      },
      "geometry": {
        "type": "Point",
        "coordinates": [
          18.972615000000005,
          50.1320169
        ]
      }
    },
    {
      "type": "Feature",
      "properties": {
        "source": "OpenStreetMap",
        "source_id": "node/6190240879",
        "domain": "public",
        "asset_type": "community_social",
        "confidence": "medium",
        "missing_fields": [],
        "limitations": [
          "OSM public-service completeness and tagging vary by area and facility type.",
          "A facility tag is evidence of mapped semantics, not service availability, capacity, accessibility or operating status.",
          "BDOT10k building geometry is retained only as topographic comparison context and cannot establish facility semantics.",
          "No qualified PRG public-service facility class is enabled for this domain pack."
        ],
        "eligible_for_analysis": true,
        "osm_tags": {
          "name": "Ośrodek Pomocy Społecznej w Rudzińcu",
          "name:pl": "Ośrodek Pomocy Społecznej w Rudzińcu",
          "amenity": "social_facility",
          "social_facility": "outreach"
        }
      },
      "geometry": {
        "type": "Point",
        "coordinates": [
          18.4754602,
          50.38469630000001
        ]
      }
    },
    {
      "type": "Feature",
      "properties": {
        "source": "OpenStreetMap",
        "source_id": "node/6222529515",
        "domain": "public",
        "asset_type": "community_social",
        "confidence": "medium",
        "missing_fields": [],
        "limitations": [
          "OSM public-service completeness and tagging vary by area and facility type.",
          "A facility tag is evidence of mapped semantics, not service availability, capacity, accessibility or operating status.",
          "BDOT10k building geometry is retained only as topographic comparison context and cannot establish facility semantics.",
          "No qualified PRG public-service facility class is enabled for this domain pack."
        ],
        "eligible_for_analysis": true,
        "osm_tags": {
          "name": "Pedagogiczna Biblioteka Wojewódzka",
          "website": "https://tychy.pbw.katowice.pl/",
          "amenity": "library",
          "opening_hours": "Mo-We 08:00-18:00; Th, Fr 08:00-15:00; Sa 09:00-14:00",
          "phone": "+48 32 2274703",
          "email": "tychy@pbw.katowice.pl"
        }
      },
      "geometry": {
        "type": "Point",
        "coordinates": [
          18.971004,
          50.13346490000001
        ]
      }
    },
    {
      "type": "Feature",
      "properties": {
        "source": "OpenStreetMap",
        "source_id": "node/6343830741",
        "domain": "public",
        "asset_type": "community_social",
        "confidence": "medium",
        "missing_fields": [],
        "limitations": [
          "OSM public-service completeness and tagging vary by area and facility type.",
          "A facility tag is evidence of mapped semantics, not service availability, capacity, accessibility or operating status.",
          "BDOT10k building geometry is retained only as topographic comparison context and cannot establish facility semantics.",
          "No qualified PRG public-service facility class is enabled for this domain pack."
        ],
        "eligible_for_analysis": true,
        "osm_tags": {
          "name": "Miejska Biblioteka Publiczna - filia nr 5",
          "amenity": "library",
          "opening_hours": "Mo,We,Fr 11:00-19:00; Tu,Th,Sa 08:00-15:00"
        }
      },
      "geometry": {
        "type": "Point",
        "coordinates": [
          18.6568355,
          50.2769427
        ]
      }
    },
    {
      "type": "Feature",
      "properties": {
        "source": "OpenStreetMap",
        "source_id": "node/6368304090",
        "domain": "public",
        "asset_type": "community_social",
        "confidence": "medium",
        "missing_fields": [],
        "limitations": [
          "OSM public-service completeness and tagging vary by area and facility type.",
          "A facility tag is evidence of mapped semantics, not service availability, capacity, accessibility or operating status.",
          "BDOT10k building geometry is retained only as topographic comparison context and cannot establish facility semantics.",
          "No qualified PRG public-service facility class is enabled for this domain pack."
        ],
        "eligible_for_analysis": true,
        "osm_tags": {
          "amenity": "library"
        }
      },
      "geometry": {
        "type": "Point",
        "coordinates": [
          18.2006074,
          49.919734599999984
        ]
      }
    },
    {
      "type": "Feature",
      "properties": {
        "source": "OpenStreetMap",
        "source_id": "node/6485180573",
        "domain": "public",
        "asset_type": "community_social",
        "confidence": "medium",
        "missing_fields": [],
        "limitations": [
          "OSM public-service completeness and tagging vary by area and facility type.",
          "A facility tag is evidence of mapped semantics, not service availability, capacity, accessibility or operating status.",
          "BDOT10k building geometry is retained only as topographic comparison context and cannot establish facility semantics.",
          "No qualified PRG public-service facility class is enabled for this domain pack."
        ],
        "eligible_for_analysis": true,
        "osm_tags": {
          "name": "Miejska Biblioteka Publiczna Filia nr 27",
          "website": "https://mbp.katowice.pl/biblioteka/filia-nr-27",
          "amenity": "library",
          "opening_hours": "Mo-Fr 08:00-19:00, Sa 08:00-15:00",
          "phone": "+48 32 209 44 29"
        }
      },
      "geometry": {
        "type": "Point",
        "coordinates": [
          18.9957773,
          50.192662799999994
        ]
      }
    },
    {
      "type": "Feature",
      "properties": {
        "source": "OpenStreetMap",
        "source_id": "node/6494833271",
        "domain": "public",
        "asset_type": "community_social",
        "confidence": "medium",
        "missing_fields": [],
        "limitations": [
          "OSM public-service completeness and tagging vary by area and facility type.",
          "A facility tag is evidence of mapped semantics, not service availability, capacity, accessibility or operating status.",
          "BDOT10k building geometry is retained only as topographic comparison context and cannot establish facility semantics.",
          "No qualified PRG public-service facility class is enabled for this domain pack."
        ],
        "eligible_for_analysis": true,
        "osm_tags": {
          "name": "Wiejski Dom Kultury",
          "amenity": "arts_centre"
        }
      },
      "geometry": {
        "type": "Point",
        "coordinates": [
          18.3446312,
          50.0084189
        ]
      }
    },
    {
      "type": "Feature",
      "properties": {
        "source": "OpenStreetMap",
        "source_id": "node/6539141252",
        "domain": "public",
        "asset_type": "community_social",
        "confidence": "medium",
        "missing_fields": [],
        "limitations": [
          "OSM public-service completeness and tagging vary by area and facility type.",
          "A facility tag is evidence of mapped semantics, not service availability, capacity, accessibility or operating status.",
          "BDOT10k building geometry is retained only as topographic comparison context and cannot establish facility semantics.",
          "No qualified PRG public-service facility class is enabled for this domain pack."
        ],
        "eligible_for_analysis": true,
        "osm_tags": {
          "name": "Theramed",
          "website": "https://www.thera-med.pl/",
          "amenity": "social_facility",
          "healthcare": "physiotherapist",
          "social_facility": "healthcare",
          "opening_hours": "Mo-Fr 07:00-21:00",
          "phone": "+48324571866"
        }
      },
      "geometry": {
        "type": "Point",
        "coordinates": [
          18.4568582,
          50.011196899999995
        ]
      }
    },
    {
      "type": "Feature",
      "properties": {
        "source": "OpenStreetMap",
        "source_id": "node/6720656599",
        "domain": "public",
        "asset_type": "community_social",
        "confidence": "medium",
        "missing_fields": [],
        "limitations": [
          "OSM public-service completeness and tagging vary by area and facility type.",
          "A facility tag is evidence of mapped semantics, not service availability, capacity, accessibility or operating status.",
          "BDOT10k building geometry is retained only as topographic comparison context and cannot establish facility semantics.",
          "No qualified PRG public-service facility class is enabled for this domain pack."
        ],
        "eligible_for_analysis": true,
        "osm_tags": {
          "name": "Gminna Biblioteka Publiczna w Gierałtowicach – Filia nr 2 w Paniówkach",
          "amenity": "library",
          "phone": "+48 32 238 60 13"
        }
      },
      "geometry": {
        "type": "Point",
        "coordinates": [
          18.7805346,
          50.2317275
        ]
      }
    },
    {
      "type": "Feature",
      "properties": {
        "source": "OpenStreetMap",
        "source_id": "node/6727411089",
        "domain": "public",
        "asset_type": "community_social",
        "confidence": "medium",
        "missing_fields": [],
        "limitations": [
          "OSM public-service completeness and tagging vary by area and facility type.",
          "A facility tag is evidence of mapped semantics, not service availability, capacity, accessibility or operating status.",
          "BDOT10k building geometry is retained only as topographic comparison context and cannot establish facility semantics.",
          "No qualified PRG public-service facility class is enabled for this domain pack."
        ],
        "eligible_for_analysis": true,
        "osm_tags": {
          "name": "Poradnia Psychologiczno-Pedagogiczna",
          "website": "http://www.poradnia.wodzislaw.pl/",
          "name:pl": "Poradnia Psychologiczno-Pedagogiczna",
          "amenity": "social_facility",
          "social_facility": "outreach",
          "opening_hours": "Mo-Fr 08:00-16:00",
          "phone": "+48324561993",
          "email": "ppp-wodzislaw@wp.pl"
        }
      },
      "geometry": {
        "type": "Point",
        "coordinates": [
          18.4600081,
          49.9993385
        ]
      }
    },
    {
      "type": "Feature",
      "properties": {
        "source": "OpenStreetMap",
        "source_id": "node/6733431949",
        "domain": "public",
        "asset_type": "community_social",
        "confidence": "medium",
        "missing_fields": [],
        "limitations": [
          "OSM public-service completeness and tagging vary by area and facility type.",
          "A facility tag is evidence of mapped semantics, not service availability, capacity, accessibility or operating status.",
          "BDOT10k building geometry is retained only as topographic comparison context and cannot establish facility semantics.",
          "No qualified PRG public-service facility class is enabled for this domain pack."
        ],
        "eligible_for_analysis": true,
        "osm_tags": {
          "name": "Al-Med",
          "website": "http://www.almed-centrum.pl/",
          "amenity": "social_facility",
          "social_facility": "outreach",
          "opening_hours": "Mo-Fr 08:00-20:00",
          "phone": "+48324450406",
          "email": "wodzislaw@almed-centrum.pl"
        }
      },
      "geometry": {
        "type": "Point",
        "coordinates": [
          18.4603788,
          50.0076082
        ]
      }
    },
    {
      "type": "Feature",
      "properties": {
        "source": "OpenStreetMap",
        "source_id": "node/6742093328",
        "domain": "public",
        "asset_type": "community_social",
        "confidence": "medium",
        "missing_fields": [],
        "limitations": [
          "OSM public-service completeness and tagging vary by area and facility type.",
          "A facility tag is evidence of mapped semantics, not service availability, capacity, accessibility or operating status.",
          "BDOT10k building geometry is retained only as topographic comparison context and cannot establish facility semantics.",
          "No qualified PRG public-service facility class is enabled for this domain pack."
        ],
        "eligible_for_analysis": true,
        "osm_tags": {
          "name": "Pracownia Psychologiczna P.M. Pilarscy",
          "website": "http://www.pbp-pilarski.pl/",
          "name:pl": "Pracownia Psychologiczna P.M. Pilarscy",
          "amenity": "social_facility",
          "social_facility": "outreach"
        }
      },
      "geometry": {
        "type": "Point",
        "coordinates": [
          18.4673351,
          50.0040187
        ]
      }
    },
    {
      "type": "Feature",
      "properties": {
        "source": "OpenStreetMap",
        "source_id": "node/6763946100",
        "domain": "public",
        "asset_type": "community_social",
        "confidence": "medium",
        "missing_fields": [],
        "limitations": [
          "OSM public-service completeness and tagging vary by area and facility type.",
          "A facility tag is evidence of mapped semantics, not service availability, capacity, accessibility or operating status.",
          "BDOT10k building geometry is retained only as topographic comparison context and cannot establish facility semantics.",
          "No qualified PRG public-service facility class is enabled for this domain pack."
        ],
        "eligible_for_analysis": true,
        "osm_tags": {
          "name": "Miejska Biblioteka Publiczna Filia nr 28",
          "amenity": "library"
        }
      },
      "geometry": {
        "type": "Point",
        "coordinates": [
          18.9663227,
          50.177337099999995
        ]
      }
    },
    {
      "type": "Feature",
      "properties": {
        "source": "OpenStreetMap",
        "source_id": "node/6919579587",
        "domain": "public",
        "asset_type": "community_social",
        "confidence": "medium",
        "missing_fields": [],
        "limitations": [
          "OSM public-service completeness and tagging vary by area and facility type.",
          "A facility tag is evidence of mapped semantics, not service availability, capacity, accessibility or operating status.",
          "BDOT10k building geometry is retained only as topographic comparison context and cannot establish facility semantics.",
          "No qualified PRG public-service facility class is enabled for this domain pack."
        ],
        "eligible_for_analysis": true,
        "osm_tags": {
          "name": "Miejski Dom Pomocy Społecznej",
          "website": "http://mdps.zory.bip.net.pl",
          "name:pl": "Miejski Dom Pomocy Społecznej",
          "name:en": "Municipal Nursing Home",
          "amenity": "social_facility",
          "social_facility": "nursing_home",
          "opening_hours": "24/7",
          "phone": "+48324342250",
          "wheelchair": "yes"
        }
      },
      "geometry": {
        "type": "Point",
        "coordinates": [
          18.6790904,
          50.0375627
        ]
      }
    },
    {
      "type": "Feature",
      "properties": {
        "source": "OpenStreetMap",
        "source_id": "node/6946121142",
        "domain": "public",
        "asset_type": "community_social",
        "confidence": "medium",
        "missing_fields": [],
        "limitations": [
          "OSM public-service completeness and tagging vary by area and facility type.",
          "A facility tag is evidence of mapped semantics, not service availability, capacity, accessibility or operating status.",
          "BDOT10k building geometry is retained only as topographic comparison context and cannot establish facility semantics.",
          "No qualified PRG public-service facility class is enabled for this domain pack."
        ],
        "eligible_for_analysis": true,
        "osm_tags": {
          "name": "Miejska Biblioteka Publiczna Oddział dla dorosłych",
          "amenity": "library"
        }
      },
      "geometry": {
        "type": "Point",
        "coordinates": [
          18.6256708,
          50.40061839999999
        ]
      }
    },
    {
      "type": "Feature",
      "properties": {
        "source": "OpenStreetMap",
        "source_id": "node/6946140949",
        "domain": "public",
        "asset_type": "community_social",
        "confidence": "medium",
        "missing_fields": [],
        "limitations": [
          "OSM public-service completeness and tagging vary by area and facility type.",
          "A facility tag is evidence of mapped semantics, not service availability, capacity, accessibility or operating status.",
          "BDOT10k building geometry is retained only as topographic comparison context and cannot establish facility semantics.",
          "No qualified PRG public-service facility class is enabled for this domain pack."
        ],
        "eligible_for_analysis": true,
        "osm_tags": {
          "name": "Miejska Biblioteka Publiczna Oddział dla dzieci",
          "amenity": "library"
        }
      },
      "geometry": {
        "type": "Point",
        "coordinates": [
          18.6264185,
          50.401509899999986
        ]
      }
    },
    {
      "type": "Feature",
      "properties": {
        "source": "OpenStreetMap",
        "source_id": "node/6946241026",
        "domain": "public",
        "asset_type": "community_social",
        "confidence": "medium",
        "missing_fields": [],
        "limitations": [
          "OSM public-service completeness and tagging vary by area and facility type.",
          "A facility tag is evidence of mapped semantics, not service availability, capacity, accessibility or operating status.",
          "BDOT10k building geometry is retained only as topographic comparison context and cannot establish facility semantics.",
          "No qualified PRG public-service facility class is enabled for this domain pack."
        ],
        "eligible_for_analysis": true,
        "osm_tags": {
          "name": "Dzienny Dom SENIOR+",
          "amenity": "social_facility",
          "social_facility": "nursing_home"
        }
      },
      "geometry": {
        "type": "Point",
        "coordinates": [
          18.619413900000005,
          50.4000995
        ]
      }
    },
    {
      "type": "Feature",
      "properties": {
        "source": "OpenStreetMap",
        "source_id": "node/6946262324",
        "domain": "public",
        "asset_type": "community_social",
        "confidence": "medium",
        "missing_fields": [],
        "limitations": [
          "OSM public-service completeness and tagging vary by area and facility type.",
          "A facility tag is evidence of mapped semantics, not service availability, capacity, accessibility or operating status.",
          "BDOT10k building geometry is retained only as topographic comparison context and cannot establish facility semantics.",
          "No qualified PRG public-service facility class is enabled for this domain pack."
        ],
        "eligible_for_analysis": true,
        "osm_tags": {
          "name": "Świetlica osiedlowa",
          "amenity": "community_centre"
        }
      },
      "geometry": {
        "type": "Point",
        "coordinates": [
          18.6334124,
          50.40238250000001
        ]
      }
    },
    {
      "type": "Feature",
      "properties": {
        "source": "OpenStreetMap",
        "source_id": "node/6946272496",
        "domain": "public",
        "asset_type": "community_social",
        "confidence": "medium",
        "missing_fields": [],
        "limitations": [
          "OSM public-service completeness and tagging vary by area and facility type.",
          "A facility tag is evidence of mapped semantics, not service availability, capacity, accessibility or operating status.",
          "BDOT10k building geometry is retained only as topographic comparison context and cannot establish facility semantics.",
          "No qualified PRG public-service facility class is enabled for this domain pack."
        ],
        "eligible_for_analysis": true,
        "osm_tags": {
          "name": "Ośrodek Pomocy Społecznej",
          "amenity": "social_facility",
          "social_facility": "outreach"
        }
      },
      "geometry": {
        "type": "Point",
        "coordinates": [
          18.6303532,
          50.399904199999995
        ]
      }
    },
    {
      "type": "Feature",
      "properties": {
        "source": "OpenStreetMap",
        "source_id": "node/7123247052",
        "domain": "public",
        "asset_type": "community_social",
        "confidence": "medium",
        "missing_fields": [],
        "limitations": [
          "OSM public-service completeness and tagging vary by area and facility type.",
          "A facility tag is evidence of mapped semantics, not service availability, capacity, accessibility or operating status.",
          "BDOT10k building geometry is retained only as topographic comparison context and cannot establish facility semantics.",
          "No qualified PRG public-service facility class is enabled for this domain pack."
        ],
        "eligible_for_analysis": true,
        "osm_tags": {
          "name": "Stacja-Biblioteka MBP",
          "description": "Siedziba Miejskiej Biblioteki Publicznej w zabytkowym budynku dworca kolejowego.",
          "amenity": "library",
          "opening_hours": "Mo-Sa 09:00-18:00"
        }
      },
      "geometry": {
        "type": "Point",
        "coordinates": [
          18.8775703,
          50.3037678
        ]
      }
    },
    {
      "type": "Feature",
      "properties": {
        "source": "OpenStreetMap",
        "source_id": "node/7144971527",
        "domain": "public",
        "asset_type": "community_social",
        "confidence": "medium",
        "missing_fields": [],
        "limitations": [
          "OSM public-service completeness and tagging vary by area and facility type.",
          "A facility tag is evidence of mapped semantics, not service availability, capacity, accessibility or operating status.",
          "BDOT10k building geometry is retained only as topographic comparison context and cannot establish facility semantics.",
          "No qualified PRG public-service facility class is enabled for this domain pack."
        ],
        "eligible_for_analysis": true,
        "osm_tags": {
          "name": "Ośrodek Rehabilitacyjno-Edukacyjno-Wychowawczy",
          "website": "https://orew.tychy.pl/",
          "amenity": "social_facility",
          "social_facility": "day_care",
          "email": "osrodek@orew.tychy.pl",
          "wheelchair": "yes"
        }
      },
      "geometry": {
        "type": "Point",
        "coordinates": [
          18.9928195,
          50.11433009999998
        ]
      }
    },
    {
      "type": "Feature",
      "properties": {
        "source": "OpenStreetMap",
        "source_id": "node/7160249890",
        "domain": "public",
        "asset_type": "community_social",
        "confidence": "medium",
        "missing_fields": [],
        "limitations": [
          "OSM public-service completeness and tagging vary by area and facility type.",
          "A facility tag is evidence of mapped semantics, not service availability, capacity, accessibility or operating status.",
          "BDOT10k building geometry is retained only as topographic comparison context and cannot establish facility semantics.",
          "No qualified PRG public-service facility class is enabled for this domain pack."
        ],
        "eligible_for_analysis": true,
        "osm_tags": {
          "name": "Mediator Szewczyk-Keller",
          "website": "https://www.mediatorkaszewczyk-keller.pl/",
          "amenity": "social_facility",
          "social_facility": "outreach",
          "phone": "+48692738562",
          "email": "mediatorka.nsk@gmail.com"
        }
      },
      "geometry": {
        "type": "Point",
        "coordinates": [
          18.441715,
          50.01563389999999
        ]
      }
    },
    {
      "type": "Feature",
      "properties": {
        "source": "OpenStreetMap",
        "source_id": "node/7251368640",
        "domain": "public",
        "asset_type": "community_social",
        "confidence": "medium",
        "missing_fields": [],
        "limitations": [
          "OSM public-service completeness and tagging vary by area and facility type.",
          "A facility tag is evidence of mapped semantics, not service availability, capacity, accessibility or operating status.",
          "BDOT10k building geometry is retained only as topographic comparison context and cannot establish facility semantics.",
          "No qualified PRG public-service facility class is enabled for this domain pack."
        ],
        "eligible_for_analysis": true,
        "osm_tags": {
          "name": "Centrum Kultury w Zawadzie Książęcej",
          "amenity": "arts_centre"
        }
      },
      "geometry": {
        "type": "Point",
        "coordinates": [
          18.2490712,
          50.1517542
        ]
      }
    },
    {
      "type": "Feature",
      "properties": {
        "source": "OpenStreetMap",
        "source_id": "node/7319246818",
        "domain": "public",
        "asset_type": "community_social",
        "confidence": "medium",
        "missing_fields": [],
        "limitations": [
          "OSM public-service completeness and tagging vary by area and facility type.",
          "A facility tag is evidence of mapped semantics, not service availability, capacity, accessibility or operating status.",
          "BDOT10k building geometry is retained only as topographic comparison context and cannot establish facility semantics.",
          "No qualified PRG public-service facility class is enabled for this domain pack."
        ],
        "eligible_for_analysis": true,
        "osm_tags": {
          "name": "Parafialny Zespół Caritas",
          "amenity": "social_facility"
        }
      },
      "geometry": {
        "type": "Point",
        "coordinates": [
          18.6392851,
          50.1378299
        ]
      }
    },
    {
      "type": "Feature",
      "properties": {
        "source": "OpenStreetMap",
        "source_id": "node/7319296078",
        "domain": "public",
        "asset_type": "community_social",
        "confidence": "medium",
        "missing_fields": [],
        "limitations": [
          "OSM public-service completeness and tagging vary by area and facility type.",
          "A facility tag is evidence of mapped semantics, not service availability, capacity, accessibility or operating status.",
          "BDOT10k building geometry is retained only as topographic comparison context and cannot establish facility semantics.",
          "No qualified PRG public-service facility class is enabled for this domain pack."
        ],
        "eligible_for_analysis": true,
        "osm_tags": {
          "name": "Ośrodek Pomocy Społecznej",
          "amenity": "social_facility"
        }
      },
      "geometry": {
        "type": "Point",
        "coordinates": [
          18.6574432,
          50.15870749999999
        ]
      }
    },
    {
      "type": "Feature",
      "properties": {
        "source": "OpenStreetMap",
        "source_id": "node/7380432205",
        "domain": "public",
        "asset_type": "community_social",
        "confidence": "medium",
        "missing_fields": [],
        "limitations": [
          "OSM public-service completeness and tagging vary by area and facility type.",
          "A facility tag is evidence of mapped semantics, not service availability, capacity, accessibility or operating status.",
          "BDOT10k building geometry is retained only as topographic comparison context and cannot establish facility semantics.",
          "No qualified PRG public-service facility class is enabled for this domain pack."
        ],
        "eligible_for_analysis": true,
        "osm_tags": {
          "name": "Noclegownia Miejska",
          "operator": "Miejski Ośrodek Pomocy Społecznej w Tychach",
          "website": "https://mops.tychy.pl/osrodki_wsparcia/noclegownia.html",
          "name:pl": "Noclegownia Miejska",
          "amenity": "social_facility",
          "social_facility": "shelter"
        }
      },
      "geometry": {
        "type": "Point",
        "coordinates": [
          18.963671,
          50.1426668
        ]
      }
    },
    {
      "type": "Feature",
      "properties": {
        "source": "OpenStreetMap",
        "source_id": "node/7515809723",
        "domain": "public",
        "asset_type": "community_social",
        "confidence": "medium",
        "missing_fields": [],
        "limitations": [
          "OSM public-service completeness and tagging vary by area and facility type.",
          "A facility tag is evidence of mapped semantics, not service availability, capacity, accessibility or operating status.",
          "BDOT10k building geometry is retained only as topographic comparison context and cannot establish facility semantics.",
          "No qualified PRG public-service facility class is enabled for this domain pack."
        ],
        "eligible_for_analysis": true,
        "osm_tags": {
          "name": "Miejska Biblioteka Publiczna. Filia nr 7",
          "website": "https://biblioteka.gliwice.pl/",
          "amenity": "library"
        }
      },
      "geometry": {
        "type": "Point",
        "coordinates": [
          18.6692489,
          50.28050650000001
        ]
      }
    },
    {
      "type": "Feature",
      "properties": {
        "source": "OpenStreetMap",
        "source_id": "node/7558233138",
        "domain": "public",
        "asset_type": "community_social",
        "confidence": "medium",
        "missing_fields": [],
        "limitations": [
          "OSM public-service completeness and tagging vary by area and facility type.",
          "A facility tag is evidence of mapped semantics, not service availability, capacity, accessibility or operating status.",
          "BDOT10k building geometry is retained only as topographic comparison context and cannot establish facility semantics.",
          "No qualified PRG public-service facility class is enabled for this domain pack."
        ],
        "eligible_for_analysis": true,
        "osm_tags": {
          "name": "Biblioteka Filia nr 16",
          "operator": "Miejska Biblioteka Publiczna w Gliwicach",
          "amenity": "library"
        }
      },
      "geometry": {
        "type": "Point",
        "coordinates": [
          18.7325857,
          50.28711729999999
        ]
      }
    },
    {
      "type": "Feature",
      "properties": {
        "source": "OpenStreetMap",
        "source_id": "node/7564859152",
        "domain": "public",
        "asset_type": "community_social",
        "confidence": "medium",
        "missing_fields": [],
        "limitations": [
          "OSM public-service completeness and tagging vary by area and facility type.",
          "A facility tag is evidence of mapped semantics, not service availability, capacity, accessibility or operating status.",
          "BDOT10k building geometry is retained only as topographic comparison context and cannot establish facility semantics.",
          "No qualified PRG public-service facility class is enabled for this domain pack."
        ],
        "eligible_for_analysis": true,
        "osm_tags": {
          "name": "Miejska Biblioteka Publiczna w Żorach im. Ottona Sterna",
          "amenity": "library"
        }
      },
      "geometry": {
        "type": "Point",
        "coordinates": [
          18.6922088,
          50.047535399999994
        ]
      }
    },
    {
      "type": "Feature",
      "properties": {
        "source": "OpenStreetMap",
        "source_id": "node/7813537980",
        "domain": "public",
        "asset_type": "community_social",
        "confidence": "medium",
        "missing_fields": [],
        "limitations": [
          "OSM public-service completeness and tagging vary by area and facility type.",
          "A facility tag is evidence of mapped semantics, not service availability, capacity, accessibility or operating status.",
          "BDOT10k building geometry is retained only as topographic comparison context and cannot establish facility semantics.",
          "No qualified PRG public-service facility class is enabled for this domain pack."
        ],
        "eligible_for_analysis": true,
        "osm_tags": {
          "name": "Miejska Biblioteka Publiczna - filia nr 11",
          "amenity": "library"
        }
      },
      "geometry": {
        "type": "Point",
        "coordinates": [
          18.6929727,
          50.2930909
        ]
      }
    },
    {
      "type": "Feature",
      "properties": {
        "source": "OpenStreetMap",
        "source_id": "node/7817472937",
        "domain": "public",
        "asset_type": "community_social",
        "confidence": "medium",
        "missing_fields": [],
        "limitations": [
          "OSM public-service completeness and tagging vary by area and facility type.",
          "A facility tag is evidence of mapped semantics, not service availability, capacity, accessibility or operating status.",
          "BDOT10k building geometry is retained only as topographic comparison context and cannot establish facility semantics.",
          "No qualified PRG public-service facility class is enabled for this domain pack."
        ],
        "eligible_for_analysis": true,
        "osm_tags": {
          "name": "Miejska Biblioteka Publiczna - filia nr 23",
          "amenity": "library"
        }
      },
      "geometry": {
        "type": "Point",
        "coordinates": [
          18.5760431,
          50.32648320000001
        ]
      }
    },
    {
      "type": "Feature",
      "properties": {
        "source": "OpenStreetMap",
        "source_id": "node/7984839589",
        "domain": "public",
        "asset_type": "community_social",
        "confidence": "medium",
        "missing_fields": [],
        "limitations": [
          "OSM public-service completeness and tagging vary by area and facility type.",
          "A facility tag is evidence of mapped semantics, not service availability, capacity, accessibility or operating status.",
          "BDOT10k building geometry is retained only as topographic comparison context and cannot establish facility semantics.",
          "No qualified PRG public-service facility class is enabled for this domain pack."
        ],
        "eligible_for_analysis": true,
        "osm_tags": {
          "name": "Miejska Biblioteka Publiczna w Gliwicach, Filia nr 15",
          "amenity": "library"
        }
      },
      "geometry": {
        "type": "Point",
        "coordinates": [
          18.6720085,
          50.276728899999995
        ]
      }
    },
    {
      "type": "Feature",
      "properties": {
        "source": "OpenStreetMap",
        "source_id": "node/8080433596",
        "domain": "public",
        "asset_type": "community_social",
        "confidence": "medium",
        "missing_fields": [],
        "limitations": [
          "OSM public-service completeness and tagging vary by area and facility type.",
          "A facility tag is evidence of mapped semantics, not service availability, capacity, accessibility or operating status.",
          "BDOT10k building geometry is retained only as topographic comparison context and cannot establish facility semantics.",
          "No qualified PRG public-service facility class is enabled for this domain pack."
        ],
        "eligible_for_analysis": true,
        "osm_tags": {
          "name": "Filia Biblioteczna w Tworkowie",
          "amenity": "library",
          "email": "tworkow.biblioteka@wp.pl"
        }
      },
      "geometry": {
        "type": "Point",
        "coordinates": [
          18.2362354,
          50.0108658
        ]
      }
    },
    {
      "type": "Feature",
      "properties": {
        "source": "OpenStreetMap",
        "source_id": "node/8218905010",
        "domain": "public",
        "asset_type": "community_social",
        "confidence": "medium",
        "missing_fields": [],
        "limitations": [
          "OSM public-service completeness and tagging vary by area and facility type.",
          "A facility tag is evidence of mapped semantics, not service availability, capacity, accessibility or operating status.",
          "BDOT10k building geometry is retained only as topographic comparison context and cannot establish facility semantics.",
          "No qualified PRG public-service facility class is enabled for this domain pack."
        ],
        "eligible_for_analysis": true,
        "osm_tags": {
          "name": "Miejska Biblioteka Publiczna w Zabrzu Filia nr 9",
          "amenity": "library",
          "phone": "+48 32 275 05 24"
        }
      },
      "geometry": {
        "type": "Point",
        "coordinates": [
          18.7952263,
          50.2746517
        ]
      }
    },
    {
      "type": "Feature",
      "properties": {
        "source": "OpenStreetMap",
        "source_id": "node/8314002595",
        "domain": "public",
        "asset_type": "community_social",
        "confidence": "medium",
        "missing_fields": [],
        "limitations": [
          "OSM public-service completeness and tagging vary by area and facility type.",
          "A facility tag is evidence of mapped semantics, not service availability, capacity, accessibility or operating status.",
          "BDOT10k building geometry is retained only as topographic comparison context and cannot establish facility semantics.",
          "No qualified PRG public-service facility class is enabled for this domain pack."
        ],
        "eligible_for_analysis": true,
        "osm_tags": {
          "name": "Ośrodek Pomocy Społecznej Krzyżanowice",
          "website": "https://ops.krzyzanowice.pl/",
          "amenity": "social_facility",
          "opening_hours": "Mo-We 07:00-15:00; Th 08:00-17:00; Fr 07:00-14:00",
          "phone": "+48 32 419 63 00"
        }
      },
      "geometry": {
        "type": "Point",
        "coordinates": [
          18.2384681,
          50.0053282
        ]
      }
    },
    {
      "type": "Feature",
      "properties": {
        "source": "OpenStreetMap",
        "source_id": "node/8711920466",
        "domain": "public",
        "asset_type": "community_social",
        "confidence": "medium",
        "missing_fields": [],
        "limitations": [
          "OSM public-service completeness and tagging vary by area and facility type.",
          "A facility tag is evidence of mapped semantics, not service availability, capacity, accessibility or operating status.",
          "BDOT10k building geometry is retained only as topographic comparison context and cannot establish facility semantics.",
          "No qualified PRG public-service facility class is enabled for this domain pack."
        ],
        "eligible_for_analysis": true,
        "osm_tags": {
          "name": "Cech Rzemieślników Małej i Średniej Przedsiębiorczości oraz Pracodawców w Zabrzu",
          "website": "https://www.cech.zabrze.pl/",
          "amenity": "community_centre",
          "community_centre": "club_home",
          "opening_hours": "Mo-Fr 07:00-15:00",
          "phone": "+48 32 271 11 80",
          "email": "abc@cech.zabrze.pl"
        }
      },
      "geometry": {
        "type": "Point",
        "coordinates": [
          18.7921902,
          50.30291570000001
        ]
      }
    },
    {
      "type": "Feature",
      "properties": {
        "source": "OpenStreetMap",
        "source_id": "node/8726069878",
        "domain": "public",
        "asset_type": "community_social",
        "confidence": "medium",
        "missing_fields": [],
        "limitations": [
          "OSM public-service completeness and tagging vary by area and facility type.",
          "A facility tag is evidence of mapped semantics, not service availability, capacity, accessibility or operating status.",
          "BDOT10k building geometry is retained only as topographic comparison context and cannot establish facility semantics.",
          "No qualified PRG public-service facility class is enabled for this domain pack."
        ],
        "eligible_for_analysis": true,
        "osm_tags": {
          "name": "Gminna Biblioteka Publiczna w Mszanie",
          "amenity": "library"
        }
      },
      "geometry": {
        "type": "Point",
        "coordinates": [
          18.5274211,
          49.966205899999984
        ]
      }
    },
    {
      "type": "Feature",
      "properties": {
        "source": "OpenStreetMap",
        "source_id": "node/8743377515",
        "domain": "public",
        "asset_type": "community_social",
        "confidence": "medium",
        "missing_fields": [],
        "limitations": [
          "OSM public-service completeness and tagging vary by area and facility type.",
          "A facility tag is evidence of mapped semantics, not service availability, capacity, accessibility or operating status.",
          "BDOT10k building geometry is retained only as topographic comparison context and cannot establish facility semantics.",
          "No qualified PRG public-service facility class is enabled for this domain pack."
        ],
        "eligible_for_analysis": true,
        "osm_tags": {
          "amenity": "community_centre",
          "community_centre": "parish_hall"
        }
      },
      "geometry": {
        "type": "Point",
        "coordinates": [
          18.7676252,
          50.30606029999999
        ]
      }
    },
    {
      "type": "Feature",
      "properties": {
        "source": "OpenStreetMap",
        "source_id": "node/8794836848",
        "domain": "public",
        "asset_type": "community_social",
        "confidence": "medium",
        "missing_fields": [],
        "limitations": [
          "OSM public-service completeness and tagging vary by area and facility type.",
          "A facility tag is evidence of mapped semantics, not service availability, capacity, accessibility or operating status.",
          "BDOT10k building geometry is retained only as topographic comparison context and cannot establish facility semantics.",
          "No qualified PRG public-service facility class is enabled for this domain pack."
        ],
        "eligible_for_analysis": true,
        "osm_tags": {
          "name": "Ośrodek Pomocy Społecznej w Rybniku",
          "website": "https://www.opsrybnik.pl/",
          "amenity": "social_facility"
        }
      },
      "geometry": {
        "type": "Point",
        "coordinates": [
          18.5527843,
          50.10682299999999
        ]
      }
    },
    {
      "type": "Feature",
      "properties": {
        "source": "OpenStreetMap",
        "source_id": "node/9048632161",
        "domain": "public",
        "asset_type": "community_social",
        "confidence": "medium",
        "missing_fields": [],
        "limitations": [
          "OSM public-service completeness and tagging vary by area and facility type.",
          "A facility tag is evidence of mapped semantics, not service availability, capacity, accessibility or operating status.",
          "BDOT10k building geometry is retained only as topographic comparison context and cannot establish facility semantics.",
          "No qualified PRG public-service facility class is enabled for this domain pack."
        ],
        "eligible_for_analysis": true,
        "osm_tags": {
          "name": "Gminny Ośrodek Kultury",
          "website": "https://gok.gieraltowice.pl/",
          "amenity": "community_centre",
          "opening_hours": "Mo-Fr 08:00-16:00",
          "phone": "+48 32 301 15 11"
        }
      },
      "geometry": {
        "type": "Point",
        "coordinates": [
          18.7320885,
          50.225933
        ]
      }
    },
    {
      "type": "Feature",
      "properties": {
        "source": "OpenStreetMap",
        "source_id": "node/9070014170",
        "domain": "public",
        "asset_type": "community_social",
        "confidence": "medium",
        "missing_fields": [],
        "limitations": [
          "OSM public-service completeness and tagging vary by area and facility type.",
          "A facility tag is evidence of mapped semantics, not service availability, capacity, accessibility or operating status.",
          "BDOT10k building geometry is retained only as topographic comparison context and cannot establish facility semantics.",
          "No qualified PRG public-service facility class is enabled for this domain pack."
        ],
        "eligible_for_analysis": true,
        "osm_tags": {
          "name": "In-nY Dom Kultury",
          "operator": "Rudzkie Stowarzyszenie Inicjatyw Niebanalnych In-nI",
          "website": "https://in-ni.pl/",
          "amenity": "community_centre",
          "opening_hours": "Mo-Fr 13:00-19:00"
        }
      },
      "geometry": {
        "type": "Point",
        "coordinates": [
          18.9095708,
          50.251886500000005
        ]
      }
    },
    {
      "type": "Feature",
      "properties": {
        "source": "OpenStreetMap",
        "source_id": "node/9177997041",
        "domain": "public",
        "asset_type": "community_social",
        "confidence": "medium",
        "missing_fields": [],
        "limitations": [
          "OSM public-service completeness and tagging vary by area and facility type.",
          "A facility tag is evidence of mapped semantics, not service availability, capacity, accessibility or operating status.",
          "BDOT10k building geometry is retained only as topographic comparison context and cannot establish facility semantics.",
          "No qualified PRG public-service facility class is enabled for this domain pack."
        ],
        "eligible_for_analysis": true,
        "osm_tags": {
          "name": "PasCuda",
          "website": "https://paskudofonia.pl",
          "amenity": "arts_centre"
        }
      },
      "geometry": {
        "type": "Point",
        "coordinates": [
          18.6676473,
          50.2936836
        ]
      }
    },
    {
      "type": "Feature",
      "properties": {
        "source": "OpenStreetMap",
        "source_id": "node/9381225562",
        "domain": "public",
        "asset_type": "community_social",
        "confidence": "medium",
        "missing_fields": [],
        "limitations": [
          "OSM public-service completeness and tagging vary by area and facility type.",
          "A facility tag is evidence of mapped semantics, not service availability, capacity, accessibility or operating status.",
          "BDOT10k building geometry is retained only as topographic comparison context and cannot establish facility semantics.",
          "No qualified PRG public-service facility class is enabled for this domain pack."
        ],
        "eligible_for_analysis": true,
        "osm_tags": {
          "name": "Dom Seniora Gwarek",
          "amenity": "social_facility",
          "social_facility": "nursing_home"
        }
      },
      "geometry": {
        "type": "Point",
        "coordinates": [
          18.472761,
          49.949453299999995
        ]
      }
    },
    {
      "type": "Feature",
      "properties": {
        "source": "OpenStreetMap",
        "source_id": "node/9503275369",
        "domain": "public",
        "asset_type": "community_social",
        "confidence": "medium",
        "missing_fields": [],
        "limitations": [
          "OSM public-service completeness and tagging vary by area and facility type.",
          "A facility tag is evidence of mapped semantics, not service availability, capacity, accessibility or operating status.",
          "BDOT10k building geometry is retained only as topographic comparison context and cannot establish facility semantics.",
          "No qualified PRG public-service facility class is enabled for this domain pack."
        ],
        "eligible_for_analysis": true,
        "osm_tags": {
          "name": "Biblioteka Publiczna Gminna w Gierałtowicach. Filia nr 3",
          "amenity": "library"
        }
      },
      "geometry": {
        "type": "Point",
        "coordinates": [
          18.778409,
          50.2109361
        ]
      }
    },
    {
      "type": "Feature",
      "properties": {
        "source": "OpenStreetMap",
        "source_id": "node/9557187468",
        "domain": "public",
        "asset_type": "community_social",
        "confidence": "medium",
        "missing_fields": [],
        "limitations": [
          "OSM public-service completeness and tagging vary by area and facility type.",
          "A facility tag is evidence of mapped semantics, not service availability, capacity, accessibility or operating status.",
          "BDOT10k building geometry is retained only as topographic comparison context and cannot establish facility semantics.",
          "No qualified PRG public-service facility class is enabled for this domain pack."
        ],
        "eligible_for_analysis": true,
        "osm_tags": {
          "name": "Powiatowa i Miejska Biblioteka Publiczna Filia numer 3 Gotartowice",
          "amenity": "library"
        }
      },
      "geometry": {
        "type": "Point",
        "coordinates": [
          18.6124076,
          50.0788523
        ]
      }
    },
    {
      "type": "Feature",
      "properties": {
        "source": "OpenStreetMap",
        "source_id": "node/9557193985",
        "domain": "public",
        "asset_type": "community_social",
        "confidence": "medium",
        "missing_fields": [],
        "limitations": [
          "OSM public-service completeness and tagging vary by area and facility type.",
          "A facility tag is evidence of mapped semantics, not service availability, capacity, accessibility or operating status.",
          "BDOT10k building geometry is retained only as topographic comparison context and cannot establish facility semantics.",
          "No qualified PRG public-service facility class is enabled for this domain pack."
        ],
        "eligible_for_analysis": true,
        "osm_tags": {
          "name": "Powiatowa i Miejska Biblioteka Publiczna Filia numer 1 Ligota",
          "amenity": "library"
        }
      },
      "geometry": {
        "type": "Point",
        "coordinates": [
          18.5820633,
          50.0896652
        ]
      }
    },
    {
      "type": "Feature",
      "properties": {
        "source": "OpenStreetMap",
        "source_id": "node/9557198181",
        "domain": "public",
        "asset_type": "community_social",
        "confidence": "medium",
        "missing_fields": [],
        "limitations": [
          "OSM public-service completeness and tagging vary by area and facility type.",
          "A facility tag is evidence of mapped semantics, not service availability, capacity, accessibility or operating status.",
          "BDOT10k building geometry is retained only as topographic comparison context and cannot establish facility semantics.",
          "No qualified PRG public-service facility class is enabled for this domain pack."
        ],
        "eligible_for_analysis": true,
        "osm_tags": {
          "name": "Powiatowa i Miejska Biblioteka Publiczna Filia numer 5 Rybnicka Kuźnia",
          "amenity": "library"
        }
      },
      "geometry": {
        "type": "Point",
        "coordinates": [
          18.5253716,
          50.124400800000004
        ]
      }
    },
    {
      "type": "Feature",
      "properties": {
        "source": "OpenStreetMap",
        "source_id": "node/9557199908",
        "domain": "public",
        "asset_type": "community_social",
        "confidence": "medium",
        "missing_fields": [],
        "limitations": [
          "OSM public-service completeness and tagging vary by area and facility type.",
          "A facility tag is evidence of mapped semantics, not service availability, capacity, accessibility or operating status.",
          "BDOT10k building geometry is retained only as topographic comparison context and cannot establish facility semantics.",
          "No qualified PRG public-service facility class is enabled for this domain pack."
        ],
        "eligible_for_analysis": true,
        "osm_tags": {
          "name": "Powiatowa i Miejska Biblioteka Publiczna Filia numer 9 Boguszowice Stare",
          "amenity": "library"
        }
      },
      "geometry": {
        "type": "Point",
        "coordinates": [
          18.5955795,
          50.0539508
        ]
      }
    },
    {
      "type": "Feature",
      "properties": {
        "source": "OpenStreetMap",
        "source_id": "node/9557199909",
        "domain": "public",
        "asset_type": "community_social",
        "confidence": "medium",
        "missing_fields": [],
        "limitations": [
          "OSM public-service completeness and tagging vary by area and facility type.",
          "A facility tag is evidence of mapped semantics, not service availability, capacity, accessibility or operating status.",
          "BDOT10k building geometry is retained only as topographic comparison context and cannot establish facility semantics.",
          "No qualified PRG public-service facility class is enabled for this domain pack."
        ],
        "eligible_for_analysis": true,
        "osm_tags": {
          "name": "Powiatowa i Miejska Biblioteka Publiczna Filia numer 10 Niedobczyce/Barbary",
          "amenity": "library"
        }
      },
      "geometry": {
        "type": "Point",
        "coordinates": [
          18.492825,
          50.05961370000001
        ]
      }
    },
    {
      "type": "Feature",
      "properties": {
        "source": "OpenStreetMap",
        "source_id": "node/9557209479",
        "domain": "public",
        "asset_type": "community_social",
        "confidence": "medium",
        "missing_fields": [],
        "limitations": [
          "OSM public-service completeness and tagging vary by area and facility type.",
          "A facility tag is evidence of mapped semantics, not service availability, capacity, accessibility or operating status.",
          "BDOT10k building geometry is retained only as topographic comparison context and cannot establish facility semantics.",
          "No qualified PRG public-service facility class is enabled for this domain pack."
        ],
        "eligible_for_analysis": true,
        "osm_tags": {
          "name": "Powiatowa i Miejska Biblioteka Publiczna Filia numer 6 Maroko/Dąbrówki",
          "amenity": "library"
        }
      },
      "geometry": {
        "type": "Point",
        "coordinates": [
          18.5203602,
          50.09644769999999
        ]
      }
    },
    {
      "type": "Feature",
      "properties": {
        "source": "OpenStreetMap",
        "source_id": "node/9557238802",
        "domain": "public",
        "asset_type": "community_social",
        "confidence": "medium",
        "missing_fields": [],
        "limitations": [
          "OSM public-service completeness and tagging vary by area and facility type.",
          "A facility tag is evidence of mapped semantics, not service availability, capacity, accessibility or operating status.",
          "BDOT10k building geometry is retained only as topographic comparison context and cannot establish facility semantics.",
          "No qualified PRG public-service facility class is enabled for this domain pack."
        ],
        "eligible_for_analysis": true,
        "osm_tags": {
          "name": "Powiatowa i Miejska Biblioteka Publiczna Filia numer 2 Maroko",
          "amenity": "library"
        }
      },
      "geometry": {
        "type": "Point",
        "coordinates": [
          18.5264034,
          50.09669819999999
        ]
      }
    },
    {
      "type": "Feature",
      "properties": {
        "source": "OpenStreetMap",
        "source_id": "node/9557255284",
        "domain": "public",
        "asset_type": "community_social",
        "confidence": "medium",
        "missing_fields": [],
        "limitations": [
          "OSM public-service completeness and tagging vary by area and facility type.",
          "A facility tag is evidence of mapped semantics, not service availability, capacity, accessibility or operating status.",
          "BDOT10k building geometry is retained only as topographic comparison context and cannot establish facility semantics.",
          "No qualified PRG public-service facility class is enabled for this domain pack."
        ],
        "eligible_for_analysis": true,
        "osm_tags": {
          "name": "Powiatowa i Miejska Biblioteka Publiczna Filia numer 4 Paruszowiec",
          "amenity": "library"
        }
      },
      "geometry": {
        "type": "Point",
        "coordinates": [
          18.581913,
          50.098031000000006
        ]
      }
    },
    {
      "type": "Feature",
      "properties": {
        "source": "OpenStreetMap",
        "source_id": "node/9557256745",
        "domain": "public",
        "asset_type": "community_social",
        "confidence": "medium",
        "missing_fields": [],
        "limitations": [
          "OSM public-service completeness and tagging vary by area and facility type.",
          "A facility tag is evidence of mapped semantics, not service availability, capacity, accessibility or operating status.",
          "BDOT10k building geometry is retained only as topographic comparison context and cannot establish facility semantics.",
          "No qualified PRG public-service facility class is enabled for this domain pack."
        ],
        "eligible_for_analysis": true,
        "osm_tags": {
          "name": "Powiatowa i Miejska Biblioteka Publiczna Filia numer 8",
          "amenity": "library"
        }
      },
      "geometry": {
        "type": "Point",
        "coordinates": [
          18.525511,
          50.0907805
        ]
      }
    },
    {
      "type": "Feature",
      "properties": {
        "source": "OpenStreetMap",
        "source_id": "node/9557283818",
        "domain": "public",
        "asset_type": "community_social",
        "confidence": "medium",
        "missing_fields": [],
        "limitations": [
          "OSM public-service completeness and tagging vary by area and facility type.",
          "A facility tag is evidence of mapped semantics, not service availability, capacity, accessibility or operating status.",
          "BDOT10k building geometry is retained only as topographic comparison context and cannot establish facility semantics.",
          "No qualified PRG public-service facility class is enabled for this domain pack."
        ],
        "eligible_for_analysis": true,
        "osm_tags": {
          "name": "Powiatowa i Miejska Biblioteka Publiczna Filia numer 12 Ochojec",
          "amenity": "library"
        }
      },
      "geometry": {
        "type": "Point",
        "coordinates": [
          18.5401571,
          50.1660287
        ]
      }
    },
    {
      "type": "Feature",
      "properties": {
        "source": "OpenStreetMap",
        "source_id": "node/9557299601",
        "domain": "public",
        "asset_type": "community_social",
        "confidence": "medium",
        "missing_fields": [],
        "limitations": [
          "OSM public-service completeness and tagging vary by area and facility type.",
          "A facility tag is evidence of mapped semantics, not service availability, capacity, accessibility or operating status.",
          "BDOT10k building geometry is retained only as topographic comparison context and cannot establish facility semantics.",
          "No qualified PRG public-service facility class is enabled for this domain pack."
        ],
        "eligible_for_analysis": true,
        "osm_tags": {
          "name": "Powiatowa i Miejska Biblioteka Publiczna Filia numer 13 Niedobczyce/Górnośląska",
          "amenity": "library"
        }
      },
      "geometry": {
        "type": "Point",
        "coordinates": [
          18.4840963,
          50.05581559999999
        ]
      }
    },
    {
      "type": "Feature",
      "properties": {
        "source": "OpenStreetMap",
        "source_id": "node/9557309774",
        "domain": "public",
        "asset_type": "community_social",
        "confidence": "medium",
        "missing_fields": [],
        "limitations": [
          "OSM public-service completeness and tagging vary by area and facility type.",
          "A facility tag is evidence of mapped semantics, not service availability, capacity, accessibility or operating status.",
          "BDOT10k building geometry is retained only as topographic comparison context and cannot establish facility semantics.",
          "No qualified PRG public-service facility class is enabled for this domain pack."
        ],
        "eligible_for_analysis": true,
        "osm_tags": {
          "name": "Powiatowa i Miejska Biblioteka Publiczna Filia numer 15 Kamień",
          "amenity": "library"
        }
      },
      "geometry": {
        "type": "Point",
        "coordinates": [
          18.608514,
          50.1416958
        ]
      }
    },
    {
      "type": "Feature",
      "properties": {
        "source": "OpenStreetMap",
        "source_id": "node/9557327722",
        "domain": "public",
        "asset_type": "community_social",
        "confidence": "medium",
        "missing_fields": [],
        "limitations": [
          "OSM public-service completeness and tagging vary by area and facility type.",
          "A facility tag is evidence of mapped semantics, not service availability, capacity, accessibility or operating status.",
          "BDOT10k building geometry is retained only as topographic comparison context and cannot establish facility semantics.",
          "No qualified PRG public-service facility class is enabled for this domain pack."
        ],
        "eligible_for_analysis": true,
        "osm_tags": {
          "name": "Powiatowa i Miejska Biblioteka Publiczna Filia numer 16",
          "amenity": "library"
        }
      },
      "geometry": {
        "type": "Point",
        "coordinates": [
          18.5485435,
          50.1422965
        ]
      }
    },
    {
      "type": "Feature",
      "properties": {
        "source": "OpenStreetMap",
        "source_id": "node/9557342630",
        "domain": "public",
        "asset_type": "community_social",
        "confidence": "medium",
        "missing_fields": [],
        "limitations": [
          "OSM public-service completeness and tagging vary by area and facility type.",
          "A facility tag is evidence of mapped semantics, not service availability, capacity, accessibility or operating status.",
          "BDOT10k building geometry is retained only as topographic comparison context and cannot establish facility semantics.",
          "No qualified PRG public-service facility class is enabled for this domain pack."
        ],
        "eligible_for_analysis": true,
        "osm_tags": {
          "name": "Powiatowa i Miejska Biblioteka Publiczna Filia numer 18 Maroko/Orzepowicka Oddział dla dzieci",
          "amenity": "library"
        }
      },
      "geometry": {
        "type": "Point",
        "coordinates": [
          18.5186935,
          50.0992075
        ]
      }
    },
    {
      "type": "Feature",
      "properties": {
        "source": "OpenStreetMap",
        "source_id": "node/9557363037",
        "domain": "public",
        "asset_type": "community_social",
        "confidence": "medium",
        "missing_fields": [],
        "limitations": [
          "OSM public-service completeness and tagging vary by area and facility type.",
          "A facility tag is evidence of mapped semantics, not service availability, capacity, accessibility or operating status.",
          "BDOT10k building geometry is retained only as topographic comparison context and cannot establish facility semantics.",
          "No qualified PRG public-service facility class is enabled for this domain pack."
        ],
        "eligible_for_analysis": true,
        "osm_tags": {
          "name": "Powiatowa i Miejska Biblioteka Publiczna Filia numer 20 Boguszowice Osiedle",
          "amenity": "library"
        }
      },
      "geometry": {
        "type": "Point",
        "coordinates": [
          18.6050347,
          50.04558539999999
        ]
      }
    },
    {
      "type": "Feature",
      "properties": {
        "source": "OpenStreetMap",
        "source_id": "node/9579391409",
        "domain": "public",
        "asset_type": "community_social",
        "confidence": "medium",
        "missing_fields": [],
        "limitations": [
          "OSM public-service completeness and tagging vary by area and facility type.",
          "A facility tag is evidence of mapped semantics, not service availability, capacity, accessibility or operating status.",
          "BDOT10k building geometry is retained only as topographic comparison context and cannot establish facility semantics.",
          "No qualified PRG public-service facility class is enabled for this domain pack."
        ],
        "eligible_for_analysis": true,
        "osm_tags": {
          "name": "Caritas",
          "operator": "Arnold Drechsler",
          "amenity": "social_facility",
          "social_facility": "soup_kitchen",
          "phone": "+48 600 478 455",
          "email": "caritas_centrala@op.onet.pl"
        }
      },
      "geometry": {
        "type": "Point",
        "coordinates": [
          18.2129776,
          50.1034816
        ]
      }
    },
    {
      "type": "Feature",
      "properties": {
        "source": "OpenStreetMap",
        "source_id": "node/9602721415",
        "domain": "public",
        "asset_type": "community_social",
        "confidence": "medium",
        "missing_fields": [],
        "limitations": [
          "OSM public-service completeness and tagging vary by area and facility type.",
          "A facility tag is evidence of mapped semantics, not service availability, capacity, accessibility or operating status.",
          "BDOT10k building geometry is retained only as topographic comparison context and cannot establish facility semantics.",
          "No qualified PRG public-service facility class is enabled for this domain pack."
        ],
        "eligible_for_analysis": true,
        "osm_tags": {
          "name": "Biblioteka Publiczna",
          "amenity": "library"
        }
      },
      "geometry": {
        "type": "Point",
        "coordinates": [
          18.6544698,
          50.1700893
        ]
      }
    },
    {
      "type": "Feature",
      "properties": {
        "source": "OpenStreetMap",
        "source_id": "node/9621938152",
        "domain": "public",
        "asset_type": "community_social",
        "confidence": "medium",
        "missing_fields": [],
        "limitations": [
          "OSM public-service completeness and tagging vary by area and facility type.",
          "A facility tag is evidence of mapped semantics, not service availability, capacity, accessibility or operating status.",
          "BDOT10k building geometry is retained only as topographic comparison context and cannot establish facility semantics.",
          "No qualified PRG public-service facility class is enabled for this domain pack."
        ],
        "eligible_for_analysis": true,
        "osm_tags": {
          "name": "Ośrodek Pielęgniarstwa Pomoc w zdrowiu i w chorobie",
          "website": "https://eopieka.pl/",
          "amenity": "social_facility",
          "social_facility": "ambulatory_care",
          "phone": "+48 32 242 05 06"
        }
      },
      "geometry": {
        "type": "Point",
        "coordinates": [
          18.8638548,
          50.2731825
        ]
      }
    },
    {
      "type": "Feature",
      "properties": {
        "source": "OpenStreetMap",
        "source_id": "node/9667526309",
        "domain": "public",
        "asset_type": "community_social",
        "confidence": "medium",
        "missing_fields": [],
        "limitations": [
          "OSM public-service completeness and tagging vary by area and facility type.",
          "A facility tag is evidence of mapped semantics, not service availability, capacity, accessibility or operating status.",
          "BDOT10k building geometry is retained only as topographic comparison context and cannot establish facility semantics.",
          "No qualified PRG public-service facility class is enabled for this domain pack."
        ],
        "eligible_for_analysis": true,
        "osm_tags": {
          "name": "Biblioteka Publiczna filia nr 25",
          "website": "https://biblioteka.gliwice.pl/p/filia-nr-25/",
          "amenity": "library",
          "opening_hours": "Mo-Fr 11:00-19:00; Tu off; Th off",
          "phone": "+48 32 300 94 80",
          "email": "filia25@biblioteka.gliwice.pl",
          "wheelchair": "no"
        }
      },
      "geometry": {
        "type": "Point",
        "coordinates": [
          18.5723408,
          50.261171699999984
        ]
      }
    },
    {
      "type": "Feature",
      "properties": {
        "source": "OpenStreetMap",
        "source_id": "node/9743844180",
        "domain": "public",
        "asset_type": "community_social",
        "confidence": "medium",
        "missing_fields": [],
        "limitations": [
          "OSM public-service completeness and tagging vary by area and facility type.",
          "A facility tag is evidence of mapped semantics, not service availability, capacity, accessibility or operating status.",
          "BDOT10k building geometry is retained only as topographic comparison context and cannot establish facility semantics.",
          "No qualified PRG public-service facility class is enabled for this domain pack."
        ],
        "eligible_for_analysis": true,
        "osm_tags": {
          "website": "https://www.darkovice.cz/ostatni-sluzby",
          "amenity": "library"
        }
      },
      "geometry": {
        "type": "Point",
        "coordinates": [
          18.2231826,
          49.9358189
        ]
      }
    },
    {
      "type": "Feature",
      "properties": {
        "source": "OpenStreetMap",
        "source_id": "node/9864054502",
        "domain": "public",
        "asset_type": "community_social",
        "confidence": "medium",
        "missing_fields": [],
        "limitations": [
          "OSM public-service completeness and tagging vary by area and facility type.",
          "A facility tag is evidence of mapped semantics, not service availability, capacity, accessibility or operating status.",
          "BDOT10k building geometry is retained only as topographic comparison context and cannot establish facility semantics.",
          "No qualified PRG public-service facility class is enabled for this domain pack."
        ],
        "eligible_for_analysis": true,
        "osm_tags": {
          "name": "Filia nr 5 Miejska Biblioteka Publiczna w Katowicach",
          "website": "https://mbp.katowice.pl/",
          "amenity": "library",
          "opening_hours": "Mo-Fr 08:00-19:00; Sa 09:00-15:00; Su off",
          "contact:phone": "+48 322 527 216",
          "contact:email": "filia5@mbp.katowice.pl",
          "wheelchair": "yes"
        }
      },
      "geometry": {
        "type": "Point",
        "coordinates": [
          18.9640008,
          50.2311158
        ]
      }
    },
    {
      "type": "Feature",
      "properties": {
        "source": "OpenStreetMap",
        "source_id": "node/10002661080",
        "domain": "public",
        "asset_type": "community_social",
        "confidence": "medium",
        "missing_fields": [],
        "limitations": [
          "OSM public-service completeness and tagging vary by area and facility type.",
          "A facility tag is evidence of mapped semantics, not service availability, capacity, accessibility or operating status.",
          "BDOT10k building geometry is retained only as topographic comparison context and cannot establish facility semantics.",
          "No qualified PRG public-service facility class is enabled for this domain pack."
        ],
        "eligible_for_analysis": true,
        "osm_tags": {
          "name": "Dom Pomocy Społecznej \"Zameczek\"",
          "operator": "Powiat Gliwicki",
          "amenity": "social_facility"
        }
      },
      "geometry": {
        "type": "Point",
        "coordinates": [
          18.6178179,
          50.21409649999998
        ]
      }
    },
    {
      "type": "Feature",
      "properties": {
        "source": "OpenStreetMap",
        "source_id": "node/10146988617",
        "domain": "public",
        "asset_type": "community_social",
        "confidence": "medium",
        "missing_fields": [],
        "limitations": [
          "OSM public-service completeness and tagging vary by area and facility type.",
          "A facility tag is evidence of mapped semantics, not service availability, capacity, accessibility or operating status.",
          "BDOT10k building geometry is retained only as topographic comparison context and cannot establish facility semantics.",
          "No qualified PRG public-service facility class is enabled for this domain pack."
        ],
        "eligible_for_analysis": true,
        "osm_tags": {
          "name": "Dom Pomocy Społecznej im. Papieża Jana Pawła II",
          "operator": "Powiat Wodzisławski",
          "amenity": "social_facility",
          "social_facility": "nursing_home",
          "wheelchair": "yes"
        }
      },
      "geometry": {
        "type": "Point",
        "coordinates": [
          18.3678655,
          49.95783610000001
        ]
      }
    },
    {
      "type": "Feature",
      "properties": {
        "source": "OpenStreetMap",
        "source_id": "node/10146997354",
        "domain": "public",
        "asset_type": "community_social",
        "confidence": "medium",
        "missing_fields": [],
        "limitations": [
          "OSM public-service completeness and tagging vary by area and facility type.",
          "A facility tag is evidence of mapped semantics, not service availability, capacity, accessibility or operating status.",
          "BDOT10k building geometry is retained only as topographic comparison context and cannot establish facility semantics.",
          "No qualified PRG public-service facility class is enabled for this domain pack."
        ],
        "eligible_for_analysis": true,
        "osm_tags": {
          "name": "Dom Pomocy Społecznej w Wodzisławiu Śląskim",
          "operator": "Zgromadzenie Sióstr Opatrzności Bożej",
          "amenity": "social_facility",
          "social_facility": "nursing_home",
          "wheelchair": "yes"
        }
      },
      "geometry": {
        "type": "Point",
        "coordinates": [
          18.4428244,
          49.99963069999999
        ]
      }
    },
    {
      "type": "Feature",
      "properties": {
        "source": "OpenStreetMap",
        "source_id": "node/10168777706",
        "domain": "public",
        "asset_type": "community_social",
        "confidence": "medium",
        "missing_fields": [],
        "limitations": [
          "OSM public-service completeness and tagging vary by area and facility type.",
          "A facility tag is evidence of mapped semantics, not service availability, capacity, accessibility or operating status.",
          "BDOT10k building geometry is retained only as topographic comparison context and cannot establish facility semantics.",
          "No qualified PRG public-service facility class is enabled for this domain pack."
        ],
        "eligible_for_analysis": true,
        "osm_tags": {
          "name": "Ośrodek Caritas Archidiecezji Katowickiej",
          "amenity": "social_facility",
          "social_facility": "nursing_home"
        }
      },
      "geometry": {
        "type": "Point",
        "coordinates": [
          18.841034,
          50.242427799999994
        ]
      }
    },
    {
      "type": "Feature",
      "properties": {
        "source": "OpenStreetMap",
        "source_id": "node/10288238727",
        "domain": "public",
        "asset_type": "community_social",
        "confidence": "medium",
        "missing_fields": [],
        "limitations": [
          "OSM public-service completeness and tagging vary by area and facility type.",
          "A facility tag is evidence of mapped semantics, not service availability, capacity, accessibility or operating status.",
          "BDOT10k building geometry is retained only as topographic comparison context and cannot establish facility semantics.",
          "No qualified PRG public-service facility class is enabled for this domain pack."
        ],
        "eligible_for_analysis": true,
        "osm_tags": {
          "name": "Miejski Dom Kultury z biblioteką w Łaziskach Dolnych",
          "amenity": "community_centre",
          "community_centre": "cultural_centre"
        }
      },
      "geometry": {
        "type": "Point",
        "coordinates": [
          18.8754002,
          50.15607990000001
        ]
      }
    },
    {
      "type": "Feature",
      "properties": {
        "source": "OpenStreetMap",
        "source_id": "node/10462322404",
        "domain": "public",
        "asset_type": "community_social",
        "confidence": "medium",
        "missing_fields": [],
        "limitations": [
          "OSM public-service completeness and tagging vary by area and facility type.",
          "A facility tag is evidence of mapped semantics, not service availability, capacity, accessibility or operating status.",
          "BDOT10k building geometry is retained only as topographic comparison context and cannot establish facility semantics.",
          "No qualified PRG public-service facility class is enabled for this domain pack."
        ],
        "eligible_for_analysis": true,
        "osm_tags": {
          "name": "STOWARZYSZENIE KOPALNIA SZTUKI",
          "website": "https://www.kopalniasztuki.com/",
          "amenity": "arts_centre"
        }
      },
      "geometry": {
        "type": "Point",
        "coordinates": [
          18.7938924,
          50.3241945
        ]
      }
    },
    {
      "type": "Feature",
      "properties": {
        "source": "OpenStreetMap",
        "source_id": "node/10581324400",
        "domain": "public",
        "asset_type": "community_social",
        "confidence": "medium",
        "missing_fields": [],
        "limitations": [
          "OSM public-service completeness and tagging vary by area and facility type.",
          "A facility tag is evidence of mapped semantics, not service availability, capacity, accessibility or operating status.",
          "BDOT10k building geometry is retained only as topographic comparison context and cannot establish facility semantics.",
          "No qualified PRG public-service facility class is enabled for this domain pack."
        ],
        "eligible_for_analysis": true,
        "osm_tags": {
          "name": "Ośrodek Pomocy Społecznej",
          "amenity": "social_facility",
          "social_facility": "outreach"
        }
      },
      "geometry": {
        "type": "Point",
        "coordinates": [
          18.6030971,
          50.04699339999999
        ]
      }
    },
    {
      "type": "Feature",
      "properties": {
        "source": "OpenStreetMap",
        "source_id": "node/10697413392",
        "domain": "public",
        "asset_type": "community_social",
        "confidence": "medium",
        "missing_fields": [],
        "limitations": [
          "OSM public-service completeness and tagging vary by area and facility type.",
          "A facility tag is evidence of mapped semantics, not service availability, capacity, accessibility or operating status.",
          "BDOT10k building geometry is retained only as topographic comparison context and cannot establish facility semantics.",
          "No qualified PRG public-service facility class is enabled for this domain pack."
        ],
        "eligible_for_analysis": true,
        "osm_tags": {
          "name": "Miejska Bibioteka Publiczna w Orzeszu",
          "operator": "Miejska Bibliotek Publiczna w Orzeszu",
          "amenity": "library"
        }
      },
      "geometry": {
        "type": "Point",
        "coordinates": [
          18.7794787,
          50.1467463
        ]
      }
    },
    {
      "type": "Feature",
      "properties": {
        "source": "OpenStreetMap",
        "source_id": "node/10697413917",
        "domain": "public",
        "asset_type": "community_social",
        "confidence": "medium",
        "missing_fields": [],
        "limitations": [
          "OSM public-service completeness and tagging vary by area and facility type.",
          "A facility tag is evidence of mapped semantics, not service availability, capacity, accessibility or operating status.",
          "BDOT10k building geometry is retained only as topographic comparison context and cannot establish facility semantics.",
          "No qualified PRG public-service facility class is enabled for this domain pack."
        ],
        "eligible_for_analysis": true,
        "osm_tags": {
          "name": "Miejska Biblioteka Publiczna w Orzesze Filia Jaśkowice",
          "operator": "Miejska Bibliotek Publiczna w Orzeszu",
          "amenity": "library"
        }
      },
      "geometry": {
        "type": "Point",
        "coordinates": [
          18.738453,
          50.14556159999999
        ]
      }
    },
    {
      "type": "Feature",
      "properties": {
        "source": "OpenStreetMap",
        "source_id": "node/10697413918",
        "domain": "public",
        "asset_type": "community_social",
        "confidence": "medium",
        "missing_fields": [],
        "limitations": [
          "OSM public-service completeness and tagging vary by area and facility type.",
          "A facility tag is evidence of mapped semantics, not service availability, capacity, accessibility or operating status.",
          "BDOT10k building geometry is retained only as topographic comparison context and cannot establish facility semantics.",
          "No qualified PRG public-service facility class is enabled for this domain pack."
        ],
        "eligible_for_analysis": true,
        "osm_tags": {
          "name": "Sala Widowiskowa MOK Orzesze",
          "amenity": "arts_centre"
        }
      },
      "geometry": {
        "type": "Point",
        "coordinates": [
          18.7386498,
          50.14542489999999
        ]
      }
    },
    {
      "type": "Feature",
      "properties": {
        "source": "OpenStreetMap",
        "source_id": "node/10697413920",
        "domain": "public",
        "asset_type": "community_social",
        "confidence": "medium",
        "missing_fields": [],
        "limitations": [
          "OSM public-service completeness and tagging vary by area and facility type.",
          "A facility tag is evidence of mapped semantics, not service availability, capacity, accessibility or operating status.",
          "BDOT10k building geometry is retained only as topographic comparison context and cannot establish facility semantics.",
          "No qualified PRG public-service facility class is enabled for this domain pack."
        ],
        "eligible_for_analysis": true,
        "osm_tags": {
          "name": "Miejski Ośrodek Kultury w Orzeszu",
          "amenity": "arts_centre"
        }
      },
      "geometry": {
        "type": "Point",
        "coordinates": [
          18.7762949,
          50.1441775
        ]
      }
    },
    {
      "type": "Feature",
      "properties": {
        "source": "OpenStreetMap",
        "source_id": "node/10699440200",
        "domain": "public",
        "asset_type": "community_social",
        "confidence": "medium",
        "missing_fields": [],
        "limitations": [
          "OSM public-service completeness and tagging vary by area and facility type.",
          "A facility tag is evidence of mapped semantics, not service availability, capacity, accessibility or operating status.",
          "BDOT10k building geometry is retained only as topographic comparison context and cannot establish facility semantics.",
          "No qualified PRG public-service facility class is enabled for this domain pack."
        ],
        "eligible_for_analysis": true,
        "osm_tags": {
          "name": "Miejska Bibioteka Publiczna w Orzeszu Filia Woszczyce",
          "operator": "Miejska Bibliotek Publiczna w Orzeszu",
          "amenity": "library"
        }
      },
      "geometry": {
        "type": "Point",
        "coordinates": [
          18.7563369,
          50.08147749999999
        ]
      }
    },
    {
      "type": "Feature",
      "properties": {
        "source": "OpenStreetMap",
        "source_id": "node/10718651974",
        "domain": "public",
        "asset_type": "community_social",
        "confidence": "medium",
        "missing_fields": [],
        "limitations": [
          "OSM public-service completeness and tagging vary by area and facility type.",
          "A facility tag is evidence of mapped semantics, not service availability, capacity, accessibility or operating status.",
          "BDOT10k building geometry is retained only as topographic comparison context and cannot establish facility semantics.",
          "No qualified PRG public-service facility class is enabled for this domain pack."
        ],
        "eligible_for_analysis": true,
        "osm_tags": {
          "name": "Miejska Biblioteka Publiczna w Orzeszu Filia Szpital",
          "operator": "Miejska Bibliotek Publiczna w Orzeszu",
          "amenity": "library"
        }
      },
      "geometry": {
        "type": "Point",
        "coordinates": [
          18.7734207,
          50.1517664
        ]
      }
    },
    {
      "type": "Feature",
      "properties": {
        "source": "OpenStreetMap",
        "source_id": "node/10734679392",
        "domain": "public",
        "asset_type": "community_social",
        "confidence": "medium",
        "missing_fields": [],
        "limitations": [
          "OSM public-service completeness and tagging vary by area and facility type.",
          "A facility tag is evidence of mapped semantics, not service availability, capacity, accessibility or operating status.",
          "BDOT10k building geometry is retained only as topographic comparison context and cannot establish facility semantics.",
          "No qualified PRG public-service facility class is enabled for this domain pack."
        ],
        "eligible_for_analysis": true,
        "osm_tags": {
          "name": "Centrum Aktywności Senioralnej",
          "amenity": "community_centre",
          "community_centre": "community_hall",
          "opening_hours": "Mo-Fr 07:30-15:30",
          "email": "cas@mopr.zabrze.pl"
        }
      },
      "geometry": {
        "type": "Point",
        "coordinates": [
          18.7904903,
          50.3073465
        ]
      }
    },
    {
      "type": "Feature",
      "properties": {
        "source": "OpenStreetMap",
        "source_id": "node/10741067112",
        "domain": "public",
        "asset_type": "community_social",
        "confidence": "medium",
        "missing_fields": [],
        "limitations": [
          "OSM public-service completeness and tagging vary by area and facility type.",
          "A facility tag is evidence of mapped semantics, not service availability, capacity, accessibility or operating status.",
          "BDOT10k building geometry is retained only as topographic comparison context and cannot establish facility semantics.",
          "No qualified PRG public-service facility class is enabled for this domain pack."
        ],
        "eligible_for_analysis": true,
        "osm_tags": {
          "name": "Miejski Ośrodek Pomocy Społecznej Mieszkania Chronione",
          "website": "https://www.mops-kkozle.pl/o-mops-kedzierzyn-kozle/struktura-organizacyjna/121-dzial-mieszkania-chronione",
          "amenity": "social_facility",
          "social_facility": "outreach"
        }
      },
      "geometry": {
        "type": "Point",
        "coordinates": [
          18.2422928,
          50.32332679999999
        ]
      }
    },
    {
      "type": "Feature",
      "properties": {
        "source": "OpenStreetMap",
        "source_id": "node/11016758393",
        "domain": "public",
        "asset_type": "community_social",
        "confidence": "medium",
        "missing_fields": [],
        "limitations": [
          "OSM public-service completeness and tagging vary by area and facility type.",
          "A facility tag is evidence of mapped semantics, not service availability, capacity, accessibility or operating status.",
          "BDOT10k building geometry is retained only as topographic comparison context and cannot establish facility semantics.",
          "No qualified PRG public-service facility class is enabled for this domain pack."
        ],
        "eligible_for_analysis": true,
        "osm_tags": {
          "name": "Miejski Ośrodek Pomocy Rodzinie",
          "website": "https://mopr.zabrze.pl/",
          "amenity": "social_facility"
        }
      },
      "geometry": {
        "type": "Point",
        "coordinates": [
          18.7863875,
          50.301653299999984
        ]
      }
    },
    {
      "type": "Feature",
      "properties": {
        "source": "OpenStreetMap",
        "source_id": "node/11051020141",
        "domain": "public",
        "asset_type": "community_social",
        "confidence": "medium",
        "missing_fields": [],
        "limitations": [
          "OSM public-service completeness and tagging vary by area and facility type.",
          "A facility tag is evidence of mapped semantics, not service availability, capacity, accessibility or operating status.",
          "BDOT10k building geometry is retained only as topographic comparison context and cannot establish facility semantics.",
          "No qualified PRG public-service facility class is enabled for this domain pack."
        ],
        "eligible_for_analysis": true,
        "osm_tags": {
          "name": "Centrum Integracji Społecznej",
          "operator": "Urząd Miasta Mikołów",
          "website": "https://cis.mikolow.eu/",
          "amenity": "community_centre",
          "community_centre": "community_hall",
          "opening_hours": "Mo-Fr 07:00-15:00",
          "phone": "+48 32 738 11 55",
          "email": "kontakt@cis.mikolow.eu",
          "wheelchair": "yes"
        }
      },
      "geometry": {
        "type": "Point",
        "coordinates": [
          18.905050200000005,
          50.16958850000001
        ]
      }
    },
    {
      "type": "Feature",
      "properties": {
        "source": "OpenStreetMap",
        "source_id": "node/11090410755",
        "domain": "public",
        "asset_type": "community_social",
        "confidence": "medium",
        "missing_fields": [],
        "limitations": [
          "OSM public-service completeness and tagging vary by area and facility type.",
          "A facility tag is evidence of mapped semantics, not service availability, capacity, accessibility or operating status.",
          "BDOT10k building geometry is retained only as topographic comparison context and cannot establish facility semantics.",
          "No qualified PRG public-service facility class is enabled for this domain pack."
        ],
        "eligible_for_analysis": true,
        "osm_tags": {
          "name": "Wiejski Dom Kultury",
          "amenity": "community_centre",
          "community_centre": "cultural_centre"
        }
      },
      "geometry": {
        "type": "Point",
        "coordinates": [
          18.3617687,
          50.37566799999999
        ]
      }
    },
    {
      "type": "Feature",
      "properties": {
        "source": "OpenStreetMap",
        "source_id": "node/11144175731",
        "domain": "public",
        "asset_type": "community_social",
        "confidence": "medium",
        "missing_fields": [],
        "limitations": [
          "OSM public-service completeness and tagging vary by area and facility type.",
          "A facility tag is evidence of mapped semantics, not service availability, capacity, accessibility or operating status.",
          "BDOT10k building geometry is retained only as topographic comparison context and cannot establish facility semantics.",
          "No qualified PRG public-service facility class is enabled for this domain pack."
        ],
        "eligible_for_analysis": true,
        "osm_tags": {
          "amenity": "library"
        }
      },
      "geometry": {
        "type": "Point",
        "coordinates": [
          18.446983500000005,
          49.9711665
        ]
      }
    },
    {
      "type": "Feature",
      "properties": {
        "source": "OpenStreetMap",
        "source_id": "node/11147752353",
        "domain": "public",
        "asset_type": "community_social",
        "confidence": "medium",
        "missing_fields": [],
        "limitations": [
          "OSM public-service completeness and tagging vary by area and facility type.",
          "A facility tag is evidence of mapped semantics, not service availability, capacity, accessibility or operating status.",
          "BDOT10k building geometry is retained only as topographic comparison context and cannot establish facility semantics.",
          "No qualified PRG public-service facility class is enabled for this domain pack."
        ],
        "eligible_for_analysis": true,
        "osm_tags": {
          "name": "Miejska Biblioteka Publiczna im. J. Ligonia. Filia nr 4",
          "operator": "MBP w Świętochłowicach",
          "amenity": "library"
        }
      },
      "geometry": {
        "type": "Point",
        "coordinates": [
          18.9040857,
          50.289818000000004
        ]
      }
    },
    {
      "type": "Feature",
      "properties": {
        "source": "OpenStreetMap",
        "source_id": "node/11155775232",
        "domain": "public",
        "asset_type": "community_social",
        "confidence": "medium",
        "missing_fields": [],
        "limitations": [
          "OSM public-service completeness and tagging vary by area and facility type.",
          "A facility tag is evidence of mapped semantics, not service availability, capacity, accessibility or operating status.",
          "BDOT10k building geometry is retained only as topographic comparison context and cannot establish facility semantics.",
          "No qualified PRG public-service facility class is enabled for this domain pack."
        ],
        "eligible_for_analysis": true,
        "osm_tags": {
          "name": "Gminny Ośrodek Pomocy Społecznej",
          "amenity": "social_facility"
        }
      },
      "geometry": {
        "type": "Point",
        "coordinates": [
          18.475829,
          50.1076454
        ]
      }
    },
    {
      "type": "Feature",
      "properties": {
        "source": "OpenStreetMap",
        "source_id": "node/11245834274",
        "domain": "public",
        "asset_type": "community_social",
        "confidence": "medium",
        "missing_fields": [],
        "limitations": [
          "OSM public-service completeness and tagging vary by area and facility type.",
          "A facility tag is evidence of mapped semantics, not service availability, capacity, accessibility or operating status.",
          "BDOT10k building geometry is retained only as topographic comparison context and cannot establish facility semantics.",
          "No qualified PRG public-service facility class is enabled for this domain pack."
        ],
        "eligible_for_analysis": true,
        "osm_tags": {
          "name": "Dom \"Pokora\"",
          "amenity": "social_facility"
        }
      },
      "geometry": {
        "type": "Point",
        "coordinates": [
          18.7979462,
          50.30075129999999
        ]
      }
    },
    {
      "type": "Feature",
      "properties": {
        "source": "OpenStreetMap",
        "source_id": "node/11246886856",
        "domain": "public",
        "asset_type": "community_social",
        "confidence": "medium",
        "missing_fields": [],
        "limitations": [
          "OSM public-service completeness and tagging vary by area and facility type.",
          "A facility tag is evidence of mapped semantics, not service availability, capacity, accessibility or operating status.",
          "BDOT10k building geometry is retained only as topographic comparison context and cannot establish facility semantics.",
          "No qualified PRG public-service facility class is enabled for this domain pack."
        ],
        "eligible_for_analysis": true,
        "osm_tags": {
          "name": "Jadłodajnia Rodzina",
          "amenity": "social_facility",
          "social_facility": "food_bank"
        }
      },
      "geometry": {
        "type": "Point",
        "coordinates": [
          18.8178711,
          50.2936191
        ]
      }
    },
    {
      "type": "Feature",
      "properties": {
        "source": "OpenStreetMap",
        "source_id": "node/11300238707",
        "domain": "public",
        "asset_type": "community_social",
        "confidence": "medium",
        "missing_fields": [],
        "limitations": [
          "OSM public-service completeness and tagging vary by area and facility type.",
          "A facility tag is evidence of mapped semantics, not service availability, capacity, accessibility or operating status.",
          "BDOT10k building geometry is retained only as topographic comparison context and cannot establish facility semantics.",
          "No qualified PRG public-service facility class is enabled for this domain pack."
        ],
        "eligible_for_analysis": true,
        "osm_tags": {
          "name": "Gminna Biblioteka Publiczna Filia Nr 1 W Gołkowicach",
          "amenity": "library"
        }
      },
      "geometry": {
        "type": "Point",
        "coordinates": [
          18.5097446,
          49.9136246
        ]
      }
    },
    {
      "type": "Feature",
      "properties": {
        "source": "OpenStreetMap",
        "source_id": "node/11417420430",
        "domain": "public",
        "asset_type": "community_social",
        "confidence": "medium",
        "missing_fields": [],
        "limitations": [
          "OSM public-service completeness and tagging vary by area and facility type.",
          "A facility tag is evidence of mapped semantics, not service availability, capacity, accessibility or operating status.",
          "BDOT10k building geometry is retained only as topographic comparison context and cannot establish facility semantics.",
          "No qualified PRG public-service facility class is enabled for this domain pack."
        ],
        "eligible_for_analysis": true,
        "osm_tags": {
          "amenity": "library"
        }
      },
      "geometry": {
        "type": "Point",
        "coordinates": [
          18.3780497,
          49.867334199999995
        ]
      }
    },
    {
      "type": "Feature",
      "properties": {
        "source": "OpenStreetMap",
        "source_id": "node/11417420432",
        "domain": "public",
        "asset_type": "community_social",
        "confidence": "medium",
        "missing_fields": [],
        "limitations": [
          "OSM public-service completeness and tagging vary by area and facility type.",
          "A facility tag is evidence of mapped semantics, not service availability, capacity, accessibility or operating status.",
          "BDOT10k building geometry is retained only as topographic comparison context and cannot establish facility semantics.",
          "No qualified PRG public-service facility class is enabled for this domain pack."
        ],
        "eligible_for_analysis": true,
        "osm_tags": {
          "amenity": "community_centre",
          "community_centre": "youth_centre"
        }
      },
      "geometry": {
        "type": "Point",
        "coordinates": [
          18.3784467,
          49.867081799999994
        ]
      }
    },
    {
      "type": "Feature",
      "properties": {
        "source": "OpenStreetMap",
        "source_id": "node/11428066239",
        "domain": "public",
        "asset_type": "community_social",
        "confidence": "medium",
        "missing_fields": [],
        "limitations": [
          "OSM public-service completeness and tagging vary by area and facility type.",
          "A facility tag is evidence of mapped semantics, not service availability, capacity, accessibility or operating status.",
          "BDOT10k building geometry is retained only as topographic comparison context and cannot establish facility semantics.",
          "No qualified PRG public-service facility class is enabled for this domain pack."
        ],
        "eligible_for_analysis": true,
        "osm_tags": {
          "name": "Dom Kultury w Rzuchowie",
          "amenity": "community_centre"
        }
      },
      "geometry": {
        "type": "Point",
        "coordinates": [
          18.3569969,
          50.070087599999994
        ]
      }
    },
    {
      "type": "Feature",
      "properties": {
        "source": "OpenStreetMap",
        "source_id": "node/11783399218",
        "domain": "public",
        "asset_type": "community_social",
        "confidence": "medium",
        "missing_fields": [],
        "limitations": [
          "OSM public-service completeness and tagging vary by area and facility type.",
          "A facility tag is evidence of mapped semantics, not service availability, capacity, accessibility or operating status.",
          "BDOT10k building geometry is retained only as topographic comparison context and cannot establish facility semantics.",
          "No qualified PRG public-service facility class is enabled for this domain pack."
        ],
        "eligible_for_analysis": true,
        "osm_tags": {
          "name": "Dom Dziennego Pobytu Seniorek",
          "amenity": "social_facility",
          "opening_hours": "07:30-17:00"
        }
      },
      "geometry": {
        "type": "Point",
        "coordinates": [
          18.8598989,
          50.27343280000001
        ]
      }
    },
    {
      "type": "Feature",
      "properties": {
        "source": "OpenStreetMap",
        "source_id": "node/11786221574",
        "domain": "public",
        "asset_type": "community_social",
        "confidence": "medium",
        "missing_fields": [],
        "limitations": [
          "OSM public-service completeness and tagging vary by area and facility type.",
          "A facility tag is evidence of mapped semantics, not service availability, capacity, accessibility or operating status.",
          "BDOT10k building geometry is retained only as topographic comparison context and cannot establish facility semantics.",
          "No qualified PRG public-service facility class is enabled for this domain pack."
        ],
        "eligible_for_analysis": true,
        "osm_tags": {
          "name": "Centrum Społeczno - Kulturalne w Pietrowicach Wielkich",
          "amenity": "arts_centre"
        }
      },
      "geometry": {
        "type": "Point",
        "coordinates": [
          18.0912251,
          50.0837655
        ]
      }
    },
    {
      "type": "Feature",
      "properties": {
        "source": "OpenStreetMap",
        "source_id": "node/11795122488",
        "domain": "public",
        "asset_type": "community_social",
        "confidence": "medium",
        "missing_fields": [],
        "limitations": [
          "OSM public-service completeness and tagging vary by area and facility type.",
          "A facility tag is evidence of mapped semantics, not service availability, capacity, accessibility or operating status.",
          "BDOT10k building geometry is retained only as topographic comparison context and cannot establish facility semantics.",
          "No qualified PRG public-service facility class is enabled for this domain pack."
        ],
        "eligible_for_analysis": true,
        "osm_tags": {
          "name": "Chrześcijańska Świetlica Dla Dzieci",
          "amenity": "community_centre"
        }
      },
      "geometry": {
        "type": "Point",
        "coordinates": [
          18.7828827,
          50.3002848
        ]
      }
    },
    {
      "type": "Feature",
      "properties": {
        "source": "OpenStreetMap",
        "source_id": "node/11861492531",
        "domain": "public",
        "asset_type": "community_social",
        "confidence": "medium",
        "missing_fields": [],
        "limitations": [
          "OSM public-service completeness and tagging vary by area and facility type.",
          "A facility tag is evidence of mapped semantics, not service availability, capacity, accessibility or operating status.",
          "BDOT10k building geometry is retained only as topographic comparison context and cannot establish facility semantics.",
          "No qualified PRG public-service facility class is enabled for this domain pack."
        ],
        "eligible_for_analysis": true,
        "osm_tags": {
          "name": "Dom bez Barier \"Maja\"",
          "amenity": "social_facility",
          "social_facility": "nursing_home"
        }
      },
      "geometry": {
        "type": "Point",
        "coordinates": [
          18.5036782,
          49.97856639999999
        ]
      }
    },
    {
      "type": "Feature",
      "properties": {
        "source": "OpenStreetMap",
        "source_id": "node/11997166263",
        "domain": "public",
        "asset_type": "community_social",
        "confidence": "medium",
        "missing_fields": [],
        "limitations": [
          "OSM public-service completeness and tagging vary by area and facility type.",
          "A facility tag is evidence of mapped semantics, not service availability, capacity, accessibility or operating status.",
          "BDOT10k building geometry is retained only as topographic comparison context and cannot establish facility semantics.",
          "No qualified PRG public-service facility class is enabled for this domain pack."
        ],
        "eligible_for_analysis": true,
        "osm_tags": {
          "name": "Stacja Kultury Pyskowice",
          "amenity": "community_centre",
          "community_centre": "cultural_centre",
          "wheelchair": "yes"
        }
      },
      "geometry": {
        "type": "Point",
        "coordinates": [
          18.6186212,
          50.384435800000006
        ]
      }
    },
    {
      "type": "Feature",
      "properties": {
        "source": "OpenStreetMap",
        "source_id": "node/11997166264",
        "domain": "public",
        "asset_type": "community_social",
        "confidence": "medium",
        "missing_fields": [],
        "limitations": [
          "OSM public-service completeness and tagging vary by area and facility type.",
          "A facility tag is evidence of mapped semantics, not service availability, capacity, accessibility or operating status.",
          "BDOT10k building geometry is retained only as topographic comparison context and cannot establish facility semantics.",
          "No qualified PRG public-service facility class is enabled for this domain pack."
        ],
        "eligible_for_analysis": true,
        "osm_tags": {
          "name": "Miejska Biblioteka Publiczna – Filia nr 1",
          "amenity": "library",
          "wheelchair": "yes"
        }
      },
      "geometry": {
        "type": "Point",
        "coordinates": [
          18.6183372,
          50.38460719999999
        ]
      }
    },
    {
      "type": "Feature",
      "properties": {
        "source": "OpenStreetMap",
        "source_id": "node/12016606382",
        "domain": "public",
        "asset_type": "community_social",
        "confidence": "medium",
        "missing_fields": [],
        "limitations": [
          "OSM public-service completeness and tagging vary by area and facility type.",
          "A facility tag is evidence of mapped semantics, not service availability, capacity, accessibility or operating status.",
          "BDOT10k building geometry is retained only as topographic comparison context and cannot establish facility semantics.",
          "No qualified PRG public-service facility class is enabled for this domain pack."
        ],
        "eligible_for_analysis": true,
        "osm_tags": {
          "name": "Placówka Opiekuńczo-Wychowawcza Nr 1",
          "amenity": "social_facility",
          "social_facility": "group_home"
        }
      },
      "geometry": {
        "type": "Point",
        "coordinates": [
          18.5897303,
          49.95380579999999
        ]
      }
    },
    {
      "type": "Feature",
      "properties": {
        "source": "OpenStreetMap",
        "source_id": "node/12016606383",
        "domain": "public",
        "asset_type": "community_social",
        "confidence": "medium",
        "missing_fields": [],
        "limitations": [
          "OSM public-service completeness and tagging vary by area and facility type.",
          "A facility tag is evidence of mapped semantics, not service availability, capacity, accessibility or operating status.",
          "BDOT10k building geometry is retained only as topographic comparison context and cannot establish facility semantics.",
          "No qualified PRG public-service facility class is enabled for this domain pack."
        ],
        "eligible_for_analysis": true,
        "osm_tags": {
          "name": "Placówka Opiekuńczo-Wychowawcza Nr 2",
          "amenity": "social_facility",
          "social_facility": "group_home"
        }
      },
      "geometry": {
        "type": "Point",
        "coordinates": [
          18.5898202,
          49.953808099999996
        ]
      }
    },
    {
      "type": "Feature",
      "properties": {
        "source": "OpenStreetMap",
        "source_id": "node/12066521039",
        "domain": "public",
        "asset_type": "community_social",
        "confidence": "medium",
        "missing_fields": [],
        "limitations": [
          "OSM public-service completeness and tagging vary by area and facility type.",
          "A facility tag is evidence of mapped semantics, not service availability, capacity, accessibility or operating status.",
          "BDOT10k building geometry is retained only as topographic comparison context and cannot establish facility semantics.",
          "No qualified PRG public-service facility class is enabled for this domain pack."
        ],
        "eligible_for_analysis": true,
        "osm_tags": {
          "name": "Ośrodek Rozwiązywania Problemów Uzależnień",
          "amenity": "social_facility",
          "social_facility": "outreach"
        }
      },
      "geometry": {
        "type": "Point",
        "coordinates": [
          18.627429700000004,
          50.39891610000001
        ]
      }
    },
    {
      "type": "Feature",
      "properties": {
        "source": "OpenStreetMap",
        "source_id": "node/12181835558",
        "domain": "public",
        "asset_type": "community_social",
        "confidence": "medium",
        "missing_fields": [],
        "limitations": [
          "OSM public-service completeness and tagging vary by area and facility type.",
          "A facility tag is evidence of mapped semantics, not service availability, capacity, accessibility or operating status.",
          "BDOT10k building geometry is retained only as topographic comparison context and cannot establish facility semantics.",
          "No qualified PRG public-service facility class is enabled for this domain pack."
        ],
        "eligible_for_analysis": true,
        "osm_tags": {
          "name": "Dzienny Dom Pomocy Społecznej",
          "amenity": "social_facility",
          "social_facility": "nursing_home",
          "wheelchair": "no"
        }
      },
      "geometry": {
        "type": "Point",
        "coordinates": [
          18.872909,
          50.287496099999984
        ]
      }
    },
    {
      "type": "Feature",
      "properties": {
        "source": "OpenStreetMap",
        "source_id": "node/12257989866",
        "domain": "public",
        "asset_type": "community_social",
        "confidence": "medium",
        "missing_fields": [],
        "limitations": [
          "OSM public-service completeness and tagging vary by area and facility type.",
          "A facility tag is evidence of mapped semantics, not service availability, capacity, accessibility or operating status.",
          "BDOT10k building geometry is retained only as topographic comparison context and cannot establish facility semantics.",
          "No qualified PRG public-service facility class is enabled for this domain pack."
        ],
        "eligible_for_analysis": true,
        "osm_tags": {
          "amenity": "community_centre",
          "community_centre": "youth_centre"
        }
      },
      "geometry": {
        "type": "Point",
        "coordinates": [
          18.4634783,
          50.0031045
        ]
      }
    },
    {
      "type": "Feature",
      "properties": {
        "source": "OpenStreetMap",
        "source_id": "node/12269045530",
        "domain": "public",
        "asset_type": "community_social",
        "confidence": "medium",
        "missing_fields": [],
        "limitations": [
          "OSM public-service completeness and tagging vary by area and facility type.",
          "A facility tag is evidence of mapped semantics, not service availability, capacity, accessibility or operating status.",
          "BDOT10k building geometry is retained only as topographic comparison context and cannot establish facility semantics.",
          "No qualified PRG public-service facility class is enabled for this domain pack."
        ],
        "eligible_for_analysis": true,
        "osm_tags": {
          "name": "Stanica 50HDW",
          "website": "https://chorzow.zhp.pl/?page_id=50",
          "amenity": "community_centre"
        }
      },
      "geometry": {
        "type": "Point",
        "coordinates": [
          18.4957657,
          50.3860587
        ]
      }
    },
    {
      "type": "Feature",
      "properties": {
        "source": "OpenStreetMap",
        "source_id": "node/12309134466",
        "domain": "public",
        "asset_type": "community_social",
        "confidence": "medium",
        "missing_fields": [],
        "limitations": [
          "OSM public-service completeness and tagging vary by area and facility type.",
          "A facility tag is evidence of mapped semantics, not service availability, capacity, accessibility or operating status.",
          "BDOT10k building geometry is retained only as topographic comparison context and cannot establish facility semantics.",
          "No qualified PRG public-service facility class is enabled for this domain pack."
        ],
        "eligible_for_analysis": true,
        "osm_tags": {
          "name": "Biblioteka publiczna",
          "amenity": "library"
        }
      },
      "geometry": {
        "type": "Point",
        "coordinates": [
          18.4905926,
          49.9149337
        ]
      }
    },
    {
      "type": "Feature",
      "properties": {
        "source": "OpenStreetMap",
        "source_id": "node/12350555292",
        "domain": "public",
        "asset_type": "community_social",
        "confidence": "medium",
        "missing_fields": [],
        "limitations": [
          "OSM public-service completeness and tagging vary by area and facility type.",
          "A facility tag is evidence of mapped semantics, not service availability, capacity, accessibility or operating status.",
          "BDOT10k building geometry is retained only as topographic comparison context and cannot establish facility semantics.",
          "No qualified PRG public-service facility class is enabled for this domain pack."
        ],
        "eligible_for_analysis": true,
        "osm_tags": {
          "name": "Dzielnicowy Ośrodek Kultury",
          "amenity": "arts_centre"
        }
      },
      "geometry": {
        "type": "Point",
        "coordinates": [
          18.8077274,
          50.28090280000001
        ]
      }
    },
    {
      "type": "Feature",
      "properties": {
        "source": "OpenStreetMap",
        "source_id": "node/12486933440",
        "domain": "public",
        "asset_type": "community_social",
        "confidence": "medium",
        "missing_fields": [],
        "limitations": [
          "OSM public-service completeness and tagging vary by area and facility type.",
          "A facility tag is evidence of mapped semantics, not service availability, capacity, accessibility or operating status.",
          "BDOT10k building geometry is retained only as topographic comparison context and cannot establish facility semantics.",
          "No qualified PRG public-service facility class is enabled for this domain pack."
        ],
        "eligible_for_analysis": true,
        "osm_tags": {
          "amenity": "library"
        }
      },
      "geometry": {
        "type": "Point",
        "coordinates": [
          18.8320814,
          49.9856461
        ]
      }
    },
    {
      "type": "Feature",
      "properties": {
        "source": "OpenStreetMap",
        "source_id": "node/12486933441",
        "domain": "public",
        "asset_type": "community_social",
        "confidence": "medium",
        "missing_fields": [],
        "limitations": [
          "OSM public-service completeness and tagging vary by area and facility type.",
          "A facility tag is evidence of mapped semantics, not service availability, capacity, accessibility or operating status.",
          "BDOT10k building geometry is retained only as topographic comparison context and cannot establish facility semantics.",
          "No qualified PRG public-service facility class is enabled for this domain pack."
        ],
        "eligible_for_analysis": true,
        "osm_tags": {
          "name": "Ośrodek Kultury",
          "amenity": "community_centre",
          "community_centre": "cultural_centre"
        }
      },
      "geometry": {
        "type": "Point",
        "coordinates": [
          18.8320892,
          49.9855211
        ]
      }
    },
    {
      "type": "Feature",
      "properties": {
        "source": "OpenStreetMap",
        "source_id": "node/12511109196",
        "domain": "public",
        "asset_type": "community_social",
        "confidence": "medium",
        "missing_fields": [],
        "limitations": [
          "OSM public-service completeness and tagging vary by area and facility type.",
          "A facility tag is evidence of mapped semantics, not service availability, capacity, accessibility or operating status.",
          "BDOT10k building geometry is retained only as topographic comparison context and cannot establish facility semantics.",
          "No qualified PRG public-service facility class is enabled for this domain pack."
        ],
        "eligible_for_analysis": true,
        "osm_tags": {
          "name": "Knihovna města Ostravy - pobočka Michálkovice",
          "website": "https://www.kmo.cz/",
          "amenity": "library"
        }
      },
      "geometry": {
        "type": "Point",
        "coordinates": [
          18.3460133,
          49.83946709999999
        ]
      }
    },
    {
      "type": "Feature",
      "properties": {
        "source": "OpenStreetMap",
        "source_id": "node/12546238024",
        "domain": "public",
        "asset_type": "community_social",
        "confidence": "medium",
        "missing_fields": [],
        "limitations": [
          "OSM public-service completeness and tagging vary by area and facility type.",
          "A facility tag is evidence of mapped semantics, not service availability, capacity, accessibility or operating status.",
          "BDOT10k building geometry is retained only as topographic comparison context and cannot establish facility semantics.",
          "No qualified PRG public-service facility class is enabled for this domain pack."
        ],
        "eligible_for_analysis": true,
        "osm_tags": {
          "name": "Gminna Biblioteka Publiczna w Suszcu",
          "operator": "Gmina Suszec",
          "website": "https://biblioteka.suszec.pl/",
          "amenity": "library",
          "opening_hours": "Mo-Fr 09:00-19:00"
        }
      },
      "geometry": {
        "type": "Point",
        "coordinates": [
          18.7893004,
          50.03189639999999
        ]
      }
    },
    {
      "type": "Feature",
      "properties": {
        "source": "OpenStreetMap",
        "source_id": "node/12568223650",
        "domain": "public",
        "asset_type": "community_social",
        "confidence": "medium",
        "missing_fields": [],
        "limitations": [
          "OSM public-service completeness and tagging vary by area and facility type.",
          "A facility tag is evidence of mapped semantics, not service availability, capacity, accessibility or operating status.",
          "BDOT10k building geometry is retained only as topographic comparison context and cannot establish facility semantics.",
          "No qualified PRG public-service facility class is enabled for this domain pack."
        ],
        "eligible_for_analysis": true,
        "osm_tags": {
          "name": "Gminna Biblioteka Publiczna",
          "website": "https://kobior.naszabiblioteka.com",
          "amenity": "library",
          "opening_hours": "Mo,We,Fr 11:00-19:00; Tu 09:00-16:00; Th 09:00-15:00",
          "phone": "+48 32 218 86 36",
          "email": "bibliotekakobior@wp.pl"
        }
      },
      "geometry": {
        "type": "Point",
        "coordinates": [
          18.9265118,
          50.0604077
        ]
      }
    },
    {
      "type": "Feature",
      "properties": {
        "source": "OpenStreetMap",
        "source_id": "node/12568223651",
        "domain": "public",
        "asset_type": "community_social",
        "confidence": "medium",
        "missing_fields": [],
        "limitations": [
          "OSM public-service completeness and tagging vary by area and facility type.",
          "A facility tag is evidence of mapped semantics, not service availability, capacity, accessibility or operating status.",
          "BDOT10k building geometry is retained only as topographic comparison context and cannot establish facility semantics.",
          "No qualified PRG public-service facility class is enabled for this domain pack."
        ],
        "eligible_for_analysis": true,
        "osm_tags": {
          "name": "Gminny Ośrodek Pomocy Społecznej",
          "website": "http://www.kobior.naszops.pl",
          "amenity": "social_facility",
          "social_facility": "outreach",
          "phone": "+48 32 218 85 95;+48 32 218 85 96",
          "email": "sekretariat@kobior.naszops.pl"
        }
      },
      "geometry": {
        "type": "Point",
        "coordinates": [
          18.9267436,
          50.060359999999996
        ]
      }
    },
    {
      "type": "Feature",
      "properties": {
        "source": "OpenStreetMap",
        "source_id": "node/12580235414",
        "domain": "public",
        "asset_type": "community_social",
        "confidence": "medium",
        "missing_fields": [],
        "limitations": [
          "OSM public-service completeness and tagging vary by area and facility type.",
          "A facility tag is evidence of mapped semantics, not service availability, capacity, accessibility or operating status.",
          "BDOT10k building geometry is retained only as topographic comparison context and cannot establish facility semantics.",
          "No qualified PRG public-service facility class is enabled for this domain pack."
        ],
        "eligible_for_analysis": true,
        "osm_tags": {
          "name": "Miejska Biblioteka Publiczna w Knurowie",
          "website": "https://bibliotekaknurow.pl",
          "amenity": "library",
          "opening_hours": "Mo-Fr 08:30-18:00"
        }
      },
      "geometry": {
        "type": "Point",
        "coordinates": [
          18.6531614,
          50.2337412
        ]
      }
    },
    {
      "type": "Feature",
      "properties": {
        "source": "OpenStreetMap",
        "source_id": "node/12593332601",
        "domain": "public",
        "asset_type": "community_social",
        "confidence": "medium",
        "missing_fields": [],
        "limitations": [
          "OSM public-service completeness and tagging vary by area and facility type.",
          "A facility tag is evidence of mapped semantics, not service availability, capacity, accessibility or operating status.",
          "BDOT10k building geometry is retained only as topographic comparison context and cannot establish facility semantics.",
          "No qualified PRG public-service facility class is enabled for this domain pack."
        ],
        "eligible_for_analysis": true,
        "osm_tags": {
          "name": "Biblioteka w Łaziskach Górnych",
          "amenity": "library"
        }
      },
      "geometry": {
        "type": "Point",
        "coordinates": [
          18.8425546,
          50.149924299999995
        ]
      }
    },
    {
      "type": "Feature",
      "properties": {
        "source": "OpenStreetMap",
        "source_id": "node/12595242077",
        "domain": "public",
        "asset_type": "community_social",
        "confidence": "medium",
        "missing_fields": [],
        "limitations": [
          "OSM public-service completeness and tagging vary by area and facility type.",
          "A facility tag is evidence of mapped semantics, not service availability, capacity, accessibility or operating status.",
          "BDOT10k building geometry is retained only as topographic comparison context and cannot establish facility semantics.",
          "No qualified PRG public-service facility class is enabled for this domain pack."
        ],
        "eligible_for_analysis": true,
        "osm_tags": {
          "name": "Filia \"Pod Lipami\" - Dom Kultury Niedobczyce w Rybniku",
          "amenity": "community_centre",
          "community_centre": "cultural_centre",
          "phone": "+48725194384",
          "email": "filiapodlipami@onet.pl"
        }
      },
      "geometry": {
        "type": "Point",
        "coordinates": [
          18.458955,
          50.08168210000001
        ]
      }
    },
    {
      "type": "Feature",
      "properties": {
        "source": "OpenStreetMap",
        "source_id": "node/12661203460",
        "domain": "public",
        "asset_type": "community_social",
        "confidence": "medium",
        "missing_fields": [],
        "limitations": [
          "OSM public-service completeness and tagging vary by area and facility type.",
          "A facility tag is evidence of mapped semantics, not service availability, capacity, accessibility or operating status.",
          "BDOT10k building geometry is retained only as topographic comparison context and cannot establish facility semantics.",
          "No qualified PRG public-service facility class is enabled for this domain pack."
        ],
        "eligible_for_analysis": true,
        "osm_tags": {
          "name": "Sala Królestwa Świadków Jehowy",
          "website": "https://www.jw.org/",
          "amenity": "community_centre",
          "community_centre": "cultural_centre",
          "phone": "+48 32 232 05 31"
        }
      },
      "geometry": {
        "type": "Point",
        "coordinates": [
          18.6639182,
          50.28838589999999
        ]
      }
    },
    {
      "type": "Feature",
      "properties": {
        "source": "OpenStreetMap",
        "source_id": "node/12675938144",
        "domain": "public",
        "asset_type": "community_social",
        "confidence": "medium",
        "missing_fields": [],
        "limitations": [
          "OSM public-service completeness and tagging vary by area and facility type.",
          "A facility tag is evidence of mapped semantics, not service availability, capacity, accessibility or operating status.",
          "BDOT10k building geometry is retained only as topographic comparison context and cannot establish facility semantics.",
          "No qualified PRG public-service facility class is enabled for this domain pack."
        ],
        "eligible_for_analysis": true,
        "osm_tags": {
          "name": "Gminna Biblioteka Publiczna",
          "website": "http://www.gbp.zebrzydowice.pl",
          "amenity": "library"
        }
      },
      "geometry": {
        "type": "Point",
        "coordinates": [
          18.6161509,
          49.88134359999999
        ]
      }
    },
    {
      "type": "Feature",
      "properties": {
        "source": "OpenStreetMap",
        "source_id": "node/12675938145",
        "domain": "public",
        "asset_type": "community_social",
        "confidence": "medium",
        "missing_fields": [],
        "limitations": [
          "OSM public-service completeness and tagging vary by area and facility type.",
          "A facility tag is evidence of mapped semantics, not service availability, capacity, accessibility or operating status.",
          "BDOT10k building geometry is retained only as topographic comparison context and cannot establish facility semantics.",
          "No qualified PRG public-service facility class is enabled for this domain pack."
        ],
        "eligible_for_analysis": true,
        "osm_tags": {
          "name": "Gminny Ośrodek Kultury w Zebrzydowicach",
          "amenity": "community_centre",
          "community_centre": "cultural_centre"
        }
      },
      "geometry": {
        "type": "Point",
        "coordinates": [
          18.6162694,
          49.88147930000001
        ]
      }
    },
    {
      "type": "Feature",
      "properties": {
        "source": "OpenStreetMap",
        "source_id": "node/12897013573",
        "domain": "public",
        "asset_type": "community_social",
        "confidence": "medium",
        "missing_fields": [],
        "limitations": [
          "OSM public-service completeness and tagging vary by area and facility type.",
          "A facility tag is evidence of mapped semantics, not service availability, capacity, accessibility or operating status.",
          "BDOT10k building geometry is retained only as topographic comparison context and cannot establish facility semantics.",
          "No qualified PRG public-service facility class is enabled for this domain pack."
        ],
        "eligible_for_analysis": true,
        "osm_tags": {
          "name": "Seniorek",
          "website": "https://www.ddp-seniorek.pl/",
          "amenity": "social_facility",
          "social_facility": "nursing_home",
          "opening_hours": "24/7",
          "phone": "+48661030392"
        }
      },
      "geometry": {
        "type": "Point",
        "coordinates": [
          18.8494095,
          50.2512419
        ]
      }
    },
    {
      "type": "Feature",
      "properties": {
        "source": "OpenStreetMap",
        "source_id": "node/12941724342",
        "domain": "public",
        "asset_type": "community_social",
        "confidence": "medium",
        "missing_fields": [],
        "limitations": [
          "OSM public-service completeness and tagging vary by area and facility type.",
          "A facility tag is evidence of mapped semantics, not service availability, capacity, accessibility or operating status.",
          "BDOT10k building geometry is retained only as topographic comparison context and cannot establish facility semantics.",
          "No qualified PRG public-service facility class is enabled for this domain pack."
        ],
        "eligible_for_analysis": true,
        "osm_tags": {
          "name": "Miejska Biblioteka - Filia nr 21",
          "website": "https://biblioteka.gliwice.pl/filia/filia-nr-21/",
          "amenity": "library"
        }
      },
      "geometry": {
        "type": "Point",
        "coordinates": [
          18.651127800000005,
          50.324605299999995
        ]
      }
    },
    {
      "type": "Feature",
      "properties": {
        "source": "OpenStreetMap",
        "source_id": "node/12965681347",
        "domain": "public",
        "asset_type": "community_social",
        "confidence": "medium",
        "missing_fields": [],
        "limitations": [
          "OSM public-service completeness and tagging vary by area and facility type.",
          "A facility tag is evidence of mapped semantics, not service availability, capacity, accessibility or operating status.",
          "BDOT10k building geometry is retained only as topographic comparison context and cannot establish facility semantics.",
          "No qualified PRG public-service facility class is enabled for this domain pack."
        ],
        "eligible_for_analysis": true,
        "osm_tags": {
          "amenity": "library"
        }
      },
      "geometry": {
        "type": "Point",
        "coordinates": [
          18.3910565,
          50.04384099999999
        ]
      }
    },
    {
      "type": "Feature",
      "properties": {
        "source": "OpenStreetMap",
        "source_id": "node/12996811609",
        "domain": "public",
        "asset_type": "community_social",
        "confidence": "medium",
        "missing_fields": [],
        "limitations": [
          "OSM public-service completeness and tagging vary by area and facility type.",
          "A facility tag is evidence of mapped semantics, not service availability, capacity, accessibility or operating status.",
          "BDOT10k building geometry is retained only as topographic comparison context and cannot establish facility semantics.",
          "No qualified PRG public-service facility class is enabled for this domain pack."
        ],
        "eligible_for_analysis": true,
        "osm_tags": {
          "amenity": "library"
        }
      },
      "geometry": {
        "type": "Point",
        "coordinates": [
          18.5435223,
          49.896408599999994
        ]
      }
    },
    {
      "type": "Feature",
      "properties": {
        "source": "OpenStreetMap",
        "source_id": "node/13038976637",
        "domain": "public",
        "asset_type": "community_social",
        "confidence": "medium",
        "missing_fields": [],
        "limitations": [
          "OSM public-service completeness and tagging vary by area and facility type.",
          "A facility tag is evidence of mapped semantics, not service availability, capacity, accessibility or operating status.",
          "BDOT10k building geometry is retained only as topographic comparison context and cannot establish facility semantics.",
          "No qualified PRG public-service facility class is enabled for this domain pack."
        ],
        "eligible_for_analysis": true,
        "osm_tags": {
          "name": "Dzienny Dom Pomocy Społecznej Wrzos",
          "amenity": "social_facility",
          "social_facility": "nursing_home"
        }
      },
      "geometry": {
        "type": "Point",
        "coordinates": [
          18.9767617,
          50.127363499999994
        ]
      }
    },
    {
      "type": "Feature",
      "properties": {
        "source": "OpenStreetMap",
        "source_id": "node/13108982811",
        "domain": "public",
        "asset_type": "community_social",
        "confidence": "medium",
        "missing_fields": [],
        "limitations": [
          "OSM public-service completeness and tagging vary by area and facility type.",
          "A facility tag is evidence of mapped semantics, not service availability, capacity, accessibility or operating status.",
          "BDOT10k building geometry is retained only as topographic comparison context and cannot establish facility semantics.",
          "No qualified PRG public-service facility class is enabled for this domain pack."
        ],
        "eligible_for_analysis": true,
        "osm_tags": {
          "amenity": "community_centre",
          "community_centre": "parish_hall"
        }
      },
      "geometry": {
        "type": "Point",
        "coordinates": [
          18.4605104,
          50.01444269999999
        ]
      }
    },
    {
      "type": "Feature",
      "properties": {
        "source": "OpenStreetMap",
        "source_id": "node/13108990759",
        "domain": "public",
        "asset_type": "community_social",
        "confidence": "medium",
        "missing_fields": [],
        "limitations": [
          "OSM public-service completeness and tagging vary by area and facility type.",
          "A facility tag is evidence of mapped semantics, not service availability, capacity, accessibility or operating status.",
          "BDOT10k building geometry is retained only as topographic comparison context and cannot establish facility semantics.",
          "No qualified PRG public-service facility class is enabled for this domain pack."
        ],
        "eligible_for_analysis": true,
        "osm_tags": {
          "amenity": "community_centre",
          "community_centre": "parish_hall"
        }
      },
      "geometry": {
        "type": "Point",
        "coordinates": [
          18.4182031,
          50.0124689
        ]
      }
    },
    {
      "type": "Feature",
      "properties": {
        "source": "OpenStreetMap",
        "source_id": "node/13175354238",
        "domain": "public",
        "asset_type": "community_social",
        "confidence": "medium",
        "missing_fields": [],
        "limitations": [
          "OSM public-service completeness and tagging vary by area and facility type.",
          "A facility tag is evidence of mapped semantics, not service availability, capacity, accessibility or operating status.",
          "BDOT10k building geometry is retained only as topographic comparison context and cannot establish facility semantics.",
          "No qualified PRG public-service facility class is enabled for this domain pack."
        ],
        "eligible_for_analysis": true,
        "osm_tags": {
          "name": "Centrum Sztuki Niezależnej SAMI",
          "amenity": "arts_centre"
        }
      },
      "geometry": {
        "type": "Point",
        "coordinates": [
          18.8256327,
          50.2439807
        ]
      }
    },
    {
      "type": "Feature",
      "properties": {
        "source": "OpenStreetMap",
        "source_id": "node/13189442519",
        "domain": "public",
        "asset_type": "community_social",
        "confidence": "medium",
        "missing_fields": [],
        "limitations": [
          "OSM public-service completeness and tagging vary by area and facility type.",
          "A facility tag is evidence of mapped semantics, not service availability, capacity, accessibility or operating status.",
          "BDOT10k building geometry is retained only as topographic comparison context and cannot establish facility semantics.",
          "No qualified PRG public-service facility class is enabled for this domain pack."
        ],
        "eligible_for_analysis": true,
        "osm_tags": {
          "name": "ODK Pulsar",
          "operator": "Rudzka Spółdzielnia Mieszkaniowa",
          "website": "https://www.facebook.com/odkpulsar",
          "amenity": "community_centre"
        }
      },
      "geometry": {
        "type": "Point",
        "coordinates": [
          18.8552748,
          50.27207159999998
        ]
      }
    },
    {
      "type": "Feature",
      "properties": {
        "source": "OpenStreetMap",
        "source_id": "node/13206452619",
        "domain": "public",
        "asset_type": "community_social",
        "confidence": "medium",
        "missing_fields": [],
        "limitations": [
          "OSM public-service completeness and tagging vary by area and facility type.",
          "A facility tag is evidence of mapped semantics, not service availability, capacity, accessibility or operating status.",
          "BDOT10k building geometry is retained only as topographic comparison context and cannot establish facility semantics.",
          "No qualified PRG public-service facility class is enabled for this domain pack."
        ],
        "eligible_for_analysis": true,
        "osm_tags": {
          "name": "Stacja Młodych",
          "operator": "Miejska i Powiatowa Biblioteka Publiczna im. Ryszarda Kincla",
          "amenity": "library"
        }
      },
      "geometry": {
        "type": "Point",
        "coordinates": [
          18.2262714,
          50.0906344
        ]
      }
    },
    {
      "type": "Feature",
      "properties": {
        "source": "OpenStreetMap",
        "source_id": "node/13206452620",
        "domain": "public",
        "asset_type": "community_social",
        "confidence": "medium",
        "missing_fields": [],
        "limitations": [
          "OSM public-service completeness and tagging vary by area and facility type.",
          "A facility tag is evidence of mapped semantics, not service availability, capacity, accessibility or operating status.",
          "BDOT10k building geometry is retained only as topographic comparison context and cannot establish facility semantics.",
          "No qualified PRG public-service facility class is enabled for this domain pack."
        ],
        "eligible_for_analysis": true,
        "osm_tags": {
          "name": "Urban Lab",
          "operator": "Urząd Miasta Racibórz",
          "amenity": "community_centre",
          "community_centre": "meeting_room"
        }
      },
      "geometry": {
        "type": "Point",
        "coordinates": [
          18.2257999,
          50.090014800000006
        ]
      }
    },
    {
      "type": "Feature",
      "properties": {
        "source": "OpenStreetMap",
        "source_id": "node/13227979901",
        "domain": "public",
        "asset_type": "community_social",
        "confidence": "medium",
        "missing_fields": [],
        "limitations": [
          "OSM public-service completeness and tagging vary by area and facility type.",
          "A facility tag is evidence of mapped semantics, not service availability, capacity, accessibility or operating status.",
          "BDOT10k building geometry is retained only as topographic comparison context and cannot establish facility semantics.",
          "No qualified PRG public-service facility class is enabled for this domain pack."
        ],
        "eligible_for_analysis": true,
        "osm_tags": {
          "name": "Kamenictví Blumstav",
          "website": "https://www.blumstav.eu/",
          "amenity": "arts_centre"
        }
      },
      "geometry": {
        "type": "Point",
        "coordinates": [
          18.3059734,
          49.831475299999994
        ]
      }
    },
    {
      "type": "Feature",
      "properties": {
        "source": "OpenStreetMap",
        "source_id": "node/13227979903",
        "domain": "public",
        "asset_type": "community_social",
        "confidence": "medium",
        "missing_fields": [],
        "limitations": [
          "OSM public-service completeness and tagging vary by area and facility type.",
          "A facility tag is evidence of mapped semantics, not service availability, capacity, accessibility or operating status.",
          "BDOT10k building geometry is retained only as topographic comparison context and cannot establish facility semantics.",
          "No qualified PRG public-service facility class is enabled for this domain pack."
        ],
        "eligible_for_analysis": true,
        "osm_tags": {
          "name": "Kamenictví Zmítko",
          "website": "https://kamenictvi-zmitko.cz/",
          "amenity": "arts_centre"
        }
      },
      "geometry": {
        "type": "Point",
        "coordinates": [
          18.3044777,
          49.8317919
        ]
      }
    },
    {
      "type": "Feature",
      "properties": {
        "source": "OpenStreetMap",
        "source_id": "node/13265763787",
        "domain": "public",
        "asset_type": "community_social",
        "confidence": "medium",
        "missing_fields": [],
        "limitations": [
          "OSM public-service completeness and tagging vary by area and facility type.",
          "A facility tag is evidence of mapped semantics, not service availability, capacity, accessibility or operating status.",
          "BDOT10k building geometry is retained only as topographic comparison context and cannot establish facility semantics.",
          "No qualified PRG public-service facility class is enabled for this domain pack."
        ],
        "eligible_for_analysis": true,
        "osm_tags": {
          "name": "Osiedlowy Dom Kultury Meteor",
          "operator": "RSM",
          "website": "https://www.rsm.com.pl/meteor/o-odk-meteor/",
          "amenity": "community_centre",
          "community_centre": "cultural_centre",
          "email": "meteor@rsm.com.pl",
          "wheelchair": "limited"
        }
      },
      "geometry": {
        "type": "Point",
        "coordinates": [
          18.8836884,
          50.284758499999995
        ]
      }
    },
    {
      "type": "Feature",
      "properties": {
        "source": "OpenStreetMap",
        "source_id": "node/13271919354",
        "domain": "public",
        "asset_type": "community_social",
        "confidence": "medium",
        "missing_fields": [],
        "limitations": [
          "OSM public-service completeness and tagging vary by area and facility type.",
          "A facility tag is evidence of mapped semantics, not service availability, capacity, accessibility or operating status.",
          "BDOT10k building geometry is retained only as topographic comparison context and cannot establish facility semantics.",
          "No qualified PRG public-service facility class is enabled for this domain pack."
        ],
        "eligible_for_analysis": true,
        "osm_tags": {
          "name": "Miejski Dom Kultury „Południe”",
          "website": "https://www.mdkpoludnie.com/",
          "amenity": "community_centre",
          "community_centre": "cultural_centre",
          "opening_hours": "Mo-Fr 08:00-21:00",
          "phone": "+48 32 209 47 72",
          "email": "mdk@mdkpoludnie.com"
        }
      },
      "geometry": {
        "type": "Point",
        "coordinates": [
          19.000279000000003,
          50.1828655
        ]
      }
    },
    {
      "type": "Feature",
      "properties": {
        "source": "OpenStreetMap",
        "source_id": "node/13296898577",
        "domain": "public",
        "asset_type": "community_social",
        "confidence": "medium",
        "missing_fields": [],
        "limitations": [
          "OSM public-service completeness and tagging vary by area and facility type.",
          "A facility tag is evidence of mapped semantics, not service availability, capacity, accessibility or operating status.",
          "BDOT10k building geometry is retained only as topographic comparison context and cannot establish facility semantics.",
          "No qualified PRG public-service facility class is enabled for this domain pack."
        ],
        "eligible_for_analysis": true,
        "osm_tags": {
          "name": "ODK Neptun",
          "amenity": "community_centre",
          "community_centre": "cultural_centre"
        }
      },
      "geometry": {
        "type": "Point",
        "coordinates": [
          18.8874248,
          50.3219968
        ]
      }
    },
    {
      "type": "Feature",
      "properties": {
        "source": "OpenStreetMap",
        "source_id": "node/13340286310",
        "domain": "public",
        "asset_type": "community_social",
        "confidence": "medium",
        "missing_fields": [],
        "limitations": [
          "OSM public-service completeness and tagging vary by area and facility type.",
          "A facility tag is evidence of mapped semantics, not service availability, capacity, accessibility or operating status.",
          "BDOT10k building geometry is retained only as topographic comparison context and cannot establish facility semantics.",
          "No qualified PRG public-service facility class is enabled for this domain pack."
        ],
        "eligible_for_analysis": true,
        "osm_tags": {
          "name": "Miejska Biblioteka Publiczna - Filia nr 8",
          "website": "https://mbpkk.pl/",
          "amenity": "library"
        }
      },
      "geometry": {
        "type": "Point",
        "coordinates": [
          18.3299899,
          50.374742399999995
        ]
      }
    },
    {
      "type": "Feature",
      "properties": {
        "source": "OpenStreetMap",
        "source_id": "node/13340307787",
        "domain": "public",
        "asset_type": "community_social",
        "confidence": "medium",
        "missing_fields": [],
        "limitations": [
          "OSM public-service completeness and tagging vary by area and facility type.",
          "A facility tag is evidence of mapped semantics, not service availability, capacity, accessibility or operating status.",
          "BDOT10k building geometry is retained only as topographic comparison context and cannot establish facility semantics.",
          "No qualified PRG public-service facility class is enabled for this domain pack."
        ],
        "eligible_for_analysis": true,
        "osm_tags": {
          "name": "Miejska Biblioteka Publiczna - Filia nr 4",
          "website": "https://mbpkk.pl/",
          "amenity": "library"
        }
      },
      "geometry": {
        "type": "Point",
        "coordinates": [
          18.2609033,
          50.35475650000001
        ]
      }
    },
    {
      "type": "Feature",
      "properties": {
        "source": "OpenStreetMap",
        "source_id": "node/13406047701",
        "domain": "public",
        "asset_type": "community_social",
        "confidence": "medium",
        "missing_fields": [],
        "limitations": [
          "OSM public-service completeness and tagging vary by area and facility type.",
          "A facility tag is evidence of mapped semantics, not service availability, capacity, accessibility or operating status.",
          "BDOT10k building geometry is retained only as topographic comparison context and cannot establish facility semantics.",
          "No qualified PRG public-service facility class is enabled for this domain pack."
        ],
        "eligible_for_analysis": true,
        "osm_tags": {
          "name": "Gminna Biblioteka Publiczna w Hażlachu",
          "website": "http://hazlach.naszabiblioteka.com",
          "amenity": "library",
          "opening_hours": "Fr 07:00-15:00; Mo 07:00-19:00; Tu-We 09:00-19:00",
          "phone": "+48334452007"
        }
      },
      "geometry": {
        "type": "Point",
        "coordinates": [
          18.6595186,
          49.8059239
        ]
      }
    },
    {
      "type": "Feature",
      "properties": {
        "source": "OpenStreetMap",
        "source_id": "node/13522844492",
        "domain": "public",
        "asset_type": "community_social",
        "confidence": "medium",
        "missing_fields": [],
        "limitations": [
          "OSM public-service completeness and tagging vary by area and facility type.",
          "A facility tag is evidence of mapped semantics, not service availability, capacity, accessibility or operating status.",
          "BDOT10k building geometry is retained only as topographic comparison context and cannot establish facility semantics.",
          "No qualified PRG public-service facility class is enabled for this domain pack."
        ],
        "eligible_for_analysis": true,
        "osm_tags": {
          "name": "Lokalne Centrum Tradycji",
          "operator": "UM Ruda Śląska",
          "amenity": "community_centre",
          "community_centre": "cultural_centre"
        }
      },
      "geometry": {
        "type": "Point",
        "coordinates": [
          18.8591927,
          50.31501490000001
        ]
      }
    },
    {
      "type": "Feature",
      "properties": {
        "source": "OpenStreetMap",
        "source_id": "node/13688622602",
        "domain": "public",
        "asset_type": "community_social",
        "confidence": "medium",
        "missing_fields": [],
        "limitations": [
          "OSM public-service completeness and tagging vary by area and facility type.",
          "A facility tag is evidence of mapped semantics, not service availability, capacity, accessibility or operating status.",
          "BDOT10k building geometry is retained only as topographic comparison context and cannot establish facility semantics.",
          "No qualified PRG public-service facility class is enabled for this domain pack."
        ],
        "eligible_for_analysis": true,
        "osm_tags": {
          "name": "Księgarnia Prasa",
          "amenity": "library"
        }
      },
      "geometry": {
        "type": "Point",
        "coordinates": [
          18.6965196,
          49.86700929999999
        ]
      }
    },
    {
      "type": "Feature",
      "properties": {
        "source": "OpenStreetMap",
        "source_id": "node/13799847386",
        "domain": "public",
        "asset_type": "community_social",
        "confidence": "medium",
        "missing_fields": [],
        "limitations": [
          "OSM public-service completeness and tagging vary by area and facility type.",
          "A facility tag is evidence of mapped semantics, not service availability, capacity, accessibility or operating status.",
          "BDOT10k building geometry is retained only as topographic comparison context and cannot establish facility semantics.",
          "No qualified PRG public-service facility class is enabled for this domain pack."
        ],
        "eligible_for_analysis": true,
        "osm_tags": {
          "name": "PLACEK Ostrava",
          "operator": "PlacOva z. s.",
          "website": "https://placekostrava.cz",
          "amenity": "community_centre",
          "opening_hours": "We-Sa 15:00-20:00",
          "email": "info@placekostrava.cz"
        }
      },
      "geometry": {
        "type": "Point",
        "coordinates": [
          18.282168,
          49.85133999999999
        ]
      }
    },
    {
      "type": "Feature",
      "properties": {
        "source": "OpenStreetMap",
        "source_id": "node/13810305844",
        "domain": "public",
        "asset_type": "community_social",
        "confidence": "medium",
        "missing_fields": [],
        "limitations": [
          "OSM public-service completeness and tagging vary by area and facility type.",
          "A facility tag is evidence of mapped semantics, not service availability, capacity, accessibility or operating status.",
          "BDOT10k building geometry is retained only as topographic comparison context and cannot establish facility semantics.",
          "No qualified PRG public-service facility class is enabled for this domain pack."
        ],
        "eligible_for_analysis": true,
        "osm_tags": {
          "amenity": "library"
        }
      },
      "geometry": {
        "type": "Point",
        "coordinates": [
          18.5957736,
          50.2845224
        ]
      }
    },
    {
      "type": "Feature",
      "properties": {
        "source": "OpenStreetMap",
        "source_id": "node/14070257325",
        "domain": "public",
        "asset_type": "community_social",
        "confidence": "medium",
        "missing_fields": [],
        "limitations": [
          "OSM public-service completeness and tagging vary by area and facility type.",
          "A facility tag is evidence of mapped semantics, not service availability, capacity, accessibility or operating status.",
          "BDOT10k building geometry is retained only as topographic comparison context and cannot establish facility semantics.",
          "No qualified PRG public-service facility class is enabled for this domain pack."
        ],
        "eligible_for_analysis": true,
        "osm_tags": {
          "amenity": "library"
        }
      },
      "geometry": {
        "type": "Point",
        "coordinates": [
          18.9647001,
          50.215594599999996
        ]
      }
    },
    {
      "type": "Feature",
      "properties": {
        "source": "OpenStreetMap",
        "source_id": "way/36270275",
        "domain": "public",
        "asset_type": "community_social",
        "confidence": "medium",
        "missing_fields": [],
        "limitations": [
          "OSM public-service completeness and tagging vary by area and facility type.",
          "A facility tag is evidence of mapped semantics, not service availability, capacity, accessibility or operating status.",
          "BDOT10k building geometry is retained only as topographic comparison context and cannot establish facility semantics.",
          "No qualified PRG public-service facility class is enabled for this domain pack."
        ],
        "eligible_for_analysis": true,
        "osm_tags": {
          "name": "Powiatowa i Miejska Biblioteka Publiczna",
          "website": "http://biblioteka.rybnik.pl/",
          "amenity": "library",
          "building": "yes",
          "opening_hours": "Mo 11:00-19:00; Tu-Fr 09:00-19:00; Sa 08:00-14:00",
          "phone": "+48 32 422 35 41",
          "email": "sekretariat@biblioteka.rybnik.pl",
          "contact:email": "sekretariat@biblioteka.rybnik.pl"
        }
      },
      "geometry": {
        "type": "Polygon",
        "coordinates": [
          [
            [
              18.546153600000004,
              50.09510490000001
            ],
            [
              18.5461089,
              50.094879399999996
            ],
            [
              18.5460773,
              50.09472019999999
            ],
            [
              18.5458877,
              50.0947359
            ],
            [
              18.5458641,
              50.0946247
            ],
            [
              18.5455136,
              50.094653799999996
            ],
            [
              18.545545700000005,
              50.09481389999999
            ],
            [
              18.5455467,
              50.0948187
            ],
            [
              18.545591400000003,
              50.0950419
            ],
            [
              18.5456076,
              50.0950406
            ],
            [
              18.5456889,
              50.095034299999995
            ],
            [
              18.5457389,
              50.095030400000006
            ],
            [
              18.5457832,
              50.095026999999995
            ],
            [
              18.545804,
              50.095133499999996
            ],
            [
              18.546153600000004,
              50.09510490000001
            ]
          ]
        ]
      }
    },
    {
      "type": "Feature",
      "properties": {
        "source": "OpenStreetMap",
        "source_id": "way/50418211",
        "domain": "public",
        "asset_type": "community_social",
        "confidence": "medium",
        "missing_fields": [],
        "limitations": [
          "OSM public-service completeness and tagging vary by area and facility type.",
          "A facility tag is evidence of mapped semantics, not service availability, capacity, accessibility or operating status.",
          "BDOT10k building geometry is retained only as topographic comparison context and cannot establish facility semantics.",
          "No qualified PRG public-service facility class is enabled for this domain pack."
        ],
        "eligible_for_analysis": true,
        "osm_tags": {
          "name": "Kulturní dům",
          "source": "cuzk:ruian",
          "amenity": "arts_centre",
          "building": "civic"
        }
      },
      "geometry": {
        "type": "Polygon",
        "coordinates": [
          [
            [
              18.2385512,
              49.9469335
            ],
            [
              18.2386154,
              49.94683729999999
            ],
            [
              18.2385757,
              49.9468262
            ],
            [
              18.2386063,
              49.9467808
            ],
            [
              18.2383398,
              49.9467065
            ],
            [
              18.2382691,
              49.94681309999999
            ],
            [
              18.238271400000002,
              49.94681380000001
            ],
            [
              18.2381492,
              49.946998
            ],
            [
              18.2384997,
              49.94709670000001
            ],
            [
              18.2385472,
              49.9470237
            ],
            [
              18.2385993,
              49.9469476
            ],
            [
              18.2385512,
              49.9469335
            ]
          ]
        ]
      }
    },
    {
      "type": "Feature",
      "properties": {
        "source": "OpenStreetMap",
        "source_id": "way/55798047",
        "domain": "public",
        "asset_type": "community_social",
        "confidence": "medium",
        "missing_fields": [],
        "limitations": [
          "OSM public-service completeness and tagging vary by area and facility type.",
          "A facility tag is evidence of mapped semantics, not service availability, capacity, accessibility or operating status.",
          "BDOT10k building geometry is retained only as topographic comparison context and cannot establish facility semantics.",
          "No qualified PRG public-service facility class is enabled for this domain pack."
        ],
        "eligible_for_analysis": true,
        "osm_tags": {
          "name": "GOKiR Połomia",
          "amenity": "community_centre",
          "building": "yes"
        }
      },
      "geometry": {
        "type": "Polygon",
        "coordinates": [
          [
            [
              18.5625137,
              49.990806000000006
            ],
            [
              18.5624155,
              49.9906868
            ],
            [
              18.562359,
              49.990705999999996
            ],
            [
              18.5622569,
              49.990581
            ],
            [
              18.5621197,
              49.9906277
            ],
            [
              18.5622218,
              49.990752699999994
            ],
            [
              18.562175,
              49.990768599999996
            ],
            [
              18.5622732,
              49.9908879
            ],
            [
              18.5625137,
              49.990806000000006
            ]
          ]
        ]
      }
    },
    {
      "type": "Feature",
      "properties": {
        "source": "OpenStreetMap",
        "source_id": "way/57742276",
        "domain": "public",
        "asset_type": "community_social",
        "confidence": "medium",
        "missing_fields": [],
        "limitations": [
          "OSM public-service completeness and tagging vary by area and facility type.",
          "A facility tag is evidence of mapped semantics, not service availability, capacity, accessibility or operating status.",
          "BDOT10k building geometry is retained only as topographic comparison context and cannot establish facility semantics.",
          "No qualified PRG public-service facility class is enabled for this domain pack."
        ],
        "eligible_for_analysis": true,
        "osm_tags": {
          "name": "Středisko volného času",
          "source": "cuzk:ruian",
          "amenity": "community_centre",
          "building": "civic"
        }
      },
      "geometry": {
        "type": "Polygon",
        "coordinates": [
          [
            [
              18.2855301,
              49.84164750000001
            ],
            [
              18.2856554,
              49.8414336
            ],
            [
              18.285488,
              49.84139259999999
            ],
            [
              18.2854256,
              49.84149889999999
            ],
            [
              18.2850409,
              49.84140159999999
            ],
            [
              18.2851285,
              49.84125670000001
            ],
            [
              18.2851634,
              49.84126479999999
            ],
            [
              18.2852137,
              49.8411802
            ],
            [
              18.2853761,
              49.841221
            ],
            [
              18.2854107,
              49.8412025
            ],
            [
              18.28533,
              49.84086980000001
            ],
            [
              18.2852909,
              49.8408598
            ],
            [
              18.2848851,
              49.84107149999999
            ],
            [
              18.2848913,
              49.841099500000006
            ],
            [
              18.2851329,
              49.8411601
            ],
            [
              18.2851147,
              49.8411911
            ],
            [
              18.284994,
              49.8411614
            ],
            [
              18.2848761,
              49.841361799999994
            ],
            [
              18.2846326,
              49.841301800000004
            ],
            [
              18.2845683,
              49.8414111
            ],
            [
              18.2855301,
              49.84164750000001
            ]
          ]
        ]
      }
    },
    {
      "type": "Feature",
      "properties": {
        "source": "OpenStreetMap",
        "source_id": "way/74297962",
        "domain": "public",
        "asset_type": "community_social",
        "confidence": "medium",
        "missing_fields": [],
        "limitations": [
          "OSM public-service completeness and tagging vary by area and facility type.",
          "A facility tag is evidence of mapped semantics, not service availability, capacity, accessibility or operating status.",
          "BDOT10k building geometry is retained only as topographic comparison context and cannot establish facility semantics.",
          "No qualified PRG public-service facility class is enabled for this domain pack."
        ],
        "eligible_for_analysis": true,
        "osm_tags": {
          "description": "muszla koncertowa",
          "amenity": "community_centre",
          "building": "yes"
        }
      },
      "geometry": {
        "type": "Polygon",
        "coordinates": [
          [
            [
              18.4939382,
              50.0590661
            ],
            [
              18.494215,
              50.0590862
            ],
            [
              18.4942217,
              50.05908659999999
            ],
            [
              18.4942367,
              50.0590026
            ],
            [
              18.4942201,
              50.05896370000001
            ],
            [
              18.4941563,
              50.0589422
            ],
            [
              18.4940718,
              50.05893489999999
            ],
            [
              18.493993,
              50.0589448
            ],
            [
              18.4939476,
              50.058980899999995
            ],
            [
              18.4939322,
              50.0590657
            ],
            [
              18.4939382,
              50.0590661
            ]
          ]
        ]
      }
    },
    {
      "type": "Feature",
      "properties": {
        "source": "OpenStreetMap",
        "source_id": "way/87810103",
        "domain": "public",
        "asset_type": "community_social",
        "confidence": "medium",
        "missing_fields": [],
        "limitations": [
          "OSM public-service completeness and tagging vary by area and facility type.",
          "A facility tag is evidence of mapped semantics, not service availability, capacity, accessibility or operating status.",
          "BDOT10k building geometry is retained only as topographic comparison context and cannot establish facility semantics.",
          "No qualified PRG public-service facility class is enabled for this domain pack."
        ],
        "eligible_for_analysis": true,
        "osm_tags": {
          "name": "Cechownia Gliwice",
          "wikidata": "Q123012891",
          "website": "https://cechownia-gliwice.pl/",
          "amenity": "community_centre",
          "building": "yes"
        }
      },
      "geometry": {
        "type": "Polygon",
        "coordinates": [
          [
            [
              18.683123700000003,
              50.2789521
            ],
            [
              18.6834673,
              50.278920799999995
            ],
            [
              18.6835732,
              50.278911199999996
            ],
            [
              18.6834103,
              50.278180199999994
            ],
            [
              18.6833933,
              50.27818169999998
            ],
            [
              18.6831886,
              50.27820039999999
            ],
            [
              18.6831864,
              50.2781908
            ],
            [
              18.683128,
              50.27819619999999
            ],
            [
              18.6831301,
              50.2782057
            ],
            [
              18.6829101,
              50.2782258
            ],
            [
              18.6829815,
              50.2785461
            ],
            [
              18.682969,
              50.2785472
            ],
            [
              18.68299,
              50.278641400000005
            ],
            [
              18.6830022,
              50.27864029999999
            ],
            [
              18.6830727,
              50.2789567
            ],
            [
              18.683123700000003,
              50.2789521
            ]
          ]
        ]
      }
    },
    {
      "type": "Feature",
      "properties": {
        "source": "OpenStreetMap",
        "source_id": "way/87825452",
        "domain": "public",
        "asset_type": "community_social",
        "confidence": "medium",
        "missing_fields": [],
        "limitations": [
          "OSM public-service completeness and tagging vary by area and facility type.",
          "A facility tag is evidence of mapped semantics, not service availability, capacity, accessibility or operating status.",
          "BDOT10k building geometry is retained only as topographic comparison context and cannot establish facility semantics.",
          "No qualified PRG public-service facility class is enabled for this domain pack."
        ],
        "eligible_for_analysis": true,
        "osm_tags": {
          "name": "Biblioteka Główna Politechniki Śląskiej",
          "operator": "Politechnika Śląska",
          "amenity": "library",
          "building": "yes"
        }
      },
      "geometry": {
        "type": "Polygon",
        "coordinates": [
          [
            [
              18.6805408,
              50.2914532
            ],
            [
              18.6802698,
              50.2913229
            ],
            [
              18.6801384,
              50.291259700000005
            ],
            [
              18.6800203,
              50.2912029
            ],
            [
              18.6800065,
              50.2912147
            ],
            [
              18.6800115,
              50.2912171
            ],
            [
              18.6799746,
              50.29124839999999
            ],
            [
              18.6798871,
              50.29120629999999
            ],
            [
              18.6797204,
              50.291347800000004
            ],
            [
              18.6800633,
              50.291512699999984
            ],
            [
              18.6801414,
              50.2914464
            ],
            [
              18.6801874,
              50.2914685
            ],
            [
              18.6802195,
              50.291484
            ],
            [
              18.6801918,
              50.2915075
            ],
            [
              18.6803737,
              50.291595
            ],
            [
              18.6805408,
              50.2914532
            ]
          ]
        ]
      }
    },
    {
      "type": "Feature",
      "properties": {
        "source": "OpenStreetMap",
        "source_id": "way/87841137",
        "domain": "public",
        "asset_type": "community_social",
        "confidence": "medium",
        "missing_fields": [],
        "limitations": [
          "OSM public-service completeness and tagging vary by area and facility type.",
          "A facility tag is evidence of mapped semantics, not service availability, capacity, accessibility or operating status.",
          "BDOT10k building geometry is retained only as topographic comparison context and cannot establish facility semantics.",
          "No qualified PRG public-service facility class is enabled for this domain pack."
        ],
        "eligible_for_analysis": true,
        "osm_tags": {
          "name": "Centrum Kultury Studenckiej „Mrowisko”",
          "amenity": "arts_centre",
          "building": "public"
        }
      },
      "geometry": {
        "type": "Polygon",
        "coordinates": [
          [
            [
              18.6782296,
              50.28541999999999
            ],
            [
              18.6781526,
              50.28534729999999
            ],
            [
              18.6781168,
              50.285363000000004
            ],
            [
              18.6780733,
              50.28532349999999
            ],
            [
              18.6781086,
              50.28530760000001
            ],
            [
              18.678082,
              50.2852829
            ],
            [
              18.6779523,
              50.2851647
            ],
            [
              18.6779128,
              50.28512659999999
            ],
            [
              18.6777579,
              50.28519539999999
            ],
            [
              18.6777272,
              50.28520809999999
            ],
            [
              18.6776186,
              50.28525719999999
            ],
            [
              18.6774505,
              50.28533319999998
            ],
            [
              18.677773400000003,
              50.28562629999998
            ],
            [
              18.6782296,
              50.28541999999999
            ]
          ]
        ]
      }
    },
    {
      "type": "Feature",
      "properties": {
        "source": "OpenStreetMap",
        "source_id": "way/87857176",
        "domain": "public",
        "asset_type": "community_social",
        "confidence": "medium",
        "missing_fields": [],
        "limitations": [
          "OSM public-service completeness and tagging vary by area and facility type.",
          "A facility tag is evidence of mapped semantics, not service availability, capacity, accessibility or operating status.",
          "BDOT10k building geometry is retained only as topographic comparison context and cannot establish facility semantics.",
          "No qualified PRG public-service facility class is enabled for this domain pack."
        ],
        "eligible_for_analysis": true,
        "osm_tags": {
          "name": "Studenckie Centrum Kreatywności",
          "amenity": "community_centre",
          "building": "yes"
        }
      },
      "geometry": {
        "type": "Polygon",
        "coordinates": [
          [
            [
              18.675681,
              50.291227599999985
            ],
            [
              18.6756864,
              50.29123020000001
            ],
            [
              18.6757461,
              50.29117879999998
            ],
            [
              18.6755733,
              50.29109630000001
            ],
            [
              18.6755135,
              50.2911477
            ],
            [
              18.675518700000005,
              50.291150200000004
            ],
            [
              18.675389400000004,
              50.29126149999998
            ],
            [
              18.67526,
              50.2913727
            ],
            [
              18.6752548,
              50.291370199999996
            ],
            [
              18.675195600000002,
              50.2914212
            ],
            [
              18.6753685,
              50.29150359999999
            ],
            [
              18.6754277,
              50.291452699999994
            ],
            [
              18.6754223,
              50.29145009999999
            ],
            [
              18.675681,
              50.291227599999985
            ]
          ]
        ]
      }
    },
    {
      "type": "Feature",
      "properties": {
        "source": "OpenStreetMap",
        "source_id": "way/89895469",
        "domain": "public",
        "asset_type": "community_social",
        "confidence": "medium",
        "missing_fields": [],
        "limitations": [
          "OSM public-service completeness and tagging vary by area and facility type.",
          "A facility tag is evidence of mapped semantics, not service availability, capacity, accessibility or operating status.",
          "BDOT10k building geometry is retained only as topographic comparison context and cannot establish facility semantics.",
          "No qualified PRG public-service facility class is enabled for this domain pack."
        ],
        "eligible_for_analysis": true,
        "osm_tags": {
          "name": "Komunitní centrum Maják",
          "start_date": "2005-09-23",
          "source": "cuzk:ruian",
          "amenity": "community_centre",
          "building": "civic"
        }
      },
      "geometry": {
        "type": "Polygon",
        "coordinates": [
          [
            [
              18.424178,
              49.86240939999998
            ],
            [
              18.4244107,
              49.8624302
            ],
            [
              18.4246433,
              49.86245099999999
            ],
            [
              18.4246677,
              49.862348299999994
            ],
            [
              18.4244788,
              49.86233119999999
            ],
            [
              18.4244824,
              49.86231480000001
            ],
            [
              18.4243917,
              49.8623065
            ],
            [
              18.4243882,
              49.8623229
            ],
            [
              18.4242002,
              49.862305899999996
            ],
            [
              18.424178,
              49.86240939999998
            ]
          ]
        ]
      }
    },
    {
      "type": "Feature",
      "properties": {
        "source": "OpenStreetMap",
        "source_id": "way/90041498",
        "domain": "public",
        "asset_type": "community_social",
        "confidence": "medium",
        "missing_fields": [],
        "limitations": [
          "OSM public-service completeness and tagging vary by area and facility type.",
          "A facility tag is evidence of mapped semantics, not service availability, capacity, accessibility or operating status.",
          "BDOT10k building geometry is retained only as topographic comparison context and cannot establish facility semantics.",
          "No qualified PRG public-service facility class is enabled for this domain pack."
        ],
        "eligible_for_analysis": true,
        "osm_tags": {
          "name": "Dům dětí a mládeže",
          "source": "cuzk:ruian",
          "amenity": "community_centre",
          "building": "civic"
        }
      },
      "geometry": {
        "type": "Polygon",
        "coordinates": [
          [
            [
              18.4277052,
              49.875085999999996
            ],
            [
              18.4276294,
              49.8752032
            ],
            [
              18.4278047,
              49.87525
            ],
            [
              18.4278526,
              49.87517329999999
            ],
            [
              18.4281055,
              49.8752415
            ],
            [
              18.4281569,
              49.875161
            ],
            [
              18.428226600000002,
              49.87505170000001
            ],
            [
              18.4282354,
              49.875037899999995
            ],
            [
              18.4280316,
              49.8749795
            ],
            [
              18.4281082,
              49.87485620000001
            ],
            [
              18.4279967,
              49.8748247
            ],
            [
              18.428011,
              49.874801299999994
            ],
            [
              18.4279055,
              49.8747726
            ],
            [
              18.4278917,
              49.8747935
            ],
            [
              18.4277846,
              49.8747659
            ],
            [
              18.4277112,
              49.874885
            ],
            [
              18.4277047,
              49.8748833
            ],
            [
              18.4277017,
              49.874888199999994
            ],
            [
              18.4277097,
              49.8748902
            ],
            [
              18.4276304,
              49.8750003
            ],
            [
              18.4275975,
              49.875052100000005
            ],
            [
              18.4275483,
              49.875039
            ],
            [
              18.4275509,
              49.875034899999996
            ],
            [
              18.4275218,
              49.87502709999999
            ],
            [
              18.4275166,
              49.8750346
            ],
            [
              18.4276032,
              49.8750582
            ],
            [
              18.4276058,
              49.875054
            ],
            [
              18.4276766,
              49.87506900000001
            ],
            [
              18.4276717,
              49.87507659999999
            ],
            [
              18.4277052,
              49.875085999999996
            ]
          ]
        ]
      }
    },
    {
      "type": "Feature",
      "properties": {
        "source": "OpenStreetMap",
        "source_id": "way/90563131",
        "domain": "public",
        "asset_type": "community_social",
        "confidence": "medium",
        "missing_fields": [],
        "limitations": [
          "OSM public-service completeness and tagging vary by area and facility type.",
          "A facility tag is evidence of mapped semantics, not service availability, capacity, accessibility or operating status.",
          "BDOT10k building geometry is retained only as topographic comparison context and cannot establish facility semantics.",
          "No qualified PRG public-service facility class is enabled for this domain pack."
        ],
        "eligible_for_analysis": true,
        "osm_tags": {
          "name": "Městská knihovna Bohumín",
          "source": "cuzk:ruian",
          "amenity": "library",
          "building": "yes"
        }
      },
      "geometry": {
        "type": "Polygon",
        "coordinates": [
          [
            [
              18.3586084,
              49.905305500000004
            ],
            [
              18.3582233,
              49.90510679999999
            ],
            [
              18.3580952,
              49.905212
            ],
            [
              18.3582374,
              49.905285
            ],
            [
              18.3581754,
              49.905335300000004
            ],
            [
              18.3582969,
              49.905398500000004
            ],
            [
              18.3583595,
              49.90534770000001
            ],
            [
              18.3584798,
              49.9054095
            ],
            [
              18.3586084,
              49.905305500000004
            ]
          ]
        ]
      }
    },
    {
      "type": "Feature",
      "properties": {
        "source": "OpenStreetMap",
        "source_id": "way/91112478",
        "domain": "public",
        "asset_type": "community_social",
        "confidence": "medium",
        "missing_fields": [],
        "limitations": [
          "OSM public-service completeness and tagging vary by area and facility type.",
          "A facility tag is evidence of mapped semantics, not service availability, capacity, accessibility or operating status.",
          "BDOT10k building geometry is retained only as topographic comparison context and cannot establish facility semantics.",
          "No qualified PRG public-service facility class is enabled for this domain pack."
        ],
        "eligible_for_analysis": true,
        "osm_tags": {
          "source": "cuzk:ruian",
          "amenity": "community_centre",
          "building": "civic"
        }
      },
      "geometry": {
        "type": "Polygon",
        "coordinates": [
          [
            [
              18.1852944,
              49.895738900000005
            ],
            [
              18.1852879,
              49.89573299999999
            ],
            [
              18.185165,
              49.895787899999995
            ],
            [
              18.1851716,
              49.895794
            ],
            [
              18.1850948,
              49.8958292
            ],
            [
              18.1852104,
              49.8959375
            ],
            [
              18.1852864,
              49.8959029
            ],
            [
              18.185294,
              49.895909900000014
            ],
            [
              18.1854177,
              49.89585439999999
            ],
            [
              18.1854101,
              49.89584739999999
            ],
            [
              18.1854865,
              49.895812799999995
            ],
            [
              18.1853719,
              49.895704
            ],
            [
              18.1852944,
              49.895738900000005
            ]
          ]
        ]
      }
    },
    {
      "type": "Feature",
      "properties": {
        "source": "OpenStreetMap",
        "source_id": "way/91610533",
        "domain": "public",
        "asset_type": "community_social",
        "confidence": "medium",
        "missing_fields": [],
        "limitations": [
          "OSM public-service completeness and tagging vary by area and facility type.",
          "A facility tag is evidence of mapped semantics, not service availability, capacity, accessibility or operating status.",
          "BDOT10k building geometry is retained only as topographic comparison context and cannot establish facility semantics.",
          "No qualified PRG public-service facility class is enabled for this domain pack."
        ],
        "eligible_for_analysis": true,
        "osm_tags": {
          "name": "Miejska Biblioteka Publiczna",
          "source": "Bing",
          "amenity": "library",
          "building": "yes",
          "opening_hours": "Mo-Fr 08:00-20:00; Sa 08:00-15:00"
        }
      },
      "geometry": {
        "type": "Polygon",
        "coordinates": [
          [
            [
              18.6557919,
              50.29187879999999
            ],
            [
              18.6561094,
              50.292065499999985
            ],
            [
              18.6560984,
              50.29207300000001
            ],
            [
              18.6561992,
              50.2921332
            ],
            [
              18.6563729,
              50.292014599999995
            ],
            [
              18.6562683,
              50.291952099999996
            ],
            [
              18.656240600000004,
              50.29197099999999
            ],
            [
              18.6560584,
              50.29186219999999
            ],
            [
              18.656092,
              50.29183919999999
            ],
            [
              18.6559522,
              50.2917557
            ],
            [
              18.6557806,
              50.29187159999999
            ],
            [
              18.6557919,
              50.29187879999999
            ]
          ]
        ]
      }
    },
    {
      "type": "Feature",
      "properties": {
        "source": "OpenStreetMap",
        "source_id": "way/91638563",
        "domain": "public",
        "asset_type": "community_social",
        "confidence": "medium",
        "missing_fields": [],
        "limitations": [
          "OSM public-service completeness and tagging vary by area and facility type.",
          "A facility tag is evidence of mapped semantics, not service availability, capacity, accessibility or operating status.",
          "BDOT10k building geometry is retained only as topographic comparison context and cannot establish facility semantics.",
          "No qualified PRG public-service facility class is enabled for this domain pack."
        ],
        "eligible_for_analysis": true,
        "osm_tags": {
          "name": "Domov pro seniory",
          "website": "https://www.ssso.cz/",
          "start_date": "2022-04-29",
          "source": "cuzk:ruian",
          "amenity": "social_facility",
          "social_facility": "group_home",
          "building": "civic",
          "email": "posta@ssso.cz"
        }
      },
      "geometry": {
        "type": "Polygon",
        "coordinates": [
          [
            [
              18.3141308,
              49.90572319999999
            ],
            [
              18.3141693,
              49.90564619999999
            ],
            [
              18.3141686,
              49.9056417
            ],
            [
              18.3141639,
              49.90563850000001
            ],
            [
              18.3141268,
              49.905630800000004
            ],
            [
              18.3141283,
              49.90562759999999
            ],
            [
              18.31376,
              49.905549799999996
            ],
            [
              18.313758,
              49.90555390000001
            ],
            [
              18.313588500000005,
              49.9055187
            ],
            [
              18.3135809,
              49.90551889999999
            ],
            [
              18.3135758,
              49.905522399999995
            ],
            [
              18.3135376,
              49.9055971
            ],
            [
              18.3135373,
              49.90560279999999
            ],
            [
              18.3135436,
              49.9056068
            ],
            [
              18.3135526,
              49.90560860000001
            ],
            [
              18.3135495,
              49.905614699999994
            ],
            [
              18.3135716,
              49.9056192
            ],
            [
              18.3135746,
              49.905613299999985
            ],
            [
              18.313586,
              49.90561559999998
            ],
            [
              18.3135831,
              49.9056216
            ],
            [
              18.313605,
              49.905626299999994
            ],
            [
              18.313608,
              49.9056202
            ],
            [
              18.3136655,
              49.9056323
            ],
            [
              18.313653800000004,
              49.905659899999996
            ],
            [
              18.3136569,
              49.9056618
            ],
            [
              18.3136902,
              49.9056689
            ],
            [
              18.3136944,
              49.9056684
            ],
            [
              18.313697200000004,
              49.905666299999986
            ],
            [
              18.3137094,
              49.905642199999996
            ],
            [
              18.3137138,
              49.9056422
            ],
            [
              18.3137937,
              49.9056591
            ],
            [
              18.3137878,
              49.9056709
            ],
            [
              18.3139958,
              49.90571509999999
            ],
            [
              18.3140021,
              49.9057029
            ],
            [
              18.3141182,
              49.9057272
            ],
            [
              18.3141259,
              49.905726900000005
            ],
            [
              18.3141308,
              49.90572319999999
            ]
          ]
        ]
      }
    },
    {
      "type": "Feature",
      "properties": {
        "source": "OpenStreetMap",
        "source_id": "way/91932677",
        "domain": "public",
        "asset_type": "community_social",
        "confidence": "medium",
        "missing_fields": [],
        "limitations": [
          "OSM public-service completeness and tagging vary by area and facility type.",
          "A facility tag is evidence of mapped semantics, not service availability, capacity, accessibility or operating status.",
          "BDOT10k building geometry is retained only as topographic comparison context and cannot establish facility semantics.",
          "No qualified PRG public-service facility class is enabled for this domain pack."
        ],
        "eligible_for_analysis": true,
        "osm_tags": {
          "name": "Środowiskowy Dom Samopomocy",
          "amenity": "social_facility",
          "building": "yes"
        }
      },
      "geometry": {
        "type": "Polygon",
        "coordinates": [
          [
            [
              18.7498356,
              50.2899453
            ],
            [
              18.7496539,
              50.28991919999999
            ],
            [
              18.7496518,
              50.289918899999996
            ],
            [
              18.7496275,
              50.28999309999999
            ],
            [
              18.7493816,
              50.29069539999999
            ],
            [
              18.7495642,
              50.2907216
            ],
            [
              18.7498356,
              50.2899453
            ]
          ]
        ]
      }
    },
    {
      "type": "Feature",
      "properties": {
        "source": "OpenStreetMap",
        "source_id": "way/93318454",
        "domain": "public",
        "asset_type": "community_social",
        "confidence": "medium",
        "missing_fields": [],
        "limitations": [
          "OSM public-service completeness and tagging vary by area and facility type.",
          "A facility tag is evidence of mapped semantics, not service availability, capacity, accessibility or operating status.",
          "BDOT10k building geometry is retained only as topographic comparison context and cannot establish facility semantics.",
          "No qualified PRG public-service facility class is enabled for this domain pack."
        ],
        "eligible_for_analysis": true,
        "osm_tags": {
          "name": "Ośrodek Kultury",
          "alt_name": "Informacja turystyczna",
          "source": "uhul:ortofoto",
          "amenity": "arts_centre",
          "building": "yes"
        }
      },
      "geometry": {
        "type": "Polygon",
        "coordinates": [
          [
            [
              18.5098013,
              49.9139659
            ],
            [
              18.5098494,
              49.91367259999999
            ],
            [
              18.5098201,
              49.91367089999999
            ],
            [
              18.5098446,
              49.9134968
            ],
            [
              18.5096834,
              49.9134873
            ],
            [
              18.5096731,
              49.9135568
            ],
            [
              18.5096142,
              49.913952699999996
            ],
            [
              18.5098013,
              49.9139659
            ]
          ]
        ]
      }
    },
    {
      "type": "Feature",
      "properties": {
        "source": "OpenStreetMap",
        "source_id": "way/93457283",
        "domain": "public",
        "asset_type": "community_social",
        "confidence": "medium",
        "missing_fields": [],
        "limitations": [
          "OSM public-service completeness and tagging vary by area and facility type.",
          "A facility tag is evidence of mapped semantics, not service availability, capacity, accessibility or operating status.",
          "BDOT10k building geometry is retained only as topographic comparison context and cannot establish facility semantics.",
          "No qualified PRG public-service facility class is enabled for this domain pack."
        ],
        "eligible_for_analysis": true,
        "osm_tags": {
          "name": "Ośrodek Kultury w Skrbeńsku",
          "source": "uhul:ortofoto",
          "amenity": "community_centre",
          "community_centre": "cultural_centre",
          "building": "yes"
        }
      },
      "geometry": {
        "type": "Polygon",
        "coordinates": [
          [
            [
              18.5286826,
              49.9100826
            ],
            [
              18.5289595,
              49.909991899999994
            ],
            [
              18.5288447,
              49.9098457
            ],
            [
              18.5285678,
              49.90993640000001
            ],
            [
              18.5286826,
              49.9100826
            ]
          ]
        ]
      }
    },
    {
      "type": "Feature",
      "properties": {
        "source": "OpenStreetMap",
        "source_id": "way/102317951",
        "domain": "public",
        "asset_type": "community_social",
        "confidence": "medium",
        "missing_fields": [],
        "limitations": [
          "OSM public-service completeness and tagging vary by area and facility type.",
          "A facility tag is evidence of mapped semantics, not service availability, capacity, accessibility or operating status.",
          "BDOT10k building geometry is retained only as topographic comparison context and cannot establish facility semantics.",
          "No qualified PRG public-service facility class is enabled for this domain pack."
        ],
        "eligible_for_analysis": true,
        "osm_tags": {
          "name": "Miejski Ośrodek Kultury",
          "amenity": "arts_centre",
          "building": "yes"
        }
      },
      "geometry": {
        "type": "Polygon",
        "coordinates": [
          [
            [
              18.4789825,
              50.049632900000006
            ],
            [
              18.4788916,
              50.04936070000001
            ],
            [
              18.479015,
              50.0493447
            ],
            [
              18.4789728,
              50.04920580000001
            ],
            [
              18.4786548,
              50.04924799999999
            ],
            [
              18.4785175,
              50.04926619999999
            ],
            [
              18.4785442,
              50.0493638
            ],
            [
              18.4785144,
              50.049367800000006
            ],
            [
              18.4785932,
              50.04962329999999
            ],
            [
              18.4786314,
              50.0496184
            ],
            [
              18.4786495,
              50.04967729999999
            ],
            [
              18.4789825,
              50.049632900000006
            ]
          ]
        ]
      }
    },
    {
      "type": "Feature",
      "properties": {
        "source": "OpenStreetMap",
        "source_id": "way/103347091",
        "domain": "public",
        "asset_type": "community_social",
        "confidence": "medium",
        "missing_fields": [],
        "limitations": [
          "OSM public-service completeness and tagging vary by area and facility type.",
          "A facility tag is evidence of mapped semantics, not service availability, capacity, accessibility or operating status.",
          "BDOT10k building geometry is retained only as topographic comparison context and cannot establish facility semantics.",
          "No qualified PRG public-service facility class is enabled for this domain pack."
        ],
        "eligible_for_analysis": true,
        "osm_tags": {
          "source": "cuzk:ruian",
          "amenity": "library",
          "building": "house"
        }
      },
      "geometry": {
        "type": "Polygon",
        "coordinates": [
          [
            [
              18.378546,
              49.903704999999995
            ],
            [
              18.3784748,
              49.903612499999994
            ],
            [
              18.3782797,
              49.9036733
            ],
            [
              18.3782808,
              49.903674499999994
            ],
            [
              18.3782146,
              49.9036955
            ],
            [
              18.3782972,
              49.90378909999999
            ],
            [
              18.3783703,
              49.90376639999999
            ],
            [
              18.378380600000003,
              49.9037798
            ],
            [
              18.3784931,
              49.9037442
            ],
            [
              18.3784831,
              49.90373149999999
            ],
            [
              18.3785497,
              49.90370980000001
            ],
            [
              18.378546,
              49.903704999999995
            ]
          ]
        ]
      }
    },
    {
      "type": "Feature",
      "properties": {
        "source": "OpenStreetMap",
        "source_id": "way/105728805",
        "domain": "public",
        "asset_type": "community_social",
        "confidence": "medium",
        "missing_fields": [],
        "limitations": [
          "OSM public-service completeness and tagging vary by area and facility type.",
          "A facility tag is evidence of mapped semantics, not service availability, capacity, accessibility or operating status.",
          "BDOT10k building geometry is retained only as topographic comparison context and cannot establish facility semantics.",
          "No qualified PRG public-service facility class is enabled for this domain pack."
        ],
        "eligible_for_analysis": true,
        "osm_tags": {
          "name": "Dom Kultury Chwałowice",
          "website": "https://www.dkchwalowice.pl/",
          "amenity": "arts_centre",
          "building": "school"
        }
      },
      "geometry": {
        "type": "Polygon",
        "coordinates": [
          [
            [
              18.5484589,
              50.0687477
            ],
            [
              18.548536700000003,
              50.06837569999999
            ],
            [
              18.5481777,
              50.0683479
            ],
            [
              18.5480869,
              50.068717199999995
            ],
            [
              18.5484589,
              50.0687477
            ]
          ]
        ]
      }
    },
    {
      "type": "Feature",
      "properties": {
        "source": "OpenStreetMap",
        "source_id": "way/108859260",
        "domain": "public",
        "asset_type": "community_social",
        "confidence": "medium",
        "missing_fields": [],
        "limitations": [
          "OSM public-service completeness and tagging vary by area and facility type.",
          "A facility tag is evidence of mapped semantics, not service availability, capacity, accessibility or operating status.",
          "BDOT10k building geometry is retained only as topographic comparison context and cannot establish facility semantics.",
          "No qualified PRG public-service facility class is enabled for this domain pack."
        ],
        "eligible_for_analysis": true,
        "osm_tags": {
          "name": "Gminna Biblioteka Publiczna w Gierałtowicach",
          "amenity": "library",
          "building": "yes"
        }
      },
      "geometry": {
        "type": "Polygon",
        "coordinates": [
          [
            [
              18.7240096,
              50.22602210000001
            ],
            [
              18.7239901,
              50.2260527
            ],
            [
              18.7240876,
              50.226078799999996
            ],
            [
              18.7241089,
              50.22605039999999
            ],
            [
              18.7241763,
              50.226068600000005
            ],
            [
              18.724236600000005,
              50.2260016
            ],
            [
              18.7240113,
              50.2259381
            ],
            [
              18.7239599,
              50.2260096
            ],
            [
              18.7240096,
              50.22602210000001
            ]
          ]
        ]
      }
    },
    {
      "type": "Feature",
      "properties": {
        "source": "OpenStreetMap",
        "source_id": "way/110148369",
        "domain": "public",
        "asset_type": "community_social",
        "confidence": "medium",
        "missing_fields": [],
        "limitations": [
          "OSM public-service completeness and tagging vary by area and facility type.",
          "A facility tag is evidence of mapped semantics, not service availability, capacity, accessibility or operating status.",
          "BDOT10k building geometry is retained only as topographic comparison context and cannot establish facility semantics.",
          "No qualified PRG public-service facility class is enabled for this domain pack."
        ],
        "eligible_for_analysis": true,
        "osm_tags": {
          "name": "Kulturní centrum Petrovice u Karviné",
          "source": "cuzk:ruian",
          "amenity": "community_centre",
          "community_centre": "cultural_centre",
          "building": "civic"
        }
      },
      "geometry": {
        "type": "Polygon",
        "coordinates": [
          [
            [
              18.5433112,
              49.89664689999999
            ],
            [
              18.5433106,
              49.8966458
            ],
            [
              18.5436511,
              49.896576299999985
            ],
            [
              18.543617,
              49.896505299999994
            ],
            [
              18.543662200000004,
              49.89649589999999
            ],
            [
              18.5437375,
              49.89648029999999
            ],
            [
              18.5437628,
              49.896534
            ],
            [
              18.5438941,
              49.896507199999995
            ],
            [
              18.5438062,
              49.89632499999998
            ],
            [
              18.5436868,
              49.8963502
            ],
            [
              18.5436851,
              49.896347
            ],
            [
              18.5435693,
              49.89637050000001
            ],
            [
              18.5435711,
              49.8963739
            ],
            [
              18.5432078,
              49.8964481
            ],
            [
              18.5432696,
              49.89657319999999
            ],
            [
              18.5433083,
              49.89664739999999
            ],
            [
              18.5433112,
              49.89664689999999
            ]
          ]
        ]
      }
    },
    {
      "type": "Feature",
      "properties": {
        "source": "OpenStreetMap",
        "source_id": "way/145628364",
        "domain": "public",
        "asset_type": "community_social",
        "confidence": "medium",
        "missing_fields": [],
        "limitations": [
          "OSM public-service completeness and tagging vary by area and facility type.",
          "A facility tag is evidence of mapped semantics, not service availability, capacity, accessibility or operating status.",
          "BDOT10k building geometry is retained only as topographic comparison context and cannot establish facility semantics.",
          "No qualified PRG public-service facility class is enabled for this domain pack."
        ],
        "eligible_for_analysis": true,
        "osm_tags": {
          "name": "Centrum Leczenia Uzależnień",
          "amenity": "social_facility"
        }
      },
      "geometry": {
        "type": "Polygon",
        "coordinates": [
          [
            [
              18.709055,
              50.31238830000001
            ],
            [
              18.7088312,
              50.3120104
            ],
            [
              18.7079815,
              50.3122134
            ],
            [
              18.708196,
              50.3125913
            ],
            [
              18.709055,
              50.31238830000001
            ]
          ]
        ]
      }
    },
    {
      "type": "Feature",
      "properties": {
        "source": "OpenStreetMap",
        "source_id": "way/147538538",
        "domain": "public",
        "asset_type": "community_social",
        "confidence": "medium",
        "missing_fields": [],
        "limitations": [
          "OSM public-service completeness and tagging vary by area and facility type.",
          "A facility tag is evidence of mapped semantics, not service availability, capacity, accessibility or operating status.",
          "BDOT10k building geometry is retained only as topographic comparison context and cannot establish facility semantics.",
          "No qualified PRG public-service facility class is enabled for this domain pack."
        ],
        "eligible_for_analysis": true,
        "osm_tags": {
          "name": "Biblioteka Publiczna",
          "source": "Bing",
          "amenity": "library"
        }
      },
      "geometry": {
        "type": "Polygon",
        "coordinates": [
          [
            [
              18.7219127,
              50.1659084
            ],
            [
              18.7218751,
              50.16583980000001
            ],
            [
              18.7218457,
              50.1658464
            ],
            [
              18.7217996,
              50.16576220000001
            ],
            [
              18.7215988,
              50.16580739999999
            ],
            [
              18.7216486,
              50.1658983
            ],
            [
              18.7216972,
              50.165887399999995
            ],
            [
              18.721731,
              50.16594929999999
            ],
            [
              18.7219127,
              50.1659084
            ]
          ]
        ]
      }
    },
    {
      "type": "Feature",
      "properties": {
        "source": "OpenStreetMap",
        "source_id": "way/152484216",
        "domain": "public",
        "asset_type": "community_social",
        "confidence": "medium",
        "missing_fields": [],
        "limitations": [
          "OSM public-service completeness and tagging vary by area and facility type.",
          "A facility tag is evidence of mapped semantics, not service availability, capacity, accessibility or operating status.",
          "BDOT10k building geometry is retained only as topographic comparison context and cannot establish facility semantics.",
          "No qualified PRG public-service facility class is enabled for this domain pack."
        ],
        "eligible_for_analysis": true,
        "osm_tags": {
          "name": "Dzienny Dom Pomocy Społecznej",
          "operator": "Miejski Ośrodek Pomocy Społecznej",
          "website": "https://www.mopsknurow.pl/",
          "source": "Bing",
          "amenity": "social_facility",
          "social_facility": "day_care",
          "building": "yes",
          "phone": "+48323355017",
          "email": "ops@knurow.pl"
        }
      },
      "geometry": {
        "type": "Polygon",
        "coordinates": [
          [
            [
              18.6618173,
              50.2330194
            ],
            [
              18.6618257,
              50.23299699999999
            ],
            [
              18.6618029,
              50.23299349999999
            ],
            [
              18.661807900000003,
              50.2329802
            ],
            [
              18.6618701,
              50.23298969999999
            ],
            [
              18.6618859,
              50.23294729999999
            ],
            [
              18.6619053,
              50.2329503
            ],
            [
              18.6619424,
              50.232851000000004
            ],
            [
              18.6618974,
              50.23284409999999
            ],
            [
              18.6619046,
              50.232824900000004
            ],
            [
              18.6617619,
              50.2328031
            ],
            [
              18.6617457,
              50.2328463
            ],
            [
              18.6617395,
              50.2328454
            ],
            [
              18.6617159,
              50.2329086
            ],
            [
              18.6617704,
              50.23291689999999
            ],
            [
              18.6617368,
              50.233007099999995
            ],
            [
              18.6618173,
              50.2330194
            ]
          ]
        ]
      }
    },
    {
      "type": "Feature",
      "properties": {
        "source": "OpenStreetMap",
        "source_id": "way/152508039",
        "domain": "public",
        "asset_type": "community_social",
        "confidence": "medium",
        "missing_fields": [],
        "limitations": [
          "OSM public-service completeness and tagging vary by area and facility type.",
          "A facility tag is evidence of mapped semantics, not service availability, capacity, accessibility or operating status.",
          "BDOT10k building geometry is retained only as topographic comparison context and cannot establish facility semantics.",
          "No qualified PRG public-service facility class is enabled for this domain pack."
        ],
        "eligible_for_analysis": true,
        "osm_tags": {
          "name": "Art CK",
          "website": "https://www.art-ck.pl/",
          "source": "Bing;knowledge",
          "amenity": "community_centre",
          "community_centre": "cultural_centre",
          "building": "commercial"
        }
      },
      "geometry": {
        "type": "Polygon",
        "coordinates": [
          [
            [
              18.658212100000004,
              50.236649799999995
            ],
            [
              18.6582254,
              50.23662819999999
            ],
            [
              18.6582549,
              50.2365803
            ],
            [
              18.6579051,
              50.2364918
            ],
            [
              18.657823,
              50.2366277
            ],
            [
              18.6579448,
              50.23665820000001
            ],
            [
              18.6581719,
              50.23671529999999
            ],
            [
              18.658212100000004,
              50.236649799999995
            ]
          ]
        ]
      }
    },
    {
      "type": "Feature",
      "properties": {
        "source": "OpenStreetMap",
        "source_id": "way/152521565",
        "domain": "public",
        "asset_type": "community_social",
        "confidence": "medium",
        "missing_fields": [],
        "limitations": [
          "OSM public-service completeness and tagging vary by area and facility type.",
          "A facility tag is evidence of mapped semantics, not service availability, capacity, accessibility or operating status.",
          "BDOT10k building geometry is retained only as topographic comparison context and cannot establish facility semantics.",
          "No qualified PRG public-service facility class is enabled for this domain pack."
        ],
        "eligible_for_analysis": true,
        "osm_tags": {
          "name": "Ośrodek Matka Boża Uzdrowienie Chorych",
          "amenity": "social_facility",
          "social_facility": "group_home",
          "building": "yes",
          "phone": "+48 32 336 22 33",
          "email": "knurow@caritas.pl"
        }
      },
      "geometry": {
        "type": "Polygon",
        "coordinates": [
          [
            [
              18.6516938,
              50.229271600000004
            ],
            [
              18.6510695,
              50.22868119999999
            ],
            [
              18.6510456,
              50.22865869999999
            ],
            [
              18.6509493,
              50.2285676
            ],
            [
              18.6507339,
              50.2286608
            ],
            [
              18.6514787,
              50.229364700000005
            ],
            [
              18.6516938,
              50.229271600000004
            ]
          ]
        ]
      }
    },
    {
      "type": "Feature",
      "properties": {
        "source": "OpenStreetMap",
        "source_id": "way/154406217",
        "domain": "public",
        "asset_type": "community_social",
        "confidence": "medium",
        "missing_fields": [],
        "limitations": [
          "OSM public-service completeness and tagging vary by area and facility type.",
          "A facility tag is evidence of mapped semantics, not service availability, capacity, accessibility or operating status.",
          "BDOT10k building geometry is retained only as topographic comparison context and cannot establish facility semantics.",
          "No qualified PRG public-service facility class is enabled for this domain pack."
        ],
        "eligible_for_analysis": true,
        "osm_tags": {
          "name": "Dom Kultury w Rybniku Boguszowicach",
          "source": "www.geoportal.gov.pl",
          "amenity": "community_centre",
          "building": "civic",
          "contact:phone": "+48 32 425 20 16"
        }
      },
      "geometry": {
        "type": "Polygon",
        "coordinates": [
          [
            [
              18.6050445,
              50.045715699999995
            ],
            [
              18.6050323,
              50.0457183
            ],
            [
              18.6050362,
              50.04572609999999
            ],
            [
              18.605047,
              50.04572379999999
            ],
            [
              18.6050738,
              50.04577669999998
            ],
            [
              18.605103,
              50.0458345
            ],
            [
              18.6052518,
              50.0458033
            ],
            [
              18.6052181,
              50.0457368
            ],
            [
              18.605215,
              50.0457306
            ],
            [
              18.6051467,
              50.04559549999998
            ],
            [
              18.6051369,
              50.0455762
            ],
            [
              18.6051056,
              50.0455144
            ],
            [
              18.6049583,
              50.04554529999999
            ],
            [
              18.6050445,
              50.045715699999995
            ]
          ]
        ]
      }
    },
    {
      "type": "Feature",
      "properties": {
        "source": "OpenStreetMap",
        "source_id": "way/161924748",
        "domain": "public",
        "asset_type": "community_social",
        "confidence": "medium",
        "missing_fields": [],
        "limitations": [
          "OSM public-service completeness and tagging vary by area and facility type.",
          "A facility tag is evidence of mapped semantics, not service availability, capacity, accessibility or operating status.",
          "BDOT10k building geometry is retained only as topographic comparison context and cannot establish facility semantics.",
          "No qualified PRG public-service facility class is enabled for this domain pack."
        ],
        "eligible_for_analysis": true,
        "osm_tags": {
          "name": "MDK nr 2",
          "amenity": "community_centre",
          "community_centre": "cultural_centre",
          "building": "yes"
        }
      },
      "geometry": {
        "type": "Polygon",
        "coordinates": [
          [
            [
              18.996043,
              50.1165129
            ],
            [
              18.9958539,
              50.11635549999999
            ],
            [
              18.9956122,
              50.11647680000001
            ],
            [
              18.9956559,
              50.1165127
            ],
            [
              18.9958016,
              50.1166334
            ],
            [
              18.996043,
              50.1165129
            ]
          ]
        ]
      }
    },
    {
      "type": "Feature",
      "properties": {
        "source": "OpenStreetMap",
        "source_id": "way/167176819",
        "domain": "public",
        "asset_type": "community_social",
        "confidence": "medium",
        "missing_fields": [],
        "limitations": [
          "OSM public-service completeness and tagging vary by area and facility type.",
          "A facility tag is evidence of mapped semantics, not service availability, capacity, accessibility or operating status.",
          "BDOT10k building geometry is retained only as topographic comparison context and cannot establish facility semantics.",
          "No qualified PRG public-service facility class is enabled for this domain pack."
        ],
        "eligible_for_analysis": true,
        "osm_tags": {
          "name": "Biblioteka Ficinus MBP w Rudzie Śląskiej",
          "operator": "Miejska Biblioteka Publiczna w Rudzie Śląskiej",
          "description": "Dawny dom robotniczy wybudowany z piaskowca. Obecnie filia biblioteki miejskiej wraz z centrum informacji turystycznej oraz wystawą o życiu na osiedlu.",
          "source": "OSM Tracker, knowledge, Bing",
          "amenity": "library",
          "building": "library",
          "opening_hours": "Mo-We,Fr 10:00-18:00; Th 11:00-19:00; Sa 07:00-15:00"
        }
      },
      "geometry": {
        "type": "Polygon",
        "coordinates": [
          [
            [
              18.8587339,
              50.273575799999996
            ],
            [
              18.8589758,
              50.273557399999994
            ],
            [
              18.8589616,
              50.27348069999999
            ],
            [
              18.8587196,
              50.273498999999994
            ],
            [
              18.8587339,
              50.273575799999996
            ]
          ]
        ]
      }
    },
    {
      "type": "Feature",
      "properties": {
        "source": "OpenStreetMap",
        "source_id": "way/167582793",
        "domain": "public",
        "asset_type": "community_social",
        "confidence": "medium",
        "missing_fields": [],
        "limitations": [
          "OSM public-service completeness and tagging vary by area and facility type.",
          "A facility tag is evidence of mapped semantics, not service availability, capacity, accessibility or operating status.",
          "BDOT10k building geometry is retained only as topographic comparison context and cannot establish facility semantics.",
          "No qualified PRG public-service facility class is enabled for this domain pack."
        ],
        "eligible_for_analysis": true,
        "osm_tags": {
          "source": "OSM Tracker, knowledge, Bing",
          "amenity": "community_centre",
          "community_centre": "parish_hall",
          "building": "yes"
        }
      },
      "geometry": {
        "type": "Polygon",
        "coordinates": [
          [
            [
              18.8899938,
              50.26506419999999
            ],
            [
              18.8902864,
              50.2650663
            ],
            [
              18.8904492,
              50.265067499999994
            ],
            [
              18.8904502,
              50.26498569999999
            ],
            [
              18.8904501,
              50.2649658
            ],
            [
              18.890451,
              50.2648859
            ],
            [
              18.8902942,
              50.2648884
            ],
            [
              18.8902929,
              50.26496970000001
            ],
            [
              18.8900709,
              50.264966900000005
            ],
            [
              18.8898731,
              50.2647839
            ],
            [
              18.8897537,
              50.26483960000001
            ],
            [
              18.8899938,
              50.26506419999999
            ]
          ]
        ]
      }
    },
    {
      "type": "Feature",
      "properties": {
        "source": "OpenStreetMap",
        "source_id": "way/168677262",
        "domain": "public",
        "asset_type": "community_social",
        "confidence": "medium",
        "missing_fields": [],
        "limitations": [
          "OSM public-service completeness and tagging vary by area and facility type.",
          "A facility tag is evidence of mapped semantics, not service availability, capacity, accessibility or operating status.",
          "BDOT10k building geometry is retained only as topographic comparison context and cannot establish facility semantics.",
          "No qualified PRG public-service facility class is enabled for this domain pack."
        ],
        "eligible_for_analysis": true,
        "osm_tags": {
          "name": "Amfiteatr",
          "amenity": "arts_centre"
        }
      },
      "geometry": {
        "type": "Polygon",
        "coordinates": [
          [
            [
              18.4835806,
              49.915632800000004
            ],
            [
              18.4837276,
              49.915367800000006
            ],
            [
              18.4837153,
              49.9153312
            ],
            [
              18.4835957,
              49.915357699999994
            ],
            [
              18.4835255,
              49.915373300000006
            ],
            [
              18.4835146,
              49.9152876
            ],
            [
              18.4834099,
              49.915325499999994
            ],
            [
              18.4833809,
              49.9153277
            ],
            [
              18.4832774,
              49.915335599999985
            ],
            [
              18.483224400000005,
              49.9153396
            ],
            [
              18.483052800000003,
              49.9154513
            ],
            [
              18.4830063,
              49.91548149999999
            ],
            [
              18.4833897,
              49.9157195
            ],
            [
              18.4835806,
              49.915632800000004
            ]
          ]
        ]
      }
    },
    {
      "type": "Feature",
      "properties": {
        "source": "OpenStreetMap",
        "source_id": "way/169044592",
        "domain": "public",
        "asset_type": "community_social",
        "confidence": "medium",
        "missing_fields": [],
        "limitations": [
          "OSM public-service completeness and tagging vary by area and facility type.",
          "A facility tag is evidence of mapped semantics, not service availability, capacity, accessibility or operating status.",
          "BDOT10k building geometry is retained only as topographic comparison context and cannot establish facility semantics.",
          "No qualified PRG public-service facility class is enabled for this domain pack."
        ],
        "eligible_for_analysis": true,
        "osm_tags": {
          "name": "Miejski Dom Kultury MDK",
          "source": "geoportal.gov.pl:ortofoto",
          "amenity": "community_centre",
          "building": "yes"
        }
      },
      "geometry": {
        "type": "Polygon",
        "coordinates": [
          [
            [
              18.9044528,
              50.16955569999999
            ],
            [
              18.9043002,
              50.16960120000001
            ],
            [
              18.9043784,
              50.16970759999999
            ],
            [
              18.9044155,
              50.1696961
            ],
            [
              18.9044479,
              50.1697391
            ],
            [
              18.9045696,
              50.169698999999994
            ],
            [
              18.9044528,
              50.16955569999999
            ]
          ]
        ]
      }
    },
    {
      "type": "Feature",
      "properties": {
        "source": "OpenStreetMap",
        "source_id": "way/169210396",
        "domain": "public",
        "asset_type": "community_social",
        "confidence": "medium",
        "missing_fields": [],
        "limitations": [
          "OSM public-service completeness and tagging vary by area and facility type.",
          "A facility tag is evidence of mapped semantics, not service availability, capacity, accessibility or operating status.",
          "BDOT10k building geometry is retained only as topographic comparison context and cannot establish facility semantics.",
          "No qualified PRG public-service facility class is enabled for this domain pack."
        ],
        "eligible_for_analysis": true,
        "osm_tags": {
          "name": "Klub Wisus",
          "operator": "Miejski Ośrodek Kultury w Żorach",
          "website": "https://wisus.zory.pl/",
          "amenity": "community_centre",
          "building": "yes"
        }
      },
      "geometry": {
        "type": "Polygon",
        "coordinates": [
          [
            [
              18.6926609,
              50.03045109999999
            ],
            [
              18.6925706,
              50.03010480000001
            ],
            [
              18.6922941,
              50.0301346
            ],
            [
              18.6923845,
              50.03048089999999
            ],
            [
              18.6926609,
              50.03045109999999
            ]
          ]
        ]
      }
    },
    {
      "type": "Feature",
      "properties": {
        "source": "OpenStreetMap",
        "source_id": "way/169261316",
        "domain": "public",
        "asset_type": "community_social",
        "confidence": "medium",
        "missing_fields": [],
        "limitations": [
          "OSM public-service completeness and tagging vary by area and facility type.",
          "A facility tag is evidence of mapped semantics, not service availability, capacity, accessibility or operating status.",
          "BDOT10k building geometry is retained only as topographic comparison context and cannot establish facility semantics.",
          "No qualified PRG public-service facility class is enabled for this domain pack."
        ],
        "eligible_for_analysis": true,
        "osm_tags": {
          "name": "Miejska i Powiatowa Bibiloteka Publiczna",
          "website": "https://www.biblioteka.wodzislaw.pl/",
          "source": "survey",
          "amenity": "library",
          "building": "yes",
          "opening_hours": "Mo 09:00-16:00, Tu-Fr 09:00-18:00, Sa 08:00-14:00",
          "phone": "+4832 4554874",
          "email": "bibliotekaws@hoga.pl"
        }
      },
      "geometry": {
        "type": "Polygon",
        "coordinates": [
          [
            [
              18.4664849,
              50.00411100000001
            ],
            [
              18.466568300000002,
              50.00412779999999
            ],
            [
              18.4667215,
              50.00381230000001
            ],
            [
              18.466472,
              50.0037623
            ],
            [
              18.4664143,
              50.0038812
            ],
            [
              18.4663189,
              50.004077699999996
            ],
            [
              18.4664849,
              50.00411100000001
            ]
          ]
        ]
      }
    },
    {
      "type": "Feature",
      "properties": {
        "source": "OpenStreetMap",
        "source_id": "way/169261322",
        "domain": "public",
        "asset_type": "community_social",
        "confidence": "medium",
        "missing_fields": [],
        "limitations": [
          "OSM public-service completeness and tagging vary by area and facility type.",
          "A facility tag is evidence of mapped semantics, not service availability, capacity, accessibility or operating status.",
          "BDOT10k building geometry is retained only as topographic comparison context and cannot establish facility semantics.",
          "No qualified PRG public-service facility class is enabled for this domain pack."
        ],
        "eligible_for_analysis": true,
        "osm_tags": {
          "name": "WCK",
          "amenity": "arts_centre",
          "building": "yes",
          "opening_hours": "Mo-Fr 07:00-15:00",
          "wheelchair": "yes"
        }
      },
      "geometry": {
        "type": "Polygon",
        "coordinates": [
          [
            [
              18.4668775,
              50.00365109999999
            ],
            [
              18.4670091,
              50.0034099
            ],
            [
              18.4671296,
              50.0034403
            ],
            [
              18.4672229,
              50.0032884
            ],
            [
              18.4671036,
              50.003260000000004
            ],
            [
              18.4668121,
              50.0031891
            ],
            [
              18.4667772,
              50.0031801
            ],
            [
              18.4667311,
              50.0032551
            ],
            [
              18.4667052,
              50.0032933
            ],
            [
              18.4666733,
              50.00328559999999
            ],
            [
              18.4665345,
              50.00351190000001
            ],
            [
              18.4665688,
              50.0035212
            ],
            [
              18.466537,
              50.0035703
            ],
            [
              18.4668775,
              50.00365109999999
            ]
          ]
        ]
      }
    },
    {
      "type": "Feature",
      "properties": {
        "source": "OpenStreetMap",
        "source_id": "way/170077149",
        "domain": "public",
        "asset_type": "community_social",
        "confidence": "medium",
        "missing_fields": [],
        "limitations": [
          "OSM public-service completeness and tagging vary by area and facility type.",
          "A facility tag is evidence of mapped semantics, not service availability, capacity, accessibility or operating status.",
          "BDOT10k building geometry is retained only as topographic comparison context and cannot establish facility semantics.",
          "No qualified PRG public-service facility class is enabled for this domain pack."
        ],
        "eligible_for_analysis": true,
        "osm_tags": {
          "name": "Dzienny Dom Pobytu Razem Na Bytomskiej",
          "amenity": "social_facility",
          "social_facility": "nursing_home"
        }
      },
      "geometry": {
        "type": "Polygon",
        "coordinates": [
          [
            [
              18.8184892,
              50.31920829999999
            ],
            [
              18.8186178,
              50.3192553
            ],
            [
              18.8188058,
              50.3190457
            ],
            [
              18.8183123,
              50.3188653
            ],
            [
              18.8181244,
              50.3190749
            ],
            [
              18.8184892,
              50.31920829999999
            ]
          ]
        ]
      }
    },
    {
      "type": "Feature",
      "properties": {
        "source": "OpenStreetMap",
        "source_id": "way/173512775",
        "domain": "public",
        "asset_type": "community_social",
        "confidence": "medium",
        "missing_fields": [],
        "limitations": [
          "OSM public-service completeness and tagging vary by area and facility type.",
          "A facility tag is evidence of mapped semantics, not service availability, capacity, accessibility or operating status.",
          "BDOT10k building geometry is retained only as topographic comparison context and cannot establish facility semantics.",
          "No qualified PRG public-service facility class is enabled for this domain pack."
        ],
        "eligible_for_analysis": true,
        "osm_tags": {
          "name": "Biblioteka Miejska",
          "source": "Bing",
          "amenity": "library",
          "building": "yes"
        }
      },
      "geometry": {
        "type": "Polygon",
        "coordinates": [
          [
            [
              18.9133134,
              50.30560339999999
            ],
            [
              18.913054,
              50.305646599999996
            ],
            [
              18.9131206,
              50.30580940000001
            ],
            [
              18.9133799,
              50.305766199999994
            ],
            [
              18.9133134,
              50.30560339999999
            ]
          ]
        ]
      }
    },
    {
      "type": "Feature",
      "properties": {
        "source": "OpenStreetMap",
        "source_id": "way/179019432",
        "domain": "public",
        "asset_type": "community_social",
        "confidence": "medium",
        "missing_fields": [],
        "limitations": [
          "OSM public-service completeness and tagging vary by area and facility type.",
          "A facility tag is evidence of mapped semantics, not service availability, capacity, accessibility or operating status.",
          "BDOT10k building geometry is retained only as topographic comparison context and cannot establish facility semantics.",
          "No qualified PRG public-service facility class is enabled for this domain pack."
        ],
        "eligible_for_analysis": true,
        "osm_tags": {
          "name": "Dom Parafialny",
          "operator": "Parafia Św. Pawła Apostoła w Rudzie Śląskiej",
          "source": "UM Ruda Śląska, raster",
          "amenity": "community_centre",
          "community_centre": "parish_hall",
          "social_facility": "outreach",
          "building": "public",
          "wheelchair": "limited"
        }
      },
      "geometry": {
        "type": "Polygon",
        "coordinates": [
          [
            [
              18.8731043,
              50.28576819999999
            ],
            [
              18.8730594,
              50.2859781
            ],
            [
              18.8732847,
              50.2860046
            ],
            [
              18.8732908,
              50.285981199999995
            ],
            [
              18.873319,
              50.2858777
            ],
            [
              18.8733233,
              50.2858679
            ],
            [
              18.8733222,
              50.2858611
            ],
            [
              18.8733345,
              50.2858146
            ],
            [
              18.8732688,
              50.28580779999999
            ],
            [
              18.8732705,
              50.28579709999999
            ],
            [
              18.8732736,
              50.2857774
            ],
            [
              18.8731061,
              50.28575959999999
            ],
            [
              18.8731043,
              50.28576819999999
            ]
          ]
        ]
      }
    },
    {
      "type": "Feature",
      "properties": {
        "source": "OpenStreetMap",
        "source_id": "way/179315670",
        "domain": "public",
        "asset_type": "community_social",
        "confidence": "medium",
        "missing_fields": [],
        "limitations": [
          "OSM public-service completeness and tagging vary by area and facility type.",
          "A facility tag is evidence of mapped semantics, not service availability, capacity, accessibility or operating status.",
          "BDOT10k building geometry is retained only as topographic comparison context and cannot establish facility semantics.",
          "No qualified PRG public-service facility class is enabled for this domain pack."
        ],
        "eligible_for_analysis": true,
        "osm_tags": {
          "name": "Dzienne Domy Pomocy Społecznej",
          "amenity": "social_facility",
          "social_facility": "day_care",
          "building": "yes",
          "phone": "+48 32 247 96 73",
          "email": "chorzowskalauba@interia.pl"
        }
      },
      "geometry": {
        "type": "Polygon",
        "coordinates": [
          [
            [
              18.9413469,
              50.2861834
            ],
            [
              18.9411666,
              50.286
            ],
            [
              18.9410316,
              50.286055999999995
            ],
            [
              18.9412137,
              50.28623749999999
            ],
            [
              18.9413469,
              50.2861834
            ]
          ]
        ]
      }
    },
    {
      "type": "Feature",
      "properties": {
        "source": "OpenStreetMap",
        "source_id": "way/179361514",
        "domain": "public",
        "asset_type": "community_social",
        "confidence": "medium",
        "missing_fields": [],
        "limitations": [
          "OSM public-service completeness and tagging vary by area and facility type.",
          "A facility tag is evidence of mapped semantics, not service availability, capacity, accessibility or operating status.",
          "BDOT10k building geometry is retained only as topographic comparison context and cannot establish facility semantics.",
          "No qualified PRG public-service facility class is enabled for this domain pack."
        ],
        "eligible_for_analysis": true,
        "osm_tags": {
          "name": "Centrum Usług Społecznych",
          "operator": "UM Ruda Śląska",
          "source": "UM Ruda Śląska",
          "amenity": "social_facility",
          "social_facility": "outreach",
          "building": "yes",
          "wheelchair": "yes"
        }
      },
      "geometry": {
        "type": "Polygon",
        "coordinates": [
          [
            [
              18.8726811,
              50.2871684
            ],
            [
              18.872666400000004,
              50.2872041
            ],
            [
              18.8726291,
              50.28729479999999
            ],
            [
              18.8729878,
              50.28735979999999
            ],
            [
              18.8731571,
              50.2873887
            ],
            [
              18.8732104,
              50.287397
            ],
            [
              18.8732637,
              50.28726369999999
            ],
            [
              18.8726811,
              50.2871684
            ]
          ]
        ]
      }
    },
    {
      "type": "Feature",
      "properties": {
        "source": "OpenStreetMap",
        "source_id": "way/180659307",
        "domain": "public",
        "asset_type": "community_social",
        "confidence": "medium",
        "missing_fields": [],
        "limitations": [
          "OSM public-service completeness and tagging vary by area and facility type.",
          "A facility tag is evidence of mapped semantics, not service availability, capacity, accessibility or operating status.",
          "BDOT10k building geometry is retained only as topographic comparison context and cannot establish facility semantics.",
          "No qualified PRG public-service facility class is enabled for this domain pack."
        ],
        "eligible_for_analysis": true,
        "osm_tags": {
          "name": "Dom Dziecka nr 3",
          "amenity": "social_facility",
          "social_facility": "group_home",
          "building": "yes"
        }
      },
      "geometry": {
        "type": "Polygon",
        "coordinates": [
          [
            [
              18.6533214,
              50.3203376
            ],
            [
              18.6534702,
              50.3203621
            ],
            [
              18.6534919,
              50.320308299999986
            ],
            [
              18.6535279,
              50.320218999999994
            ],
            [
              18.653379,
              50.32019449999999
            ],
            [
              18.6533214,
              50.3203376
            ]
          ]
        ]
      }
    },
    {
      "type": "Feature",
      "properties": {
        "source": "OpenStreetMap",
        "source_id": "way/182947175",
        "domain": "public",
        "asset_type": "community_social",
        "confidence": "medium",
        "missing_fields": [],
        "limitations": [
          "OSM public-service completeness and tagging vary by area and facility type.",
          "A facility tag is evidence of mapped semantics, not service availability, capacity, accessibility or operating status.",
          "BDOT10k building geometry is retained only as topographic comparison context and cannot establish facility semantics.",
          "No qualified PRG public-service facility class is enabled for this domain pack."
        ],
        "eligible_for_analysis": true,
        "osm_tags": {
          "name": "Miejska Biblioteka Publiczna im. Juliusza Ligonia w Świętochłowicach",
          "source": "www.geoportal.gov.pl",
          "amenity": "library",
          "building": "government"
        }
      },
      "geometry": {
        "type": "Polygon",
        "coordinates": [
          [
            [
              18.9311253,
              50.28211859999999
            ],
            [
              18.9308904,
              50.2822154
            ],
            [
              18.9308915,
              50.2822167
            ],
            [
              18.9308526,
              50.28223309999999
            ],
            [
              18.9309227,
              50.2823035
            ],
            [
              18.9309614,
              50.2822877
            ],
            [
              18.9309636,
              50.28229009999999
            ],
            [
              18.9311534,
              50.28221189999999
            ],
            [
              18.9311684,
              50.28222689999999
            ],
            [
              18.9311733,
              50.28222489999999
            ],
            [
              18.9312129,
              50.28220829999999
            ],
            [
              18.9312229,
              50.282204199999995
            ],
            [
              18.9311351,
              50.282114299999996
            ],
            [
              18.9311253,
              50.28211859999999
            ]
          ]
        ]
      }
    },
    {
      "type": "Feature",
      "properties": {
        "source": "OpenStreetMap",
        "source_id": "way/183043765",
        "domain": "public",
        "asset_type": "community_social",
        "confidence": "medium",
        "missing_fields": [],
        "limitations": [
          "OSM public-service completeness and tagging vary by area and facility type.",
          "A facility tag is evidence of mapped semantics, not service availability, capacity, accessibility or operating status.",
          "BDOT10k building geometry is retained only as topographic comparison context and cannot establish facility semantics.",
          "No qualified PRG public-service facility class is enabled for this domain pack."
        ],
        "eligible_for_analysis": true,
        "osm_tags": {
          "name": "Ośrodek Pomocy Społecznej",
          "amenity": "social_facility",
          "social_facility": "outreach",
          "building": "yes"
        }
      },
      "geometry": {
        "type": "Polygon",
        "coordinates": [
          [
            [
              18.9493538,
              50.2804901
            ],
            [
              18.9491082,
              50.28055169999999
            ],
            [
              18.9494559,
              50.281117899999984
            ],
            [
              18.94956712247899,
              50.28109000389228
            ],
            [
              18.94966849004586,
              50.281002546709374
            ],
            [
              18.9493538,
              50.2804901
            ]
          ]
        ]
      }
    },
    {
      "type": "Feature",
      "properties": {
        "source": "OpenStreetMap",
        "source_id": "way/183637274",
        "domain": "public",
        "asset_type": "community_social",
        "confidence": "medium",
        "missing_fields": [],
        "limitations": [
          "OSM public-service completeness and tagging vary by area and facility type.",
          "A facility tag is evidence of mapped semantics, not service availability, capacity, accessibility or operating status.",
          "BDOT10k building geometry is retained only as topographic comparison context and cannot establish facility semantics.",
          "No qualified PRG public-service facility class is enabled for this domain pack."
        ],
        "eligible_for_analysis": true,
        "osm_tags": {
          "name": "Miejski Dom Kultury Batory",
          "website": "http://www.mdk-batory.com.pl",
          "source": "www.geoportal.gov.pl",
          "amenity": "community_centre",
          "building": "yes",
          "phone": "+48 32 246 00 60"
        }
      },
      "geometry": {
        "type": "Polygon",
        "coordinates": [
          [
            [
              18.9395785,
              50.2754448
            ],
            [
              18.9395761,
              50.27543669999999
            ],
            [
              18.9392073,
              50.2754488
            ],
            [
              18.939211,
              50.275508599999995
            ],
            [
              18.9390902,
              50.2755116
            ],
            [
              18.939103500000005,
              50.275755100000005
            ],
            [
              18.9392601,
              50.275752
            ],
            [
              18.9392608,
              50.27575590000001
            ],
            [
              18.9392666,
              50.2757558
            ],
            [
              18.9392676,
              50.27574559999999
            ],
            [
              18.9394412,
              50.2757403
            ],
            [
              18.9394452,
              50.275794199999986
            ],
            [
              18.9394971,
              50.27579259999999
            ],
            [
              18.939499,
              50.275819099999985
            ],
            [
              18.9395186,
              50.27581860000001
            ],
            [
              18.9395254,
              50.27590969999999
            ],
            [
              18.9397135,
              50.2759051
            ],
            [
              18.9396853,
              50.275440599999996
            ],
            [
              18.9395785,
              50.2754448
            ]
          ]
        ]
      }
    },
    {
      "type": "Feature",
      "properties": {
        "source": "OpenStreetMap",
        "source_id": "way/183637369",
        "domain": "public",
        "asset_type": "community_social",
        "confidence": "medium",
        "missing_fields": [],
        "limitations": [
          "OSM public-service completeness and tagging vary by area and facility type.",
          "A facility tag is evidence of mapped semantics, not service availability, capacity, accessibility or operating status.",
          "BDOT10k building geometry is retained only as topographic comparison context and cannot establish facility semantics.",
          "No qualified PRG public-service facility class is enabled for this domain pack."
        ],
        "eligible_for_analysis": true,
        "osm_tags": {
          "name": "Środowiskowy Dom Opieki dla Osób z Zaburzeniami Zdrowia Psychicznego",
          "website": "http://www.sdschorzow.pl",
          "amenity": "social_facility",
          "social_facility": "outreach",
          "phone": "+48 32 246 36 18",
          "email": "sdschorzow@wp.pl"
        }
      },
      "geometry": {
        "type": "Polygon",
        "coordinates": [
          [
            [
              18.931956000000003,
              50.27342459999999
            ],
            [
              18.9320568,
              50.27372869999999
            ],
            [
              18.9321553,
              50.2740191
            ],
            [
              18.9321553,
              50.27402299999999
            ],
            [
              18.932584900000002,
              50.273958099999994
            ],
            [
              18.9330396,
              50.27389620000001
            ],
            [
              18.933014,
              50.273826799999995
            ],
            [
              18.9330003,
              50.273789
            ],
            [
              18.9328251,
              50.2732615
            ],
            [
              18.9324928,
              50.2733192
            ],
            [
              18.9319422,
              50.273394800000005
            ],
            [
              18.9319711,
              50.2734053
            ],
            [
              18.931956000000003,
              50.27342459999999
            ]
          ]
        ]
      }
    },
    {
      "type": "Feature",
      "properties": {
        "source": "OpenStreetMap",
        "source_id": "way/192929220",
        "domain": "public",
        "asset_type": "community_social",
        "confidence": "medium",
        "missing_fields": [],
        "limitations": [
          "OSM public-service completeness and tagging vary by area and facility type.",
          "A facility tag is evidence of mapped semantics, not service availability, capacity, accessibility or operating status.",
          "BDOT10k building geometry is retained only as topographic comparison context and cannot establish facility semantics.",
          "No qualified PRG public-service facility class is enabled for this domain pack."
        ],
        "eligible_for_analysis": true,
        "osm_tags": {
          "name": "Młodzieżowy Dom Kultury",
          "amenity": "community_centre",
          "building": "yes"
        }
      },
      "geometry": {
        "type": "Polygon",
        "coordinates": [
          [
            [
              18.9137475,
              50.2935454
            ],
            [
              18.9137733,
              50.293617499999996
            ],
            [
              18.9138146,
              50.2936115
            ],
            [
              18.9138843,
              50.2938068
            ],
            [
              18.9139373,
              50.2939551
            ],
            [
              18.9139578,
              50.294012499999994
            ],
            [
              18.913548,
              50.29407220000001
            ],
            [
              18.9135298,
              50.2940748
            ],
            [
              18.9135108,
              50.294077599999994
            ],
            [
              18.9134084,
              50.29409249999999
            ],
            [
              18.9134127,
              50.29410450000001
            ],
            [
              18.9133079,
              50.294119699999996
            ],
            [
              18.9133315,
              50.294185899999995
            ],
            [
              18.9133465,
              50.29418369999999
            ],
            [
              18.9134238,
              50.2941725
            ],
            [
              18.9134362,
              50.2941707
            ],
            [
              18.9134491,
              50.29420699999999
            ],
            [
              18.9139981,
              50.294126999999996
            ],
            [
              18.9140005,
              50.2941339
            ],
            [
              18.9141917,
              50.294106000000006
            ],
            [
              18.914115,
              50.2938911
            ],
            [
              18.914112,
              50.2938826
            ],
            [
              18.9140624,
              50.2937437
            ],
            [
              18.9140903,
              50.293739600000016
            ],
            [
              18.914082,
              50.293716200000006
            ],
            [
              18.9140075,
              50.29350749999999
            ],
            [
              18.9137475,
              50.2935454
            ]
          ]
        ]
      }
    },
    {
      "type": "Feature",
      "properties": {
        "source": "OpenStreetMap",
        "source_id": "way/201595504",
        "domain": "public",
        "asset_type": "community_social",
        "confidence": "medium",
        "missing_fields": [],
        "limitations": [
          "OSM public-service completeness and tagging vary by area and facility type.",
          "A facility tag is evidence of mapped semantics, not service availability, capacity, accessibility or operating status.",
          "BDOT10k building geometry is retained only as topographic comparison context and cannot establish facility semantics.",
          "No qualified PRG public-service facility class is enabled for this domain pack."
        ],
        "eligible_for_analysis": true,
        "osm_tags": {
          "name": "Miejski ośrodek pomocy społecznej",
          "source": "UM Katowice",
          "amenity": "social_facility",
          "building": "yes"
        }
      },
      "geometry": {
        "type": "Polygon",
        "coordinates": [
          [
            [
              18.9742491,
              50.22183789999999
            ],
            [
              18.9741273,
              50.221843
            ],
            [
              18.974133000000002,
              50.22190149999999
            ],
            [
              18.9741407,
              50.2219011
            ],
            [
              18.9741508,
              50.2220068
            ],
            [
              18.9746105,
              50.22198889999999
            ],
            [
              18.9746258,
              50.2219883
            ],
            [
              18.9747326,
              50.22198419999999
            ],
            [
              18.9747209,
              50.2218758
            ],
            [
              18.9747273,
              50.22187559999999
            ],
            [
              18.974723,
              50.22181750000001
            ],
            [
              18.9746028,
              50.2218226
            ],
            [
              18.9746069,
              50.22188080000001
            ],
            [
              18.9742554,
              50.221896099999995
            ],
            [
              18.9742491,
              50.22183789999999
            ]
          ]
        ]
      }
    },
    {
      "type": "Feature",
      "properties": {
        "source": "OpenStreetMap",
        "source_id": "way/201675317",
        "domain": "public",
        "asset_type": "community_social",
        "confidence": "medium",
        "missing_fields": [],
        "limitations": [
          "OSM public-service completeness and tagging vary by area and facility type.",
          "A facility tag is evidence of mapped semantics, not service availability, capacity, accessibility or operating status.",
          "BDOT10k building geometry is retained only as topographic comparison context and cannot establish facility semantics.",
          "No qualified PRG public-service facility class is enabled for this domain pack."
        ],
        "eligible_for_analysis": true,
        "osm_tags": {
          "name": "Miejski Dom Kultury „Południe” - filia nr 4 w Podlesiu",
          "source": "UM Katowice",
          "amenity": "community_centre",
          "building": "yes"
        }
      },
      "geometry": {
        "type": "Polygon",
        "coordinates": [
          [
            [
              18.9764641,
              50.1801401
            ],
            [
              18.9763595,
              50.180069200000005
            ],
            [
              18.9763531,
              50.180072200000005
            ],
            [
              18.9763304,
              50.1800564
            ],
            [
              18.9762062,
              50.1799703
            ],
            [
              18.9761953,
              50.1799768
            ],
            [
              18.9761868,
              50.17998200000001
            ],
            [
              18.9761048,
              50.1800302
            ],
            [
              18.9762331,
              50.1801186
            ],
            [
              18.9762246,
              50.180123699999996
            ],
            [
              18.976216,
              50.1801289
            ],
            [
              18.9762456,
              50.1801488
            ],
            [
              18.9762773,
              50.180169299999996
            ],
            [
              18.976339800000005,
              50.180213
            ],
            [
              18.9764641,
              50.1801401
            ]
          ]
        ]
      }
    },
    {
      "type": "Feature",
      "properties": {
        "source": "OpenStreetMap",
        "source_id": "way/201912917",
        "domain": "public",
        "asset_type": "community_social",
        "confidence": "medium",
        "missing_fields": [],
        "limitations": [
          "OSM public-service completeness and tagging vary by area and facility type.",
          "A facility tag is evidence of mapped semantics, not service availability, capacity, accessibility or operating status.",
          "BDOT10k building geometry is retained only as topographic comparison context and cannot establish facility semantics.",
          "No qualified PRG public-service facility class is enabled for this domain pack."
        ],
        "eligible_for_analysis": true,
        "osm_tags": {
          "name": "Schronisko dla bezdomnych kobiet i kobiet z dziećmi",
          "source": "UM Katowice",
          "amenity": "social_facility",
          "social_facility": "shelter",
          "building": "civic"
        }
      },
      "geometry": {
        "type": "Polygon",
        "coordinates": [
          [
            [
              18.9902341,
              50.2303054
            ],
            [
              18.9901098,
              50.2301433
            ],
            [
              18.9902303,
              50.2301069
            ],
            [
              18.9903039,
              50.23020280000001
            ],
            [
              18.9903599,
              50.2301863
            ],
            [
              18.9904181,
              50.2301897
            ],
            [
              18.990422600000002,
              50.23016690000001
            ],
            [
              18.9904847,
              50.23014779999998
            ],
            [
              18.9902633,
              50.2298593
            ],
            [
              18.9902304,
              50.2298688
            ],
            [
              18.9902074,
              50.2298373
            ],
            [
              18.9900581,
              50.2298819
            ],
            [
              18.9901921,
              50.230057
            ],
            [
              18.9900703,
              50.23009259999999
            ],
            [
              18.9900367,
              50.23004980000001
            ],
            [
              18.9898682,
              50.2300987
            ],
            [
              18.9899058,
              50.23014619999999
            ],
            [
              18.9899155,
              50.230143299999995
            ],
            [
              18.989924600000002,
              50.2301557
            ],
            [
              18.9900801,
              50.23035089999999
            ],
            [
              18.9902341,
              50.2303054
            ]
          ]
        ]
      }
    },
    {
      "type": "Feature",
      "properties": {
        "source": "OpenStreetMap",
        "source_id": "way/202678950",
        "domain": "public",
        "asset_type": "community_social",
        "confidence": "medium",
        "missing_fields": [],
        "limitations": [
          "OSM public-service completeness and tagging vary by area and facility type.",
          "A facility tag is evidence of mapped semantics, not service availability, capacity, accessibility or operating status.",
          "BDOT10k building geometry is retained only as topographic comparison context and cannot establish facility semantics.",
          "No qualified PRG public-service facility class is enabled for this domain pack."
        ],
        "eligible_for_analysis": true,
        "osm_tags": {
          "name": "Miejska Biblioteka Publiczna w Zabrzu Filia nr 9",
          "source": "UM Zabrze",
          "amenity": "library",
          "building": "yes",
          "opening_hours": "Mo,We 10:00-18:00; Tu 09:00-15:00; Th 10:00-15:00; Fr 08:00-16:00",
          "phone": "+48322750524",
          "email": "f9@biblioteka.zabrze.pl"
        }
      },
      "geometry": {
        "type": "Polygon",
        "coordinates": [
          [
            [
              18.7944499,
              50.2726315
            ],
            [
              18.7944524,
              50.272660300000005
            ],
            [
              18.7944531,
              50.272670100000006
            ],
            [
              18.7945379,
              50.27266749999998
            ],
            [
              18.794567,
              50.2726664
            ],
            [
              18.7946228,
              50.2726648
            ],
            [
              18.794623,
              50.2726626
            ],
            [
              18.7946212,
              50.27262029999999
            ],
            [
              18.794619400000002,
              50.27261620000001
            ],
            [
              18.7944492,
              50.27262180000001
            ],
            [
              18.7944499,
              50.2726315
            ]
          ]
        ]
      }
    },
    {
      "type": "Feature",
      "properties": {
        "source": "OpenStreetMap",
        "source_id": "way/202692623",
        "domain": "public",
        "asset_type": "community_social",
        "confidence": "medium",
        "missing_fields": [],
        "limitations": [
          "OSM public-service completeness and tagging vary by area and facility type.",
          "A facility tag is evidence of mapped semantics, not service availability, capacity, accessibility or operating status.",
          "BDOT10k building geometry is retained only as topographic comparison context and cannot establish facility semantics.",
          "No qualified PRG public-service facility class is enabled for this domain pack."
        ],
        "eligible_for_analysis": true,
        "osm_tags": {
          "name": "CK Wiatrak",
          "website": "https://wiatrak.art.pl/",
          "source": "UM Zabrze",
          "amenity": "arts_centre",
          "building": "historic"
        }
      },
      "geometry": {
        "type": "Polygon",
        "coordinates": [
          [
            [
              18.8076174,
              50.29475729999999
            ],
            [
              18.8077505,
              50.2947105
            ],
            [
              18.8077675,
              50.2947302
            ],
            [
              18.8078368,
              50.2947059
            ],
            [
              18.8078196,
              50.2946859
            ],
            [
              18.8079358,
              50.29464509999998
            ],
            [
              18.8079287,
              50.29463690000001
            ],
            [
              18.8078447,
              50.2945392
            ],
            [
              18.8078348,
              50.2945277
            ],
            [
              18.8077613,
              50.29455349999999
            ],
            [
              18.8077395,
              50.2945282
            ],
            [
              18.8075557,
              50.2945927
            ],
            [
              18.8075784,
              50.29461919999999
            ],
            [
              18.8075171,
              50.2946407
            ],
            [
              18.8076174,
              50.29475729999999
            ]
          ]
        ]
      }
    },
    {
      "type": "Feature",
      "properties": {
        "source": "OpenStreetMap",
        "source_id": "way/202706611",
        "domain": "public",
        "asset_type": "community_social",
        "confidence": "medium",
        "missing_fields": [],
        "limitations": [
          "OSM public-service completeness and tagging vary by area and facility type.",
          "A facility tag is evidence of mapped semantics, not service availability, capacity, accessibility or operating status.",
          "BDOT10k building geometry is retained only as topographic comparison context and cannot establish facility semantics.",
          "No qualified PRG public-service facility class is enabled for this domain pack."
        ],
        "eligible_for_analysis": true,
        "osm_tags": {
          "source": "UM Zabrze",
          "amenity": "community_centre",
          "community_centre": "parish_hall",
          "building": "yes"
        }
      },
      "geometry": {
        "type": "Polygon",
        "coordinates": [
          [
            [
              18.742267,
              50.310038799999994
            ],
            [
              18.7422659,
              50.30992520000001
            ],
            [
              18.7420073,
              50.309927699999996
            ],
            [
              18.7420078,
              50.31004209999998
            ],
            [
              18.742267,
              50.310038799999994
            ]
          ]
        ]
      }
    },
    {
      "type": "Feature",
      "properties": {
        "source": "OpenStreetMap",
        "source_id": "way/202728492",
        "domain": "public",
        "asset_type": "community_social",
        "confidence": "medium",
        "missing_fields": [],
        "limitations": [
          "OSM public-service completeness and tagging vary by area and facility type.",
          "A facility tag is evidence of mapped semantics, not service availability, capacity, accessibility or operating status.",
          "BDOT10k building geometry is retained only as topographic comparison context and cannot establish facility semantics.",
          "No qualified PRG public-service facility class is enabled for this domain pack."
        ],
        "eligible_for_analysis": true,
        "osm_tags": {
          "name": "Dom Muzyki i Tańca",
          "wikidata": "Q9209347",
          "wikipedia": "pl:Dom Muzyki i Tańca w Zabrzu",
          "source": "UM Zabrze",
          "amenity": "arts_centre",
          "building": "yes"
        }
      },
      "geometry": {
        "type": "Polygon",
        "coordinates": [
          [
            [
              18.775882,
              50.30345459999999
            ],
            [
              18.7758565,
              50.3034857
            ],
            [
              18.7759913,
              50.30377989999999
            ],
            [
              18.7760207,
              50.303790500000005
            ],
            [
              18.7764803,
              50.30370379999999
            ],
            [
              18.7767097,
              50.30343349999999
            ],
            [
              18.776574500000002,
              50.30313939999999
            ],
            [
              18.7765448,
              50.303129699999985
            ],
            [
              18.7761497,
              50.3032045
            ],
            [
              18.7760836,
              50.30321699999999
            ],
            [
              18.7760581,
              50.3032475
            ],
            [
              18.7759622,
              50.30321419999999
            ],
            [
              18.7757867,
              50.303421499999985
            ],
            [
              18.775882,
              50.30345459999999
            ]
          ]
        ]
      }
    },
    {
      "type": "Feature",
      "properties": {
        "source": "OpenStreetMap",
        "source_id": "way/202816320",
        "domain": "public",
        "asset_type": "community_social",
        "confidence": "medium",
        "missing_fields": [],
        "limitations": [
          "OSM public-service completeness and tagging vary by area and facility type.",
          "A facility tag is evidence of mapped semantics, not service availability, capacity, accessibility or operating status.",
          "BDOT10k building geometry is retained only as topographic comparison context and cannot establish facility semantics.",
          "No qualified PRG public-service facility class is enabled for this domain pack."
        ],
        "eligible_for_analysis": true,
        "osm_tags": {
          "name": "Klub Kulturalny \"Harcówka\"",
          "amenity": "arts_centre",
          "building": "yes",
          "opening_hours": "Mo-Fr 08:00-20:00",
          "phone": "+48 32 423 40 80",
          "email": "harcowka.rck@gmail.com"
        }
      },
      "geometry": {
        "type": "Polygon",
        "coordinates": [
          [
            [
              18.5817524,
              50.0894387
            ],
            [
              18.581960800000004,
              50.0897388
            ],
            [
              18.5821784,
              50.0896766
            ],
            [
              18.5820876,
              50.08954589999999
            ],
            [
              18.582031,
              50.08956209999999
            ],
            [
              18.5819133,
              50.08939259999999
            ],
            [
              18.5817524,
              50.0894387
            ]
          ]
        ]
      }
    },
    {
      "type": "Feature",
      "properties": {
        "source": "OpenStreetMap",
        "source_id": "way/205212891",
        "domain": "public",
        "asset_type": "community_social",
        "confidence": "medium",
        "missing_fields": [],
        "limitations": [
          "OSM public-service completeness and tagging vary by area and facility type.",
          "A facility tag is evidence of mapped semantics, not service availability, capacity, accessibility or operating status.",
          "BDOT10k building geometry is retained only as topographic comparison context and cannot establish facility semantics.",
          "No qualified PRG public-service facility class is enabled for this domain pack."
        ],
        "eligible_for_analysis": true,
        "osm_tags": {
          "name": "Gminny Ośrodek Pomocy Społecznej",
          "amenity": "social_facility",
          "building": "government"
        }
      },
      "geometry": {
        "type": "Polygon",
        "coordinates": [
          [
            [
              18.3111958,
              50.164216499999995
            ],
            [
              18.3111989,
              50.1641361
            ],
            [
              18.3112765,
              50.1641362
            ],
            [
              18.3112799,
              50.1640827
            ],
            [
              18.311204,
              50.16408369999999
            ],
            [
              18.3112082,
              50.1640082
            ],
            [
              18.3109829,
              50.1640073
            ],
            [
              18.3109805,
              50.16421210000001
            ],
            [
              18.3111958,
              50.164216499999995
            ]
          ]
        ]
      }
    },
    {
      "type": "Feature",
      "properties": {
        "source": "OpenStreetMap",
        "source_id": "way/205262996",
        "domain": "public",
        "asset_type": "community_social",
        "confidence": "medium",
        "missing_fields": [],
        "limitations": [
          "OSM public-service completeness and tagging vary by area and facility type.",
          "A facility tag is evidence of mapped semantics, not service availability, capacity, accessibility or operating status.",
          "BDOT10k building geometry is retained only as topographic comparison context and cannot establish facility semantics.",
          "No qualified PRG public-service facility class is enabled for this domain pack."
        ],
        "eligible_for_analysis": true,
        "osm_tags": {
          "source": "UM Ruda Śląska",
          "amenity": "community_centre",
          "community_centre": "cultural_centre",
          "building": "education"
        }
      },
      "geometry": {
        "type": "Polygon",
        "coordinates": [
          [
            [
              18.8324705,
              50.268426
            ],
            [
              18.8325043,
              50.268340699999996
            ],
            [
              18.8326076,
              50.268357099999996
            ],
            [
              18.8327799,
              50.2683844
            ],
            [
              18.8328545,
              50.26818900000001
            ],
            [
              18.8325075,
              50.2681349
            ],
            [
              18.8323298,
              50.268107
            ],
            [
              18.8322994,
              50.2681967
            ],
            [
              18.8322815,
              50.268243
            ],
            [
              18.8322698,
              50.26827349999999
            ],
            [
              18.8321934,
              50.268261999999986
            ],
            [
              18.8321485,
              50.2683762
            ],
            [
              18.8324702,
              50.2684269
            ],
            [
              18.8324705,
              50.268426
            ]
          ]
        ]
      }
    },
    {
      "type": "Feature",
      "properties": {
        "source": "OpenStreetMap",
        "source_id": "way/205531520",
        "domain": "public",
        "asset_type": "community_social",
        "confidence": "medium",
        "missing_fields": [],
        "limitations": [
          "OSM public-service completeness and tagging vary by area and facility type.",
          "A facility tag is evidence of mapped semantics, not service availability, capacity, accessibility or operating status.",
          "BDOT10k building geometry is retained only as topographic comparison context and cannot establish facility semantics.",
          "No qualified PRG public-service facility class is enabled for this domain pack."
        ],
        "eligible_for_analysis": true,
        "osm_tags": {
          "name": "Miejska Biblioteka Publiczna Filia Nr 8",
          "website": "http://biblioteka.r-sl.pl/",
          "source": "UM Ruda Śląska",
          "amenity": "library",
          "building": "yes"
        }
      },
      "geometry": {
        "type": "Polygon",
        "coordinates": [
          [
            [
              18.8702728,
              50.236354600000006
            ],
            [
              18.8702916,
              50.236436299999994
            ],
            [
              18.870375,
              50.2364285
            ],
            [
              18.8703721,
              50.23641579999999
            ],
            [
              18.8704061,
              50.236412599999994
            ],
            [
              18.8704092,
              50.23642519999999
            ],
            [
              18.8705016,
              50.236416
            ],
            [
              18.8704838,
              50.236335700000005
            ],
            [
              18.8703252,
              50.236350399999985
            ],
            [
              18.8702728,
              50.236354600000006
            ]
          ]
        ]
      }
    },
    {
      "type": "Feature",
      "properties": {
        "source": "OpenStreetMap",
        "source_id": "way/205644901",
        "domain": "public",
        "asset_type": "community_social",
        "confidence": "medium",
        "missing_fields": [],
        "limitations": [
          "OSM public-service completeness and tagging vary by area and facility type.",
          "A facility tag is evidence of mapped semantics, not service availability, capacity, accessibility or operating status.",
          "BDOT10k building geometry is retained only as topographic comparison context and cannot establish facility semantics.",
          "No qualified PRG public-service facility class is enabled for this domain pack."
        ],
        "eligible_for_analysis": true,
        "osm_tags": {
          "name": "Centrum Inicjatyw Społecznych \"Stary Orzegów\"",
          "operator": "UM Ruda Śląsla, Miejska Biblioteka Publiczna",
          "source": "UM Ruda Śląska",
          "amenity": "library",
          "building": "yes"
        }
      },
      "geometry": {
        "type": "Polygon",
        "coordinates": [
          [
            [
              18.8747566,
              50.32141879999999
            ],
            [
              18.8748492,
              50.3214072
            ],
            [
              18.8748663,
              50.3214044
            ],
            [
              18.8748969,
              50.32139969999999
            ],
            [
              18.8748567,
              50.32127909999999
            ],
            [
              18.874709,
              50.32129940000001
            ],
            [
              18.874679,
              50.32130419999999
            ],
            [
              18.8747187,
              50.321423899999985
            ],
            [
              18.8747566,
              50.32141879999999
            ]
          ]
        ]
      }
    },
    {
      "type": "Feature",
      "properties": {
        "source": "OpenStreetMap",
        "source_id": "way/205649912",
        "domain": "public",
        "asset_type": "community_social",
        "confidence": "medium",
        "missing_fields": [],
        "limitations": [
          "OSM public-service completeness and tagging vary by area and facility type.",
          "A facility tag is evidence of mapped semantics, not service availability, capacity, accessibility or operating status.",
          "BDOT10k building geometry is retained only as topographic comparison context and cannot establish facility semantics.",
          "No qualified PRG public-service facility class is enabled for this domain pack."
        ],
        "eligible_for_analysis": true,
        "osm_tags": {
          "name": "Świetlica Środowiskowa",
          "operator": "Caritas",
          "source": "UM Ruda Śląska, raster",
          "amenity": "social_facility",
          "social_facility": "outreach",
          "building": "public",
          "phone": "+48 32 242 11 69",
          "email": "swelzbieta@caritas.pl",
          "wheelchair": "limited"
        }
      },
      "geometry": {
        "type": "Polygon",
        "coordinates": [
          [
            [
              18.8729588,
              50.3207623
            ],
            [
              18.873099,
              50.320745900000006
            ],
            [
              18.8731159,
              50.32072990000001
            ],
            [
              18.8730924,
              50.320644
            ],
            [
              18.8730665,
              50.3206316
            ],
            [
              18.8730297,
              50.3205132
            ],
            [
              18.8728851,
              50.32053179999999
            ],
            [
              18.8729588,
              50.3207623
            ]
          ]
        ]
      }
    },
    {
      "type": "Feature",
      "properties": {
        "source": "OpenStreetMap",
        "source_id": "way/206363702",
        "domain": "public",
        "asset_type": "community_social",
        "confidence": "medium",
        "missing_fields": [],
        "limitations": [
          "OSM public-service completeness and tagging vary by area and facility type.",
          "A facility tag is evidence of mapped semantics, not service availability, capacity, accessibility or operating status.",
          "BDOT10k building geometry is retained only as topographic comparison context and cannot establish facility semantics.",
          "No qualified PRG public-service facility class is enabled for this domain pack."
        ],
        "eligible_for_analysis": true,
        "osm_tags": {
          "name": "Dom Dziecka",
          "amenity": "social_facility"
        }
      },
      "geometry": {
        "type": "Polygon",
        "coordinates": [
          [
            [
              18.7878886,
              50.31411649999998
            ],
            [
              18.7881149,
              50.3141492
            ],
            [
              18.7882512,
              50.3141338
            ],
            [
              18.7879704,
              50.313275899999994
            ],
            [
              18.7872399,
              50.31340099999999
            ],
            [
              18.7873809,
              50.313709900000006
            ],
            [
              18.7870961,
              50.3137476
            ],
            [
              18.7872241,
              50.314201499999996
            ],
            [
              18.7878886,
              50.31411649999998
            ]
          ]
        ]
      }
    },
    {
      "type": "Feature",
      "properties": {
        "source": "OpenStreetMap",
        "source_id": "way/206398042",
        "domain": "public",
        "asset_type": "community_social",
        "confidence": "medium",
        "missing_fields": [],
        "limitations": [
          "OSM public-service completeness and tagging vary by area and facility type.",
          "A facility tag is evidence of mapped semantics, not service availability, capacity, accessibility or operating status.",
          "BDOT10k building geometry is retained only as topographic comparison context and cannot establish facility semantics.",
          "No qualified PRG public-service facility class is enabled for this domain pack."
        ],
        "eligible_for_analysis": true,
        "osm_tags": {
          "name": "Młodzieżowy Dom Kultury",
          "source": "UM Ruda Śląska",
          "amenity": "community_centre",
          "building": "education"
        }
      },
      "geometry": {
        "type": "Polygon",
        "coordinates": [
          [
            [
              18.8480498,
              50.3152551
            ],
            [
              18.8480702,
              50.315287899999994
            ],
            [
              18.8480041,
              50.31530469999999
            ],
            [
              18.8480778,
              50.31542280000001
            ],
            [
              18.8483675,
              50.315349
            ],
            [
              18.8482887,
              50.31522269999999
            ],
            [
              18.8482123,
              50.3151002
            ],
            [
              18.8481975,
              50.3150765
            ],
            [
              18.8480994,
              50.31510139999999
            ],
            [
              18.8481144,
              50.315125499999986
            ],
            [
              18.8479892,
              50.31515739999999
            ],
            [
              18.8480367,
              50.31523359999999
            ],
            [
              18.848058,
              50.3152281
            ],
            [
              18.8480714,
              50.3152496
            ],
            [
              18.8480498,
              50.3152551
            ]
          ]
        ]
      }
    },
    {
      "type": "Feature",
      "properties": {
        "source": "OpenStreetMap",
        "source_id": "way/206398150",
        "domain": "public",
        "asset_type": "community_social",
        "confidence": "medium",
        "missing_fields": [],
        "limitations": [
          "OSM public-service completeness and tagging vary by area and facility type.",
          "A facility tag is evidence of mapped semantics, not service availability, capacity, accessibility or operating status.",
          "BDOT10k building geometry is retained only as topographic comparison context and cannot establish facility semantics.",
          "No qualified PRG public-service facility class is enabled for this domain pack."
        ],
        "eligible_for_analysis": true,
        "osm_tags": {
          "name": "Ośrodek Święta Elżbieta",
          "operator": "Caritas",
          "website": "http://swelzbieta.caritas.pl/",
          "source": "UM Ruda Śląska",
          "amenity": "social_facility",
          "social_facility": "assisted_living",
          "building": "yes",
          "phone": "+48 32 243 65 94",
          "email": "swelzbieta@caritas.pl"
        }
      },
      "geometry": {
        "type": "Polygon",
        "coordinates": [
          [
            [
              18.8548871,
              50.3052725
            ],
            [
              18.8548026,
              50.305274400000016
            ],
            [
              18.854806,
              50.3053392
            ],
            [
              18.8549264,
              50.305336499999996
            ],
            [
              18.8551675,
              50.3053312
            ],
            [
              18.8551639,
              50.305262500000005
            ],
            [
              18.8550806,
              50.3052643
            ],
            [
              18.8550652,
              50.3049777
            ],
            [
              18.8550637,
              50.30495100000001
            ],
            [
              18.8550629,
              50.3049348
            ],
            [
              18.8550581,
              50.30484559999999
            ],
            [
              18.8548644,
              50.3048498
            ],
            [
              18.8548871,
              50.3052725
            ]
          ]
        ]
      }
    },
    {
      "type": "Feature",
      "properties": {
        "source": "OpenStreetMap",
        "source_id": "way/206734684",
        "domain": "public",
        "asset_type": "community_social",
        "confidence": "medium",
        "missing_fields": [],
        "limitations": [
          "OSM public-service completeness and tagging vary by area and facility type.",
          "A facility tag is evidence of mapped semantics, not service availability, capacity, accessibility or operating status.",
          "BDOT10k building geometry is retained only as topographic comparison context and cannot establish facility semantics.",
          "No qualified PRG public-service facility class is enabled for this domain pack."
        ],
        "eligible_for_analysis": true,
        "osm_tags": {
          "name": "Miejska Biblioteka Publiczna",
          "website": "http://biblioteka-jastrzebie.pl/",
          "source": "UM Jastrzębie-Zdrój",
          "amenity": "library",
          "building": "yes",
          "phone": "+48 32 471 76 97; +48 32 471 67 68",
          "email": "biblioteka@biblioteka.jastrzebie.pl"
        }
      },
      "geometry": {
        "type": "Polygon",
        "coordinates": [
          [
            [
              18.597002,
              49.9487149
            ],
            [
              18.596486,
              49.94871469999999
            ],
            [
              18.5964859,
              49.948879999999996
            ],
            [
              18.5966601,
              49.94888000000001
            ],
            [
              18.59666,
              49.948907
            ],
            [
              18.5967395,
              49.948907099999985
            ],
            [
              18.5967396,
              49.94888010000001
            ],
            [
              18.5970018,
              49.948880200000005
            ],
            [
              18.597002,
              49.9487149
            ]
          ]
        ]
      }
    },
    {
      "type": "Feature",
      "properties": {
        "source": "OpenStreetMap",
        "source_id": "way/209863681",
        "domain": "public",
        "asset_type": "community_social",
        "confidence": "medium",
        "missing_fields": [],
        "limitations": [
          "OSM public-service completeness and tagging vary by area and facility type.",
          "A facility tag is evidence of mapped semantics, not service availability, capacity, accessibility or operating status.",
          "BDOT10k building geometry is retained only as topographic comparison context and cannot establish facility semantics.",
          "No qualified PRG public-service facility class is enabled for this domain pack."
        ],
        "eligible_for_analysis": true,
        "osm_tags": {
          "name": "Oratorium",
          "operator": "Parafia Św. Ap. Mateusza i Macieja w Raciborzu-Brzeziu",
          "source": "UM Racibórz",
          "amenity": "community_centre",
          "building": "yes"
        }
      },
      "geometry": {
        "type": "Polygon",
        "coordinates": [
          [
            [
              18.2656964,
              50.07370770000001
            ],
            [
              18.2656371,
              50.07381389999999
            ],
            [
              18.2657102,
              50.0738299
            ],
            [
              18.2657007,
              50.0738537
            ],
            [
              18.265787,
              50.07387359999999
            ],
            [
              18.2658002,
              50.073848
            ],
            [
              18.2658967,
              50.0738695
            ],
            [
              18.265954500000003,
              50.0737638
            ],
            [
              18.2656964,
              50.07370770000001
            ]
          ]
        ]
      }
    },
    {
      "type": "Feature",
      "properties": {
        "source": "OpenStreetMap",
        "source_id": "way/210045469",
        "domain": "public",
        "asset_type": "community_social",
        "confidence": "medium",
        "missing_fields": [],
        "limitations": [
          "OSM public-service completeness and tagging vary by area and facility type.",
          "A facility tag is evidence of mapped semantics, not service availability, capacity, accessibility or operating status.",
          "BDOT10k building geometry is retained only as topographic comparison context and cannot establish facility semantics.",
          "No qualified PRG public-service facility class is enabled for this domain pack."
        ],
        "eligible_for_analysis": true,
        "osm_tags": {
          "name": "Dom Pomocy Społecznej \"Złota Jesień\"",
          "operator": "Starostwo Powiatowe w Raciborzu",
          "website": "https://www.zlota-jesien-dps.pl/",
          "source": "UM Racibórz",
          "amenity": "social_facility",
          "social_facility": "group_home",
          "building": "yes",
          "phone": "+4832 415 31 36",
          "email": "dps.zlota.jesien@wp.pl"
        }
      },
      "geometry": {
        "type": "Polygon",
        "coordinates": [
          [
            [
              18.2341623,
              50.10532350000001
            ],
            [
              18.2341301,
              50.10532410000001
            ],
            [
              18.2341302,
              50.105406099999996
            ],
            [
              18.2342744,
              50.10540619999999
            ],
            [
              18.2342737,
              50.10536859999999
            ],
            [
              18.2343333,
              50.1053681
            ],
            [
              18.2343331,
              50.105383499999995
            ],
            [
              18.2346001,
              50.10538439999999
            ],
            [
              18.2346015,
              50.10525969999999
            ],
            [
              18.2344216,
              50.10526
            ],
            [
              18.2343444,
              50.105260099999995
            ],
            [
              18.2343447,
              50.1052395
            ],
            [
              18.2343305,
              50.1052394
            ],
            [
              18.2343319,
              50.1051224
            ],
            [
              18.234332,
              50.1049796
            ],
            [
              18.2342009,
              50.1049811
            ],
            [
              18.2342047,
              50.1048508
            ],
            [
              18.2339901,
              50.1048503
            ],
            [
              18.2339875,
              50.105110100000005
            ],
            [
              18.234112500000002,
              50.105111699999995
            ],
            [
              18.2341135,
              50.105244299999995
            ],
            [
              18.2341617,
              50.105246099999995
            ],
            [
              18.2341623,
              50.10532350000001
            ]
          ]
        ]
      }
    },
    {
      "type": "Feature",
      "properties": {
        "source": "OpenStreetMap",
        "source_id": "way/215413280",
        "domain": "public",
        "asset_type": "community_social",
        "confidence": "medium",
        "missing_fields": [],
        "limitations": [
          "OSM public-service completeness and tagging vary by area and facility type.",
          "A facility tag is evidence of mapped semantics, not service availability, capacity, accessibility or operating status.",
          "BDOT10k building geometry is retained only as topographic comparison context and cannot establish facility semantics.",
          "No qualified PRG public-service facility class is enabled for this domain pack."
        ],
        "eligible_for_analysis": true,
        "osm_tags": {
          "source": "WMS UM Żory",
          "amenity": "library",
          "building": "yes"
        }
      },
      "geometry": {
        "type": "Polygon",
        "coordinates": [
          [
            [
              18.6923324,
              50.0472928
            ],
            [
              18.6921985,
              50.0474315
            ],
            [
              18.6918136,
              50.04783
            ],
            [
              18.6919361,
              50.047880199999994
            ],
            [
              18.6921625,
              50.04764340000001
            ],
            [
              18.6922158,
              50.04766480000001
            ],
            [
              18.6923752,
              50.0474997
            ],
            [
              18.6925256,
              50.04734399999999
            ],
            [
              18.692350600000005,
              50.04727389999999
            ],
            [
              18.6923324,
              50.0472928
            ]
          ]
        ]
      }
    },
    {
      "type": "Feature",
      "properties": {
        "source": "OpenStreetMap",
        "source_id": "way/215416893",
        "domain": "public",
        "asset_type": "community_social",
        "confidence": "medium",
        "missing_fields": [],
        "limitations": [
          "OSM public-service completeness and tagging vary by area and facility type.",
          "A facility tag is evidence of mapped semantics, not service availability, capacity, accessibility or operating status.",
          "BDOT10k building geometry is retained only as topographic comparison context and cannot establish facility semantics.",
          "No qualified PRG public-service facility class is enabled for this domain pack."
        ],
        "eligible_for_analysis": true,
        "osm_tags": {
          "name": "Hospicjum im. Jana Pawła II",
          "website": "https://www.hospicjumzory.pl/",
          "source": "WMS UM Żory",
          "amenity": "social_facility",
          "social_facility": "hospice",
          "building": "yes",
          "wheelchair": "yes"
        }
      },
      "geometry": {
        "type": "Polygon",
        "coordinates": [
          [
            [
              18.6882029,
              50.0288407
            ],
            [
              18.6882363,
              50.0288307
            ],
            [
              18.6882454,
              50.0288371
            ],
            [
              18.6882981,
              50.02880799999999
            ],
            [
              18.68829,
              50.028800399999994
            ],
            [
              18.6883127,
              50.028781599999995
            ],
            [
              18.688328,
              50.028781699999996
            ],
            [
              18.68835,
              50.0287423
            ],
            [
              18.6883378,
              50.0287379
            ],
            [
              18.6883409,
              50.0287177
            ],
            [
              18.6883508,
              50.0287151
            ],
            [
              18.6883065,
              50.02854649999999
            ],
            [
              18.6883046,
              50.0285392
            ],
            [
              18.6881791,
              50.02855279999999
            ],
            [
              18.6881635,
              50.028493299999994
            ],
            [
              18.6882612,
              50.0284809
            ],
            [
              18.6882486,
              50.028438499999986
            ],
            [
              18.6882348,
              50.02843880000001
            ],
            [
              18.6882207,
              50.02841829999999
            ],
            [
              18.6882304,
              50.02841209999998
            ],
            [
              18.6881963,
              50.02838539999999
            ],
            [
              18.6881877,
              50.028378700000005
            ],
            [
              18.6881748,
              50.0283845
            ],
            [
              18.6881486,
              50.0283712
            ],
            [
              18.6881487,
              50.0283618
            ],
            [
              18.6880922,
              50.02834799999999
            ],
            [
              18.6880816,
              50.0283555
            ],
            [
              18.6878851,
              50.02837700000001
            ],
            [
              18.6879214,
              50.028515199999994
            ],
            [
              18.6878809,
              50.028521000000005
            ],
            [
              18.6879111,
              50.028630299999996
            ],
            [
              18.6879505,
              50.028626
            ],
            [
              18.6879655,
              50.0286773
            ],
            [
              18.6879249,
              50.0286817
            ],
            [
              18.687952,
              50.0287849
            ],
            [
              18.6879931,
              50.02878039999999
            ],
            [
              18.6879974,
              50.0288027
            ],
            [
              18.6879587,
              50.0288082
            ],
            [
              18.6879844,
              50.0289093
            ],
            [
              18.6880281,
              50.0289044
            ],
            [
              18.6880353,
              50.028932
            ],
            [
              18.6879919,
              50.02893730000001
            ],
            [
              18.6879984,
              50.028962400000005
            ],
            [
              18.6880109,
              50.0289612
            ],
            [
              18.6880179,
              50.0289892
            ],
            [
              18.6880055,
              50.0289903
            ],
            [
              18.6880209,
              50.02904780000001
            ],
            [
              18.6880868,
              50.0290402
            ],
            [
              18.6880888,
              50.029048200000005
            ],
            [
              18.6881512,
              50.02904079999999
            ],
            [
              18.6881486,
              50.0290313
            ],
            [
              18.6881863,
              50.0290223
            ],
            [
              18.6881956,
              50.0290285
            ],
            [
              18.6882445,
              50.029000399999994
            ],
            [
              18.6882358,
              50.028996499999984
            ],
            [
              18.68826,
              50.02897459999999
            ],
            [
              18.6882732,
              50.02897709999999
            ],
            [
              18.6882962,
              50.02893799999999
            ],
            [
              18.6882814,
              50.028933999999985
            ],
            [
              18.6882865,
              50.028910499999995
            ],
            [
              18.6882992,
              50.02890930000001
            ],
            [
              18.6882881,
              50.0288674
            ],
            [
              18.6882097,
              50.02887669999999
            ],
            [
              18.6882029,
              50.0288513
            ],
            [
              18.6882029,
              50.0288407
            ]
          ]
        ]
      }
    },
    {
      "type": "Feature",
      "properties": {
        "source": "OpenStreetMap",
        "source_id": "way/215461074",
        "domain": "public",
        "asset_type": "community_social",
        "confidence": "medium",
        "missing_fields": [],
        "limitations": [
          "OSM public-service completeness and tagging vary by area and facility type.",
          "A facility tag is evidence of mapped semantics, not service availability, capacity, accessibility or operating status.",
          "BDOT10k building geometry is retained only as topographic comparison context and cannot establish facility semantics.",
          "No qualified PRG public-service facility class is enabled for this domain pack."
        ],
        "eligible_for_analysis": true,
        "osm_tags": {
          "name": "Miejska i Powiatowa Biblioteka Publiczna im. Ryszarda Kincla",
          "website": "https://www.biblrac.pl/",
          "source": "UM Racibórz",
          "amenity": "library",
          "building": "yes",
          "phone": "+48324153724"
        }
      },
      "geometry": {
        "type": "Polygon",
        "coordinates": [
          [
            [
              18.212183,
              50.091659899999996
            ],
            [
              18.21222,
              50.0916351
            ],
            [
              18.2122356,
              50.09164479999999
            ],
            [
              18.2122927,
              50.0916059
            ],
            [
              18.2123272,
              50.09158279999998
            ],
            [
              18.2123119,
              50.0915733
            ],
            [
              18.2123508,
              50.091546799999996
            ],
            [
              18.2122545,
              50.0914862
            ],
            [
              18.2122605,
              50.09148220000001
            ],
            [
              18.2122512,
              50.0914756
            ],
            [
              18.2122556,
              50.0914722
            ],
            [
              18.2122137,
              50.09144609999999
            ],
            [
              18.212209300000005,
              50.09144940000001
            ],
            [
              18.2121983,
              50.091443399999996
            ],
            [
              18.2121648,
              50.091466
            ],
            [
              18.212135,
              50.0914476
            ],
            [
              18.212014700000005,
              50.0915285
            ],
            [
              18.2120443,
              50.09154740000001
            ],
            [
              18.2120225,
              50.09156209999999
            ],
            [
              18.212183,
              50.091659899999996
            ]
          ]
        ]
      }
    },
    {
      "type": "Feature",
      "properties": {
        "source": "OpenStreetMap",
        "source_id": "way/215461093",
        "domain": "public",
        "asset_type": "community_social",
        "confidence": "medium",
        "missing_fields": [],
        "limitations": [
          "OSM public-service completeness and tagging vary by area and facility type.",
          "A facility tag is evidence of mapped semantics, not service availability, capacity, accessibility or operating status.",
          "BDOT10k building geometry is retained only as topographic comparison context and cannot establish facility semantics.",
          "No qualified PRG public-service facility class is enabled for this domain pack."
        ],
        "eligible_for_analysis": true,
        "osm_tags": {
          "name": "Młodzieżowy Dom Kultury",
          "website": "https://mdk-raciborz.pl/",
          "source": "UM Racibórz",
          "amenity": "community_centre",
          "building": "yes",
          "phone": "+48 32 415 24 69",
          "email": "biuro@mdk-raciborz.pl"
        }
      },
      "geometry": {
        "type": "Polygon",
        "coordinates": [
          [
            [
              18.2127051,
              50.09394309999998
            ],
            [
              18.212911,
              50.0940555
            ],
            [
              18.2128777,
              50.0940822
            ],
            [
              18.2129285,
              50.09411
            ],
            [
              18.2129569,
              50.09408979999999
            ],
            [
              18.2129642,
              50.0940841
            ],
            [
              18.2129564,
              50.0940802
            ],
            [
              18.213101,
              50.093967599999985
            ],
            [
              18.2129728,
              50.09390079999999
            ],
            [
              18.2129721,
              50.09390049999999
            ],
            [
              18.212885,
              50.09385499999999
            ],
            [
              18.2128319,
              50.093892800000006
            ],
            [
              18.2127507,
              50.0938494
            ],
            [
              18.2126855,
              50.093894999999996
            ],
            [
              18.2126894,
              50.093902299999996
            ],
            [
              18.2126943,
              50.0939047
            ],
            [
              18.2126907,
              50.0939074
            ],
            [
              18.2127258,
              50.093925799999994
            ],
            [
              18.2127051,
              50.09394309999998
            ]
          ]
        ]
      }
    },
    {
      "type": "Feature",
      "properties": {
        "source": "OpenStreetMap",
        "source_id": "way/215463392",
        "domain": "public",
        "asset_type": "community_social",
        "confidence": "medium",
        "missing_fields": [],
        "limitations": [
          "OSM public-service completeness and tagging vary by area and facility type.",
          "A facility tag is evidence of mapped semantics, not service availability, capacity, accessibility or operating status.",
          "BDOT10k building geometry is retained only as topographic comparison context and cannot establish facility semantics.",
          "No qualified PRG public-service facility class is enabled for this domain pack."
        ],
        "eligible_for_analysis": true,
        "osm_tags": {
          "name": "Raciborskie Centrum Kultury",
          "operator": "Raciborskie Centrum Kultury",
          "website": "https://www.rck.com.pl/n/site/start.html",
          "source": "UM Racibórz",
          "amenity": "arts_centre",
          "building": "yes",
          "phone": "+4832 415 31 72",
          "email": "rck@rck.com.pl"
        }
      },
      "geometry": {
        "type": "Polygon",
        "coordinates": [
          [
            [
              18.217322700000004,
              50.09330020000001
            ],
            [
              18.2174134,
              50.09341820000001
            ],
            [
              18.217473300000005,
              50.09339879999999
            ],
            [
              18.2174425,
              50.0933591
            ],
            [
              18.2177131,
              50.09327329999998
            ],
            [
              18.217690900000004,
              50.093245599999996
            ],
            [
              18.2175937,
              50.0931251
            ],
            [
              18.2174841,
              50.093158700000004
            ],
            [
              18.2173738,
              50.0931908
            ],
            [
              18.2172688,
              50.0932301
            ],
            [
              18.2171436,
              50.0932699
            ],
            [
              18.2172157,
              50.09333339999999
            ],
            [
              18.217322700000004,
              50.09330020000001
            ]
          ]
        ]
      }
    },
    {
      "type": "Feature",
      "properties": {
        "source": "OpenStreetMap",
        "source_id": "way/215463953",
        "domain": "public",
        "asset_type": "community_social",
        "confidence": "medium",
        "missing_fields": [],
        "limitations": [
          "OSM public-service completeness and tagging vary by area and facility type.",
          "A facility tag is evidence of mapped semantics, not service availability, capacity, accessibility or operating status.",
          "BDOT10k building geometry is retained only as topographic comparison context and cannot establish facility semantics.",
          "No qualified PRG public-service facility class is enabled for this domain pack."
        ],
        "eligible_for_analysis": true,
        "osm_tags": {
          "name": "RCK Dom Kultury \"STRZECHA\"",
          "operator": "Raciborskie Centrum Kultury",
          "source": "UM Racibórz",
          "amenity": "arts_centre",
          "building": "yes",
          "phone": "+4832 415 32 14",
          "email": "strzecha@rck.com.pl"
        }
      },
      "geometry": {
        "type": "Polygon",
        "coordinates": [
          [
            [
              18.2105792,
              50.09650680000001
            ],
            [
              18.210586300000003,
              50.0965037
            ],
            [
              18.2106177,
              50.096531899999995
            ],
            [
              18.2106115,
              50.096534999999996
            ],
            [
              18.2106184,
              50.0965422
            ],
            [
              18.2106252,
              50.096539299999996
            ],
            [
              18.2106572,
              50.0965675
            ],
            [
              18.210650000000005,
              50.096571
            ],
            [
              18.2106585,
              50.0965782
            ],
            [
              18.2106669,
              50.0965754
            ],
            [
              18.2106931,
              50.09659959999999
            ],
            [
              18.2105905,
              50.0966315
            ],
            [
              18.210635,
              50.0966845
            ],
            [
              18.2106426,
              50.0966854
            ],
            [
              18.2106679,
              50.096676699999996
            ],
            [
              18.2106826,
              50.0967016
            ],
            [
              18.2107341,
              50.096715999999994
            ],
            [
              18.2107756,
              50.0967273
            ],
            [
              18.2108038,
              50.09672
            ],
            [
              18.2108165,
              50.09673699999999
            ],
            [
              18.2108706,
              50.096721
            ],
            [
              18.2108695,
              50.0967193
            ],
            [
              18.2110531,
              50.096662
            ],
            [
              18.2110517,
              50.0966607
            ],
            [
              18.2108004,
              50.09642029999999
            ],
            [
              18.2107832,
              50.096403800000004
            ],
            [
              18.2107635,
              50.0963846
            ],
            [
              18.2106996,
              50.0963224
            ],
            [
              18.2104981,
              50.0964242
            ],
            [
              18.2105765,
              50.096494799999995
            ],
            [
              18.2105696,
              50.09649819999999
            ],
            [
              18.2105742,
              50.09650189999999
            ],
            [
              18.2105792,
              50.09650680000001
            ]
          ]
        ]
      }
    },
    {
      "type": "Feature",
      "properties": {
        "source": "OpenStreetMap",
        "source_id": "way/217488829",
        "domain": "public",
        "asset_type": "community_social",
        "confidence": "medium",
        "missing_fields": [],
        "limitations": [
          "OSM public-service completeness and tagging vary by area and facility type.",
          "A facility tag is evidence of mapped semantics, not service availability, capacity, accessibility or operating status.",
          "BDOT10k building geometry is retained only as topographic comparison context and cannot establish facility semantics.",
          "No qualified PRG public-service facility class is enabled for this domain pack."
        ],
        "eligible_for_analysis": true,
        "osm_tags": {
          "name": "Młodzieżowy Dom Kultury",
          "website": "https://mdk.rybnik.pl/",
          "amenity": "community_centre",
          "building": "kindergarten",
          "phone": "+48 32 422 40 88"
        }
      },
      "geometry": {
        "type": "Polygon",
        "coordinates": [
          [
            [
              18.5204121,
              50.0997044
            ],
            [
              18.5203082,
              50.09936929999999
            ],
            [
              18.520046,
              50.099402799999986
            ],
            [
              18.5200989,
              50.099573299999996
            ],
            [
              18.519987,
              50.0995876
            ],
            [
              18.5200117,
              50.099667200000006
            ],
            [
              18.5200938,
              50.099656700000004
            ],
            [
              18.5201202,
              50.099741699999996
            ],
            [
              18.5204121,
              50.0997044
            ]
          ]
        ]
      }
    },
    {
      "type": "Feature",
      "properties": {
        "source": "OpenStreetMap",
        "source_id": "way/217802088",
        "domain": "public",
        "asset_type": "community_social",
        "confidence": "medium",
        "missing_fields": [],
        "limitations": [
          "OSM public-service completeness and tagging vary by area and facility type.",
          "A facility tag is evidence of mapped semantics, not service availability, capacity, accessibility or operating status.",
          "BDOT10k building geometry is retained only as topographic comparison context and cannot establish facility semantics.",
          "No qualified PRG public-service facility class is enabled for this domain pack."
        ],
        "eligible_for_analysis": true,
        "osm_tags": {
          "name": "Dom Kultury w Pogrzebieniu",
          "amenity": "arts_centre",
          "building": "yes"
        }
      },
      "geometry": {
        "type": "Polygon",
        "coordinates": [
          [
            [
              18.300347,
              50.06755189999999
            ],
            [
              18.3003498,
              50.06754999999999
            ],
            [
              18.30038,
              50.06756949999999
            ],
            [
              18.3004005,
              50.0675565
            ],
            [
              18.3005586,
              50.06745759999999
            ],
            [
              18.300468,
              50.0673979
            ],
            [
              18.3002866,
              50.06751150000001
            ],
            [
              18.300347,
              50.06755189999999
            ]
          ]
        ]
      }
    },
    {
      "type": "Feature",
      "properties": {
        "source": "OpenStreetMap",
        "source_id": "way/219415776",
        "domain": "public",
        "asset_type": "community_social",
        "confidence": "medium",
        "missing_fields": [],
        "limitations": [
          "OSM public-service completeness and tagging vary by area and facility type.",
          "A facility tag is evidence of mapped semantics, not service availability, capacity, accessibility or operating status.",
          "BDOT10k building geometry is retained only as topographic comparison context and cannot establish facility semantics.",
          "No qualified PRG public-service facility class is enabled for this domain pack."
        ],
        "eligible_for_analysis": true,
        "osm_tags": {
          "name": "Gminna Biblioteka Publiczna",
          "amenity": "library",
          "building": "yes"
        }
      },
      "geometry": {
        "type": "Polygon",
        "coordinates": [
          [
            [
              18.2670666,
              49.98173920000001
            ],
            [
              18.2670306,
              49.9817094
            ],
            [
              18.2670605,
              49.981694299999994
            ],
            [
              18.2670151,
              49.981656900000004
            ],
            [
              18.2669853,
              49.9816719
            ],
            [
              18.266886600000003,
              49.9815902
            ],
            [
              18.2667777,
              49.981645
            ],
            [
              18.2669577,
              49.98179389999999
            ],
            [
              18.2670666,
              49.98173920000001
            ]
          ]
        ]
      }
    },
    {
      "type": "Feature",
      "properties": {
        "source": "OpenStreetMap",
        "source_id": "way/220037021",
        "domain": "public",
        "asset_type": "community_social",
        "confidence": "medium",
        "missing_fields": [],
        "limitations": [
          "OSM public-service completeness and tagging vary by area and facility type.",
          "A facility tag is evidence of mapped semantics, not service availability, capacity, accessibility or operating status.",
          "BDOT10k building geometry is retained only as topographic comparison context and cannot establish facility semantics.",
          "No qualified PRG public-service facility class is enabled for this domain pack."
        ],
        "eligible_for_analysis": true,
        "osm_tags": {
          "name": "Centrum Administracyjne Regionalnych Placówek Instytucjonalnej Pieczy Zastępczej nr 2 w Samborowicach",
          "website": "http://www.centrum-placowek.pl/index.php",
          "amenity": "social_facility",
          "social_facility": "outreach",
          "building": "residential",
          "phone": "+4832 456 40 05",
          "email": "centrum.placowek.osd@gmail.com"
        }
      },
      "geometry": {
        "type": "Polygon",
        "coordinates": [
          [
            [
              18.1312945,
              50.0574513
            ],
            [
              18.131171800000004,
              50.057367
            ],
            [
              18.1310184,
              50.0574631
            ],
            [
              18.131139,
              50.057545799999986
            ],
            [
              18.1312945,
              50.0574513
            ]
          ]
        ]
      }
    },
    {
      "type": "Feature",
      "properties": {
        "source": "OpenStreetMap",
        "source_id": "way/220037044",
        "domain": "public",
        "asset_type": "community_social",
        "confidence": "medium",
        "missing_fields": [],
        "limitations": [
          "OSM public-service completeness and tagging vary by area and facility type.",
          "A facility tag is evidence of mapped semantics, not service availability, capacity, accessibility or operating status.",
          "BDOT10k building geometry is retained only as topographic comparison context and cannot establish facility semantics.",
          "No qualified PRG public-service facility class is enabled for this domain pack."
        ],
        "eligible_for_analysis": true,
        "osm_tags": {
          "name": "Świetlica Wiejska",
          "amenity": "arts_centre",
          "building": "yes"
        }
      },
      "geometry": {
        "type": "Polygon",
        "coordinates": [
          [
            [
              18.0598296,
              50.113634999999995
            ],
            [
              18.0599522,
              50.11362249999999
            ],
            [
              18.0599241,
              50.113509400000005
            ],
            [
              18.0596728,
              50.11353509999999
            ],
            [
              18.0597009,
              50.1136482
            ],
            [
              18.0598296,
              50.113634999999995
            ]
          ]
        ]
      }
    },
    {
      "type": "Feature",
      "properties": {
        "source": "OpenStreetMap",
        "source_id": "way/220072372",
        "domain": "public",
        "asset_type": "community_social",
        "confidence": "medium",
        "missing_fields": [],
        "limitations": [
          "OSM public-service completeness and tagging vary by area and facility type.",
          "A facility tag is evidence of mapped semantics, not service availability, capacity, accessibility or operating status.",
          "BDOT10k building geometry is retained only as topographic comparison context and cannot establish facility semantics.",
          "No qualified PRG public-service facility class is enabled for this domain pack."
        ],
        "eligible_for_analysis": true,
        "osm_tags": {
          "name": "Miejski Dom Kultury w Krzanowicach",
          "website": "http://www.mok-krzanowice.pl/",
          "amenity": "arts_centre",
          "building": "yes",
          "phone": "+4832 410 80 46"
        }
      },
      "geometry": {
        "type": "Polygon",
        "coordinates": [
          [
            [
              18.1205386,
              50.018419699999995
            ],
            [
              18.1206773,
              50.01845610000001
            ],
            [
              18.1207127,
              50.01840519999999
            ],
            [
              18.1207671,
              50.0183271
            ],
            [
              18.120629,
              50.0182956
            ],
            [
              18.1204847,
              50.0182626
            ],
            [
              18.1202454,
              50.018207999999994
            ],
            [
              18.1201081,
              50.0181766
            ],
            [
              18.1200307,
              50.0182788
            ],
            [
              18.1203125,
              50.0183578
            ],
            [
              18.1203144,
              50.01835830000001
            ],
            [
              18.1205358,
              50.01841899999999
            ],
            [
              18.1205386,
              50.018419699999995
            ]
          ]
        ]
      }
    },
    {
      "type": "Feature",
      "properties": {
        "source": "OpenStreetMap",
        "source_id": "way/223893691",
        "domain": "public",
        "asset_type": "community_social",
        "confidence": "medium",
        "missing_fields": [],
        "limitations": [
          "OSM public-service completeness and tagging vary by area and facility type.",
          "A facility tag is evidence of mapped semantics, not service availability, capacity, accessibility or operating status.",
          "BDOT10k building geometry is retained only as topographic comparison context and cannot establish facility semantics.",
          "No qualified PRG public-service facility class is enabled for this domain pack."
        ],
        "eligible_for_analysis": true,
        "osm_tags": {
          "name": "Górnośląskie Centrum Kultury i Spotkań im. Eichendorffa",
          "website": "http://www.eichendorff-zentrum.vdg.pl/",
          "name:pl": "Górnośląskie Centrum Kultury i Spotkań im. Eichendorffa",
          "amenity": "arts_centre",
          "building": "yes",
          "phone": "+4832 410 6602"
        }
      },
      "geometry": {
        "type": "Polygon",
        "coordinates": [
          [
            [
              18.231058100000002,
              50.160165799999994
            ],
            [
              18.2315975,
              50.160228999999994
            ],
            [
              18.2316325,
              50.1601063
            ],
            [
              18.2310931,
              50.1600431
            ],
            [
              18.231058100000002,
              50.160165799999994
            ]
          ]
        ]
      }
    },
    {
      "type": "Feature",
      "properties": {
        "source": "OpenStreetMap",
        "source_id": "way/223893692",
        "domain": "public",
        "asset_type": "community_social",
        "confidence": "medium",
        "missing_fields": [],
        "limitations": [
          "OSM public-service completeness and tagging vary by area and facility type.",
          "A facility tag is evidence of mapped semantics, not service availability, capacity, accessibility or operating status.",
          "BDOT10k building geometry is retained only as topographic comparison context and cannot establish facility semantics.",
          "No qualified PRG public-service facility class is enabled for this domain pack."
        ],
        "eligible_for_analysis": true,
        "osm_tags": {
          "name": "Filia Biblioteczna Łubowice",
          "operator": "Gminna Biblioteka Publiczna w Rudniku",
          "website": "https://gbprudnik.naszabiblioteka.com/filia-w-lubowicach",
          "amenity": "library",
          "building": "yes",
          "phone": "+48 518 416 989"
        }
      },
      "geometry": {
        "type": "Polygon",
        "coordinates": [
          [
            [
              18.2319999,
              50.16047950000001
            ],
            [
              18.2322893,
              50.1605229
            ],
            [
              18.2323328,
              50.16040379999999
            ],
            [
              18.2321851,
              50.1603816
            ],
            [
              18.2320434,
              50.16036040000001
            ],
            [
              18.2319999,
              50.16047950000001
            ]
          ]
        ]
      }
    },
    {
      "type": "Feature",
      "properties": {
        "source": "OpenStreetMap",
        "source_id": "way/228254840",
        "domain": "public",
        "asset_type": "community_social",
        "confidence": "medium",
        "missing_fields": [],
        "limitations": [
          "OSM public-service completeness and tagging vary by area and facility type.",
          "A facility tag is evidence of mapped semantics, not service availability, capacity, accessibility or operating status.",
          "BDOT10k building geometry is retained only as topographic comparison context and cannot establish facility semantics.",
          "No qualified PRG public-service facility class is enabled for this domain pack."
        ],
        "eligible_for_analysis": true,
        "osm_tags": {
          "name": "Dom Kultury w Leszczynach",
          "website": "http://mokcl.pl/placowki/dom-kultury-w-leszczynach/",
          "amenity": "arts_centre",
          "building": "yes",
          "phone": "+48 32 431 12 39"
        }
      },
      "geometry": {
        "type": "Polygon",
        "coordinates": [
          [
            [
              18.6326842,
              50.1424329
            ],
            [
              18.6327428,
              50.142326499999996
            ],
            [
              18.6328415,
              50.14234879999999
            ],
            [
              18.6328999,
              50.142242599999996
            ],
            [
              18.6330151,
              50.1422686
            ],
            [
              18.6330749,
              50.1421599
            ],
            [
              18.63295,
              50.1421316
            ],
            [
              18.6329387,
              50.14215209999999
            ],
            [
              18.6327699,
              50.14211389999999
            ],
            [
              18.6326601,
              50.14231350000001
            ],
            [
              18.6326345,
              50.14230770000001
            ],
            [
              18.6325787,
              50.1424091
            ],
            [
              18.6326842,
              50.1424329
            ]
          ]
        ]
      }
    },
    {
      "type": "Feature",
      "properties": {
        "source": "OpenStreetMap",
        "source_id": "way/232440306",
        "domain": "public",
        "asset_type": "community_social",
        "confidence": "medium",
        "missing_fields": [],
        "limitations": [
          "OSM public-service completeness and tagging vary by area and facility type.",
          "A facility tag is evidence of mapped semantics, not service availability, capacity, accessibility or operating status.",
          "BDOT10k building geometry is retained only as topographic comparison context and cannot establish facility semantics.",
          "No qualified PRG public-service facility class is enabled for this domain pack."
        ],
        "eligible_for_analysis": true,
        "osm_tags": {
          "name": "Biblioteka Państwowego Szpitala dla Nerwowo i Psychicznie Chorych",
          "operator": "Państwowy Szpital dla Nerwowo i Psychicznie Chorych w Rybniku",
          "source": "survey",
          "amenity": "library",
          "building": "yes"
        }
      },
      "geometry": {
        "type": "Polygon",
        "coordinates": [
          [
            [
              18.5462206,
              50.10429769999999
            ],
            [
              18.5462119,
              50.104265
            ],
            [
              18.5461825,
              50.1042682
            ],
            [
              18.5461624,
              50.10419290000001
            ],
            [
              18.5460113,
              50.1042094
            ],
            [
              18.5460314,
              50.1042848
            ],
            [
              18.5460144,
              50.104286699999996
            ],
            [
              18.5460171,
              50.104296600000005
            ],
            [
              18.5460201,
              50.1043079
            ],
            [
              18.546023200000004,
              50.10431949999999
            ],
            [
              18.5460402,
              50.104317699999996
            ],
            [
              18.5460602,
              50.1043929
            ],
            [
              18.5462113,
              50.1043764
            ],
            [
              18.5462079,
              50.10436349999999
            ],
            [
              18.5461912,
              50.10430099999999
            ],
            [
              18.5462206,
              50.10429769999999
            ]
          ]
        ]
      }
    },
    {
      "type": "Feature",
      "properties": {
        "source": "OpenStreetMap",
        "source_id": "way/236780111",
        "domain": "public",
        "asset_type": "community_social",
        "confidence": "medium",
        "missing_fields": [],
        "limitations": [
          "OSM public-service completeness and tagging vary by area and facility type.",
          "A facility tag is evidence of mapped semantics, not service availability, capacity, accessibility or operating status.",
          "BDOT10k building geometry is retained only as topographic comparison context and cannot establish facility semantics.",
          "No qualified PRG public-service facility class is enabled for this domain pack."
        ],
        "eligible_for_analysis": true,
        "osm_tags": {
          "name": "Gminna Biblioteka Publiczna w Pawłowicach",
          "amenity": "library",
          "building": "yes"
        }
      },
      "geometry": {
        "type": "Polygon",
        "coordinates": [
          [
            [
              18.7177836,
              49.960983299999995
            ],
            [
              18.717784,
              49.96092819999999
            ],
            [
              18.717848800000002,
              49.9609299
            ],
            [
              18.7178497,
              49.9608379
            ],
            [
              18.7178059,
              49.9608377
            ],
            [
              18.7178075,
              49.96078159999999
            ],
            [
              18.717630100000004,
              49.96077939999999
            ],
            [
              18.7176276,
              49.9609815
            ],
            [
              18.7177836,
              49.960983299999995
            ]
          ]
        ]
      }
    },
    {
      "type": "Feature",
      "properties": {
        "source": "OpenStreetMap",
        "source_id": "way/236851584",
        "domain": "public",
        "asset_type": "community_social",
        "confidence": "medium",
        "missing_fields": [],
        "limitations": [
          "OSM public-service completeness and tagging vary by area and facility type.",
          "A facility tag is evidence of mapped semantics, not service availability, capacity, accessibility or operating status.",
          "BDOT10k building geometry is retained only as topographic comparison context and cannot establish facility semantics.",
          "No qualified PRG public-service facility class is enabled for this domain pack."
        ],
        "eligible_for_analysis": true,
        "osm_tags": {
          "source": "survey",
          "amenity": "social_facility",
          "social_facility": "shelter",
          "building": "apartments"
        }
      },
      "geometry": {
        "type": "Polygon",
        "coordinates": [
          [
            [
              18.5436251,
              50.086548799999996
            ],
            [
              18.5436011,
              50.086445999999995
            ],
            [
              18.5435933,
              50.08643039999998
            ],
            [
              18.5434291,
              50.08610219999999
            ],
            [
              18.5432697,
              50.08613509999999
            ],
            [
              18.5434338,
              50.08646309999999
            ],
            [
              18.5434576,
              50.08656489999999
            ],
            [
              18.5436251,
              50.086548799999996
            ]
          ]
        ]
      }
    },
    {
      "type": "Feature",
      "properties": {
        "source": "OpenStreetMap",
        "source_id": "way/238506502",
        "domain": "public",
        "asset_type": "community_social",
        "confidence": "medium",
        "missing_fields": [],
        "limitations": [
          "OSM public-service completeness and tagging vary by area and facility type.",
          "A facility tag is evidence of mapped semantics, not service availability, capacity, accessibility or operating status.",
          "BDOT10k building geometry is retained only as topographic comparison context and cannot establish facility semantics.",
          "No qualified PRG public-service facility class is enabled for this domain pack."
        ],
        "eligible_for_analysis": true,
        "osm_tags": {
          "name": "Ośrodek Kultury „Zameczek” w Czernicy",
          "alt_name": "Pałac Rothów",
          "amenity": "community_centre",
          "building": "yes"
        }
      },
      "geometry": {
        "type": "Polygon",
        "coordinates": [
          [
            [
              18.3993215,
              50.080602099999986
            ],
            [
              18.3993145,
              50.080597299999994
            ],
            [
              18.3993173,
              50.080586
            ],
            [
              18.3993029,
              50.08057390000001
            ],
            [
              18.39928,
              50.08057079999999
            ],
            [
              18.399258,
              50.08057900000001
            ],
            [
              18.3992516,
              50.08059269999999
            ],
            [
              18.3992592,
              50.08060709999999
            ],
            [
              18.3992691,
              50.080615899999984
            ],
            [
              18.3992426,
              50.0806811
            ],
            [
              18.399219,
              50.0806765
            ],
            [
              18.3991982,
              50.08067239999999
            ],
            [
              18.39917,
              50.0807397
            ],
            [
              18.3992129,
              50.080747
            ],
            [
              18.3991932,
              50.080794899999994
            ],
            [
              18.3991798,
              50.0807955
            ],
            [
              18.3991641,
              50.0808039
            ],
            [
              18.3991597,
              50.080821400000005
            ],
            [
              18.399169,
              50.080835500000006
            ],
            [
              18.3991894,
              50.0808402
            ],
            [
              18.3992066,
              50.08083769999999
            ],
            [
              18.399222,
              50.08083080000001
            ],
            [
              18.3993774,
              50.0808583
            ],
            [
              18.3994739,
              50.08063099999999
            ],
            [
              18.3993215,
              50.080602099999986
            ]
          ]
        ]
      }
    },
    {
      "type": "Feature",
      "properties": {
        "source": "OpenStreetMap",
        "source_id": "way/248434711",
        "domain": "public",
        "asset_type": "community_social",
        "confidence": "medium",
        "missing_fields": [],
        "limitations": [
          "OSM public-service completeness and tagging vary by area and facility type.",
          "A facility tag is evidence of mapped semantics, not service availability, capacity, accessibility or operating status.",
          "BDOT10k building geometry is retained only as topographic comparison context and cannot establish facility semantics.",
          "No qualified PRG public-service facility class is enabled for this domain pack."
        ],
        "eligible_for_analysis": true,
        "osm_tags": {
          "name": "Pedagogiczna Biblioteka Wojewódzka",
          "amenity": "library",
          "building": "yes"
        }
      },
      "geometry": {
        "type": "Polygon",
        "coordinates": [
          [
            [
              18.9499408,
              49.971853100000004
            ],
            [
              18.949825400000005,
              49.97172719999998
            ],
            [
              18.949458,
              49.97186689999999
            ],
            [
              18.9495787,
              49.9719928
            ],
            [
              18.9499408,
              49.971853100000004
            ]
          ]
        ]
      }
    },
    {
      "type": "Feature",
      "properties": {
        "source": "OpenStreetMap",
        "source_id": "way/248441316",
        "domain": "public",
        "asset_type": "community_social",
        "confidence": "medium",
        "missing_fields": [],
        "limitations": [
          "OSM public-service completeness and tagging vary by area and facility type.",
          "A facility tag is evidence of mapped semantics, not service availability, capacity, accessibility or operating status.",
          "BDOT10k building geometry is retained only as topographic comparison context and cannot establish facility semantics.",
          "No qualified PRG public-service facility class is enabled for this domain pack."
        ],
        "eligible_for_analysis": true,
        "osm_tags": {
          "name": "Hospicjum domowe Świętego Ojca Pio",
          "website": "https://www.hospicjumojcapio.pless.pl/",
          "amenity": "social_facility",
          "social_facility": "ambulatory_care",
          "building": "hospital",
          "phone": "3232 738 62 62"
        }
      },
      "geometry": {
        "type": "Polygon",
        "coordinates": [
          [
            [
              18.9412414,
              49.9703016
            ],
            [
              18.9411651,
              49.97032170000001
            ],
            [
              18.9412263,
              49.9704213
            ],
            [
              18.9412308,
              49.97042749999999
            ],
            [
              18.9413062,
              49.97040859999999
            ],
            [
              18.941313300000004,
              49.970420399999995
            ],
            [
              18.9414302,
              49.970433499999984
            ],
            [
              18.9414073,
              49.970524299999994
            ],
            [
              18.941422100000004,
              49.970526500000005
            ],
            [
              18.9415727,
              49.9705443
            ],
            [
              18.9415965,
              49.97045310000001
            ],
            [
              18.9416692,
              49.97046160000001
            ],
            [
              18.941725200000004,
              49.9705547
            ],
            [
              18.9418953,
              49.970515299999995
            ],
            [
              18.9418399,
              49.9704179
            ],
            [
              18.9418226,
              49.97038740000001
            ],
            [
              18.9417094,
              49.97037449999999
            ],
            [
              18.941712,
              49.970371199999995
            ],
            [
              18.941702800000005,
              49.9703666
            ],
            [
              18.941666,
              49.970397699999985
            ],
            [
              18.9414165,
              49.97036820000001
            ],
            [
              18.9412613,
              49.9701147
            ],
            [
              18.9409844,
              49.970083300000006
            ],
            [
              18.9409572,
              49.97019640000001
            ],
            [
              18.9409605,
              49.97019679999999
            ],
            [
              18.9411963,
              49.970224299999984
            ],
            [
              18.9412414,
              49.9703016
            ]
          ]
        ]
      }
    },
    {
      "type": "Feature",
      "properties": {
        "source": "OpenStreetMap",
        "source_id": "way/257667068",
        "domain": "public",
        "asset_type": "community_social",
        "confidence": "medium",
        "missing_fields": [],
        "limitations": [
          "OSM public-service completeness and tagging vary by area and facility type.",
          "A facility tag is evidence of mapped semantics, not service availability, capacity, accessibility or operating status.",
          "BDOT10k building geometry is retained only as topographic comparison context and cannot establish facility semantics.",
          "No qualified PRG public-service facility class is enabled for this domain pack."
        ],
        "eligible_for_analysis": true,
        "osm_tags": {
          "name": "Miejski Dom Kultury",
          "amenity": "arts_centre",
          "building": "hall"
        }
      },
      "geometry": {
        "type": "Polygon",
        "coordinates": [
          [
            [
              18.8413415,
              50.149358899999996
            ],
            [
              18.8414186,
              50.1493639
            ],
            [
              18.8414258,
              50.1493183
            ],
            [
              18.8414396,
              50.1493192
            ],
            [
              18.8414635,
              50.149168
            ],
            [
              18.8414546,
              50.149167399999996
            ],
            [
              18.841462,
              50.14912050000001
            ],
            [
              18.841387,
              50.149115699999996
            ],
            [
              18.8413888,
              50.1491046
            ],
            [
              18.8409124,
              50.149073699999995
            ],
            [
              18.8409108,
              50.149084399999985
            ],
            [
              18.8408312,
              50.149079300000004
            ],
            [
              18.8408232,
              50.14912989999999
            ],
            [
              18.8408012,
              50.1491285
            ],
            [
              18.8407784,
              50.14927290000001
            ],
            [
              18.8408055,
              50.149274600000005
            ],
            [
              18.8407978,
              50.14932369999998
            ],
            [
              18.840867000000003,
              50.14932809999999
            ],
            [
              18.8408654,
              50.14933800000001
            ],
            [
              18.8413399,
              50.14936869999999
            ],
            [
              18.8413415,
              50.149358899999996
            ]
          ]
        ]
      }
    },
    {
      "type": "Feature",
      "properties": {
        "source": "OpenStreetMap",
        "source_id": "way/262191085",
        "domain": "public",
        "asset_type": "community_social",
        "confidence": "medium",
        "missing_fields": [],
        "limitations": [
          "OSM public-service completeness and tagging vary by area and facility type.",
          "A facility tag is evidence of mapped semantics, not service availability, capacity, accessibility or operating status.",
          "BDOT10k building geometry is retained only as topographic comparison context and cannot establish facility semantics.",
          "No qualified PRG public-service facility class is enabled for this domain pack."
        ],
        "eligible_for_analysis": true,
        "osm_tags": {
          "name": "Senior Park",
          "amenity": "social_facility",
          "social_facility": "group_home",
          "contact:email": "info@senior-park.cz"
        }
      },
      "geometry": {
        "type": "Polygon",
        "coordinates": [
          [
            [
              18.371743,
              49.8586435
            ],
            [
              18.3717062,
              49.859335099999996
            ],
            [
              18.3716878,
              49.860108499999996
            ],
            [
              18.3717717,
              49.8605281
            ],
            [
              18.372469,
              49.8604939
            ],
            [
              18.3725553,
              49.85975449999999
            ],
            [
              18.3726274,
              49.859105499999984
            ],
            [
              18.3727625,
              49.858069500000006
            ],
            [
              18.3717655,
              49.85799949999999
            ],
            [
              18.371743,
              49.8586435
            ]
          ]
        ]
      }
    },
    {
      "type": "Feature",
      "properties": {
        "source": "OpenStreetMap",
        "source_id": "way/268001674",
        "domain": "public",
        "asset_type": "community_social",
        "confidence": "medium",
        "missing_fields": [],
        "limitations": [
          "OSM public-service completeness and tagging vary by area and facility type.",
          "A facility tag is evidence of mapped semantics, not service availability, capacity, accessibility or operating status.",
          "BDOT10k building geometry is retained only as topographic comparison context and cannot establish facility semantics.",
          "No qualified PRG public-service facility class is enabled for this domain pack."
        ],
        "eligible_for_analysis": true,
        "osm_tags": {
          "name": "Pedagogiczna Biblioteka Wojewódzka w Rybniku",
          "amenity": "library",
          "building": "yes"
        }
      },
      "geometry": {
        "type": "Polygon",
        "coordinates": [
          [
            [
              18.5492046,
              50.09303299999999
            ],
            [
              18.5491568,
              50.0929093
            ],
            [
              18.5490071,
              50.0929331
            ],
            [
              18.5490246,
              50.0929785
            ],
            [
              18.5490007,
              50.0929823
            ],
            [
              18.5490309,
              50.0930606
            ],
            [
              18.5492046,
              50.09303299999999
            ]
          ]
        ]
      }
    },
    {
      "type": "Feature",
      "properties": {
        "source": "OpenStreetMap",
        "source_id": "way/275766455",
        "domain": "public",
        "asset_type": "community_social",
        "confidence": "medium",
        "missing_fields": [],
        "limitations": [
          "OSM public-service completeness and tagging vary by area and facility type.",
          "A facility tag is evidence of mapped semantics, not service availability, capacity, accessibility or operating status.",
          "BDOT10k building geometry is retained only as topographic comparison context and cannot establish facility semantics.",
          "No qualified PRG public-service facility class is enabled for this domain pack."
        ],
        "eligible_for_analysis": true,
        "osm_tags": {
          "source": "http://sdi.opolskie.pl/mapa_bazowa/request.aspx",
          "amenity": "community_centre",
          "community_centre": "cultural_centre",
          "building": "yes"
        }
      },
      "geometry": {
        "type": "Polygon",
        "coordinates": [
          [
            [
              18.343526000000004,
              50.301484099999996
            ],
            [
              18.3432142,
              50.30150909999999
            ],
            [
              18.3432418,
              50.3016493
            ],
            [
              18.3433437,
              50.3016427
            ],
            [
              18.3436371,
              50.30162150000001
            ],
            [
              18.3436163,
              50.3014989
            ],
            [
              18.3436031,
              50.3015002
            ],
            [
              18.3435965,
              50.30146229999999
            ],
            [
              18.3435231,
              50.3014677
            ],
            [
              18.343526000000004,
              50.301484099999996
            ]
          ]
        ]
      }
    },
    {
      "type": "Feature",
      "properties": {
        "source": "OpenStreetMap",
        "source_id": "way/282235951",
        "domain": "public",
        "asset_type": "community_social",
        "confidence": "medium",
        "missing_fields": [],
        "limitations": [
          "OSM public-service completeness and tagging vary by area and facility type.",
          "A facility tag is evidence of mapped semantics, not service availability, capacity, accessibility or operating status.",
          "BDOT10k building geometry is retained only as topographic comparison context and cannot establish facility semantics.",
          "No qualified PRG public-service facility class is enabled for this domain pack."
        ],
        "eligible_for_analysis": true,
        "osm_tags": {
          "name": "Dom Seniora \"Herbaciane Popołudnie\"",
          "amenity": "social_facility",
          "social_facility": "group_home",
          "building": "yes"
        }
      },
      "geometry": {
        "type": "Polygon",
        "coordinates": [
          [
            [
              18.9529341,
              49.9927827
            ],
            [
              18.9528858,
              49.992599899999995
            ],
            [
              18.9530843,
              49.99258090000001
            ],
            [
              18.9530601,
              49.9924757
            ],
            [
              18.9527731,
              49.99249809999999
            ],
            [
              18.9526373,
              49.99262769999999
            ],
            [
              18.9526873,
              49.9928068
            ],
            [
              18.9529341,
              49.9927827
            ]
          ]
        ]
      }
    },
    {
      "type": "Feature",
      "properties": {
        "source": "OpenStreetMap",
        "source_id": "way/283860346",
        "domain": "public",
        "asset_type": "community_social",
        "confidence": "medium",
        "missing_fields": [],
        "limitations": [
          "OSM public-service completeness and tagging vary by area and facility type.",
          "A facility tag is evidence of mapped semantics, not service availability, capacity, accessibility or operating status.",
          "BDOT10k building geometry is retained only as topographic comparison context and cannot establish facility semantics.",
          "No qualified PRG public-service facility class is enabled for this domain pack."
        ],
        "eligible_for_analysis": true,
        "osm_tags": {
          "amenity": "library",
          "building": "yes"
        }
      },
      "geometry": {
        "type": "Polygon",
        "coordinates": [
          [
            [
              18.6735728,
              50.152880100000004
            ],
            [
              18.6735569,
              50.152873099999994
            ],
            [
              18.6736387,
              50.152796699999996
            ],
            [
              18.6736543,
              50.152803600000006
            ],
            [
              18.6737066,
              50.1527548
            ],
            [
              18.6736457,
              50.152728100000004
            ],
            [
              18.6736613,
              50.15271349999998
            ],
            [
              18.6736583,
              50.15270309999999
            ],
            [
              18.673619,
              50.15268579999999
            ],
            [
              18.6736025,
              50.1526879
            ],
            [
              18.6735916,
              50.152698
            ],
            [
              18.6735392,
              50.15267500000001
            ],
            [
              18.673484,
              50.152726599999994
            ],
            [
              18.6734988,
              50.152733100000006
            ],
            [
              18.6734176,
              50.1528089
            ],
            [
              18.6734034,
              50.1528027
            ],
            [
              18.673348,
              50.152854399999995
            ],
            [
              18.6734011,
              50.15287779999999
            ],
            [
              18.6733886,
              50.15288939999999
            ],
            [
              18.6733916,
              50.1528997
            ],
            [
              18.6734307,
              50.1529169
            ],
            [
              18.6734459,
              50.152915
            ],
            [
              18.6734602,
              50.152901699999994
            ],
            [
              18.6735211,
              50.15292839999999
            ],
            [
              18.6735728,
              50.152880100000004
            ]
          ]
        ]
      }
    },
    {
      "type": "Feature",
      "properties": {
        "source": "OpenStreetMap",
        "source_id": "way/283860350",
        "domain": "public",
        "asset_type": "community_social",
        "confidence": "medium",
        "missing_fields": [],
        "limitations": [
          "OSM public-service completeness and tagging vary by area and facility type.",
          "A facility tag is evidence of mapped semantics, not service availability, capacity, accessibility or operating status.",
          "BDOT10k building geometry is retained only as topographic comparison context and cannot establish facility semantics.",
          "No qualified PRG public-service facility class is enabled for this domain pack."
        ],
        "eligible_for_analysis": true,
        "osm_tags": {
          "name": "Miejski Ośrodek Kultury w Czerwionce",
          "website": "http://www.mokcl.pl",
          "amenity": "community_centre",
          "building": "yes"
        }
      },
      "geometry": {
        "type": "Polygon",
        "coordinates": [
          [
            [
              18.6696782,
              50.1522572
            ],
            [
              18.6695013,
              50.152176699999984
            ],
            [
              18.6692769,
              50.1523793
            ],
            [
              18.6694538,
              50.1524597
            ],
            [
              18.6696782,
              50.1522572
            ]
          ]
        ]
      }
    },
    {
      "type": "Feature",
      "properties": {
        "source": "OpenStreetMap",
        "source_id": "way/287314870",
        "domain": "public",
        "asset_type": "community_social",
        "confidence": "medium",
        "missing_fields": [],
        "limitations": [
          "OSM public-service completeness and tagging vary by area and facility type.",
          "A facility tag is evidence of mapped semantics, not service availability, capacity, accessibility or operating status.",
          "BDOT10k building geometry is retained only as topographic comparison context and cannot establish facility semantics.",
          "No qualified PRG public-service facility class is enabled for this domain pack."
        ],
        "eligible_for_analysis": true,
        "osm_tags": {
          "name": "Schroniska św. Brata Alberta w Gliwicach (Zatorze)",
          "operator": "Towarzystwo Pomocy im. św. Brata Alberta Koło Gliwickie",
          "amenity": "social_facility",
          "social_facility": "shelter",
          "building": "yes"
        }
      },
      "geometry": {
        "type": "Polygon",
        "coordinates": [
          [
            [
              18.6853094,
              50.2988926
            ],
            [
              18.6854801,
              50.29884030000001
            ],
            [
              18.6854934,
              50.298857899999994
            ],
            [
              18.6855297,
              50.29884679999999
            ],
            [
              18.6855164,
              50.298829100000006
            ],
            [
              18.6856989,
              50.29877309999999
            ],
            [
              18.6856104,
              50.298655299999986
            ],
            [
              18.6852209,
              50.2987748
            ],
            [
              18.6852601,
              50.2988271
            ],
            [
              18.6852369,
              50.2988342
            ],
            [
              18.6852499,
              50.2988514
            ],
            [
              18.6852731,
              50.298844299999985
            ],
            [
              18.6853094,
              50.2988926
            ]
          ]
        ]
      }
    },
    {
      "type": "Feature",
      "properties": {
        "source": "OpenStreetMap",
        "source_id": "way/288603651",
        "domain": "public",
        "asset_type": "community_social",
        "confidence": "medium",
        "missing_fields": [],
        "limitations": [
          "OSM public-service completeness and tagging vary by area and facility type.",
          "A facility tag is evidence of mapped semantics, not service availability, capacity, accessibility or operating status.",
          "BDOT10k building geometry is retained only as topographic comparison context and cannot establish facility semantics.",
          "No qualified PRG public-service facility class is enabled for this domain pack."
        ],
        "eligible_for_analysis": true,
        "osm_tags": {
          "name": "Sztukateria",
          "amenity": "community_centre",
          "community_centre": "cultural_centre",
          "building": "civic",
          "wheelchair": "yes"
        }
      },
      "geometry": {
        "type": "Polygon",
        "coordinates": [
          [
            [
              18.6551513,
              50.22913799999999
            ],
            [
              18.6552521,
              50.2291412
            ],
            [
              18.655323,
              50.22914279999999
            ],
            [
              18.6553349,
              50.2291435
            ],
            [
              18.6553413,
              50.2290546
            ],
            [
              18.6553473,
              50.2289722
            ],
            [
              18.6552447,
              50.2289692
            ],
            [
              18.6551638,
              50.2289668
            ],
            [
              18.6551513,
              50.22913799999999
            ]
          ]
        ]
      }
    },
    {
      "type": "Feature",
      "properties": {
        "source": "OpenStreetMap",
        "source_id": "way/290911933",
        "domain": "public",
        "asset_type": "community_social",
        "confidence": "medium",
        "missing_fields": [],
        "limitations": [
          "OSM public-service completeness and tagging vary by area and facility type.",
          "A facility tag is evidence of mapped semantics, not service availability, capacity, accessibility or operating status.",
          "BDOT10k building geometry is retained only as topographic comparison context and cannot establish facility semantics.",
          "No qualified PRG public-service facility class is enabled for this domain pack."
        ],
        "eligible_for_analysis": true,
        "osm_tags": {
          "name": "Ośrodek kultury w Skrzyszowie",
          "website": "http://gckgodow.pl/kontakt/",
          "amenity": "community_centre",
          "building": "yes",
          "phone": "+48 32 472 64 17"
        }
      },
      "geometry": {
        "type": "Polygon",
        "coordinates": [
          [
            [
              18.4930735,
              49.9491603
            ],
            [
              18.4931658,
              49.949236799999994
            ],
            [
              18.4932279,
              49.9492056
            ],
            [
              18.49305,
              49.949058099999995
            ],
            [
              18.4929487,
              49.94910899999999
            ],
            [
              18.4928984,
              49.9490674
            ],
            [
              18.4928647,
              49.949084299999996
            ],
            [
              18.4929216,
              49.9491315
            ],
            [
              18.4929443,
              49.949120099999995
            ],
            [
              18.4929853,
              49.9491541
            ],
            [
              18.4929346,
              49.9491795
            ],
            [
              18.4929726,
              49.94921099999999
            ],
            [
              18.4930735,
              49.9491603
            ]
          ]
        ]
      }
    },
    {
      "type": "Feature",
      "properties": {
        "source": "OpenStreetMap",
        "source_id": "way/291819978",
        "domain": "public",
        "asset_type": "community_social",
        "confidence": "medium",
        "missing_fields": [],
        "limitations": [
          "OSM public-service completeness and tagging vary by area and facility type.",
          "A facility tag is evidence of mapped semantics, not service availability, capacity, accessibility or operating status.",
          "BDOT10k building geometry is retained only as topographic comparison context and cannot establish facility semantics.",
          "No qualified PRG public-service facility class is enabled for this domain pack."
        ],
        "eligible_for_analysis": true,
        "osm_tags": {
          "name": "Gminny Dom Kultury",
          "website": "https://gdk-kobior.pl/",
          "amenity": "community_centre",
          "building": "public",
          "phone": "+48 32 3288525",
          "email": "gdkkobior@interia.pl"
        }
      },
      "geometry": {
        "type": "Polygon",
        "coordinates": [
          [
            [
              18.931829,
              50.0602588
            ],
            [
              18.9317494,
              50.0601022
            ],
            [
              18.9316649,
              50.06011989999999
            ],
            [
              18.9316696,
              50.0601291
            ],
            [
              18.931393000000003,
              50.060187
            ],
            [
              18.9313884,
              50.06017799999999
            ],
            [
              18.9313091,
              50.0601946
            ],
            [
              18.9313886,
              50.0603511
            ],
            [
              18.931829,
              50.0602588
            ]
          ]
        ]
      }
    },
    {
      "type": "Feature",
      "properties": {
        "source": "OpenStreetMap",
        "source_id": "way/294872715",
        "domain": "public",
        "asset_type": "community_social",
        "confidence": "medium",
        "missing_fields": [],
        "limitations": [
          "OSM public-service completeness and tagging vary by area and facility type.",
          "A facility tag is evidence of mapped semantics, not service availability, capacity, accessibility or operating status.",
          "BDOT10k building geometry is retained only as topographic comparison context and cannot establish facility semantics.",
          "No qualified PRG public-service facility class is enabled for this domain pack."
        ],
        "eligible_for_analysis": true,
        "osm_tags": {
          "name": "Warsztat Terapii Zajęciowej",
          "amenity": "social_facility",
          "building": "yes"
        }
      },
      "geometry": {
        "type": "Polygon",
        "coordinates": [
          [
            [
              18.6687686,
              50.153661299999996
            ],
            [
              18.6687652,
              50.153682100000005
            ],
            [
              18.668798,
              50.153684299999995
            ],
            [
              18.6688014,
              50.153662899999986
            ],
            [
              18.6689228,
              50.153670999999996
            ],
            [
              18.6689356,
              50.1535923
            ],
            [
              18.6688412,
              50.153586
            ],
            [
              18.6688436,
              50.15357099999999
            ],
            [
              18.6687856,
              50.1535671
            ],
            [
              18.668782900000004,
              50.1535836
            ],
            [
              18.6685322,
              50.153566899999994
            ],
            [
              18.6685196,
              50.1536447
            ],
            [
              18.6687686,
              50.153661299999996
            ]
          ]
        ]
      }
    },
    {
      "type": "Feature",
      "properties": {
        "source": "OpenStreetMap",
        "source_id": "way/295221967",
        "domain": "public",
        "asset_type": "community_social",
        "confidence": "medium",
        "missing_fields": [],
        "limitations": [
          "OSM public-service completeness and tagging vary by area and facility type.",
          "A facility tag is evidence of mapped semantics, not service availability, capacity, accessibility or operating status.",
          "BDOT10k building geometry is retained only as topographic comparison context and cannot establish facility semantics.",
          "No qualified PRG public-service facility class is enabled for this domain pack."
        ],
        "eligible_for_analysis": true,
        "osm_tags": {
          "name": "MOPS w Kurowie Centrum Wsparcia Inicjatyw Społecznych",
          "operator": "MIejski Ośrodek Pomocy Spłecznej w Knurowie",
          "amenity": "social_facility",
          "building": "yes"
        }
      },
      "geometry": {
        "type": "Polygon",
        "coordinates": [
          [
            [
              18.6839136,
              50.2190095
            ],
            [
              18.6838757,
              50.21892179999999
            ],
            [
              18.6836994,
              50.218953
            ],
            [
              18.6837373,
              50.2190407
            ],
            [
              18.6839136,
              50.2190095
            ]
          ]
        ]
      }
    },
    {
      "type": "Feature",
      "properties": {
        "source": "OpenStreetMap",
        "source_id": "way/295223894",
        "domain": "public",
        "asset_type": "community_social",
        "confidence": "medium",
        "missing_fields": [],
        "limitations": [
          "OSM public-service completeness and tagging vary by area and facility type.",
          "A facility tag is evidence of mapped semantics, not service availability, capacity, accessibility or operating status.",
          "BDOT10k building geometry is retained only as topographic comparison context and cannot establish facility semantics.",
          "No qualified PRG public-service facility class is enabled for this domain pack."
        ],
        "eligible_for_analysis": true,
        "osm_tags": {
          "name": "Miejski Ośrodek Pomocy Społecznej w Knurowie",
          "website": "https://www.mopsknurow.pl/",
          "image": "http://mopsknurow.pl/wp-content/uploads/2016/12/logo.jpg",
          "amenity": "social_facility",
          "social_facility": "outreach",
          "building": "yes",
          "opening_hours": "Mo-Th 07:30-15:30; We 07:30-17:30; Fr 07:30-13:30",
          "phone": "+48 32 335 50 00",
          "email": "ops@knurow.pl",
          "wheelchair": "yes"
        }
      },
      "geometry": {
        "type": "Polygon",
        "coordinates": [
          [
            [
              18.6747459,
              50.22168189999999
            ],
            [
              18.6747267,
              50.2216649
            ],
            [
              18.6747505,
              50.22165389999999
            ],
            [
              18.6747793,
              50.22167949999999
            ],
            [
              18.6749048,
              50.2216216
            ],
            [
              18.6748651,
              50.2215864
            ],
            [
              18.6749825,
              50.2215322
            ],
            [
              18.6748729,
              50.2214349
            ],
            [
              18.6745738,
              50.2215729
            ],
            [
              18.6747135,
              50.2216969
            ],
            [
              18.6747459,
              50.22168189999999
            ]
          ]
        ]
      }
    },
    {
      "type": "Feature",
      "properties": {
        "source": "OpenStreetMap",
        "source_id": "way/298673288",
        "domain": "public",
        "asset_type": "community_social",
        "confidence": "medium",
        "missing_fields": [],
        "limitations": [
          "OSM public-service completeness and tagging vary by area and facility type.",
          "A facility tag is evidence of mapped semantics, not service availability, capacity, accessibility or operating status.",
          "BDOT10k building geometry is retained only as topographic comparison context and cannot establish facility semantics.",
          "No qualified PRG public-service facility class is enabled for this domain pack."
        ],
        "eligible_for_analysis": true,
        "osm_tags": {
          "name": "Dom Pomocy Społecznej",
          "amenity": "social_facility"
        }
      },
      "geometry": {
        "type": "Polygon",
        "coordinates": [
          [
            [
              18.824662,
              50.360030599999995
            ],
            [
              18.8246194,
              50.36001799999998
            ],
            [
              18.8242448,
              50.3599277
            ],
            [
              18.8232656,
              50.360103499999994
            ],
            [
              18.8230083,
              50.3601501
            ],
            [
              18.8233645,
              50.360509799999996
            ],
            [
              18.8236783,
              50.3608524
            ],
            [
              18.8244389,
              50.36097610000001
            ],
            [
              18.8244903,
              50.3608624
            ],
            [
              18.8245841,
              50.360707199999986
            ],
            [
              18.8248076,
              50.3603409
            ],
            [
              18.8245801,
              50.36030199999999
            ],
            [
              18.8247093,
              50.3600466
            ],
            [
              18.824662,
              50.360030599999995
            ]
          ]
        ]
      }
    },
    {
      "type": "Feature",
      "properties": {
        "source": "OpenStreetMap",
        "source_id": "way/299124024",
        "domain": "public",
        "asset_type": "community_social",
        "confidence": "medium",
        "missing_fields": [],
        "limitations": [
          "OSM public-service completeness and tagging vary by area and facility type.",
          "A facility tag is evidence of mapped semantics, not service availability, capacity, accessibility or operating status.",
          "BDOT10k building geometry is retained only as topographic comparison context and cannot establish facility semantics.",
          "No qualified PRG public-service facility class is enabled for this domain pack."
        ],
        "eligible_for_analysis": true,
        "osm_tags": {
          "name": "Rydułtowskie Centrum Kultury",
          "amenity": "community_centre",
          "building": "yes"
        }
      },
      "geometry": {
        "type": "Polygon",
        "coordinates": [
          [
            [
              18.418835,
              50.06696489999999
            ],
            [
              18.418864,
              50.06690939999999
            ],
            [
              18.4191439,
              50.066969
            ],
            [
              18.4192695,
              50.0666923
            ],
            [
              18.4188122,
              50.0666019
            ],
            [
              18.4186556,
              50.0669282
            ],
            [
              18.418835,
              50.06696489999999
            ]
          ]
        ]
      }
    },
    {
      "type": "Feature",
      "properties": {
        "source": "OpenStreetMap",
        "source_id": "way/301564629",
        "domain": "public",
        "asset_type": "community_social",
        "confidence": "medium",
        "missing_fields": [],
        "limitations": [
          "OSM public-service completeness and tagging vary by area and facility type.",
          "A facility tag is evidence of mapped semantics, not service availability, capacity, accessibility or operating status.",
          "BDOT10k building geometry is retained only as topographic comparison context and cannot establish facility semantics.",
          "No qualified PRG public-service facility class is enabled for this domain pack."
        ],
        "eligible_for_analysis": true,
        "osm_tags": {
          "name": "Centrum Kulturalno-Sportowe \"Łabędź\"",
          "amenity": "community_centre",
          "building": "yes"
        }
      },
      "geometry": {
        "type": "Polygon",
        "coordinates": [
          [
            [
              18.6340055,
              50.339785000000006
            ],
            [
              18.6339168,
              50.33912049999999
            ],
            [
              18.6334032,
              50.3391489
            ],
            [
              18.6333689,
              50.3391508
            ],
            [
              18.6333757,
              50.339202099999994
            ],
            [
              18.633341,
              50.339204499999994
            ],
            [
              18.6333576,
              50.3393199
            ],
            [
              18.6333907,
              50.33931799999999
            ],
            [
              18.6333919,
              50.3393236
            ],
            [
              18.6333606,
              50.339325599999995
            ],
            [
              18.6333635,
              50.339346699999986
            ],
            [
              18.6333942,
              50.33934529999999
            ],
            [
              18.6334387,
              50.3396713
            ],
            [
              18.6334043,
              50.33967330000001
            ],
            [
              18.633407600000005,
              50.339697799999996
            ],
            [
              18.6334421,
              50.33969590000001
            ],
            [
              18.6334552,
              50.33979450000001
            ],
            [
              18.6335915,
              50.33978770000001
            ],
            [
              18.6335944,
              50.339807699999994
            ],
            [
              18.6340055,
              50.339785000000006
            ]
          ]
        ]
      }
    },
    {
      "type": "Feature",
      "properties": {
        "source": "OpenStreetMap",
        "source_id": "way/304714361",
        "domain": "public",
        "asset_type": "community_social",
        "confidence": "medium",
        "missing_fields": [],
        "limitations": [
          "OSM public-service completeness and tagging vary by area and facility type.",
          "A facility tag is evidence of mapped semantics, not service availability, capacity, accessibility or operating status.",
          "BDOT10k building geometry is retained only as topographic comparison context and cannot establish facility semantics.",
          "No qualified PRG public-service facility class is enabled for this domain pack."
        ],
        "eligible_for_analysis": true,
        "osm_tags": {
          "name": "Schronisko Św. Brata Alberta",
          "website": "https://www.bratalbert.org/slaskie.html",
          "source": "survey",
          "amenity": "social_facility",
          "social_facility": "shelter",
          "phone": "+48 32 232 94 61"
        }
      },
      "geometry": {
        "type": "Polygon",
        "coordinates": [
          [
            [
              18.6680843,
              50.2524752
            ],
            [
              18.6681714,
              50.25321869999999
            ],
            [
              18.6688406,
              50.25325720000001
            ],
            [
              18.6687896,
              50.25263339999999
            ],
            [
              18.6688174,
              50.2522802
            ],
            [
              18.6686324,
              50.2522264
            ],
            [
              18.6684611,
              50.2521778
            ],
            [
              18.6683663,
              50.252152099999996
            ],
            [
              18.6683828,
              50.25211840000001
            ],
            [
              18.6680351,
              50.252005200000006
            ],
            [
              18.6680843,
              50.2524752
            ]
          ]
        ]
      }
    },
    {
      "type": "Feature",
      "properties": {
        "source": "OpenStreetMap",
        "source_id": "way/304797587",
        "domain": "public",
        "asset_type": "community_social",
        "confidence": "medium",
        "missing_fields": [],
        "limitations": [
          "OSM public-service completeness and tagging vary by area and facility type.",
          "A facility tag is evidence of mapped semantics, not service availability, capacity, accessibility or operating status.",
          "BDOT10k building geometry is retained only as topographic comparison context and cannot establish facility semantics.",
          "No qualified PRG public-service facility class is enabled for this domain pack."
        ],
        "eligible_for_analysis": true,
        "osm_tags": {
          "name": "Biblioteka Publiczna Miasta Rydułtowy im. Henryka Mikołaja Góreckiego",
          "amenity": "library",
          "building": "yes"
        }
      },
      "geometry": {
        "type": "Polygon",
        "coordinates": [
          [
            [
              18.417886,
              50.074066
            ],
            [
              18.417937000000002,
              50.07399899999999
            ],
            [
              18.41796,
              50.074006000000004
            ],
            [
              18.417982,
              50.07398
            ],
            [
              18.417958000000002,
              50.07397199999999
            ],
            [
              18.418024,
              50.073891
            ],
            [
              18.418105,
              50.07391799999999
            ],
            [
              18.418093,
              50.073932000000006
            ],
            [
              18.418196,
              50.073966
            ],
            [
              18.418199,
              50.073961999999995
            ],
            [
              18.418336,
              50.07400799999999
            ],
            [
              18.418421,
              50.073902999999994
            ],
            [
              18.418098,
              50.07379199999999
            ],
            [
              18.418083,
              50.07381199999999
            ],
            [
              18.417957,
              50.073769999999996
            ],
            [
              18.417755,
              50.074023
            ],
            [
              18.417886,
              50.074066
            ]
          ]
        ]
      }
    },
    {
      "type": "Feature",
      "properties": {
        "source": "OpenStreetMap",
        "source_id": "way/305113135",
        "domain": "public",
        "asset_type": "community_social",
        "confidence": "medium",
        "missing_fields": [],
        "limitations": [
          "OSM public-service completeness and tagging vary by area and facility type.",
          "A facility tag is evidence of mapped semantics, not service availability, capacity, accessibility or operating status.",
          "BDOT10k building geometry is retained only as topographic comparison context and cannot establish facility semantics.",
          "No qualified PRG public-service facility class is enabled for this domain pack."
        ],
        "eligible_for_analysis": true,
        "osm_tags": {
          "amenity": "library",
          "building": "yes"
        }
      },
      "geometry": {
        "type": "Polygon",
        "coordinates": [
          [
            [
              18.4812139,
              50.048128699999985
            ],
            [
              18.4811574,
              50.0479989
            ],
            [
              18.4809673,
              50.048033
            ],
            [
              18.4810238,
              50.0481628
            ],
            [
              18.4812139,
              50.048128699999985
            ]
          ]
        ]
      }
    },
    {
      "type": "Feature",
      "properties": {
        "source": "OpenStreetMap",
        "source_id": "way/311139649",
        "domain": "public",
        "asset_type": "community_social",
        "confidence": "medium",
        "missing_fields": [],
        "limitations": [
          "OSM public-service completeness and tagging vary by area and facility type.",
          "A facility tag is evidence of mapped semantics, not service availability, capacity, accessibility or operating status.",
          "BDOT10k building geometry is retained only as topographic comparison context and cannot establish facility semantics.",
          "No qualified PRG public-service facility class is enabled for this domain pack."
        ],
        "eligible_for_analysis": true,
        "osm_tags": {
          "name": "Schronisko dla bezdomnych mężczyzn oraz izba wytrzeźwień",
          "amenity": "social_facility",
          "social_facility": "shelter",
          "building": "yes"
        }
      },
      "geometry": {
        "type": "Polygon",
        "coordinates": [
          [
            [
              18.8633818,
              50.2799496
            ],
            [
              18.8627003,
              50.2799205
            ],
            [
              18.8626883,
              50.28004369999999
            ],
            [
              18.8629501,
              50.28005519999999
            ],
            [
              18.8629487,
              50.280067100000004
            ],
            [
              18.8631082,
              50.28007399999999
            ],
            [
              18.8631096,
              50.280062199999996
            ],
            [
              18.8633696,
              50.2800736
            ],
            [
              18.8633735,
              50.28003330000001
            ],
            [
              18.8633752,
              50.280017099999995
            ],
            [
              18.863377,
              50.279999399999994
            ],
            [
              18.8633818,
              50.2799496
            ]
          ]
        ]
      }
    },
    {
      "type": "Feature",
      "properties": {
        "source": "OpenStreetMap",
        "source_id": "way/312142861",
        "domain": "public",
        "asset_type": "community_social",
        "confidence": "medium",
        "missing_fields": [],
        "limitations": [
          "OSM public-service completeness and tagging vary by area and facility type.",
          "A facility tag is evidence of mapped semantics, not service availability, capacity, accessibility or operating status.",
          "BDOT10k building geometry is retained only as topographic comparison context and cannot establish facility semantics.",
          "No qualified PRG public-service facility class is enabled for this domain pack."
        ],
        "eligible_for_analysis": true,
        "osm_tags": {
          "name": "Gminny Ośrodek Kultury",
          "amenity": "community_centre",
          "building": "yes"
        }
      },
      "geometry": {
        "type": "Polygon",
        "coordinates": [
          [
            [
              18.695539,
              49.9619702
            ],
            [
              18.6955893,
              49.9616198
            ],
            [
              18.6953706,
              49.961609100000004
            ],
            [
              18.6953145,
              49.961956699999995
            ],
            [
              18.695539,
              49.9619702
            ]
          ]
        ]
      }
    },
    {
      "type": "Feature",
      "properties": {
        "source": "OpenStreetMap",
        "source_id": "way/329747430",
        "domain": "public",
        "asset_type": "community_social",
        "confidence": "medium",
        "missing_fields": [],
        "limitations": [
          "OSM public-service completeness and tagging vary by area and facility type.",
          "A facility tag is evidence of mapped semantics, not service availability, capacity, accessibility or operating status.",
          "BDOT10k building geometry is retained only as topographic comparison context and cannot establish facility semantics.",
          "No qualified PRG public-service facility class is enabled for this domain pack."
        ],
        "eligible_for_analysis": true,
        "osm_tags": {
          "name": "Poradnia Psychologiczno - Pedagogiczna nr 2 im. ks. dra Stanisława Wilczewskiego",
          "website": "http://www.ppp2.katowice.pl/index.htm",
          "amenity": "social_facility",
          "social_facility": "ambulatory_care",
          "phone": "+48 32 2527959",
          "email": "pppnr2katowice@gmail.com"
        }
      },
      "geometry": {
        "type": "Polygon",
        "coordinates": [
          [
            [
              18.9854966,
              50.20653469999999
            ],
            [
              18.9856957,
              50.20641719999999
            ],
            [
              18.9854496,
              50.20626419999999
            ],
            [
              18.98543,
              50.205914699999994
            ],
            [
              18.985622,
              50.205779299999996
            ],
            [
              18.9854811,
              50.2056587
            ],
            [
              18.9852244,
              50.2057736
            ],
            [
              18.9848235,
              50.20589820000001
            ],
            [
              18.9847936,
              50.205907499999995
            ],
            [
              18.984888,
              50.20602079999999
            ],
            [
              18.9848631,
              50.2062536
            ],
            [
              18.9854722,
              50.206549100000004
            ],
            [
              18.9854966,
              50.20653469999999
            ]
          ]
        ]
      }
    },
    {
      "type": "Feature",
      "properties": {
        "source": "OpenStreetMap",
        "source_id": "way/333796195",
        "domain": "public",
        "asset_type": "community_social",
        "confidence": "medium",
        "missing_fields": [],
        "limitations": [
          "OSM public-service completeness and tagging vary by area and facility type.",
          "A facility tag is evidence of mapped semantics, not service availability, capacity, accessibility or operating status.",
          "BDOT10k building geometry is retained only as topographic comparison context and cannot establish facility semantics.",
          "No qualified PRG public-service facility class is enabled for this domain pack."
        ],
        "eligible_for_analysis": true,
        "osm_tags": {
          "name": "Gminna Biblioteka Publiczna w Gorzycach",
          "amenity": "library",
          "building": "yes",
          "opening_hours": "Mo 09:00-15:00; Tu-Fr 12:00-19:00",
          "contact:phone": "+48 32 45 12 110"
        }
      },
      "geometry": {
        "type": "Polygon",
        "coordinates": [
          [
            [
              18.353523,
              49.990361
            ],
            [
              18.353515,
              49.99034799999999
            ],
            [
              18.353343,
              49.990284999999986
            ],
            [
              18.353301,
              49.99030699999999
            ],
            [
              18.353273000000005,
              49.990322
            ],
            [
              18.353304,
              49.990345
            ],
            [
              18.353312,
              49.990351999999994
            ],
            [
              18.353302,
              49.99035800000001
            ],
            [
              18.353392,
              49.990429
            ],
            [
              18.353523,
              49.990361
            ]
          ]
        ]
      }
    },
    {
      "type": "Feature",
      "properties": {
        "source": "OpenStreetMap",
        "source_id": "way/334133994",
        "domain": "public",
        "asset_type": "community_social",
        "confidence": "medium",
        "missing_fields": [],
        "limitations": [
          "OSM public-service completeness and tagging vary by area and facility type.",
          "A facility tag is evidence of mapped semantics, not service availability, capacity, accessibility or operating status.",
          "BDOT10k building geometry is retained only as topographic comparison context and cannot establish facility semantics.",
          "No qualified PRG public-service facility class is enabled for this domain pack."
        ],
        "eligible_for_analysis": true,
        "osm_tags": {
          "name": "Wiejski Dom Kultury w Bukowie",
          "amenity": "community_centre",
          "building": "yes"
        }
      },
      "geometry": {
        "type": "Polygon",
        "coordinates": [
          [
            [
              18.29468,
              49.99949699999999
            ],
            [
              18.294719,
              49.999461
            ],
            [
              18.294646,
              49.999427999999995
            ],
            [
              18.294606,
              49.99946400000001
            ],
            [
              18.294559,
              49.999441999999995
            ],
            [
              18.294451,
              49.999541
            ],
            [
              18.294435,
              49.99953299999999
            ],
            [
              18.294347,
              49.99961199999999
            ],
            [
              18.294496,
              49.999682
            ],
            [
              18.294585,
              49.999603
            ],
            [
              18.294568,
              49.99959500000001
            ],
            [
              18.29468,
              49.99949699999999
            ]
          ]
        ]
      }
    },
    {
      "type": "Feature",
      "properties": {
        "source": "OpenStreetMap",
        "source_id": "way/335539660",
        "domain": "public",
        "asset_type": "community_social",
        "confidence": "medium",
        "missing_fields": [],
        "limitations": [
          "OSM public-service completeness and tagging vary by area and facility type.",
          "A facility tag is evidence of mapped semantics, not service availability, capacity, accessibility or operating status.",
          "BDOT10k building geometry is retained only as topographic comparison context and cannot establish facility semantics.",
          "No qualified PRG public-service facility class is enabled for this domain pack."
        ],
        "eligible_for_analysis": true,
        "osm_tags": {
          "name": "Dom seniora \"CZYŻYK\"",
          "amenity": "social_facility",
          "social_facility": "group_home",
          "building": "yes",
          "phone": "+48 32 4453611",
          "wheelchair": "yes"
        }
      },
      "geometry": {
        "type": "Polygon",
        "coordinates": [
          [
            [
              18.4045022,
              49.974539199999995
            ],
            [
              18.4044904,
              49.97457829999999
            ],
            [
              18.4046405,
              49.97459709999998
            ],
            [
              18.4046496,
              49.97456710000001
            ],
            [
              18.4048931,
              49.974597599999996
            ],
            [
              18.4049355,
              49.97445750000001
            ],
            [
              18.4043882,
              49.97438900000001
            ],
            [
              18.4043485,
              49.974519999999984
            ],
            [
              18.4045022,
              49.974539199999995
            ]
          ]
        ]
      }
    },
    {
      "type": "Feature",
      "properties": {
        "source": "OpenStreetMap",
        "source_id": "way/335817140",
        "domain": "public",
        "asset_type": "community_social",
        "confidence": "medium",
        "missing_fields": [],
        "limitations": [
          "OSM public-service completeness and tagging vary by area and facility type.",
          "A facility tag is evidence of mapped semantics, not service availability, capacity, accessibility or operating status.",
          "BDOT10k building geometry is retained only as topographic comparison context and cannot establish facility semantics.",
          "No qualified PRG public-service facility class is enabled for this domain pack."
        ],
        "eligible_for_analysis": true,
        "osm_tags": {
          "name": "Oratorium Młodzieżowe w Pogrzebieniu",
          "amenity": "community_centre",
          "building": "yes",
          "wheelchair": "limited"
        }
      },
      "geometry": {
        "type": "Polygon",
        "coordinates": [
          [
            [
              18.2966197,
              50.06745020000001
            ],
            [
              18.2966804,
              50.0674214
            ],
            [
              18.2967034,
              50.0674403
            ],
            [
              18.2967443,
              50.067419
            ],
            [
              18.29672,
              50.06739809999999
            ],
            [
              18.2967897,
              50.0673599
            ],
            [
              18.2966369,
              50.06722289999999
            ],
            [
              18.2965743,
              50.067252
            ],
            [
              18.2965494,
              50.067229000000005
            ],
            [
              18.2965263,
              50.067239300000004
            ],
            [
              18.2965014,
              50.06725039999999
            ],
            [
              18.296527,
              50.067275399999986
            ],
            [
              18.296458,
              50.06730329999999
            ],
            [
              18.2966197,
              50.06745020000001
            ]
          ]
        ]
      }
    },
    {
      "type": "Feature",
      "properties": {
        "source": "OpenStreetMap",
        "source_id": "way/336131599",
        "domain": "public",
        "asset_type": "community_social",
        "confidence": "medium",
        "missing_fields": [],
        "limitations": [
          "OSM public-service completeness and tagging vary by area and facility type.",
          "A facility tag is evidence of mapped semantics, not service availability, capacity, accessibility or operating status.",
          "BDOT10k building geometry is retained only as topographic comparison context and cannot establish facility semantics.",
          "No qualified PRG public-service facility class is enabled for this domain pack."
        ],
        "eligible_for_analysis": true,
        "osm_tags": {
          "name": "Świetlica w Kornowacu",
          "amenity": "community_centre",
          "building": "yes"
        }
      },
      "geometry": {
        "type": "Polygon",
        "coordinates": [
          [
            [
              18.3260021,
              50.06984
            ],
            [
              18.3260144,
              50.06983399999999
            ],
            [
              18.3261403,
              50.069764099999986
            ],
            [
              18.326044700000004,
              50.06967939999999
            ],
            [
              18.3259091,
              50.06975239999999
            ],
            [
              18.3259539,
              50.06978819999999
            ],
            [
              18.3258873,
              50.069823099999994
            ],
            [
              18.325943,
              50.069869000000004
            ],
            [
              18.3260021,
              50.06984
            ]
          ]
        ]
      }
    },
    {
      "type": "Feature",
      "properties": {
        "source": "OpenStreetMap",
        "source_id": "way/342337617",
        "domain": "public",
        "asset_type": "community_social",
        "confidence": "medium",
        "missing_fields": [],
        "limitations": [
          "OSM public-service completeness and tagging vary by area and facility type.",
          "A facility tag is evidence of mapped semantics, not service availability, capacity, accessibility or operating status.",
          "BDOT10k building geometry is retained only as topographic comparison context and cannot establish facility semantics.",
          "No qualified PRG public-service facility class is enabled for this domain pack."
        ],
        "eligible_for_analysis": true,
        "osm_tags": {
          "amenity": "social_facility",
          "social_facility": "group_home",
          "building": "house"
        }
      },
      "geometry": {
        "type": "Polygon",
        "coordinates": [
          [
            [
              18.323691,
              49.9428433
            ],
            [
              18.3237926,
              49.94248149999999
            ],
            [
              18.323471,
              49.942444300000005
            ],
            [
              18.3233694,
              49.9428061
            ],
            [
              18.323691,
              49.9428433
            ]
          ]
        ]
      }
    },
    {
      "type": "Feature",
      "properties": {
        "source": "OpenStreetMap",
        "source_id": "way/342337762",
        "domain": "public",
        "asset_type": "community_social",
        "confidence": "medium",
        "missing_fields": [],
        "limitations": [
          "OSM public-service completeness and tagging vary by area and facility type.",
          "A facility tag is evidence of mapped semantics, not service availability, capacity, accessibility or operating status.",
          "BDOT10k building geometry is retained only as topographic comparison context and cannot establish facility semantics.",
          "No qualified PRG public-service facility class is enabled for this domain pack."
        ],
        "eligible_for_analysis": true,
        "osm_tags": {
          "amenity": "social_facility",
          "social_facility": "group_home",
          "building": "residential"
        }
      },
      "geometry": {
        "type": "Polygon",
        "coordinates": [
          [
            [
              18.3237234,
              49.943353
            ],
            [
              18.323836200000002,
              49.942985099999994
            ],
            [
              18.32351,
              49.942946299999996
            ],
            [
              18.3233972,
              49.9433142
            ],
            [
              18.3237234,
              49.943353
            ]
          ]
        ]
      }
    },
    {
      "type": "Feature",
      "properties": {
        "source": "OpenStreetMap",
        "source_id": "way/344761015",
        "domain": "public",
        "asset_type": "community_social",
        "confidence": "medium",
        "missing_fields": [],
        "limitations": [
          "OSM public-service completeness and tagging vary by area and facility type.",
          "A facility tag is evidence of mapped semantics, not service availability, capacity, accessibility or operating status.",
          "BDOT10k building geometry is retained only as topographic comparison context and cannot establish facility semantics.",
          "No qualified PRG public-service facility class is enabled for this domain pack."
        ],
        "eligible_for_analysis": true,
        "osm_tags": {
          "name": "Gminna Biblioteka Publiczna fiilia Warszowice",
          "amenity": "library",
          "building": "yes"
        }
      },
      "geometry": {
        "type": "Polygon",
        "coordinates": [
          [
            [
              18.7146304,
              49.992409299999984
            ],
            [
              18.7146284,
              49.99231040000001
            ],
            [
              18.714286,
              49.9923131
            ],
            [
              18.7142878,
              49.992412
            ],
            [
              18.7146304,
              49.992409299999984
            ]
          ]
        ]
      }
    },
    {
      "type": "Feature",
      "properties": {
        "source": "OpenStreetMap",
        "source_id": "way/346174706",
        "domain": "public",
        "asset_type": "community_social",
        "confidence": "medium",
        "missing_fields": [],
        "limitations": [
          "OSM public-service completeness and tagging vary by area and facility type.",
          "A facility tag is evidence of mapped semantics, not service availability, capacity, accessibility or operating status.",
          "BDOT10k building geometry is retained only as topographic comparison context and cannot establish facility semantics.",
          "No qualified PRG public-service facility class is enabled for this domain pack."
        ],
        "eligible_for_analysis": true,
        "osm_tags": {
          "name": "Ośrodek Kultury i Sportu w Gaszowicach",
          "amenity": "arts_centre",
          "building": "yes",
          "phone": "+48 32 430 54 85"
        }
      },
      "geometry": {
        "type": "Polygon",
        "coordinates": [
          [
            [
              18.4303886,
              50.107458099999995
            ],
            [
              18.4304179,
              50.1074544
            ],
            [
              18.4304397,
              50.10752539999999
            ],
            [
              18.4309224,
              50.10746439999999
            ],
            [
              18.430911,
              50.1074273
            ],
            [
              18.4311176,
              50.10740119999999
            ],
            [
              18.431053,
              50.10719109999999
            ],
            [
              18.4308358,
              50.1072186
            ],
            [
              18.430849,
              50.10726150000001
            ],
            [
              18.430347600000005,
              50.10732499999999
            ],
            [
              18.4303886,
              50.107458099999995
            ]
          ]
        ]
      }
    },
    {
      "type": "Feature",
      "properties": {
        "source": "OpenStreetMap",
        "source_id": "way/347098038",
        "domain": "public",
        "asset_type": "community_social",
        "confidence": "medium",
        "missing_fields": [],
        "limitations": [
          "OSM public-service completeness and tagging vary by area and facility type.",
          "A facility tag is evidence of mapped semantics, not service availability, capacity, accessibility or operating status.",
          "BDOT10k building geometry is retained only as topographic comparison context and cannot establish facility semantics.",
          "No qualified PRG public-service facility class is enabled for this domain pack."
        ],
        "eligible_for_analysis": true,
        "osm_tags": {
          "amenity": "library",
          "building": "yes"
        }
      },
      "geometry": {
        "type": "Polygon",
        "coordinates": [
          [
            [
              18.4794117,
              50.107647
            ],
            [
              18.4796054,
              50.1075799
            ],
            [
              18.4795823,
              50.1075524
            ],
            [
              18.4795175,
              50.10747539999999
            ],
            [
              18.479322,
              50.107543099999994
            ],
            [
              18.4794117,
              50.107647
            ]
          ]
        ]
      }
    },
    {
      "type": "Feature",
      "properties": {
        "source": "OpenStreetMap",
        "source_id": "way/348746212",
        "domain": "public",
        "asset_type": "community_social",
        "confidence": "medium",
        "missing_fields": [],
        "limitations": [
          "OSM public-service completeness and tagging vary by area and facility type.",
          "A facility tag is evidence of mapped semantics, not service availability, capacity, accessibility or operating status.",
          "BDOT10k building geometry is retained only as topographic comparison context and cannot establish facility semantics.",
          "No qualified PRG public-service facility class is enabled for this domain pack."
        ],
        "eligible_for_analysis": true,
        "osm_tags": {
          "name": "Miejski Ośrodek Kultury, Sportu i Rekreacji w Kuźni Raciborskiej",
          "website": "http://www.kuzniakultury.pl/site/start.html",
          "amenity": "arts_centre",
          "building": "yes",
          "phone": "+4832 419 14 07"
        }
      },
      "geometry": {
        "type": "Polygon",
        "coordinates": [
          [
            [
              18.3156666,
              50.2007468
            ],
            [
              18.315667600000005,
              50.20074499999999
            ],
            [
              18.3157482,
              50.2007591
            ],
            [
              18.3158471,
              50.2005208
            ],
            [
              18.3158822,
              50.200431599999995
            ],
            [
              18.3157993,
              50.2004181
            ],
            [
              18.3158007,
              50.2004137
            ],
            [
              18.315593,
              50.20037899999999
            ],
            [
              18.3155897,
              50.200384400000004
            ],
            [
              18.3155093,
              50.20037069999999
            ],
            [
              18.3154073,
              50.20063089999999
            ],
            [
              18.3153873,
              50.200628
            ],
            [
              18.3153756,
              50.200657299999996
            ],
            [
              18.3153967,
              50.2006602
            ],
            [
              18.3153826,
              50.2006974
            ],
            [
              18.3154605,
              50.20071079999999
            ],
            [
              18.3154601,
              50.200714399999995
            ],
            [
              18.3156666,
              50.2007468
            ]
          ]
        ]
      }
    },
    {
      "type": "Feature",
      "properties": {
        "source": "OpenStreetMap",
        "source_id": "way/348862954",
        "domain": "public",
        "asset_type": "community_social",
        "confidence": "medium",
        "missing_fields": [],
        "limitations": [
          "OSM public-service completeness and tagging vary by area and facility type.",
          "A facility tag is evidence of mapped semantics, not service availability, capacity, accessibility or operating status.",
          "BDOT10k building geometry is retained only as topographic comparison context and cannot establish facility semantics.",
          "No qualified PRG public-service facility class is enabled for this domain pack."
        ],
        "eligible_for_analysis": true,
        "osm_tags": {
          "name": "Świetlica wiejska w Budziskach",
          "amenity": "arts_centre",
          "building": "yes"
        }
      },
      "geometry": {
        "type": "Polygon",
        "coordinates": [
          [
            [
              18.2783189,
              50.204114100000005
            ],
            [
              18.2784634,
              50.2040653
            ],
            [
              18.2782638,
              50.20382309999999
            ],
            [
              18.2781193,
              50.203871799999995
            ],
            [
              18.2783189,
              50.204114100000005
            ]
          ]
        ]
      }
    },
    {
      "type": "Feature",
      "properties": {
        "source": "OpenStreetMap",
        "source_id": "way/349499613",
        "domain": "public",
        "asset_type": "community_social",
        "confidence": "medium",
        "missing_fields": [],
        "limitations": [
          "OSM public-service completeness and tagging vary by area and facility type.",
          "A facility tag is evidence of mapped semantics, not service availability, capacity, accessibility or operating status.",
          "BDOT10k building geometry is retained only as topographic comparison context and cannot establish facility semantics.",
          "No qualified PRG public-service facility class is enabled for this domain pack."
        ],
        "eligible_for_analysis": true,
        "osm_tags": {
          "name": "Świetlica wiejska w Turzu",
          "amenity": "arts_centre",
          "building": "yes"
        }
      },
      "geometry": {
        "type": "Polygon",
        "coordinates": [
          [
            [
              18.2641664,
              50.1909468
            ],
            [
              18.2641778,
              50.19087669999999
            ],
            [
              18.2641698,
              50.190865499999994
            ],
            [
              18.2639787,
              50.19085199999999
            ],
            [
              18.263965,
              50.1909325
            ],
            [
              18.2641664,
              50.1909468
            ]
          ]
        ]
      }
    },
    {
      "type": "Feature",
      "properties": {
        "source": "OpenStreetMap",
        "source_id": "way/350144423",
        "domain": "public",
        "asset_type": "community_social",
        "confidence": "medium",
        "missing_fields": [],
        "limitations": [
          "OSM public-service completeness and tagging vary by area and facility type.",
          "A facility tag is evidence of mapped semantics, not service availability, capacity, accessibility or operating status.",
          "BDOT10k building geometry is retained only as topographic comparison context and cannot establish facility semantics.",
          "No qualified PRG public-service facility class is enabled for this domain pack."
        ],
        "eligible_for_analysis": true,
        "osm_tags": {
          "name": "Dom Kultury Gminnego Centrum Kultury i Rekreacji",
          "source": "http://sdi.opolskie.pl/mapa_bazowa/request.aspx",
          "amenity": "arts_centre",
          "building": "residential"
        }
      },
      "geometry": {
        "type": "Polygon",
        "coordinates": [
          [
            [
              18.2870212,
              50.2385169
            ],
            [
              18.2869572,
              50.23830139999999
            ],
            [
              18.2868857,
              50.23831
            ],
            [
              18.2868476,
              50.2381819
            ],
            [
              18.287106,
              50.238150499999996
            ],
            [
              18.2870687,
              50.238024999999986
            ],
            [
              18.286641100000004,
              50.23808360000001
            ],
            [
              18.2867743,
              50.23854480000001
            ],
            [
              18.2870212,
              50.2385169
            ]
          ]
        ]
      }
    },
    {
      "type": "Feature",
      "properties": {
        "source": "OpenStreetMap",
        "source_id": "way/351913161",
        "domain": "public",
        "asset_type": "community_social",
        "confidence": "medium",
        "missing_fields": [],
        "limitations": [
          "OSM public-service completeness and tagging vary by area and facility type.",
          "A facility tag is evidence of mapped semantics, not service availability, capacity, accessibility or operating status.",
          "BDOT10k building geometry is retained only as topographic comparison context and cannot establish facility semantics.",
          "No qualified PRG public-service facility class is enabled for this domain pack."
        ],
        "eligible_for_analysis": true,
        "osm_tags": {
          "name": "Biblioteka w Adamowicach",
          "website": "http://www.bibliotekaadamowice.republika.pl/",
          "amenity": "library",
          "building": "yes",
          "phone": "+4832 427 97 14"
        }
      },
      "geometry": {
        "type": "Polygon",
        "coordinates": [
          [
            [
              18.3288716,
              50.1346633
            ],
            [
              18.3288204,
              50.1345819
            ],
            [
              18.3287077,
              50.1346111
            ],
            [
              18.3287589,
              50.1346924
            ],
            [
              18.3288716,
              50.1346633
            ]
          ]
        ]
      }
    },
    {
      "type": "Feature",
      "properties": {
        "source": "OpenStreetMap",
        "source_id": "way/369604766",
        "domain": "public",
        "asset_type": "community_social",
        "confidence": "medium",
        "missing_fields": [],
        "limitations": [
          "OSM public-service completeness and tagging vary by area and facility type.",
          "A facility tag is evidence of mapped semantics, not service availability, capacity, accessibility or operating status.",
          "BDOT10k building geometry is retained only as topographic comparison context and cannot establish facility semantics.",
          "No qualified PRG public-service facility class is enabled for this domain pack."
        ],
        "eligible_for_analysis": true,
        "osm_tags": {
          "name": "Dom Pomocy Społecznej nr 1",
          "amenity": "social_facility"
        }
      },
      "geometry": {
        "type": "Polygon",
        "coordinates": [
          [
            [
              18.7776437,
              50.2900964
            ],
            [
              18.7781565,
              50.28920109999999
            ],
            [
              18.7771773,
              50.288970000000006
            ],
            [
              18.7768613,
              50.28891879999999
            ],
            [
              18.7767224,
              50.2891618
            ],
            [
              18.7763655,
              50.28976879999999
            ],
            [
              18.7776437,
              50.2900964
            ]
          ]
        ]
      }
    },
    {
      "type": "Feature",
      "properties": {
        "source": "OpenStreetMap",
        "source_id": "way/369604767",
        "domain": "public",
        "asset_type": "community_social",
        "confidence": "medium",
        "missing_fields": [],
        "limitations": [
          "OSM public-service completeness and tagging vary by area and facility type.",
          "A facility tag is evidence of mapped semantics, not service availability, capacity, accessibility or operating status.",
          "BDOT10k building geometry is retained only as topographic comparison context and cannot establish facility semantics.",
          "No qualified PRG public-service facility class is enabled for this domain pack."
        ],
        "eligible_for_analysis": true,
        "osm_tags": {
          "name": "Dom Pomocy Społecznej nr 2",
          "amenity": "social_facility"
        }
      },
      "geometry": {
        "type": "Polygon",
        "coordinates": [
          [
            [
              18.7810553,
              50.2895476
            ],
            [
              18.780710200000005,
              50.28927839999999
            ],
            [
              18.7802486,
              50.28894840000001
            ],
            [
              18.7798136,
              50.289598399999996
            ],
            [
              18.7808589,
              50.2898651
            ],
            [
              18.7810553,
              50.2895476
            ]
          ]
        ]
      }
    },
    {
      "type": "Feature",
      "properties": {
        "source": "OpenStreetMap",
        "source_id": "way/369604768",
        "domain": "public",
        "asset_type": "community_social",
        "confidence": "medium",
        "missing_fields": [],
        "limitations": [
          "OSM public-service completeness and tagging vary by area and facility type.",
          "A facility tag is evidence of mapped semantics, not service availability, capacity, accessibility or operating status.",
          "BDOT10k building geometry is retained only as topographic comparison context and cannot establish facility semantics.",
          "No qualified PRG public-service facility class is enabled for this domain pack."
        ],
        "eligible_for_analysis": true,
        "osm_tags": {
          "name": "Dom Pomocy Społecznej nr 3",
          "amenity": "social_facility"
        }
      },
      "geometry": {
        "type": "Polygon",
        "coordinates": [
          [
            [
              18.7901173,
              50.3023221
            ],
            [
              18.7901611,
              50.302462899999995
            ],
            [
              18.7898956,
              50.3026876
            ],
            [
              18.7895199,
              50.30250229999999
            ],
            [
              18.7893335,
              50.302650799999995
            ],
            [
              18.789357,
              50.3026683
            ],
            [
              18.7893632,
              50.30269309999999
            ],
            [
              18.7893413,
              50.302721399999996
            ],
            [
              18.7898796,
              50.30294719999999
            ],
            [
              18.7899029,
              50.3029567
            ],
            [
              18.7899491,
              50.302975499999995
            ],
            [
              18.7900319,
              50.30300939999999
            ],
            [
              18.7902786,
              50.30277109999999
            ],
            [
              18.7903059,
              50.30275100000001
            ],
            [
              18.7903362,
              50.3027419
            ],
            [
              18.7903657,
              50.302740899999996
            ],
            [
              18.790393000000005,
              50.3027459
            ],
            [
              18.790415700000004,
              50.3027556
            ],
            [
              18.7905789,
              50.302835300000005
            ],
            [
              18.790637,
              50.3028275
            ],
            [
              18.7906904,
              50.30278119999999
            ],
            [
              18.7909477,
              50.3025583
            ],
            [
              18.7902094,
              50.30225109999999
            ],
            [
              18.7901173,
              50.3023221
            ]
          ]
        ]
      }
    },
    {
      "type": "Feature",
      "properties": {
        "source": "OpenStreetMap",
        "source_id": "way/369604769",
        "domain": "public",
        "asset_type": "community_social",
        "confidence": "medium",
        "missing_fields": [],
        "limitations": [
          "OSM public-service completeness and tagging vary by area and facility type.",
          "A facility tag is evidence of mapped semantics, not service availability, capacity, accessibility or operating status.",
          "BDOT10k building geometry is retained only as topographic comparison context and cannot establish facility semantics.",
          "No qualified PRG public-service facility class is enabled for this domain pack."
        ],
        "eligible_for_analysis": true,
        "osm_tags": {
          "name": "Dom Pomocy Społecznej prowadzony przez Zakon Ojców Kamilianów",
          "amenity": "social_facility"
        }
      },
      "geometry": {
        "type": "Polygon",
        "coordinates": [
          [
            [
              18.797017,
              50.2883251
            ],
            [
              18.7972161,
              50.288118600000004
            ],
            [
              18.7973235,
              50.28816230000001
            ],
            [
              18.797497,
              50.287986599999996
            ],
            [
              18.7974384,
              50.287780600000005
            ],
            [
              18.7973894,
              50.287723699999994
            ],
            [
              18.7971399,
              50.28762890000001
            ],
            [
              18.7968198,
              50.2879541
            ],
            [
              18.7967434,
              50.28792349999999
            ],
            [
              18.796592,
              50.28808699999999
            ],
            [
              18.796562,
              50.28814729999999
            ],
            [
              18.797017,
              50.2883251
            ]
          ]
        ]
      }
    },
    {
      "type": "Feature",
      "properties": {
        "source": "OpenStreetMap",
        "source_id": "way/369949560",
        "domain": "public",
        "asset_type": "community_social",
        "confidence": "medium",
        "missing_fields": [],
        "limitations": [
          "OSM public-service completeness and tagging vary by area and facility type.",
          "A facility tag is evidence of mapped semantics, not service availability, capacity, accessibility or operating status.",
          "BDOT10k building geometry is retained only as topographic comparison context and cannot establish facility semantics.",
          "No qualified PRG public-service facility class is enabled for this domain pack."
        ],
        "eligible_for_analysis": true,
        "osm_tags": {
          "name": "Gminny Ośrodek Kultury i Rekreacji w Mszanie",
          "website": "https://www.gokir-mszana.pl/",
          "amenity": "arts_centre",
          "building": "yes"
        }
      },
      "geometry": {
        "type": "Polygon",
        "coordinates": [
          [
            [
              18.5273284,
              49.966243799999994
            ],
            [
              18.527395000000002,
              49.9662375
            ],
            [
              18.5273811,
              49.96617619999999
            ],
            [
              18.5273599,
              49.9660826
            ],
            [
              18.5271966,
              49.9660979
            ],
            [
              18.5272459,
              49.966316000000006
            ],
            [
              18.5273009,
              49.966310699999994
            ],
            [
              18.527286800000002,
              49.9662477
            ],
            [
              18.5273284,
              49.966243799999994
            ]
          ]
        ]
      }
    },
    {
      "type": "Feature",
      "properties": {
        "source": "OpenStreetMap",
        "source_id": "way/370805921",
        "domain": "public",
        "asset_type": "community_social",
        "confidence": "medium",
        "missing_fields": [],
        "limitations": [
          "OSM public-service completeness and tagging vary by area and facility type.",
          "A facility tag is evidence of mapped semantics, not service availability, capacity, accessibility or operating status.",
          "BDOT10k building geometry is retained only as topographic comparison context and cannot establish facility semantics.",
          "No qualified PRG public-service facility class is enabled for this domain pack."
        ],
        "eligible_for_analysis": true,
        "osm_tags": {
          "name": "Specjalny Ośrodek Wychowawczy Zgromadzenia Sióstr Boromeuszek",
          "amenity": "social_facility",
          "phone": "+48322714329",
          "email": "zabrze@boromeuszki.pl"
        }
      },
      "geometry": {
        "type": "Polygon",
        "coordinates": [
          [
            [
              18.7699809,
              50.3066735
            ],
            [
              18.7699894,
              50.306792899999984
            ],
            [
              18.7703135,
              50.30677539999999
            ],
            [
              18.7708004,
              50.3067491
            ],
            [
              18.7707938,
              50.3066971
            ],
            [
              18.7710754,
              50.30667329999999
            ],
            [
              18.7710759,
              50.3065726
            ],
            [
              18.7713386,
              50.3065422
            ],
            [
              18.7713361,
              50.30597469999999
            ],
            [
              18.7700352,
              50.3059595
            ],
            [
              18.7699297,
              50.305958800000006
            ],
            [
              18.7699809,
              50.3066735
            ]
          ]
        ]
      }
    },
    {
      "type": "Feature",
      "properties": {
        "source": "OpenStreetMap",
        "source_id": "way/373579460",
        "domain": "public",
        "asset_type": "community_social",
        "confidence": "medium",
        "missing_fields": [],
        "limitations": [
          "OSM public-service completeness and tagging vary by area and facility type.",
          "A facility tag is evidence of mapped semantics, not service availability, capacity, accessibility or operating status.",
          "BDOT10k building geometry is retained only as topographic comparison context and cannot establish facility semantics.",
          "No qualified PRG public-service facility class is enabled for this domain pack."
        ],
        "eligible_for_analysis": true,
        "osm_tags": {
          "name": "Filia Biblioteczna w Bieńkowicach",
          "operator": "Gminna Biblioteka Publiczna w Krzyżanowicach",
          "amenity": "library",
          "building": "yes"
        }
      },
      "geometry": {
        "type": "Polygon",
        "coordinates": [
          [
            [
              18.2100319,
              50.02641899999999
            ],
            [
              18.2100302,
              50.0264151
            ],
            [
              18.2099755,
              50.02628569999999
            ],
            [
              18.2099725,
              50.02627890000001
            ],
            [
              18.2099258,
              50.0262872
            ],
            [
              18.2099008,
              50.02629160000001
            ],
            [
              18.2099034,
              50.026297400000004
            ],
            [
              18.209832,
              50.02631
            ],
            [
              18.2098289,
              50.02630279999998
            ],
            [
              18.2097745,
              50.0263125
            ],
            [
              18.2097987,
              50.026369499999994
            ],
            [
              18.2097732,
              50.0263739
            ],
            [
              18.2098021,
              50.026442200000005
            ],
            [
              18.2099195,
              50.02642149999999
            ],
            [
              18.209926,
              50.02643789999999
            ],
            [
              18.2100319,
              50.02641899999999
            ]
          ]
        ]
      }
    },
    {
      "type": "Feature",
      "properties": {
        "source": "OpenStreetMap",
        "source_id": "way/374743486",
        "domain": "public",
        "asset_type": "community_social",
        "confidence": "medium",
        "missing_fields": [],
        "limitations": [
          "OSM public-service completeness and tagging vary by area and facility type.",
          "A facility tag is evidence of mapped semantics, not service availability, capacity, accessibility or operating status.",
          "BDOT10k building geometry is retained only as topographic comparison context and cannot establish facility semantics.",
          "No qualified PRG public-service facility class is enabled for this domain pack."
        ],
        "eligible_for_analysis": true,
        "osm_tags": {
          "name": "Caritas",
          "operator": "Caritas",
          "source": "UM Ruda Śląska, raster",
          "amenity": "social_facility",
          "social_facility": "outreach",
          "building": "public",
          "phone": "+48 32 244 41 36",
          "email": "swelzbieta@caritas.pl",
          "wheelchair": "limited"
        }
      },
      "geometry": {
        "type": "Polygon",
        "coordinates": [
          [
            [
              18.8542319,
              50.2783893
            ],
            [
              18.854293,
              50.27841230000001
            ],
            [
              18.8543076,
              50.27839639999999
            ],
            [
              18.8545527,
              50.278488700000004
            ],
            [
              18.8546315,
              50.2784032
            ],
            [
              18.8543254,
              50.278287899999995
            ],
            [
              18.8542319,
              50.2783893
            ]
          ]
        ]
      }
    },
    {
      "type": "Feature",
      "properties": {
        "source": "OpenStreetMap",
        "source_id": "way/375629487",
        "domain": "public",
        "asset_type": "community_social",
        "confidence": "medium",
        "missing_fields": [],
        "limitations": [
          "OSM public-service completeness and tagging vary by area and facility type.",
          "A facility tag is evidence of mapped semantics, not service availability, capacity, accessibility or operating status.",
          "BDOT10k building geometry is retained only as topographic comparison context and cannot establish facility semantics.",
          "No qualified PRG public-service facility class is enabled for this domain pack."
        ],
        "eligible_for_analysis": true,
        "osm_tags": {
          "name": "Dom Seniora Stały Ląd",
          "amenity": "social_facility",
          "social_facility": "group_home",
          "building": "yes"
        }
      },
      "geometry": {
        "type": "Polygon",
        "coordinates": [
          [
            [
              19.0104452,
              50.15965919999999
            ],
            [
              19.0103863,
              50.1595862
            ],
            [
              19.0103582,
              50.15959559999999
            ],
            [
              19.010257,
              50.15946699999999
            ],
            [
              19.0102357,
              50.1594741
            ],
            [
              19.0102128,
              50.1594475
            ],
            [
              19.0101699,
              50.159439
            ],
            [
              19.010088,
              50.15946559999999
            ],
            [
              19.0100634,
              50.15946109999998
            ],
            [
              19.0100496,
              50.1594892
            ],
            [
              19.0100733,
              50.159494
            ],
            [
              19.0100947,
              50.159520900000004
            ],
            [
              19.010069,
              50.159529299999996
            ],
            [
              19.0101724,
              50.15965810000001
            ],
            [
              19.0101454,
              50.159667099999986
            ],
            [
              19.010203,
              50.1597387
            ],
            [
              19.0104452,
              50.15965919999999
            ]
          ]
        ]
      }
    },
    {
      "type": "Feature",
      "properties": {
        "source": "OpenStreetMap",
        "source_id": "way/375968270",
        "domain": "public",
        "asset_type": "community_social",
        "confidence": "medium",
        "missing_fields": [],
        "limitations": [
          "OSM public-service completeness and tagging vary by area and facility type.",
          "A facility tag is evidence of mapped semantics, not service availability, capacity, accessibility or operating status.",
          "BDOT10k building geometry is retained only as topographic comparison context and cannot establish facility semantics.",
          "No qualified PRG public-service facility class is enabled for this domain pack."
        ],
        "eligible_for_analysis": true,
        "osm_tags": {
          "name": "Ośrodek Interwencji Kryzysowej",
          "operator": "Miejski Ośrodek Pomocy Społecznej w Tychach",
          "website": "https://mops.tychy.pl/osrodki_wsparcia/osrodek_interwencji_kryzysowej.html",
          "source": "UM Tychy",
          "amenity": "social_facility",
          "social_facility": "shelter",
          "building": "yes",
          "opening_hours": "24/7",
          "phone": "+48 32 2270575",
          "email": "oik@mops.tychy.pl"
        }
      },
      "geometry": {
        "type": "Polygon",
        "coordinates": [
          [
            [
              18.9767249,
              50.13391839999999
            ],
            [
              18.9766052,
              50.133863100000006
            ],
            [
              18.9764392,
              50.1340103
            ],
            [
              18.976558500000003,
              50.13406599999999
            ],
            [
              18.9767249,
              50.13391839999999
            ]
          ]
        ]
      }
    },
    {
      "type": "Feature",
      "properties": {
        "source": "OpenStreetMap",
        "source_id": "way/378582749",
        "domain": "public",
        "asset_type": "community_social",
        "confidence": "medium",
        "missing_fields": [],
        "limitations": [
          "OSM public-service completeness and tagging vary by area and facility type.",
          "A facility tag is evidence of mapped semantics, not service availability, capacity, accessibility or operating status.",
          "BDOT10k building geometry is retained only as topographic comparison context and cannot establish facility semantics.",
          "No qualified PRG public-service facility class is enabled for this domain pack."
        ],
        "eligible_for_analysis": true,
        "osm_tags": {
          "name": "Dom Pomocy Społecznej ,,Bursztyn\"",
          "amenity": "social_facility",
          "social_facility": "nursing_home",
          "building": "yes"
        }
      },
      "geometry": {
        "type": "Polygon",
        "coordinates": [
          [
            [
              18.6354136,
              49.8541757
            ],
            [
              18.6355502,
              49.854205699999994
            ],
            [
              18.6355873,
              49.85413739999999
            ],
            [
              18.6354955,
              49.854119299999994
            ],
            [
              18.6356528,
              49.853833599999994
            ],
            [
              18.6354742,
              49.853794999999984
            ],
            [
              18.6352374,
              49.8542258
            ],
            [
              18.6353685,
              49.8542571
            ],
            [
              18.6354136,
              49.8541757
            ]
          ]
        ]
      }
    },
    {
      "type": "Feature",
      "properties": {
        "source": "OpenStreetMap",
        "source_id": "way/378830118",
        "domain": "public",
        "asset_type": "community_social",
        "confidence": "medium",
        "missing_fields": [],
        "limitations": [
          "OSM public-service completeness and tagging vary by area and facility type.",
          "A facility tag is evidence of mapped semantics, not service availability, capacity, accessibility or operating status.",
          "BDOT10k building geometry is retained only as topographic comparison context and cannot establish facility semantics.",
          "No qualified PRG public-service facility class is enabled for this domain pack."
        ],
        "eligible_for_analysis": true,
        "osm_tags": {
          "name": "Gminny Ośrodek Kultury",
          "amenity": "community_centre",
          "building": "yes"
        }
      },
      "geometry": {
        "type": "Polygon",
        "coordinates": [
          [
            [
              18.7169295,
              49.96089599999999
            ],
            [
              18.7171143,
              49.9608901
            ],
            [
              18.7171121,
              49.96086189999999
            ],
            [
              18.7172025,
              49.960859
            ],
            [
              18.7172061,
              49.96090509999999
            ],
            [
              18.7172871,
              49.960902499999996
            ],
            [
              18.7172825,
              49.960843199999985
            ],
            [
              18.7173717,
              49.960840399999995
            ],
            [
              18.7173607,
              49.960697
            ],
            [
              18.7172738,
              49.96069979999999
            ],
            [
              18.7172701,
              49.9606512
            ],
            [
              18.7171877,
              49.9606538
            ],
            [
              18.7171894,
              49.9606759
            ],
            [
              18.7168271,
              49.96068749999999
            ],
            [
              18.7168223,
              49.960626399999995
            ],
            [
              18.7167719,
              49.96062799999999
            ],
            [
              18.7167665,
              49.96055820000001
            ],
            [
              18.7166734,
              49.960561199999994
            ],
            [
              18.716677000000004,
              49.960607599999996
            ],
            [
              18.7165875,
              49.960610499999994
            ],
            [
              18.716592600000002,
              49.960676
            ],
            [
              18.7165392,
              49.9606777
            ],
            [
              18.7165525,
              49.960848
            ],
            [
              18.7166107,
              49.960846199999985
            ],
            [
              18.7166141,
              49.96088979999998
            ],
            [
              18.7167146,
              49.9608865
            ],
            [
              18.7167127,
              49.96086149999999
            ],
            [
              18.7167957,
              49.960858800000004
            ],
            [
              18.716799,
              49.9609009
            ],
            [
              18.7168462,
              49.960899399999995
            ],
            [
              18.7168482,
              49.960925799999984
            ],
            [
              18.7169316,
              49.96092310000001
            ],
            [
              18.7169295,
              49.96089599999999
            ]
          ]
        ]
      }
    },
    {
      "type": "Feature",
      "properties": {
        "source": "OpenStreetMap",
        "source_id": "way/392105087",
        "domain": "public",
        "asset_type": "community_social",
        "confidence": "medium",
        "missing_fields": [],
        "limitations": [
          "OSM public-service completeness and tagging vary by area and facility type.",
          "A facility tag is evidence of mapped semantics, not service availability, capacity, accessibility or operating status.",
          "BDOT10k building geometry is retained only as topographic comparison context and cannot establish facility semantics.",
          "No qualified PRG public-service facility class is enabled for this domain pack."
        ],
        "eligible_for_analysis": true,
        "osm_tags": {
          "name": "Powiatowy Dom Dziecka",
          "operator": "Powiat Wodzisławski",
          "source": "Survey",
          "amenity": "social_facility",
          "social_facility": "nursing_home",
          "building": "yes",
          "opening_hours": "Mo-Fr 07:00-15:00"
        }
      },
      "geometry": {
        "type": "Polygon",
        "coordinates": [
          [
            [
              18.3971052,
              49.94182490000001
            ],
            [
              18.3969884,
              49.9417009
            ],
            [
              18.3968702,
              49.94174739999999
            ],
            [
              18.3968425,
              49.941718
            ],
            [
              18.3967212,
              49.941765499999995
            ],
            [
              18.3967488,
              49.94179479999999
            ],
            [
              18.396639,
              49.94183780000001
            ],
            [
              18.3966723,
              49.94187350000001
            ],
            [
              18.3966342,
              49.94188859999999
            ],
            [
              18.3966858,
              49.94194339999999
            ],
            [
              18.3967242,
              49.9419284
            ],
            [
              18.3967555,
              49.9419619
            ],
            [
              18.3971052,
              49.94182490000001
            ]
          ]
        ]
      }
    },
    {
      "type": "Feature",
      "properties": {
        "source": "OpenStreetMap",
        "source_id": "way/396432282",
        "domain": "public",
        "asset_type": "community_social",
        "confidence": "medium",
        "missing_fields": [],
        "limitations": [
          "OSM public-service completeness and tagging vary by area and facility type.",
          "A facility tag is evidence of mapped semantics, not service availability, capacity, accessibility or operating status.",
          "BDOT10k building geometry is retained only as topographic comparison context and cannot establish facility semantics.",
          "No qualified PRG public-service facility class is enabled for this domain pack."
        ],
        "eligible_for_analysis": true,
        "osm_tags": {
          "operator": "OSP Pietraszyn",
          "amenity": "community_centre",
          "building": "yes"
        }
      },
      "geometry": {
        "type": "Polygon",
        "coordinates": [
          [
            [
              18.0880435,
              50.03522399999999
            ],
            [
              18.088044,
              50.0352247
            ],
            [
              18.0881229,
              50.03512489999999
            ],
            [
              18.0880986,
              50.0351158
            ],
            [
              18.0880537,
              50.03517419999999
            ],
            [
              18.0879145,
              50.03512959999998
            ],
            [
              18.0878815,
              50.03517099999999
            ],
            [
              18.0880435,
              50.03522399999999
            ]
          ]
        ]
      }
    },
    {
      "type": "Feature",
      "properties": {
        "source": "OpenStreetMap",
        "source_id": "way/404696342",
        "domain": "public",
        "asset_type": "community_social",
        "confidence": "medium",
        "missing_fields": [],
        "limitations": [
          "OSM public-service completeness and tagging vary by area and facility type.",
          "A facility tag is evidence of mapped semantics, not service availability, capacity, accessibility or operating status.",
          "BDOT10k building geometry is retained only as topographic comparison context and cannot establish facility semantics.",
          "No qualified PRG public-service facility class is enabled for this domain pack."
        ],
        "eligible_for_analysis": true,
        "osm_tags": {
          "amenity": "social_facility",
          "social_facility": "shelter",
          "building": "yes"
        }
      },
      "geometry": {
        "type": "Polygon",
        "coordinates": [
          [
            [
              18.8606452,
              50.2851713
            ],
            [
              18.8605698,
              50.2851
            ],
            [
              18.860484,
              50.285137299999995
            ],
            [
              18.8604641,
              50.28514589999999
            ],
            [
              18.8604797,
              50.28516059999998
            ],
            [
              18.8605395,
              50.285217199999984
            ],
            [
              18.8606452,
              50.2851713
            ]
          ]
        ]
      }
    },
    {
      "type": "Feature",
      "properties": {
        "source": "OpenStreetMap",
        "source_id": "way/432516619",
        "domain": "public",
        "asset_type": "community_social",
        "confidence": "medium",
        "missing_fields": [],
        "limitations": [
          "OSM public-service completeness and tagging vary by area and facility type.",
          "A facility tag is evidence of mapped semantics, not service availability, capacity, accessibility or operating status.",
          "BDOT10k building geometry is retained only as topographic comparison context and cannot establish facility semantics.",
          "No qualified PRG public-service facility class is enabled for this domain pack."
        ],
        "eligible_for_analysis": true,
        "osm_tags": {
          "name": "Świetlica wiejska w Lasakach",
          "amenity": "community_centre",
          "building": "yes"
        }
      },
      "geometry": {
        "type": "Polygon",
        "coordinates": [
          [
            [
              18.2473019,
              50.1888868
            ],
            [
              18.2473087,
              50.18881459999999
            ],
            [
              18.2472091,
              50.18881079999999
            ],
            [
              18.2472024,
              50.188883
            ],
            [
              18.2473019,
              50.1888868
            ]
          ]
        ]
      }
    },
    {
      "type": "Feature",
      "properties": {
        "source": "OpenStreetMap",
        "source_id": "way/439034150",
        "domain": "public",
        "asset_type": "community_social",
        "confidence": "medium",
        "missing_fields": [],
        "limitations": [
          "OSM public-service completeness and tagging vary by area and facility type.",
          "A facility tag is evidence of mapped semantics, not service availability, capacity, accessibility or operating status.",
          "BDOT10k building geometry is retained only as topographic comparison context and cannot establish facility semantics.",
          "No qualified PRG public-service facility class is enabled for this domain pack."
        ],
        "eligible_for_analysis": true,
        "osm_tags": {
          "name": "Caritas",
          "operator": "Caritas",
          "source": "UM Ruda Śląska, raster",
          "amenity": "social_facility",
          "social_facility": "outreach",
          "building": "public",
          "phone": "+48 32 242 08 03",
          "email": "swelzbieta@caritas.pl",
          "wheelchair": "limited"
        }
      },
      "geometry": {
        "type": "Polygon",
        "coordinates": [
          [
            [
              18.8652091,
              50.26829959999999
            ],
            [
              18.8648966,
              50.2682846
            ],
            [
              18.8648833,
              50.268398
            ],
            [
              18.8651958,
              50.26841300000001
            ],
            [
              18.8652091,
              50.26829959999999
            ]
          ]
        ]
      }
    },
    {
      "type": "Feature",
      "properties": {
        "source": "OpenStreetMap",
        "source_id": "way/441827983",
        "domain": "public",
        "asset_type": "community_social",
        "confidence": "medium",
        "missing_fields": [],
        "limitations": [
          "OSM public-service completeness and tagging vary by area and facility type.",
          "A facility tag is evidence of mapped semantics, not service availability, capacity, accessibility or operating status.",
          "BDOT10k building geometry is retained only as topographic comparison context and cannot establish facility semantics.",
          "No qualified PRG public-service facility class is enabled for this domain pack."
        ],
        "eligible_for_analysis": true,
        "osm_tags": {
          "name": "Dom Pomocy Społecznej Zgromadzenia Sióstr Miłosierdzia",
          "amenity": "social_facility",
          "social_facility": "shelter",
          "building": "yes"
        }
      },
      "geometry": {
        "type": "Polygon",
        "coordinates": [
          [
            [
              18.917862,
              50.291963300000006
            ],
            [
              18.9178863,
              50.2919928
            ],
            [
              18.9180198,
              50.29196439999998
            ],
            [
              18.917926,
              50.29180780000001
            ],
            [
              18.9179497,
              50.29180229999999
            ],
            [
              18.9179576,
              50.2918156
            ],
            [
              18.9181671,
              50.29176299999999
            ],
            [
              18.9181224,
              50.2916893
            ],
            [
              18.9181287,
              50.2916804
            ],
            [
              18.9181018,
              50.291665099999996
            ],
            [
              18.9180829,
              50.2916711
            ],
            [
              18.9180719,
              50.291655799999994
            ],
            [
              18.917941300000003,
              50.2916879
            ],
            [
              18.9177769,
              50.291728299999995
            ],
            [
              18.9178554,
              50.291850800000006
            ],
            [
              18.9178334,
              50.2918566
            ],
            [
              18.917862,
              50.291963300000006
            ]
          ]
        ]
      }
    },
    {
      "type": "Feature",
      "properties": {
        "source": "OpenStreetMap",
        "source_id": "way/444241664",
        "domain": "public",
        "asset_type": "community_social",
        "confidence": "medium",
        "missing_fields": [],
        "limitations": [
          "OSM public-service completeness and tagging vary by area and facility type.",
          "A facility tag is evidence of mapped semantics, not service availability, capacity, accessibility or operating status.",
          "BDOT10k building geometry is retained only as topographic comparison context and cannot establish facility semantics.",
          "No qualified PRG public-service facility class is enabled for this domain pack."
        ],
        "eligible_for_analysis": true,
        "osm_tags": {
          "name": "Świetlica wiejska",
          "amenity": "arts_centre",
          "building": "yes"
        }
      },
      "geometry": {
        "type": "Polygon",
        "coordinates": [
          [
            [
              18.3182484,
              49.9710166
            ],
            [
              18.318572200000002,
              49.9712146
            ],
            [
              18.3186677,
              49.971146299999994
            ],
            [
              18.3183386,
              49.9709574
            ],
            [
              18.3182484,
              49.9710166
            ]
          ]
        ]
      }
    },
    {
      "type": "Feature",
      "properties": {
        "source": "OpenStreetMap",
        "source_id": "way/449361729",
        "domain": "public",
        "asset_type": "community_social",
        "confidence": "medium",
        "missing_fields": [],
        "limitations": [
          "OSM public-service completeness and tagging vary by area and facility type.",
          "A facility tag is evidence of mapped semantics, not service availability, capacity, accessibility or operating status.",
          "BDOT10k building geometry is retained only as topographic comparison context and cannot establish facility semantics.",
          "No qualified PRG public-service facility class is enabled for this domain pack."
        ],
        "eligible_for_analysis": true,
        "osm_tags": {
          "name": "Dom Kultury Bierawa",
          "amenity": "community_centre",
          "community_centre": "cultural_centre",
          "building": "yes"
        }
      },
      "geometry": {
        "type": "Polygon",
        "coordinates": [
          [
            [
              18.240846900000005,
              50.2800708
            ],
            [
              18.2410629,
              50.28003530000001
            ],
            [
              18.2410264,
              50.2799412
            ],
            [
              18.2411006,
              50.27992720000001
            ],
            [
              18.2411479,
              50.2800268
            ],
            [
              18.2412938,
              50.27999559999999
            ],
            [
              18.241195700000002,
              50.279793399999996
            ],
            [
              18.2412232,
              50.27978670000001
            ],
            [
              18.2411774,
              50.2797282
            ],
            [
              18.2410041,
              50.27976760000001
            ],
            [
              18.2410067,
              50.2797802
            ],
            [
              18.2407548,
              50.27981770000001
            ],
            [
              18.240695500000005,
              50.2798251
            ],
            [
              18.2407223,
              50.279903999999995
            ],
            [
              18.2407757,
              50.2800374
            ],
            [
              18.2407897,
              50.280060999999996
            ],
            [
              18.2408378,
              50.280051400000005
            ],
            [
              18.240846900000005,
              50.2800708
            ]
          ]
        ]
      }
    },
    {
      "type": "Feature",
      "properties": {
        "source": "OpenStreetMap",
        "source_id": "way/457484942",
        "domain": "public",
        "asset_type": "community_social",
        "confidence": "medium",
        "missing_fields": [],
        "limitations": [
          "OSM public-service completeness and tagging vary by area and facility type.",
          "A facility tag is evidence of mapped semantics, not service availability, capacity, accessibility or operating status.",
          "BDOT10k building geometry is retained only as topographic comparison context and cannot establish facility semantics.",
          "No qualified PRG public-service facility class is enabled for this domain pack."
        ],
        "eligible_for_analysis": true,
        "osm_tags": {
          "name": "Domov seniorů Havířov - Helios",
          "amenity": "social_facility",
          "social_facility": "nursing_home"
        }
      },
      "geometry": {
        "type": "Polygon",
        "coordinates": [
          [
            [
              18.4038173,
              49.8011458
            ],
            [
              18.403815946575495,
              49.80113742643344
            ],
            [
              18.4037823073005,
              49.80114502234041
            ],
            [
              18.4038173,
              49.8011458
            ]
          ]
        ]
      }
    },
    {
      "type": "Feature",
      "properties": {
        "source": "OpenStreetMap",
        "source_id": "way/460179734",
        "domain": "public",
        "asset_type": "community_social",
        "confidence": "medium",
        "missing_fields": [],
        "limitations": [
          "OSM public-service completeness and tagging vary by area and facility type.",
          "A facility tag is evidence of mapped semantics, not service availability, capacity, accessibility or operating status.",
          "BDOT10k building geometry is retained only as topographic comparison context and cannot establish facility semantics.",
          "No qualified PRG public-service facility class is enabled for this domain pack."
        ],
        "eligible_for_analysis": true,
        "osm_tags": {
          "name": "Skrzat — Niepubliczny Żłobek Montessori",
          "website": "https://skrzat.rybnik.pl/",
          "amenity": "social_facility",
          "social_facility": "outreach",
          "opening_hours": "Mo-Fr 06:00-17:00",
          "phone": "+48324227610",
          "email": "skrzat@skrzat.rybnik.pl"
        }
      },
      "geometry": {
        "type": "Polygon",
        "coordinates": [
          [
            [
              18.5208225,
              50.0958242
            ],
            [
              18.5208251,
              50.0958128
            ],
            [
              18.5210239,
              50.09578409999999
            ],
            [
              18.5214482,
              50.0957255
            ],
            [
              18.5217266,
              50.09568670000001
            ],
            [
              18.5217233,
              50.09567379999999
            ],
            [
              18.5217118,
              50.0956295
            ],
            [
              18.521679,
              50.0955031
            ],
            [
              18.521654,
              50.095415599999995
            ],
            [
              18.5215803,
              50.09515759999999
            ],
            [
              18.521089400000005,
              50.095209399999995
            ],
            [
              18.5207715,
              50.0952409
            ],
            [
              18.520592300000004,
              50.095258599999994
            ],
            [
              18.5205686,
              50.095278099999994
            ],
            [
              18.5206313,
              50.09550129999999
            ],
            [
              18.5207246,
              50.095836500000004
            ],
            [
              18.5208225,
              50.0958242
            ]
          ]
        ]
      }
    },
    {
      "type": "Feature",
      "properties": {
        "source": "OpenStreetMap",
        "source_id": "way/464517230",
        "domain": "public",
        "asset_type": "community_social",
        "confidence": "medium",
        "missing_fields": [],
        "limitations": [
          "OSM public-service completeness and tagging vary by area and facility type.",
          "A facility tag is evidence of mapped semantics, not service availability, capacity, accessibility or operating status.",
          "BDOT10k building geometry is retained only as topographic comparison context and cannot establish facility semantics.",
          "No qualified PRG public-service facility class is enabled for this domain pack."
        ],
        "eligible_for_analysis": true,
        "osm_tags": {
          "name": "emgok - Miejsko-Gminny Ośrodek Kultury",
          "website": "http://www.emgok.pl",
          "amenity": "community_centre",
          "building": "yes"
        }
      },
      "geometry": {
        "type": "Polygon",
        "coordinates": [
          [
            [
              18.7606376,
              49.9120999
            ],
            [
              18.7608242,
              49.9122685
            ],
            [
              18.7609247,
              49.9123593
            ],
            [
              18.7611472,
              49.91225669999999
            ],
            [
              18.7607022,
              49.9118543
            ],
            [
              18.7606769,
              49.911865899999995
            ],
            [
              18.760479200000002,
              49.911956700000005
            ],
            [
              18.7606376,
              49.9120999
            ]
          ]
        ]
      }
    },
    {
      "type": "Feature",
      "properties": {
        "source": "OpenStreetMap",
        "source_id": "way/478656837",
        "domain": "public",
        "asset_type": "community_social",
        "confidence": "medium",
        "missing_fields": [],
        "limitations": [
          "OSM public-service completeness and tagging vary by area and facility type.",
          "A facility tag is evidence of mapped semantics, not service availability, capacity, accessibility or operating status.",
          "BDOT10k building geometry is retained only as topographic comparison context and cannot establish facility semantics.",
          "No qualified PRG public-service facility class is enabled for this domain pack."
        ],
        "eligible_for_analysis": true,
        "osm_tags": {
          "name": "Domov pro seniory SLEZSKÉ HUMANITY",
          "website": "https://slezskahumanita.cz/Domov_pro_seniory_Horni_Sucha",
          "amenity": "social_facility",
          "social_facility": "assisted_living",
          "email": "ds.hornisucha@slezskahumanita.cz"
        }
      },
      "geometry": {
        "type": "Polygon",
        "coordinates": [
          [
            [
              18.4770599,
              49.796715999999996
            ],
            [
              18.477253,
              49.795787099999984
            ],
            [
              18.476315600000003,
              49.7957022
            ],
            [
              18.4761613,
              49.79605629999998
            ],
            [
              18.4760366,
              49.796621599999995
            ],
            [
              18.4770599,
              49.796715999999996
            ]
          ]
        ]
      }
    },
    {
      "type": "Feature",
      "properties": {
        "source": "OpenStreetMap",
        "source_id": "way/495499986",
        "domain": "public",
        "asset_type": "community_social",
        "confidence": "medium",
        "missing_fields": [],
        "limitations": [
          "OSM public-service completeness and tagging vary by area and facility type.",
          "A facility tag is evidence of mapped semantics, not service availability, capacity, accessibility or operating status.",
          "BDOT10k building geometry is retained only as topographic comparison context and cannot establish facility semantics.",
          "No qualified PRG public-service facility class is enabled for this domain pack."
        ],
        "eligible_for_analysis": true,
        "osm_tags": {
          "name": "Polski Czerwony Krzyż",
          "operator": "Śląski Zarząd Okręgowy PCK w Katowicach",
          "website": "https://www.katowice.pck.pl/",
          "amenity": "social_facility",
          "building": "public",
          "opening_hours": "Mo-Fr 07:30-15:30",
          "phone": "+48 32 235 22 11",
          "email": "pck.knurow@wp.pl"
        }
      },
      "geometry": {
        "type": "Polygon",
        "coordinates": [
          [
            [
              18.668118,
              50.2248658
            ],
            [
              18.6681754,
              50.22489169999999
            ],
            [
              18.6682233,
              50.22484779999999
            ],
            [
              18.6683017,
              50.224776
            ],
            [
              18.6682442,
              50.2247501
            ],
            [
              18.668118,
              50.2248658
            ]
          ]
        ]
      }
    },
    {
      "type": "Feature",
      "properties": {
        "source": "OpenStreetMap",
        "source_id": "way/510948591",
        "domain": "public",
        "asset_type": "community_social",
        "confidence": "medium",
        "missing_fields": [],
        "limitations": [
          "OSM public-service completeness and tagging vary by area and facility type.",
          "A facility tag is evidence of mapped semantics, not service availability, capacity, accessibility or operating status.",
          "BDOT10k building geometry is retained only as topographic comparison context and cannot establish facility semantics.",
          "No qualified PRG public-service facility class is enabled for this domain pack."
        ],
        "eligible_for_analysis": true,
        "osm_tags": {
          "name": "Świetlica Środowiskowa",
          "amenity": "community_centre",
          "building": "yes"
        }
      },
      "geometry": {
        "type": "Polygon",
        "coordinates": [
          [
            [
              18.4412236,
              50.1444693
            ],
            [
              18.4412095,
              50.1445577
            ],
            [
              18.4414063,
              50.144570599999994
            ],
            [
              18.4414217,
              50.144474200000005
            ],
            [
              18.4414018,
              50.14447289999999
            ],
            [
              18.4414143,
              50.14439490000001
            ],
            [
              18.4411839,
              50.1443798
            ],
            [
              18.4411701,
              50.1444658
            ],
            [
              18.4412236,
              50.1444693
            ]
          ]
        ]
      }
    },
    {
      "type": "Feature",
      "properties": {
        "source": "OpenStreetMap",
        "source_id": "way/526899564",
        "domain": "public",
        "asset_type": "community_social",
        "confidence": "medium",
        "missing_fields": [],
        "limitations": [
          "OSM public-service completeness and tagging vary by area and facility type.",
          "A facility tag is evidence of mapped semantics, not service availability, capacity, accessibility or operating status.",
          "BDOT10k building geometry is retained only as topographic comparison context and cannot establish facility semantics.",
          "No qualified PRG public-service facility class is enabled for this domain pack."
        ],
        "eligible_for_analysis": true,
        "osm_tags": {
          "name": "Dom Kultury w Knurowie",
          "amenity": "community_centre",
          "community_centre": "cultural_centre",
          "building": "yes"
        }
      },
      "geometry": {
        "type": "Polygon",
        "coordinates": [
          [
            [
              18.6322717,
              50.1912865
            ],
            [
              18.6328416,
              50.1914487
            ],
            [
              18.6329279,
              50.1913246
            ],
            [
              18.6322686,
              50.191137
            ],
            [
              18.6321824,
              50.1912611
            ],
            [
              18.6322717,
              50.1912865
            ]
          ]
        ]
      }
    },
    {
      "type": "Feature",
      "properties": {
        "source": "OpenStreetMap",
        "source_id": "way/539284877",
        "domain": "public",
        "asset_type": "community_social",
        "confidence": "medium",
        "missing_fields": [],
        "limitations": [
          "OSM public-service completeness and tagging vary by area and facility type.",
          "A facility tag is evidence of mapped semantics, not service availability, capacity, accessibility or operating status.",
          "BDOT10k building geometry is retained only as topographic comparison context and cannot establish facility semantics.",
          "No qualified PRG public-service facility class is enabled for this domain pack."
        ],
        "eligible_for_analysis": true,
        "osm_tags": {
          "name": "Dom kultury",
          "website": "https://www.krzanowice.pl/",
          "amenity": "arts_centre",
          "building": "yes"
        }
      },
      "geometry": {
        "type": "Polygon",
        "coordinates": [
          [
            [
              18.1577135,
              50.009266
            ],
            [
              18.1577123,
              50.00913239999999
            ],
            [
              18.1577106,
              50.009132399999984
            ],
            [
              18.1575331,
              50.0091267
            ],
            [
              18.1575318,
              50.009126699999996
            ],
            [
              18.157427400000003,
              50.00912709999999
            ],
            [
              18.1574283,
              50.00922699999999
            ],
            [
              18.1574828,
              50.0092267
            ],
            [
              18.1574833,
              50.0092667
            ],
            [
              18.1577135,
              50.009266
            ]
          ]
        ]
      }
    },
    {
      "type": "Feature",
      "properties": {
        "source": "OpenStreetMap",
        "source_id": "way/539634887",
        "domain": "public",
        "asset_type": "community_social",
        "confidence": "medium",
        "missing_fields": [],
        "limitations": [
          "OSM public-service completeness and tagging vary by area and facility type.",
          "A facility tag is evidence of mapped semantics, not service availability, capacity, accessibility or operating status.",
          "BDOT10k building geometry is retained only as topographic comparison context and cannot establish facility semantics.",
          "No qualified PRG public-service facility class is enabled for this domain pack."
        ],
        "eligible_for_analysis": true,
        "osm_tags": {
          "name": "Dom Kultury \"Lech\"",
          "operator": "Miejski Ośrodek Kultury",
          "amenity": "community_centre",
          "community_centre": "cultural_centre",
          "building": "yes"
        }
      },
      "geometry": {
        "type": "Polygon",
        "coordinates": [
          [
            [
              18.2608793,
              50.354879100000005
            ],
            [
              18.2613733,
              50.35465349999999
            ],
            [
              18.261298,
              50.3545875
            ],
            [
              18.2612316,
              50.354618
            ],
            [
              18.2611377,
              50.35453470000001
            ],
            [
              18.2610718,
              50.3545649
            ],
            [
              18.2607096,
              50.3547351
            ],
            [
              18.2608793,
              50.354879100000005
            ]
          ]
        ]
      }
    },
    {
      "type": "Feature",
      "properties": {
        "source": "OpenStreetMap",
        "source_id": "way/552241884",
        "domain": "public",
        "asset_type": "community_social",
        "confidence": "medium",
        "missing_fields": [],
        "limitations": [
          "OSM public-service completeness and tagging vary by area and facility type.",
          "A facility tag is evidence of mapped semantics, not service availability, capacity, accessibility or operating status.",
          "BDOT10k building geometry is retained only as topographic comparison context and cannot establish facility semantics.",
          "No qualified PRG public-service facility class is enabled for this domain pack."
        ],
        "eligible_for_analysis": true,
        "osm_tags": {
          "name": "Miejska Biblioteka Publiczna w Kuźni Raciborskiej filia w Rudach",
          "amenity": "library",
          "building": "yes"
        }
      },
      "geometry": {
        "type": "Polygon",
        "coordinates": [
          [
            [
              18.4514126,
              50.19168959999999
            ],
            [
              18.4514759,
              50.19164189999999
            ],
            [
              18.451424200000005,
              50.19161369999999
            ],
            [
              18.4514847,
              50.1915681
            ],
            [
              18.4513999,
              50.19152160000001
            ],
            [
              18.4512759,
              50.191614799999996
            ],
            [
              18.4514126,
              50.19168959999999
            ]
          ]
        ]
      }
    },
    {
      "type": "Feature",
      "properties": {
        "source": "OpenStreetMap",
        "source_id": "way/563962098",
        "domain": "public",
        "asset_type": "community_social",
        "confidence": "medium",
        "missing_fields": [],
        "limitations": [
          "OSM public-service completeness and tagging vary by area and facility type.",
          "A facility tag is evidence of mapped semantics, not service availability, capacity, accessibility or operating status.",
          "BDOT10k building geometry is retained only as topographic comparison context and cannot establish facility semantics.",
          "No qualified PRG public-service facility class is enabled for this domain pack."
        ],
        "eligible_for_analysis": true,
        "osm_tags": {
          "amenity": "library",
          "building": "yes"
        }
      },
      "geometry": {
        "type": "Polygon",
        "coordinates": [
          [
            [
              18.6797619,
              50.2504388
            ],
            [
              18.6796628,
              50.250407100000004
            ],
            [
              18.6796329,
              50.2504488
            ],
            [
              18.6797321,
              50.2504771
            ],
            [
              18.6797619,
              50.2504388
            ]
          ]
        ]
      }
    },
    {
      "type": "Feature",
      "properties": {
        "source": "OpenStreetMap",
        "source_id": "way/572698604",
        "domain": "public",
        "asset_type": "community_social",
        "confidence": "medium",
        "missing_fields": [],
        "limitations": [
          "OSM public-service completeness and tagging vary by area and facility type.",
          "A facility tag is evidence of mapped semantics, not service availability, capacity, accessibility or operating status.",
          "BDOT10k building geometry is retained only as topographic comparison context and cannot establish facility semantics.",
          "No qualified PRG public-service facility class is enabled for this domain pack."
        ],
        "eligible_for_analysis": true,
        "osm_tags": {
          "name": "Kulejące Anioły",
          "amenity": "social_facility",
          "social_facility": "nursing_home",
          "building": "yes",
          "wheelchair": "yes"
        }
      },
      "geometry": {
        "type": "Polygon",
        "coordinates": [
          [
            [
              18.9426075,
              50.0107498
            ],
            [
              18.9420364,
              50.010888499999986
            ],
            [
              18.9420083,
              50.0108406
            ],
            [
              18.942226,
              50.010787799999996
            ],
            [
              18.9422529,
              50.01083359999999
            ],
            [
              18.9424097,
              50.01079549999999
            ],
            [
              18.942379,
              50.01074339999999
            ],
            [
              18.942466,
              50.0107223
            ],
            [
              18.9424816,
              50.01074899999999
            ],
            [
              18.9426144,
              50.010716800000004
            ],
            [
              18.9425474,
              50.0106028
            ],
            [
              18.9415912,
              50.0108348
            ],
            [
              18.9416482,
              50.01093169999999
            ],
            [
              18.9417111,
              50.01091639999999
            ],
            [
              18.9417851,
              50.01104229999999
            ],
            [
              18.9426553,
              50.010830999999996
            ],
            [
              18.9426075,
              50.0107498
            ]
          ]
        ]
      }
    },
    {
      "type": "Feature",
      "properties": {
        "source": "OpenStreetMap",
        "source_id": "way/582998727",
        "domain": "public",
        "asset_type": "community_social",
        "confidence": "medium",
        "missing_fields": [],
        "limitations": [
          "OSM public-service completeness and tagging vary by area and facility type.",
          "A facility tag is evidence of mapped semantics, not service availability, capacity, accessibility or operating status.",
          "BDOT10k building geometry is retained only as topographic comparison context and cannot establish facility semantics.",
          "No qualified PRG public-service facility class is enabled for this domain pack."
        ],
        "eligible_for_analysis": true,
        "osm_tags": {
          "name": "Fundacja \"Dom Nadziei\"",
          "source": "https://westnordost.de/p/66272.jpg",
          "amenity": "social_facility",
          "building": "yes"
        }
      },
      "geometry": {
        "type": "Polygon",
        "coordinates": [
          [
            [
              18.6204206,
              50.3473833
            ],
            [
              18.6202663,
              50.3474865
            ],
            [
              18.620256,
              50.34748019999999
            ],
            [
              18.6201507,
              50.3475505
            ],
            [
              18.6202845,
              50.347632
            ],
            [
              18.6204065,
              50.3475504
            ],
            [
              18.6206261,
              50.34768420000001
            ],
            [
              18.6207636,
              50.3475923
            ],
            [
              18.6204206,
              50.3473833
            ]
          ]
        ]
      }
    },
    {
      "type": "Feature",
      "properties": {
        "source": "OpenStreetMap",
        "source_id": "way/584888028",
        "domain": "public",
        "asset_type": "community_social",
        "confidence": "medium",
        "missing_fields": [],
        "limitations": [
          "OSM public-service completeness and tagging vary by area and facility type.",
          "A facility tag is evidence of mapped semantics, not service availability, capacity, accessibility or operating status.",
          "BDOT10k building geometry is retained only as topographic comparison context and cannot establish facility semantics.",
          "No qualified PRG public-service facility class is enabled for this domain pack."
        ],
        "eligible_for_analysis": true,
        "osm_tags": {
          "name": "Wiejski Dom Kultury w Grabówce im. Ligoty Tworkowskiej",
          "operator": "Gminny Ośrodek Kultury w Lubomi",
          "website": "http://www.gok.lubomia.pl/",
          "amenity": "community_centre",
          "building": "yes",
          "phone": "+48699 671 069"
        }
      },
      "geometry": {
        "type": "Polygon",
        "coordinates": [
          [
            [
              18.3149167,
              50.027773599999996
            ],
            [
              18.3149086,
              50.027780299999996
            ],
            [
              18.315066,
              50.027850799999996
            ],
            [
              18.3153026,
              50.02763169999999
            ],
            [
              18.3151892,
              50.02758159999999
            ],
            [
              18.3150665,
              50.0276921
            ],
            [
              18.3150887,
              50.0277048
            ],
            [
              18.3150795,
              50.0277138
            ],
            [
              18.315063600000002,
              50.0277298
            ],
            [
              18.3150326,
              50.02771489999999
            ],
            [
              18.3148755,
              50.0276565
            ],
            [
              18.3148044,
              50.027723300000005
            ],
            [
              18.3149167,
              50.027773599999996
            ]
          ]
        ]
      }
    },
    {
      "type": "Feature",
      "properties": {
        "source": "OpenStreetMap",
        "source_id": "way/614209944",
        "domain": "public",
        "asset_type": "community_social",
        "confidence": "medium",
        "missing_fields": [],
        "limitations": [
          "OSM public-service completeness and tagging vary by area and facility type.",
          "A facility tag is evidence of mapped semantics, not service availability, capacity, accessibility or operating status.",
          "BDOT10k building geometry is retained only as topographic comparison context and cannot establish facility semantics.",
          "No qualified PRG public-service facility class is enabled for this domain pack."
        ],
        "eligible_for_analysis": true,
        "osm_tags": {
          "name": "Biblioteka Publiczna",
          "amenity": "library",
          "building": "yes"
        }
      },
      "geometry": {
        "type": "Polygon",
        "coordinates": [
          [
            [
              18.8141743,
              49.89413750000001
            ],
            [
              18.8140554,
              49.894088499999995
            ],
            [
              18.8139769,
              49.894183899999994
            ],
            [
              18.8140996,
              49.894219899999996
            ],
            [
              18.8141743,
              49.89413750000001
            ]
          ]
        ]
      }
    },
    {
      "type": "Feature",
      "properties": {
        "source": "OpenStreetMap",
        "source_id": "way/617884819",
        "domain": "public",
        "asset_type": "community_social",
        "confidence": "medium",
        "missing_fields": [],
        "limitations": [
          "OSM public-service completeness and tagging vary by area and facility type.",
          "A facility tag is evidence of mapped semantics, not service availability, capacity, accessibility or operating status.",
          "BDOT10k building geometry is retained only as topographic comparison context and cannot establish facility semantics.",
          "No qualified PRG public-service facility class is enabled for this domain pack."
        ],
        "eligible_for_analysis": true,
        "osm_tags": {
          "name": "Mawo-med Zakład Pielęgnacyjno Opiekuńczy",
          "amenity": "social_facility",
          "social_facility": "nursing_home",
          "building": "yes"
        }
      },
      "geometry": {
        "type": "Polygon",
        "coordinates": [
          [
            [
              18.3025175,
              50.1952546
            ],
            [
              18.3024187,
              50.195093
            ],
            [
              18.3026734,
              50.19502909999999
            ],
            [
              18.3027287,
              50.19511959999999
            ],
            [
              18.3027146,
              50.195123099999996
            ],
            [
              18.3027733,
              50.195218999999994
            ],
            [
              18.3028213,
              50.195206899999995
            ],
            [
              18.3028483,
              50.195250900000005
            ],
            [
              18.3030083,
              50.1952108
            ],
            [
              18.3027223,
              50.1947439
            ],
            [
              18.3025042,
              50.1947987
            ],
            [
              18.3025709,
              50.1949076
            ],
            [
              18.3025904,
              50.194902699999986
            ],
            [
              18.3026463,
              50.1949941
            ],
            [
              18.3024804,
              50.1950357
            ],
            [
              18.3023809,
              50.19487290000001
            ],
            [
              18.3021039,
              50.194942299999994
            ],
            [
              18.302324500000005,
              50.195302999999996
            ],
            [
              18.3025175,
              50.1952546
            ]
          ]
        ]
      }
    },
    {
      "type": "Feature",
      "properties": {
        "source": "OpenStreetMap",
        "source_id": "way/737009658",
        "domain": "public",
        "asset_type": "community_social",
        "confidence": "medium",
        "missing_fields": [],
        "limitations": [
          "OSM public-service completeness and tagging vary by area and facility type.",
          "A facility tag is evidence of mapped semantics, not service availability, capacity, accessibility or operating status.",
          "BDOT10k building geometry is retained only as topographic comparison context and cannot establish facility semantics.",
          "No qualified PRG public-service facility class is enabled for this domain pack."
        ],
        "eligible_for_analysis": true,
        "osm_tags": {
          "name": "Ogrzewalnia dla osób bezdomnych",
          "operator": "Stowarzyszenie im. Św. Jana Pawła II – Pomoc Potrzebującym – Rybnicki Bank Drugiej Ręki",
          "amenity": "social_facility",
          "social_facility": "shelter",
          "building": "yes"
        }
      },
      "geometry": {
        "type": "Polygon",
        "coordinates": [
          [
            [
              18.5050531,
              50.06196289999999
            ],
            [
              18.5050221,
              50.06189429999999
            ],
            [
              18.5048093,
              50.061934
            ],
            [
              18.5048403,
              50.0620025
            ],
            [
              18.5050531,
              50.06196289999999
            ]
          ]
        ]
      }
    },
    {
      "type": "Feature",
      "properties": {
        "source": "OpenStreetMap",
        "source_id": "way/832546300",
        "domain": "public",
        "asset_type": "community_social",
        "confidence": "medium",
        "missing_fields": [],
        "limitations": [
          "OSM public-service completeness and tagging vary by area and facility type.",
          "A facility tag is evidence of mapped semantics, not service availability, capacity, accessibility or operating status.",
          "BDOT10k building geometry is retained only as topographic comparison context and cannot establish facility semantics.",
          "No qualified PRG public-service facility class is enabled for this domain pack."
        ],
        "eligible_for_analysis": true,
        "osm_tags": {
          "name": "Powiatowa i Miejska Biblioteka Publiczna Filia numer 17 Grabownia",
          "source": "www.geoportal.gov.pl",
          "amenity": "library",
          "building": "yes"
        }
      },
      "geometry": {
        "type": "Polygon",
        "coordinates": [
          [
            [
              18.5234592,
              50.1400959
            ],
            [
              18.5234607,
              50.1400703
            ],
            [
              18.523525,
              50.14007180000001
            ],
            [
              18.5235378,
              50.1398503
            ],
            [
              18.523539000000003,
              50.1398282
            ],
            [
              18.5234188,
              50.139824499999996
            ],
            [
              18.5233347,
              50.139823
            ],
            [
              18.523326,
              50.1400097
            ],
            [
              18.5233497,
              50.1400102
            ],
            [
              18.5233457,
              50.140092900000006
            ],
            [
              18.5234592,
              50.1400959
            ]
          ]
        ]
      }
    },
    {
      "type": "Feature",
      "properties": {
        "source": "OpenStreetMap",
        "source_id": "way/832569976",
        "domain": "public",
        "asset_type": "community_social",
        "confidence": "medium",
        "missing_fields": [],
        "limitations": [
          "OSM public-service completeness and tagging vary by area and facility type.",
          "A facility tag is evidence of mapped semantics, not service availability, capacity, accessibility or operating status.",
          "BDOT10k building geometry is retained only as topographic comparison context and cannot establish facility semantics.",
          "No qualified PRG public-service facility class is enabled for this domain pack."
        ],
        "eligible_for_analysis": true,
        "osm_tags": {
          "name": "Centrum aktywności mieszkańców dzielnicy",
          "source": "www.geoportal.gov.pl",
          "amenity": "community_centre",
          "building": "yes"
        }
      },
      "geometry": {
        "type": "Polygon",
        "coordinates": [
          [
            [
              18.4821605,
              50.13633519999999
            ],
            [
              18.4822817,
              50.136483199999994
            ],
            [
              18.4825659,
              50.1363857
            ],
            [
              18.4825213,
              50.13633209999999
            ],
            [
              18.4823674,
              50.1363854
            ],
            [
              18.4823475,
              50.1363619
            ],
            [
              18.4822895,
              50.136291
            ],
            [
              18.4821605,
              50.13633519999999
            ]
          ]
        ]
      }
    },
    {
      "type": "Feature",
      "properties": {
        "source": "OpenStreetMap",
        "source_id": "way/833513542",
        "domain": "public",
        "asset_type": "community_social",
        "confidence": "medium",
        "missing_fields": [],
        "limitations": [
          "OSM public-service completeness and tagging vary by area and facility type.",
          "A facility tag is evidence of mapped semantics, not service availability, capacity, accessibility or operating status.",
          "BDOT10k building geometry is retained only as topographic comparison context and cannot establish facility semantics.",
          "No qualified PRG public-service facility class is enabled for this domain pack."
        ],
        "eligible_for_analysis": true,
        "osm_tags": {
          "name": "Swietlica wiejska w Podbuczu",
          "source": "www.geoportal.gov.pl",
          "amenity": "community_centre",
          "community_centre": "cultural_centre",
          "building": "yes",
          "opening_hours": "Mo-Tu 15:00-19:00",
          "wheelchair": "designated"
        }
      },
      "geometry": {
        "type": "Polygon",
        "coordinates": [
          [
            [
              18.4639873,
              49.94863500000001
            ],
            [
              18.4639744,
              49.94858800000001
            ],
            [
              18.463849,
              49.948602399999984
            ],
            [
              18.463880100000004,
              49.9487091
            ],
            [
              18.4640096,
              49.9486954
            ],
            [
              18.4639963,
              49.9486341
            ],
            [
              18.4639873,
              49.94863500000001
            ]
          ]
        ]
      }
    },
    {
      "type": "Feature",
      "properties": {
        "source": "OpenStreetMap",
        "source_id": "way/833812467",
        "domain": "public",
        "asset_type": "community_social",
        "confidence": "medium",
        "missing_fields": [],
        "limitations": [
          "OSM public-service completeness and tagging vary by area and facility type.",
          "A facility tag is evidence of mapped semantics, not service availability, capacity, accessibility or operating status.",
          "BDOT10k building geometry is retained only as topographic comparison context and cannot establish facility semantics.",
          "No qualified PRG public-service facility class is enabled for this domain pack."
        ],
        "eligible_for_analysis": true,
        "osm_tags": {
          "name": "Powiatowa i Miejska Biblioteka Publiczna Filia numer 22",
          "source": "www.geoportal.gov.pl",
          "amenity": "library",
          "building": "yes"
        }
      },
      "geometry": {
        "type": "Polygon",
        "coordinates": [
          [
            [
              18.4672435,
              50.0611921
            ],
            [
              18.467390200000004,
              50.06118299999999
            ],
            [
              18.4673889,
              50.061173999999994
            ],
            [
              18.4673743,
              50.0610699
            ],
            [
              18.4673734,
              50.0610634
            ],
            [
              18.467372,
              50.0610538
            ],
            [
              18.4673616,
              50.06097969999998
            ],
            [
              18.4673609,
              50.06097499999999
            ],
            [
              18.4671708,
              50.060984699999985
            ],
            [
              18.4671794,
              50.061045400000005
            ],
            [
              18.4671859,
              50.0610904
            ],
            [
              18.467215800000005,
              50.0610887
            ],
            [
              18.4672224,
              50.061144999999996
            ],
            [
              18.4672289,
              50.061192899999995
            ],
            [
              18.4672435,
              50.0611921
            ]
          ]
        ]
      }
    },
    {
      "type": "Feature",
      "properties": {
        "source": "OpenStreetMap",
        "source_id": "way/833814873",
        "domain": "public",
        "asset_type": "community_social",
        "confidence": "medium",
        "missing_fields": [],
        "limitations": [
          "OSM public-service completeness and tagging vary by area and facility type.",
          "A facility tag is evidence of mapped semantics, not service availability, capacity, accessibility or operating status.",
          "BDOT10k building geometry is retained only as topographic comparison context and cannot establish facility semantics.",
          "No qualified PRG public-service facility class is enabled for this domain pack."
        ],
        "eligible_for_analysis": true,
        "osm_tags": {
          "name": "Powiatowa i Miejska Biblioteka Publiczna Filia numer 7 Chwałowice",
          "source": "www.geoportal.gov.pl",
          "amenity": "library",
          "building": "yes"
        }
      },
      "geometry": {
        "type": "Polygon",
        "coordinates": [
          [
            [
              18.5512635,
              50.063480299999995
            ],
            [
              18.551204,
              50.06353849999999
            ],
            [
              18.5512844,
              50.063578299999996
            ],
            [
              18.5513484,
              50.06351870000001
            ],
            [
              18.5513668,
              50.0635268
            ],
            [
              18.5514896,
              50.0634071
            ],
            [
              18.5514328,
              50.0633817
            ],
            [
              18.5513887,
              50.0633624
            ],
            [
              18.5512969,
              50.06344760000001
            ],
            [
              18.5512635,
              50.063480299999995
            ]
          ]
        ]
      }
    },
    {
      "type": "Feature",
      "properties": {
        "source": "OpenStreetMap",
        "source_id": "way/833878041",
        "domain": "public",
        "asset_type": "community_social",
        "confidence": "medium",
        "missing_fields": [],
        "limitations": [
          "OSM public-service completeness and tagging vary by area and facility type.",
          "A facility tag is evidence of mapped semantics, not service availability, capacity, accessibility or operating status.",
          "BDOT10k building geometry is retained only as topographic comparison context and cannot establish facility semantics.",
          "No qualified PRG public-service facility class is enabled for this domain pack."
        ],
        "eligible_for_analysis": true,
        "osm_tags": {
          "name": "Środowiskowy Dom Samopomocy Cogito Noster",
          "source": "www.geoportal.gov.pl",
          "amenity": "social_facility",
          "building": "yes"
        }
      },
      "geometry": {
        "type": "Polygon",
        "coordinates": [
          [
            [
              18.4892977,
              50.05896150000001
            ],
            [
              18.4891684,
              50.0589836
            ],
            [
              18.4892112,
              50.05907280000001
            ],
            [
              18.489252,
              50.05906569999999
            ],
            [
              18.4892598,
              50.05908110000001
            ],
            [
              18.4894044,
              50.0590527
            ],
            [
              18.489413,
              50.05904249999998
            ],
            [
              18.4894173,
              50.059029499999994
            ],
            [
              18.4893411,
              50.0588639
            ],
            [
              18.4892614,
              50.0588802
            ],
            [
              18.4892977,
              50.05896150000001
            ]
          ]
        ]
      }
    },
    {
      "type": "Feature",
      "properties": {
        "source": "OpenStreetMap",
        "source_id": "way/948235739",
        "domain": "public",
        "asset_type": "community_social",
        "confidence": "medium",
        "missing_fields": [],
        "limitations": [
          "OSM public-service completeness and tagging vary by area and facility type.",
          "A facility tag is evidence of mapped semantics, not service availability, capacity, accessibility or operating status.",
          "BDOT10k building geometry is retained only as topographic comparison context and cannot establish facility semantics.",
          "No qualified PRG public-service facility class is enabled for this domain pack."
        ],
        "eligible_for_analysis": true,
        "osm_tags": {
          "name": "Różany – Dom Seniora i Centrum Rehabilitacji",
          "website": "https://rozanydom.eu/",
          "amenity": "social_facility",
          "social_facility": "nursing_home",
          "building": "yes"
        }
      },
      "geometry": {
        "type": "Polygon",
        "coordinates": [
          [
            [
              18.609353,
              50.085019
            ],
            [
              18.6093027,
              50.08489300000001
            ],
            [
              18.6088232,
              50.0849718
            ],
            [
              18.6087763,
              50.084854099999994
            ],
            [
              18.6085628,
              50.0848892
            ],
            [
              18.60866,
              50.08513279999999
            ],
            [
              18.609353,
              50.085019
            ]
          ]
        ]
      }
    },
    {
      "type": "Feature",
      "properties": {
        "source": "OpenStreetMap",
        "source_id": "way/951527287",
        "domain": "public",
        "asset_type": "community_social",
        "confidence": "medium",
        "missing_fields": [],
        "limitations": [
          "OSM public-service completeness and tagging vary by area and facility type.",
          "A facility tag is evidence of mapped semantics, not service availability, capacity, accessibility or operating status.",
          "BDOT10k building geometry is retained only as topographic comparison context and cannot establish facility semantics.",
          "No qualified PRG public-service facility class is enabled for this domain pack."
        ],
        "eligible_for_analysis": true,
        "osm_tags": {
          "name": "Dom Pomocy Społecznej w Orzeszu",
          "website": "https://www.dpsorzesze.pl/",
          "amenity": "social_facility",
          "social_facility": "nursing_home",
          "phone": "+48 32 221 53 62",
          "email": "biuro@dpsorzesze.pl"
        }
      },
      "geometry": {
        "type": "Polygon",
        "coordinates": [
          [
            [
              18.7703262,
              50.1514036
            ],
            [
              18.770349,
              50.15132089999999
            ],
            [
              18.7682881,
              50.1510218
            ],
            [
              18.7675526,
              50.15192499999999
            ],
            [
              18.7676025,
              50.15197380000001
            ],
            [
              18.7700682,
              50.152324799999995
            ],
            [
              18.7703262,
              50.1514036
            ]
          ]
        ]
      }
    },
    {
      "type": "Feature",
      "properties": {
        "source": "OpenStreetMap",
        "source_id": "way/1033558299",
        "domain": "public",
        "asset_type": "community_social",
        "confidence": "medium",
        "missing_fields": [],
        "limitations": [
          "OSM public-service completeness and tagging vary by area and facility type.",
          "A facility tag is evidence of mapped semantics, not service availability, capacity, accessibility or operating status.",
          "BDOT10k building geometry is retained only as topographic comparison context and cannot establish facility semantics.",
          "No qualified PRG public-service facility class is enabled for this domain pack."
        ],
        "eligible_for_analysis": true,
        "osm_tags": {
          "name": "Centrum Aktywności Lokalnej w Rybniku‐Kłokocinie",
          "amenity": "community_centre"
        }
      },
      "geometry": {
        "type": "Polygon",
        "coordinates": [
          [
            [
              18.6296385,
              50.051697
            ],
            [
              18.6298498,
              50.051555500000006
            ],
            [
              18.6304399,
              50.051329900000006
            ],
            [
              18.630307,
              50.05118499999999
            ],
            [
              18.6300018,
              50.050949100000004
            ],
            [
              18.6299462,
              50.050921499999994
            ],
            [
              18.6289703,
              50.0515171
            ],
            [
              18.628968000000004,
              50.0515525
            ],
            [
              18.6290461,
              50.0516292
            ],
            [
              18.6290921,
              50.05167939999999
            ],
            [
              18.6293193,
              50.051927
            ],
            [
              18.6293859,
              50.0519845
            ],
            [
              18.6294387,
              50.051988900000005
            ],
            [
              18.6296385,
              50.051697
            ]
          ]
        ]
      }
    },
    {
      "type": "Feature",
      "properties": {
        "source": "OpenStreetMap",
        "source_id": "way/1111488363",
        "domain": "public",
        "asset_type": "community_social",
        "confidence": "medium",
        "missing_fields": [],
        "limitations": [
          "OSM public-service completeness and tagging vary by area and facility type.",
          "A facility tag is evidence of mapped semantics, not service availability, capacity, accessibility or operating status.",
          "BDOT10k building geometry is retained only as topographic comparison context and cannot establish facility semantics.",
          "No qualified PRG public-service facility class is enabled for this domain pack."
        ],
        "eligible_for_analysis": true,
        "osm_tags": {
          "amenity": "library"
        }
      },
      "geometry": {
        "type": "Polygon",
        "coordinates": [
          [
            [
              18.8398236,
              50.2424012
            ],
            [
              18.8402171,
              50.24256419999998
            ],
            [
              18.8402382,
              50.24257260000001
            ],
            [
              18.8402866,
              50.24256069999999
            ],
            [
              18.8403716,
              50.242544399999986
            ],
            [
              18.8403821,
              50.24252899999999
            ],
            [
              18.8405815,
              50.2424883
            ],
            [
              18.84061,
              50.2425004
            ],
            [
              18.840471,
              50.2421843
            ],
            [
              18.8404302,
              50.2421878
            ],
            [
              18.840433000000004,
              50.2422269
            ],
            [
              18.8403794,
              50.2422366
            ],
            [
              18.8403739,
              50.2422258
            ],
            [
              18.8402225,
              50.2422541
            ],
            [
              18.840194600000004,
              50.2422598
            ],
            [
              18.839827800000002,
              50.242363799999985
            ],
            [
              18.8397961,
              50.24238709999999
            ],
            [
              18.8398236,
              50.2424012
            ]
          ]
        ]
      }
    },
    {
      "type": "Feature",
      "properties": {
        "source": "OpenStreetMap",
        "source_id": "way/1112673408",
        "domain": "public",
        "asset_type": "community_social",
        "confidence": "medium",
        "missing_fields": [],
        "limitations": [
          "OSM public-service completeness and tagging vary by area and facility type.",
          "A facility tag is evidence of mapped semantics, not service availability, capacity, accessibility or operating status.",
          "BDOT10k building geometry is retained only as topographic comparison context and cannot establish facility semantics.",
          "No qualified PRG public-service facility class is enabled for this domain pack."
        ],
        "eligible_for_analysis": true,
        "osm_tags": {
          "name": "Centrum Opieki i Rehabilitacji OSTOJA Gizela Łeśko",
          "amenity": "social_facility",
          "social_facility": "nursing_home"
        }
      },
      "geometry": {
        "type": "Polygon",
        "coordinates": [
          [
            [
              18.1914034,
              50.3091969
            ],
            [
              18.1914851,
              50.309235300000005
            ],
            [
              18.1914481,
              50.3092727
            ],
            [
              18.1915344,
              50.3093071
            ],
            [
              18.1914866,
              50.309352399999995
            ],
            [
              18.1914589,
              50.309339599999994
            ],
            [
              18.1914157,
              50.3093848
            ],
            [
              18.1914712,
              50.3094065
            ],
            [
              18.1914573,
              50.309423200000005
            ],
            [
              18.191596,
              50.309481299999995
            ],
            [
              18.1917408,
              50.30934150000001
            ],
            [
              18.191767,
              50.309352399999995
            ],
            [
              18.1918348,
              50.3092835
            ],
            [
              18.1914743,
              50.309132000000005
            ],
            [
              18.1914034,
              50.3091969
            ]
          ]
        ]
      }
    },
    {
      "type": "Feature",
      "properties": {
        "source": "OpenStreetMap",
        "source_id": "way/1141789723",
        "domain": "public",
        "asset_type": "community_social",
        "confidence": "medium",
        "missing_fields": [],
        "limitations": [
          "OSM public-service completeness and tagging vary by area and facility type.",
          "A facility tag is evidence of mapped semantics, not service availability, capacity, accessibility or operating status.",
          "BDOT10k building geometry is retained only as topographic comparison context and cannot establish facility semantics.",
          "No qualified PRG public-service facility class is enabled for this domain pack."
        ],
        "eligible_for_analysis": true,
        "osm_tags": {
          "name": "Dom Pomocy Społecznej Słoneczny Dom",
          "amenity": "social_facility"
        }
      },
      "geometry": {
        "type": "Polygon",
        "coordinates": [
          [
            [
              18.7336458,
              50.303297199999996
            ],
            [
              18.7335949,
              50.30365679999999
            ],
            [
              18.7339588,
              50.303723299999994
            ],
            [
              18.7342113,
              50.303769299999985
            ],
            [
              18.7343163,
              50.3037888
            ],
            [
              18.7343441,
              50.3037311
            ],
            [
              18.7343659,
              50.303686
            ],
            [
              18.7345412,
              50.30332239999999
            ],
            [
              18.7339851,
              50.3031977
            ],
            [
              18.7336309,
              50.303234499999995
            ],
            [
              18.7336458,
              50.303297199999996
            ]
          ]
        ]
      }
    },
    {
      "type": "Feature",
      "properties": {
        "source": "OpenStreetMap",
        "source_id": "way/1143936907",
        "domain": "public",
        "asset_type": "community_social",
        "confidence": "medium",
        "missing_fields": [],
        "limitations": [
          "OSM public-service completeness and tagging vary by area and facility type.",
          "A facility tag is evidence of mapped semantics, not service availability, capacity, accessibility or operating status.",
          "BDOT10k building geometry is retained only as topographic comparison context and cannot establish facility semantics.",
          "No qualified PRG public-service facility class is enabled for this domain pack."
        ],
        "eligible_for_analysis": true,
        "osm_tags": {
          "name": "Galeria Sztuki Rzeczna",
          "operator": "Miasto Rybnik",
          "wikidata": "Q130365302",
          "website": "https://galeriarzeczna.pl/",
          "alt_name": "Rybnickie Centrum Edukacji Artystycznej",
          "amenity": "arts_centre",
          "building": "commercial"
        }
      },
      "geometry": {
        "type": "Polygon",
        "coordinates": [
          [
            [
              18.5402067,
              50.09442500000001
            ],
            [
              18.5403627,
              50.0944133
            ],
            [
              18.5403398,
              50.09428710000001
            ],
            [
              18.5403216,
              50.09418699999999
            ],
            [
              18.5399663,
              50.0942135
            ],
            [
              18.5400073,
              50.09443989999999
            ],
            [
              18.5402067,
              50.09442500000001
            ]
          ]
        ]
      }
    },
    {
      "type": "Feature",
      "properties": {
        "source": "OpenStreetMap",
        "source_id": "way/1193819317",
        "domain": "public",
        "asset_type": "community_social",
        "confidence": "medium",
        "missing_fields": [],
        "limitations": [
          "OSM public-service completeness and tagging vary by area and facility type.",
          "A facility tag is evidence of mapped semantics, not service availability, capacity, accessibility or operating status.",
          "BDOT10k building geometry is retained only as topographic comparison context and cannot establish facility semantics.",
          "No qualified PRG public-service facility class is enabled for this domain pack."
        ],
        "eligible_for_analysis": true,
        "osm_tags": {
          "name": "Ośrodek św. Faustyny – Środowiskowy Dom Samopomocy",
          "operator": "Caritas Archidiecezji Katowickiej",
          "amenity": "social_facility",
          "social_facility": "nursing_home",
          "phone": "+48 32 227 18 36",
          "email": "faustyna@tychy.caritas.pl",
          "wheelchair": "yes"
        }
      },
      "geometry": {
        "type": "Polygon",
        "coordinates": [
          [
            [
              18.98182,
              50.131921999999996
            ],
            [
              18.9818163,
              50.1319059
            ],
            [
              18.9817712,
              50.13190589999999
            ],
            [
              18.9817416,
              50.131742700000004
            ],
            [
              18.981723,
              50.13163980000001
            ],
            [
              18.9816618,
              50.13130209999999
            ],
            [
              18.9814386,
              50.1313324
            ],
            [
              18.9814226,
              50.131334499999994
            ],
            [
              18.9814057,
              50.1313368
            ],
            [
              18.981346900000002,
              50.1313451
            ],
            [
              18.9812919,
              50.13135249999999
            ],
            [
              18.981150600000003,
              50.13137139999999
            ],
            [
              18.9811039,
              50.1313777
            ],
            [
              18.9811108,
              50.1314077
            ],
            [
              18.9811767,
              50.1316948
            ],
            [
              18.981241,
              50.131980799999994
            ],
            [
              18.98182,
              50.131921999999996
            ]
          ]
        ]
      }
    },
    {
      "type": "Feature",
      "properties": {
        "source": "OpenStreetMap",
        "source_id": "way/1198425546",
        "domain": "public",
        "asset_type": "community_social",
        "confidence": "medium",
        "missing_fields": [],
        "limitations": [
          "OSM public-service completeness and tagging vary by area and facility type.",
          "A facility tag is evidence of mapped semantics, not service availability, capacity, accessibility or operating status.",
          "BDOT10k building geometry is retained only as topographic comparison context and cannot establish facility semantics.",
          "No qualified PRG public-service facility class is enabled for this domain pack."
        ],
        "eligible_for_analysis": true,
        "osm_tags": {
          "name": "Miejski Ośrodek Kultury i Sportu",
          "amenity": "community_centre",
          "building": "civic"
        }
      },
      "geometry": {
        "type": "Polygon",
        "coordinates": [
          [
            [
              18.6314353,
              50.3991551
            ],
            [
              18.6315224,
              50.3991667
            ],
            [
              18.6315679,
              50.39902119999999
            ],
            [
              18.6315543,
              50.3990194
            ],
            [
              18.6315792,
              50.3989466
            ],
            [
              18.6316472,
              50.3989563
            ],
            [
              18.6316239,
              50.399021999999995
            ],
            [
              18.6316964,
              50.399033100000004
            ],
            [
              18.6317565,
              50.3990424
            ],
            [
              18.631748,
              50.39907029999999
            ],
            [
              18.6317205,
              50.39906690000001
            ],
            [
              18.6316814,
              50.39919
            ],
            [
              18.6317755,
              50.3992031
            ],
            [
              18.6317776,
              50.3991957
            ],
            [
              18.6318544,
              50.3989419
            ],
            [
              18.6318814,
              50.398851999999984
            ],
            [
              18.6317202,
              50.3988276
            ],
            [
              18.6315501,
              50.3988018
            ],
            [
              18.6314353,
              50.3991551
            ]
          ]
        ]
      }
    },
    {
      "type": "Feature",
      "properties": {
        "source": "OpenStreetMap",
        "source_id": "way/1214778018",
        "domain": "public",
        "asset_type": "community_social",
        "confidence": "medium",
        "missing_fields": [],
        "limitations": [
          "OSM public-service completeness and tagging vary by area and facility type.",
          "A facility tag is evidence of mapped semantics, not service availability, capacity, accessibility or operating status.",
          "BDOT10k building geometry is retained only as topographic comparison context and cannot establish facility semantics.",
          "No qualified PRG public-service facility class is enabled for this domain pack."
        ],
        "eligible_for_analysis": true,
        "osm_tags": {
          "name": "Pszczyńskie Centrum Kultury",
          "name:pl": "Pszczyńskie Centrum Kultury",
          "name:en": "Pszczyna Cultural Center",
          "amenity": "community_centre",
          "community_centre": "cultural_centre",
          "building": "yes"
        }
      },
      "geometry": {
        "type": "Polygon",
        "coordinates": [
          [
            [
              18.9436558,
              49.9716392
            ],
            [
              18.9440851,
              49.97141130000001
            ],
            [
              18.9435649,
              49.97100599999999
            ],
            [
              18.9430352,
              49.97115579999999
            ],
            [
              18.9436558,
              49.9716392
            ]
          ]
        ]
      }
    },
    {
      "type": "Feature",
      "properties": {
        "source": "OpenStreetMap",
        "source_id": "way/1296820311",
        "domain": "public",
        "asset_type": "community_social",
        "confidence": "medium",
        "missing_fields": [],
        "limitations": [
          "OSM public-service completeness and tagging vary by area and facility type.",
          "A facility tag is evidence of mapped semantics, not service availability, capacity, accessibility or operating status.",
          "BDOT10k building geometry is retained only as topographic comparison context and cannot establish facility semantics.",
          "No qualified PRG public-service facility class is enabled for this domain pack."
        ],
        "eligible_for_analysis": true,
        "osm_tags": {
          "name": "Zespół Ognisk Wychowawczych",
          "amenity": "social_facility",
          "social_facility": "group_home"
        }
      },
      "geometry": {
        "type": "Polygon",
        "coordinates": [
          [
            [
              18.5902608,
              49.9532282
            ],
            [
              18.589508,
              49.953315499999995
            ],
            [
              18.5894598,
              49.953868099999994
            ],
            [
              18.589782500000002,
              49.953885699999994
            ],
            [
              18.589782,
              49.95389749999998
            ],
            [
              18.5898013,
              49.95389819999999
            ],
            [
              18.589802400000004,
              49.9539063
            ],
            [
              18.589809,
              49.9539132
            ],
            [
              18.5898191,
              49.953918400000006
            ],
            [
              18.5898405,
              49.95392240000001
            ],
            [
              18.5898384,
              49.95393349999999
            ],
            [
              18.5899174,
              49.95393560000001
            ],
            [
              18.5899052,
              49.95405199999999
            ],
            [
              18.5901938,
              49.95409840000001
            ],
            [
              18.5901981,
              49.9539987
            ],
            [
              18.5902608,
              49.9532282
            ]
          ]
        ]
      }
    },
    {
      "type": "Feature",
      "properties": {
        "source": "OpenStreetMap",
        "source_id": "way/1296820854",
        "domain": "public",
        "asset_type": "community_social",
        "confidence": "medium",
        "missing_fields": [],
        "limitations": [
          "OSM public-service completeness and tagging vary by area and facility type.",
          "A facility tag is evidence of mapped semantics, not service availability, capacity, accessibility or operating status.",
          "BDOT10k building geometry is retained only as topographic comparison context and cannot establish facility semantics.",
          "No qualified PRG public-service facility class is enabled for this domain pack."
        ],
        "eligible_for_analysis": true,
        "osm_tags": {
          "name": "Placówka Opiekuńczo-Wychowawcza Nr 3",
          "amenity": "social_facility",
          "social_facility": "group_home"
        }
      },
      "geometry": {
        "type": "Polygon",
        "coordinates": [
          [
            [
              18.6172369,
              49.950858399999994
            ],
            [
              18.6172444,
              49.9508792
            ],
            [
              18.6172979,
              49.9508731
            ],
            [
              18.6178814,
              49.950763499999994
            ],
            [
              18.6176906,
              49.9505213
            ],
            [
              18.6175132,
              49.95052619999999
            ],
            [
              18.617509400000003,
              49.9505546
            ],
            [
              18.6173532,
              49.95055639999999
            ],
            [
              18.6173486,
              49.95052940000001
            ],
            [
              18.6165087,
              49.95055700000001
            ],
            [
              18.6165017,
              49.9506929
            ],
            [
              18.6167212,
              49.95090179999999
            ],
            [
              18.6172369,
              49.950858399999994
            ]
          ]
        ]
      }
    },
    {
      "type": "Feature",
      "properties": {
        "source": "OpenStreetMap",
        "source_id": "way/1301697025",
        "domain": "public",
        "asset_type": "community_social",
        "confidence": "medium",
        "missing_fields": [],
        "limitations": [
          "OSM public-service completeness and tagging vary by area and facility type.",
          "A facility tag is evidence of mapped semantics, not service availability, capacity, accessibility or operating status.",
          "BDOT10k building geometry is retained only as topographic comparison context and cannot establish facility semantics.",
          "No qualified PRG public-service facility class is enabled for this domain pack."
        ],
        "eligible_for_analysis": true,
        "osm_tags": {
          "name": "Centrum Turystyki Pieszo-Rowerowej „Sołtysówka”",
          "operator": "Gmina Chybie",
          "amenity": "community_centre",
          "building": "public"
        }
      },
      "geometry": {
        "type": "Polygon",
        "coordinates": [
          [
            [
              18.8112278,
              49.9060022
            ],
            [
              18.8111606,
              49.9059241
            ],
            [
              18.8111499,
              49.90591159999999
            ],
            [
              18.8109342,
              49.905990499999994
            ],
            [
              18.8109104,
              49.90599919999999
            ],
            [
              18.8109876,
              49.90608759999999
            ],
            [
              18.8112278,
              49.9060022
            ]
          ]
        ]
      }
    },
    {
      "type": "Feature",
      "properties": {
        "source": "OpenStreetMap",
        "source_id": "way/1313178401",
        "domain": "public",
        "asset_type": "community_social",
        "confidence": "medium",
        "missing_fields": [],
        "limitations": [
          "OSM public-service completeness and tagging vary by area and facility type.",
          "A facility tag is evidence of mapped semantics, not service availability, capacity, accessibility or operating status.",
          "BDOT10k building geometry is retained only as topographic comparison context and cannot establish facility semantics.",
          "No qualified PRG public-service facility class is enabled for this domain pack."
        ],
        "eligible_for_analysis": true,
        "osm_tags": {
          "name": "Dom Pomocy Społecznej",
          "amenity": "social_facility",
          "social_facility": "nursing_home"
        }
      },
      "geometry": {
        "type": "Polygon",
        "coordinates": [
          [
            [
              18.6026935,
              49.9449579
            ],
            [
              18.6029728,
              49.9450232
            ],
            [
              18.6030068,
              49.9449465
            ],
            [
              18.6033476,
              49.94495549999999
            ],
            [
              18.603391,
              49.94462529999999
            ],
            [
              18.6034014,
              49.944571599999996
            ],
            [
              18.6029091,
              49.944195
            ],
            [
              18.6027548,
              49.9441228
            ],
            [
              18.6023428,
              49.9442465
            ],
            [
              18.6023341,
              49.9443166
            ],
            [
              18.6023558,
              49.9449845
            ],
            [
              18.6026935,
              49.9449579
            ]
          ]
        ]
      }
    },
    {
      "type": "Feature",
      "properties": {
        "source": "OpenStreetMap",
        "source_id": "way/1344528185",
        "domain": "public",
        "asset_type": "community_social",
        "confidence": "medium",
        "missing_fields": [],
        "limitations": [
          "OSM public-service completeness and tagging vary by area and facility type.",
          "A facility tag is evidence of mapped semantics, not service availability, capacity, accessibility or operating status.",
          "BDOT10k building geometry is retained only as topographic comparison context and cannot establish facility semantics.",
          "No qualified PRG public-service facility class is enabled for this domain pack."
        ],
        "eligible_for_analysis": true,
        "osm_tags": {
          "name": "Domov pro seniory Kamenec",
          "operator": "Statutární město Ostrava",
          "website": "https://domovkamenec.ostrava.cz/",
          "amenity": "social_facility",
          "social_facility": "group_home"
        }
      },
      "geometry": {
        "type": "Polygon",
        "coordinates": [
          [
            [
              18.2943704,
              49.846578900000004
            ],
            [
              18.294396400000004,
              49.84657779999999
            ],
            [
              18.2943997,
              49.8463994
            ],
            [
              18.2944003,
              49.8463677
            ],
            [
              18.2943779,
              49.8463678
            ],
            [
              18.2943817,
              49.8462084
            ],
            [
              18.2943593,
              49.846207799999995
            ],
            [
              18.2943629,
              49.846048800000005
            ],
            [
              18.2943216,
              49.8460489
            ],
            [
              18.2943216,
              49.8460444
            ],
            [
              18.2943146,
              49.8460444
            ],
            [
              18.2943149,
              49.84601399999999
            ],
            [
              18.2943478,
              49.84601399999999
            ],
            [
              18.2943482,
              49.845940799999994
            ],
            [
              18.2943413,
              49.8459408
            ],
            [
              18.294343,
              49.84583839999999
            ],
            [
              18.294033,
              49.84583599999999
            ],
            [
              18.2939558,
              49.8458354
            ],
            [
              18.2939558,
              49.8458909
            ],
            [
              18.2937811,
              49.84589279999999
            ],
            [
              18.2937795,
              49.8459841
            ],
            [
              18.2937192,
              49.845983200000006
            ],
            [
              18.2937237,
              49.8460972
            ],
            [
              18.2934294,
              49.8460958
            ],
            [
              18.293437,
              49.846137
            ],
            [
              18.2938367,
              49.8467718
            ],
            [
              18.2940748,
              49.8467798
            ],
            [
              18.2941085,
              49.8467778
            ],
            [
              18.2941133,
              49.8467153
            ],
            [
              18.2943677,
              49.846717799999986
            ],
            [
              18.2943704,
              49.846578900000004
            ]
          ]
        ]
      }
    },
    {
      "type": "Feature",
      "properties": {
        "source": "OpenStreetMap",
        "source_id": "way/1352578183",
        "domain": "public",
        "asset_type": "community_social",
        "confidence": "medium",
        "missing_fields": [],
        "limitations": [
          "OSM public-service completeness and tagging vary by area and facility type.",
          "A facility tag is evidence of mapped semantics, not service availability, capacity, accessibility or operating status.",
          "BDOT10k building geometry is retained only as topographic comparison context and cannot establish facility semantics.",
          "No qualified PRG public-service facility class is enabled for this domain pack."
        ],
        "eligible_for_analysis": true,
        "osm_tags": {
          "name": "Miejski Dom Kultury Witosa",
          "operator": "Miasto Katowice",
          "operator:wikidata": "Q588",
          "website": "https://dkwitosa.pl/",
          "start_date": "2005",
          "amenity": "community_centre",
          "community_centre": "cultural_centre",
          "building": "public"
        }
      },
      "geometry": {
        "type": "Polygon",
        "coordinates": [
          [
            [
              18.9653393,
              50.26096669999999
            ],
            [
              18.9652982,
              50.2608904
            ],
            [
              18.965382,
              50.260871899999984
            ],
            [
              18.9652774,
              50.260678000000006
            ],
            [
              18.9652187,
              50.26056899999999
            ],
            [
              18.9650968,
              50.2605959
            ],
            [
              18.965088,
              50.26057949999999
            ],
            [
              18.9648984,
              50.2606213
            ],
            [
              18.9651118,
              50.26101690000001
            ],
            [
              18.9653393,
              50.26096669999999
            ]
          ]
        ]
      }
    },
    {
      "type": "Feature",
      "properties": {
        "source": "OpenStreetMap",
        "source_id": "way/1375202409",
        "domain": "public",
        "asset_type": "community_social",
        "confidence": "medium",
        "missing_fields": [],
        "limitations": [
          "OSM public-service completeness and tagging vary by area and facility type.",
          "A facility tag is evidence of mapped semantics, not service availability, capacity, accessibility or operating status.",
          "BDOT10k building geometry is retained only as topographic comparison context and cannot establish facility semantics.",
          "No qualified PRG public-service facility class is enabled for this domain pack."
        ],
        "eligible_for_analysis": true,
        "osm_tags": {
          "name": "Centrum Integracji Osiedla Kotarbińskiego",
          "amenity": "community_centre"
        }
      },
      "geometry": {
        "type": "Polygon",
        "coordinates": [
          [
            [
              18.765266500000003,
              50.3142961
            ],
            [
              18.7653243,
              50.314298
            ],
            [
              18.7654461,
              50.31427639999999
            ],
            [
              18.7654491,
              50.31411849999999
            ],
            [
              18.7652542,
              50.31411700000001
            ],
            [
              18.7652412,
              50.31413779999999
            ],
            [
              18.7652126,
              50.3141834
            ],
            [
              18.7652079,
              50.3142942
            ],
            [
              18.765266500000003,
              50.3142961
            ]
          ]
        ]
      }
    },
    {
      "type": "Feature",
      "properties": {
        "source": "OpenStreetMap",
        "source_id": "way/1445636065",
        "domain": "public",
        "asset_type": "community_social",
        "confidence": "medium",
        "missing_fields": [],
        "limitations": [
          "OSM public-service completeness and tagging vary by area and facility type.",
          "A facility tag is evidence of mapped semantics, not service availability, capacity, accessibility or operating status.",
          "BDOT10k building geometry is retained only as topographic comparison context and cannot establish facility semantics.",
          "No qualified PRG public-service facility class is enabled for this domain pack."
        ],
        "eligible_for_analysis": true,
        "osm_tags": {
          "name": "Ośrodek dla Osób Niepełnosprawnych Miłosierdzie Boże",
          "operator": "Caritas Archidiecezji Katowickiej",
          "amenity": "social_facility",
          "social_facility": "nursing_home",
          "phone": "+48 32 238 60 21",
          "email": "osrodek@borowa-wies.pl",
          "wheelchair": "yes"
        }
      },
      "geometry": {
        "type": "Polygon",
        "coordinates": [
          [
            [
              18.8057111,
              50.22852639999999
            ],
            [
              18.8056402,
              50.22862059999999
            ],
            [
              18.8056405,
              50.228656599999994
            ],
            [
              18.8057561,
              50.22885529999999
            ],
            [
              18.8058417,
              50.2288767
            ],
            [
              18.8059205,
              50.2288752
            ],
            [
              18.8060423,
              50.22892319999998
            ],
            [
              18.8062437,
              50.228839300000004
            ],
            [
              18.8063553,
              50.2288516
            ],
            [
              18.8069303,
              50.228982099999996
            ],
            [
              18.8070198,
              50.22897969999999
            ],
            [
              18.8071076,
              50.22885389999999
            ],
            [
              18.807076,
              50.22875390000001
            ],
            [
              18.8070123,
              50.22875750000001
            ],
            [
              18.8069416,
              50.2286697
            ],
            [
              18.8067264,
              50.22839529999999
            ],
            [
              18.8063342,
              50.22792249999999
            ],
            [
              18.8061361,
              50.2277156
            ],
            [
              18.8061072,
              50.2276737
            ],
            [
              18.806027,
              50.22770599999999
            ],
            [
              18.8054539,
              50.22789
            ],
            [
              18.8054857,
              50.228111999999996
            ],
            [
              18.8054424,
              50.2281969
            ],
            [
              18.8057111,
              50.22852639999999
            ]
          ]
        ]
      }
    },
    {
      "type": "Feature",
      "properties": {
        "source": "OpenStreetMap",
        "source_id": "way/1477361306",
        "domain": "public",
        "asset_type": "community_social",
        "confidence": "medium",
        "missing_fields": [],
        "limitations": [
          "OSM public-service completeness and tagging vary by area and facility type.",
          "A facility tag is evidence of mapped semantics, not service availability, capacity, accessibility or operating status.",
          "BDOT10k building geometry is retained only as topographic comparison context and cannot establish facility semantics.",
          "No qualified PRG public-service facility class is enabled for this domain pack."
        ],
        "eligible_for_analysis": true,
        "osm_tags": {
          "source": "UM Zabrze",
          "amenity": "arts_centre",
          "building": "historic"
        }
      },
      "geometry": {
        "type": "Polygon",
        "coordinates": [
          [
            [
              18.8081254,
              50.294567799999996
            ],
            [
              18.8080414,
              50.29447019999999
            ],
            [
              18.8078447,
              50.2945392
            ],
            [
              18.8079287,
              50.29463690000001
            ],
            [
              18.8081254,
              50.294567799999996
            ]
          ]
        ]
      }
    },
    {
      "type": "Feature",
      "properties": {
        "source": "OpenStreetMap",
        "source_id": "way/1545535327",
        "domain": "public",
        "asset_type": "community_social",
        "confidence": "medium",
        "missing_fields": [],
        "limitations": [
          "OSM public-service completeness and tagging vary by area and facility type.",
          "A facility tag is evidence of mapped semantics, not service availability, capacity, accessibility or operating status.",
          "BDOT10k building geometry is retained only as topographic comparison context and cannot establish facility semantics.",
          "No qualified PRG public-service facility class is enabled for this domain pack."
        ],
        "eligible_for_analysis": true,
        "osm_tags": {
          "name": "Miejski Dom Kultury",
          "operator": "Miejski Dom Kultury",
          "amenity": "community_centre",
          "community_centre": "cultural_centre",
          "building": "proposed"
        }
      },
      "geometry": {
        "type": "Polygon",
        "coordinates": [
          [
            [
              18.9044829,
              50.1698534
            ],
            [
              18.9044073,
              50.169874
            ],
            [
              18.9043717,
              50.1699601
            ],
            [
              18.9044134,
              50.170012099999994
            ],
            [
              18.904674,
              50.16993149999998
            ],
            [
              18.9045915,
              50.16982449999998
            ],
            [
              18.9044829,
              50.1698534
            ]
          ]
        ]
      }
    },
    {
      "type": "Feature",
      "properties": {
        "source": "OpenStreetMap",
        "source_id": "way/1545535328",
        "domain": "public",
        "asset_type": "community_social",
        "confidence": "medium",
        "missing_fields": [],
        "limitations": [
          "OSM public-service completeness and tagging vary by area and facility type.",
          "A facility tag is evidence of mapped semantics, not service availability, capacity, accessibility or operating status.",
          "BDOT10k building geometry is retained only as topographic comparison context and cannot establish facility semantics.",
          "No qualified PRG public-service facility class is enabled for this domain pack."
        ],
        "eligible_for_analysis": true,
        "osm_tags": {
          "name": "Miejski Dom Kultury",
          "amenity": "community_centre",
          "community_centre": "cultural_centre",
          "building": "proposed"
        }
      },
      "geometry": {
        "type": "Polygon",
        "coordinates": [
          [
            [
              18.9037703,
              50.1697469
            ],
            [
              18.9036737,
              50.1697826
            ],
            [
              18.9038016,
              50.1699468
            ],
            [
              18.9043453,
              50.1697704
            ],
            [
              18.9044098,
              50.169750699999994
            ],
            [
              18.9043784,
              50.16970759999999
            ],
            [
              18.9043002,
              50.16960120000001
            ],
            [
              18.9037703,
              50.1697469
            ]
          ]
        ]
      }
    },
    {
      "type": "Feature",
      "properties": {
        "source": "OpenStreetMap",
        "source_id": "way/1547728834",
        "domain": "public",
        "asset_type": "community_social",
        "confidence": "medium",
        "missing_fields": [],
        "limitations": [
          "OSM public-service completeness and tagging vary by area and facility type.",
          "A facility tag is evidence of mapped semantics, not service availability, capacity, accessibility or operating status.",
          "BDOT10k building geometry is retained only as topographic comparison context and cannot establish facility semantics.",
          "No qualified PRG public-service facility class is enabled for this domain pack."
        ],
        "eligible_for_analysis": true,
        "osm_tags": {
          "amenity": "social_facility"
        }
      },
      "geometry": {
        "type": "Polygon",
        "coordinates": [
          [
            [
              18.472458400000004,
              49.949821199999995
            ],
            [
              18.473274,
              49.949555499999995
            ],
            [
              18.4739334,
              49.9493186
            ],
            [
              18.4744343,
              49.9491212
            ],
            [
              18.4742612,
              49.9488243
            ],
            [
              18.4737767,
              49.948766
            ],
            [
              18.4735175,
              49.948755799999994
            ],
            [
              18.4727665,
              49.94899989999999
            ],
            [
              18.4720491,
              49.949239699999985
            ],
            [
              18.472458400000004,
              49.949821199999995
            ]
          ]
        ]
      }
    }
  ]
}