{
  "type": "FeatureCollection",
  "metadata": {
    "cache_layout_version": "provider_cache/v1",
    "geojson_contract_version": "provider_geojson/v1",
    "aoi_id": "rybnik_35km",
    "domain": "district_heating",
    "layer_id": "district_heating.osm_features",
    "source": "OpenStreetMap",
    "source_type": "analytical_vector",
    "source_registry_id": "openstreetmap",
    "source_url": "https://overpass-api.de/api/interpreter",
    "source_query": "Fixture contract evidence for explicit district-heating plants, heat exchangers and heat-network lines.",
    "snapshot_at": "2026-08-10T12:00:00Z",
    "pipeline_version": "geo_pipeline/district-heating/v1",
    "query_version": "district-heating-osm/v1",
    "validation_status_raw": "warning",
    "quality_status": "warning",
    "confidence": "medium",
    "limitations": [
      "OSM district-heating infrastructure completeness varies significantly by area and operator.",
      "The committed contract fixture is not a complete Rybnik 35 km heat-network, capacity, pressure or flow model.",
      "Generic industrial buildings, chimneys, power equipment and pipelines without explicit heating semantics are excluded.",
      "No qualified official analytical district-heating-network vector feed is enabled; an empty district_heating.lines layer remains an explicit source gap.",
      "KIUT district-heating WMS is visual reference-only imagery and does not replace analytical vector artifacts."
    ],
    "eligible_for_analysis": true,
    "readiness": "usable_with_limitations",
    "contract_version": "provider_geojson/v1",
    "feature_count": 141
  },
  "features": [
    {
      "type": "Feature",
      "properties": {
        "source": "OpenStreetMap",
        "source_id": "way/33711545",
        "domain": "district_heating",
        "asset_type": "plants",
        "confidence": "medium",
        "missing_fields": [],
        "limitations": [
          "OSM district-heating infrastructure completeness varies significantly by area and operator.",
          "The committed contract fixture is not a complete Rybnik 35 km heat-network, capacity, pressure or flow model.",
          "Generic industrial buildings, chimneys, power equipment and pipelines without explicit heating semantics are excluded.",
          "No qualified official analytical district-heating-network vector feed is enabled; an empty district_heating.lines layer remains an explicit source gap.",
          "KIUT district-heating WMS is visual reference-only imagery and does not replace analytical vector artifacts."
        ],
        "eligible_for_analysis": true,
        "osm_tags": {
          "power": "plant",
          "name": "Ciepłownia Gliwice",
          "operator": "Przedsiębiorstwo Energetyki Cieplnej Gliwice",
          "plant:source": "coal",
          "plant:method": "combustion",
          "plant:output:electricity": "no"
        }
      },
      "geometry": {
        "type": "Polygon",
        "coordinates": [
          [
            [
              18.7110526,
              50.29358380000001
            ],
            [
              18.7129465,
              50.29366550000001
            ],
            [
              18.7130059,
              50.2932746
            ],
            [
              18.713125700000003,
              50.29251269999999
            ],
            [
              18.713153,
              50.292118099999996
            ],
            [
              18.7122341,
              50.29146790000001
            ],
            [
              18.7120299,
              50.290932
            ],
            [
              18.711995,
              50.290930599999996
            ],
            [
              18.7118157,
              50.2909211
            ],
            [
              18.7117666,
              50.2909185
            ],
            [
              18.7117749,
              50.29085419999999
            ],
            [
              18.7117477,
              50.2908464
            ],
            [
              18.7116902,
              50.29084389999999
            ],
            [
              18.7117493,
              50.29027429999999
            ],
            [
              18.7112913,
              50.2902582
            ],
            [
              18.7112834,
              50.29031559999999
            ],
            [
              18.7112709,
              50.2904062
            ],
            [
              18.7092088,
              50.29030290000001
            ],
            [
              18.7091159,
              50.2915262
            ],
            [
              18.7090674,
              50.29152349999999
            ],
            [
              18.7087808,
              50.293360799999995
            ],
            [
              18.7088887,
              50.2934032
            ],
            [
              18.7098684,
              50.293523300000004
            ],
            [
              18.7110526,
              50.29358380000001
            ]
          ]
        ]
      }
    },
    {
      "type": "Feature",
      "properties": {
        "source": "OpenStreetMap",
        "source_id": "way/206737167",
        "domain": "district_heating",
        "asset_type": "plants",
        "confidence": "medium",
        "missing_fields": [],
        "limitations": [
          "OSM district-heating infrastructure completeness varies significantly by area and operator.",
          "The committed contract fixture is not a complete Rybnik 35 km heat-network, capacity, pressure or flow model.",
          "Generic industrial buildings, chimneys, power equipment and pipelines without explicit heating semantics are excluded.",
          "No qualified official analytical district-heating-network vector feed is enabled; an empty district_heating.lines layer remains an explicit source gap.",
          "KIUT district-heating WMS is visual reference-only imagery and does not replace analytical vector artifacts."
        ],
        "eligible_for_analysis": true,
        "osm_tags": {
          "power": "plant",
          "name": "Elektrociepłownia Moszczenica",
          "operator": "PGNiG TERMIKA Energetyka Przemysłowa S.A.",
          "website": "https://www.ptep.pl/o-nas/zaklady/oddzial-moszczenica-1",
          "plant:source": "coal;gas",
          "plant:output:electricity": "38,3 MW",
          "source": "UM Jastrzębie-Zdrój"
        }
      },
      "geometry": {
        "type": "Polygon",
        "coordinates": [
          [
            [
              18.5683009,
              49.93994169999998
            ],
            [
              18.5685974,
              49.940254499999995
            ],
            [
              18.5687665,
              49.940433
            ],
            [
              18.5690363,
              49.94072100000001
            ],
            [
              18.5690682,
              49.94081550000001
            ],
            [
              18.5690889,
              49.94084569999999
            ],
            [
              18.5691447,
              49.940925
            ],
            [
              18.569197,
              49.9409989
            ],
            [
              18.5692539,
              49.94111910000001
            ],
            [
              18.5692985,
              49.941279300000005
            ],
            [
              18.5693149,
              49.941414699999996
            ],
            [
              18.569291,
              49.941666000000005
            ],
            [
              18.569289,
              49.94168739999999
            ],
            [
              18.569264,
              49.9419417
            ],
            [
              18.5692539,
              49.942043399999996
            ],
            [
              18.5693195,
              49.94209099999999
            ],
            [
              18.5696256,
              49.942102600000005
            ],
            [
              18.5698421,
              49.94212039999999
            ],
            [
              18.5704965,
              49.94214949999999
            ],
            [
              18.5709518,
              49.94217369999999
            ],
            [
              18.57188,
              49.9422229
            ],
            [
              18.5720784,
              49.94223779999999
            ],
            [
              18.5724278,
              49.9421955
            ],
            [
              18.5723916,
              49.9420694
            ],
            [
              18.5724059,
              49.94144459999999
            ],
            [
              18.5724199,
              49.9408619
            ],
            [
              18.5704606,
              49.9406921
            ],
            [
              18.570481100000002,
              49.94037920000001
            ],
            [
              18.5719487,
              49.9404053
            ],
            [
              18.5726743,
              49.940366100000006
            ],
            [
              18.5732886,
              49.94018469999999
            ],
            [
              18.5743165,
              49.94002939999999
            ],
            [
              18.5738857,
              49.9395027
            ],
            [
              18.5737651,
              49.93935269999999
            ],
            [
              18.5735976,
              49.9391381
            ],
            [
              18.5734207,
              49.93905229999999
            ],
            [
              18.5734157,
              49.939046899999994
            ],
            [
              18.5732373,
              49.9389566
            ],
            [
              18.5724042,
              49.93893
            ],
            [
              18.5722163,
              49.93875080000001
            ],
            [
              18.571447,
              49.93889500000001
            ],
            [
              18.5713125,
              49.9389058
            ],
            [
              18.5711063,
              49.93891360000001
            ],
            [
              18.5702491,
              49.93888650000001
            ],
            [
              18.5693141,
              49.9388334
            ],
            [
              18.5692492,
              49.9392372
            ],
            [
              18.5691996,
              49.93923590000001
            ],
            [
              18.5691334,
              49.939652800000005
            ],
            [
              18.5682425,
              49.9396317
            ],
            [
              18.5680831,
              49.93974209999999
            ],
            [
              18.5683009,
              49.93994169999998
            ]
          ]
        ]
      }
    },
    {
      "type": "Feature",
      "properties": {
        "source": "OpenStreetMap",
        "source_id": "way/1068198611",
        "domain": "district_heating",
        "asset_type": "plants",
        "confidence": "medium",
        "missing_fields": [],
        "limitations": [
          "OSM district-heating infrastructure completeness varies significantly by area and operator.",
          "The committed contract fixture is not a complete Rybnik 35 km heat-network, capacity, pressure or flow model.",
          "Generic industrial buildings, chimneys, power equipment and pipelines without explicit heating semantics are excluded.",
          "No qualified official analytical district-heating-network vector feed is enabled; an empty district_heating.lines layer remains an explicit source gap.",
          "KIUT district-heating WMS is visual reference-only imagery and does not replace analytical vector artifacts."
        ],
        "eligible_for_analysis": true,
        "osm_tags": {
          "power": "plant",
          "name": "Teplárna Karviná",
          "operator": "Veolia",
          "operator:wikidata": "Q1632461",
          "plant:source": "coal",
          "plant:method": "combustion",
          "plant:output:electricity": "yes"
        }
      },
      "geometry": {
        "type": "Polygon",
        "coordinates": [
          [
            [
              18.477680000000003,
              49.8223766
            ],
            [
              18.477522,
              49.8229031
            ],
            [
              18.4765658,
              49.82277079999999
            ],
            [
              18.4762586,
              49.823843999999994
            ],
            [
              18.4763029,
              49.8238887
            ],
            [
              18.4767146,
              49.8238861
            ],
            [
              18.4771187,
              49.82398279999999
            ],
            [
              18.4780671,
              49.82401829999999
            ],
            [
              18.478163,
              49.824000899999994
            ],
            [
              18.4782934,
              49.82415579999999
            ],
            [
              18.4783815,
              49.8242666
            ],
            [
              18.4784199,
              49.82431439999999
            ],
            [
              18.4780242,
              49.8244134
            ],
            [
              18.4780084,
              49.824452900000004
            ],
            [
              18.4792201,
              49.8255268
            ],
            [
              18.4794052,
              49.8253777
            ],
            [
              18.480485,
              49.82450759999999
            ],
            [
              18.4804684,
              49.82448569999999
            ],
            [
              18.4806521,
              49.82420189999999
            ],
            [
              18.4807009,
              49.824002
            ],
            [
              18.4804489,
              49.8239742
            ],
            [
              18.480463,
              49.82392910000001
            ],
            [
              18.480409700000003,
              49.82391989999999
            ],
            [
              18.4805739,
              49.82341879999999
            ],
            [
              18.479887,
              49.82332099999999
            ],
            [
              18.4798432,
              49.82325389999999
            ],
            [
              18.4798041,
              49.823246499999996
            ],
            [
              18.4797853,
              49.8232091
            ],
            [
              18.4798476,
              49.82311529999999
            ],
            [
              18.4798656,
              49.823006299999996
            ],
            [
              18.4799136,
              49.82288749999999
            ],
            [
              18.477680000000003,
              49.8223766
            ]
          ]
        ]
      }
    },
    {
      "type": "Feature",
      "properties": {
        "source": "OpenStreetMap",
        "source_id": "way/1366986256",
        "domain": "district_heating",
        "asset_type": "plants",
        "confidence": "medium",
        "missing_fields": [],
        "limitations": [
          "OSM district-heating infrastructure completeness varies significantly by area and operator.",
          "The committed contract fixture is not a complete Rybnik 35 km heat-network, capacity, pressure or flow model.",
          "Generic industrial buildings, chimneys, power equipment and pipelines without explicit heating semantics are excluded.",
          "No qualified official analytical district-heating-network vector feed is enabled; an empty district_heating.lines layer remains an explicit source gap.",
          "KIUT district-heating WMS is visual reference-only imagery and does not replace analytical vector artifacts."
        ],
        "eligible_for_analysis": true
      },
      "geometry": {
        "type": "Polygon",
        "coordinates": [
          [
            [
              18.5448517,
              50.0880223
            ],
            [
              18.544983200000004,
              50.088133
            ],
            [
              18.5450771,
              50.08819919999999
            ],
            [
              18.5451831,
              50.0881577
            ],
            [
              18.5451821,
              50.088106200000006
            ],
            [
              18.545156200000005,
              50.0880078
            ],
            [
              18.5448998,
              50.087789499999985
            ],
            [
              18.5448831,
              50.08779760000001
            ],
            [
              18.5448862,
              50.087776799999986
            ],
            [
              18.5448303,
              50.087729499999995
            ],
            [
              18.544785,
              50.0877514
            ],
            [
              18.5447019,
              50.087791499999994
            ],
            [
              18.5446928,
              50.087833599999996
            ],
            [
              18.5447345,
              50.087868500000006
            ],
            [
              18.5446571,
              50.0879033
            ],
            [
              18.5446177,
              50.08792
            ],
            [
              18.5448517,
              50.0880223
            ]
          ]
        ]
      }
    },
    {
      "type": "Feature",
      "properties": {
        "source": "OpenStreetMap",
        "source_id": "node/99000001",
        "domain": "district_heating",
        "asset_type": "plants",
        "confidence": "medium",
        "missing_fields": [],
        "limitations": [
          "OSM district-heating infrastructure completeness varies significantly by area and operator.",
          "The committed contract fixture is not a complete Rybnik 35 km heat-network, capacity, pressure or flow model.",
          "Generic industrial buildings, chimneys, power equipment and pipelines without explicit heating semantics are excluded.",
          "No qualified official analytical district-heating-network vector feed is enabled; an empty district_heating.lines layer remains an explicit source gap.",
          "KIUT district-heating WMS is visual reference-only imagery and does not replace analytical vector artifacts."
        ],
        "eligible_for_analysis": true,
        "osm_tags": {
          "name": "Elektrociepłownia Rybnik (PGE Energia Ciepła)"
        }
      },
      "geometry": {
        "type": "Point",
        "coordinates": [
          18.5284,
          50.1347
        ]
      }
    },
    {
      "type": "Feature",
      "properties": {
        "source": "OpenStreetMap",
        "source_id": "node/99000001",
        "domain": "district_heating",
        "asset_type": "plants",
        "confidence": "medium",
        "missing_fields": [],
        "limitations": [
          "OSM district-heating infrastructure completeness varies significantly by area and operator.",
          "The committed contract fixture is not a complete Rybnik 35 km heat-network, capacity, pressure or flow model.",
          "Generic industrial buildings, chimneys, power equipment and pipelines without explicit heating semantics are excluded.",
          "No qualified official analytical district-heating-network vector feed is enabled; an empty district_heating.lines layer remains an explicit source gap.",
          "KIUT district-heating WMS is visual reference-only imagery and does not replace analytical vector artifacts."
        ],
        "eligible_for_analysis": true,
        "osm_tags": {
          "power": "plant",
          "name": "Elektrociepłownia Rybnik (PGE Energia Ciepła)"
        }
      },
      "geometry": {
        "type": "Point",
        "coordinates": [
          18.5284,
          50.1347
        ]
      }
    },
    {
      "type": "Feature",
      "properties": {
        "source": "OpenStreetMap",
        "source_id": "node/99000001",
        "domain": "district_heating",
        "asset_type": "plants",
        "confidence": "medium",
        "missing_fields": [],
        "limitations": [
          "OSM district-heating infrastructure completeness varies significantly by area and operator.",
          "The committed contract fixture is not a complete Rybnik 35 km heat-network, capacity, pressure or flow model.",
          "Generic industrial buildings, chimneys, power equipment and pipelines without explicit heating semantics are excluded.",
          "No qualified official analytical district-heating-network vector feed is enabled; an empty district_heating.lines layer remains an explicit source gap.",
          "KIUT district-heating WMS is visual reference-only imagery and does not replace analytical vector artifacts."
        ],
        "eligible_for_analysis": true,
        "osm_tags": {
          "power": "plant",
          "name": "Elektrociepłownia Rybnik (PGE Energia Ciepła)"
        }
      },
      "geometry": {
        "type": "Point",
        "coordinates": [
          18.5284,
          50.1347
        ]
      }
    },
    {
      "type": "Feature",
      "properties": {
        "source": "OpenStreetMap",
        "source_id": "node/99000001",
        "domain": "district_heating",
        "asset_type": "facilities",
        "confidence": "medium",
        "missing_fields": [],
        "limitations": [
          "OSM district-heating infrastructure completeness varies significantly by area and operator.",
          "The committed contract fixture is not a complete Rybnik 35 km heat-network, capacity, pressure or flow model.",
          "Generic industrial buildings, chimneys, power equipment and pipelines without explicit heating semantics are excluded.",
          "No qualified official analytical district-heating-network vector feed is enabled; an empty district_heating.lines layer remains an explicit source gap.",
          "KIUT district-heating WMS is visual reference-only imagery and does not replace analytical vector artifacts."
        ],
        "eligible_for_analysis": true,
        "osm_tags": {
          "man_made": "heat_exchanger",
          "name": "Główny Węzeł Ciepłowniczy Rybnik Śródmieście"
        }
      },
      "geometry": {
        "type": "Point",
        "coordinates": [
          18.5401,
          50.0982
        ]
      }
    },
    {
      "type": "Feature",
      "properties": {
        "source": "OpenStreetMap",
        "source_id": "way/68555841",
        "domain": "district_heating",
        "asset_type": "lines",
        "confidence": "medium",
        "missing_fields": [],
        "limitations": [
          "OSM district-heating infrastructure completeness varies significantly by area and operator.",
          "The committed contract fixture is not a complete Rybnik 35 km heat-network, capacity, pressure or flow model.",
          "Generic industrial buildings, chimneys, power equipment and pipelines without explicit heating semantics are excluded.",
          "No qualified official analytical district-heating-network vector feed is enabled; an empty district_heating.lines layer remains an explicit source gap.",
          "KIUT district-heating WMS is visual reference-only imagery and does not replace analytical vector artifacts."
        ],
        "eligible_for_analysis": true,
        "osm_tags": {
          "man_made": "pipeline",
          "location": "underground",
          "source": "uhul:ortofoto;cuzk:kn",
          "layer": "-1",
          "substance": "heat"
        }
      },
      "geometry": {
        "type": "LineString",
        "coordinates": [
          [
            18.4484126,
            49.802374900000004
          ],
          [
            18.4489864,
            49.802003799999994
          ],
          [
            18.450147700000002,
            49.80117299999999
          ],
          [
            18.4502342,
            49.800876999999986
          ]
        ]
      }
    },
    {
      "type": "Feature",
      "properties": {
        "source": "OpenStreetMap",
        "source_id": "way/90915907",
        "domain": "district_heating",
        "asset_type": "lines",
        "confidence": "medium",
        "missing_fields": [],
        "limitations": [
          "OSM district-heating infrastructure completeness varies significantly by area and operator.",
          "The committed contract fixture is not a complete Rybnik 35 km heat-network, capacity, pressure or flow model.",
          "Generic industrial buildings, chimneys, power equipment and pipelines without explicit heating semantics are excluded.",
          "No qualified official analytical district-heating-network vector feed is enabled; an empty district_heating.lines layer remains an explicit source gap.",
          "KIUT district-heating WMS is visual reference-only imagery and does not replace analytical vector artifacts."
        ],
        "eligible_for_analysis": true,
        "osm_tags": {
          "man_made": "pipeline",
          "location": "overground",
          "substance": "heat"
        }
      },
      "geometry": {
        "type": "LineString",
        "coordinates": [
          [
            18.7110809,
            50.2870382
          ],
          [
            18.7116506,
            50.2869809
          ]
        ]
      }
    },
    {
      "type": "Feature",
      "properties": {
        "source": "OpenStreetMap",
        "source_id": "way/90915909",
        "domain": "district_heating",
        "asset_type": "lines",
        "confidence": "medium",
        "missing_fields": [],
        "limitations": [
          "OSM district-heating infrastructure completeness varies significantly by area and operator.",
          "The committed contract fixture is not a complete Rybnik 35 km heat-network, capacity, pressure or flow model.",
          "Generic industrial buildings, chimneys, power equipment and pipelines without explicit heating semantics are excluded.",
          "No qualified official analytical district-heating-network vector feed is enabled; an empty district_heating.lines layer remains an explicit source gap.",
          "KIUT district-heating WMS is visual reference-only imagery and does not replace analytical vector artifacts."
        ],
        "eligible_for_analysis": true,
        "osm_tags": {
          "man_made": "pipeline",
          "location": "overground",
          "substance": "heat"
        }
      },
      "geometry": {
        "type": "LineString",
        "coordinates": [
          [
            18.7121816,
            50.2898829
          ],
          [
            18.7126636,
            50.28990429999999
          ],
          [
            18.7126881,
            50.28982739999999
          ],
          [
            18.7126154,
            50.2886399
          ],
          [
            18.7121165,
            50.28697650000001
          ],
          [
            18.7124548,
            50.286945499999995
          ],
          [
            18.7124491,
            50.2869006
          ],
          [
            18.7131627,
            50.286901099999994
          ],
          [
            18.7131637,
            50.286864
          ],
          [
            18.7132127,
            50.28686449999999
          ],
          [
            18.7132157,
            50.2869006
          ],
          [
            18.7145579,
            50.286902700000006
          ],
          [
            18.7145574,
            50.2868643
          ],
          [
            18.7146107,
            50.28686429999998
          ],
          [
            18.7146114,
            50.286902999999995
          ],
          [
            18.7159543,
            50.28690120000001
          ],
          [
            18.715954,
            50.2869348
          ],
          [
            18.7160073,
            50.2869348
          ],
          [
            18.7160078,
            50.28690079999999
          ],
          [
            18.7166374,
            50.2868931
          ],
          [
            18.7172272,
            50.2868758
          ],
          [
            18.7172322,
            50.2869128
          ],
          [
            18.717283,
            50.28691140000001
          ],
          [
            18.7172812,
            50.28687389999999
          ],
          [
            18.7187602,
            50.2868124
          ],
          [
            18.7187688,
            50.2868478
          ],
          [
            18.718819,
            50.286844900000006
          ],
          [
            18.718816,
            50.286810300000006
          ],
          [
            18.7194746,
            50.28677869999999
          ],
          [
            18.7201872,
            50.28674579999999
          ],
          [
            18.7201915,
            50.2867804
          ],
          [
            18.7202462,
            50.2867795
          ],
          [
            18.7202444,
            50.2867433
          ],
          [
            18.7216363,
            50.2866827
          ],
          [
            18.7216328,
            50.28664450000001
          ],
          [
            18.7216865,
            50.28664249999999
          ],
          [
            18.72169,
            50.2866794
          ],
          [
            18.7227473,
            50.28662959999999
          ],
          [
            18.7231133,
            50.28681829999999
          ],
          [
            18.7232516,
            50.286702
          ]
        ]
      }
    },
    {
      "type": "Feature",
      "properties": {
        "source": "OpenStreetMap",
        "source_id": "way/90915919",
        "domain": "district_heating",
        "asset_type": "lines",
        "confidence": "medium",
        "missing_fields": [],
        "limitations": [
          "OSM district-heating infrastructure completeness varies significantly by area and operator.",
          "The committed contract fixture is not a complete Rybnik 35 km heat-network, capacity, pressure or flow model.",
          "Generic industrial buildings, chimneys, power equipment and pipelines without explicit heating semantics are excluded.",
          "No qualified official analytical district-heating-network vector feed is enabled; an empty district_heating.lines layer remains an explicit source gap.",
          "KIUT district-heating WMS is visual reference-only imagery and does not replace analytical vector artifacts."
        ],
        "eligible_for_analysis": true,
        "osm_tags": {
          "man_made": "pipeline",
          "location": "overground",
          "substance": "heat"
        }
      },
      "geometry": {
        "type": "LineString",
        "coordinates": [
          [
            18.7115771,
            50.29037749999999
          ],
          [
            18.7115847,
            50.290209299999994
          ],
          [
            18.7116061,
            50.290014799999994
          ],
          [
            18.7118118,
            50.290022999999984
          ],
          [
            18.7118114,
            50.28983819999999
          ],
          [
            18.7117727,
            50.2895095
          ],
          [
            18.7116983,
            50.28950559999999
          ],
          [
            18.7116993,
            50.2894568
          ],
          [
            18.7117638,
            50.289454899999996
          ],
          [
            18.7116488,
            50.28803310000001
          ],
          [
            18.7115732,
            50.2880327
          ],
          [
            18.7115702,
            50.28798140000001
          ],
          [
            18.7116411,
            50.2879797
          ],
          [
            18.7116215,
            50.287789
          ],
          [
            18.7113723,
            50.2874441
          ],
          [
            18.7113041,
            50.287455900000005
          ],
          [
            18.7112799,
            50.287411399999996
          ],
          [
            18.7113325,
            50.2873914
          ],
          [
            18.7110809,
            50.2870382
          ],
          [
            18.7101941,
            50.2858153
          ],
          [
            18.7101338,
            50.28583020000001
          ],
          [
            18.7100968,
            50.28578660000001
          ],
          [
            18.7101593,
            50.285762999999996
          ],
          [
            18.7099158,
            50.2854349
          ],
          [
            18.7093051,
            50.2852125
          ],
          [
            18.7082007,
            50.284804900000005
          ],
          [
            18.708159,
            50.28484
          ],
          [
            18.7080947,
            50.2848137
          ],
          [
            18.7081238,
            50.284776399999984
          ],
          [
            18.7073965,
            50.28450159999999
          ],
          [
            18.7072412,
            50.28455319999998
          ],
          [
            18.7072031,
            50.28455039999999
          ],
          [
            18.7071755,
            50.284101100000015
          ],
          [
            18.7072438,
            50.284099000000005
          ],
          [
            18.707243,
            50.284048199999994
          ],
          [
            18.7071734,
            50.2840484
          ],
          [
            18.7071586,
            50.28367859999999
          ],
          [
            18.7070541,
            50.28286130000001
          ]
        ]
      }
    },
    {
      "type": "Feature",
      "properties": {
        "source": "OpenStreetMap",
        "source_id": "way/98724564",
        "domain": "district_heating",
        "asset_type": "lines",
        "confidence": "medium",
        "missing_fields": [],
        "limitations": [
          "OSM district-heating infrastructure completeness varies significantly by area and operator.",
          "The committed contract fixture is not a complete Rybnik 35 km heat-network, capacity, pressure or flow model.",
          "Generic industrial buildings, chimneys, power equipment and pipelines without explicit heating semantics are excluded.",
          "No qualified official analytical district-heating-network vector feed is enabled; an empty district_heating.lines layer remains an explicit source gap.",
          "KIUT district-heating WMS is visual reference-only imagery and does not replace analytical vector artifacts."
        ],
        "eligible_for_analysis": true,
        "osm_tags": {
          "man_made": "pipeline",
          "location": "overground",
          "substance": "hot_water"
        }
      },
      "geometry": {
        "type": "LineString",
        "coordinates": [
          [
            18.6943068,
            50.28772359999999
          ],
          [
            18.6944026,
            50.287735699999985
          ],
          [
            18.6943903,
            50.28779409999999
          ],
          [
            18.6967138,
            50.288134699999986
          ],
          [
            18.6975682,
            50.288304000000004
          ],
          [
            18.6981802,
            50.2884523
          ],
          [
            18.6982192,
            50.28839719999999
          ],
          [
            18.698328,
            50.2884234
          ],
          [
            18.6982972,
            50.2884798
          ],
          [
            18.7009849,
            50.28914199999999
          ],
          [
            18.7010183,
            50.2890882
          ],
          [
            18.7011345,
            50.2891123
          ],
          [
            18.7011011,
            50.289168000000004
          ],
          [
            18.701994,
            50.289387299999994
          ]
        ]
      }
    },
    {
      "type": "Feature",
      "properties": {
        "source": "OpenStreetMap",
        "source_id": "way/155142411",
        "domain": "district_heating",
        "asset_type": "lines",
        "confidence": "medium",
        "missing_fields": [],
        "limitations": [
          "OSM district-heating infrastructure completeness varies significantly by area and operator.",
          "The committed contract fixture is not a complete Rybnik 35 km heat-network, capacity, pressure or flow model.",
          "Generic industrial buildings, chimneys, power equipment and pipelines without explicit heating semantics are excluded.",
          "No qualified official analytical district-heating-network vector feed is enabled; an empty district_heating.lines layer remains an explicit source gap.",
          "KIUT district-heating WMS is visual reference-only imagery and does not replace analytical vector artifacts."
        ],
        "eligible_for_analysis": true,
        "osm_tags": {
          "man_made": "pipeline",
          "location": "overground",
          "substance": "hot_water"
        }
      },
      "geometry": {
        "type": "LineString",
        "coordinates": [
          [
            18.7591188,
            50.32229650000001
          ],
          [
            18.7590045,
            50.322309700000005
          ],
          [
            18.7589998,
            50.322440699999994
          ],
          [
            18.7588885,
            50.322446
          ],
          [
            18.758882,
            50.322456999999986
          ],
          [
            18.758882,
            50.32249970000001
          ],
          [
            18.758909,
            50.3225045
          ],
          [
            18.7590061,
            50.32250109999999
          ],
          [
            18.7590201,
            50.322510699999995
          ],
          [
            18.7590439,
            50.32321009999999
          ],
          [
            18.7590212,
            50.3232246
          ],
          [
            18.7589219,
            50.3232232
          ],
          [
            18.7589014,
            50.323237000000006
          ],
          [
            18.7589003,
            50.3232728
          ],
          [
            18.7589219,
            50.32328110000001
          ],
          [
            18.7590234,
            50.32328110000001
          ],
          [
            18.759045,
            50.3232921
          ],
          [
            18.7590655,
            50.3240287
          ],
          [
            18.7590331,
            50.3240425
          ],
          [
            18.7589392,
            50.3240384
          ],
          [
            18.7589262,
            50.32404869999999
          ],
          [
            18.7589316,
            50.3240914
          ],
          [
            18.7589446,
            50.32409619999999
          ],
          [
            18.7590611,
            50.32409349999998
          ],
          [
            18.7590665,
            50.324103799999996
          ],
          [
            18.7590655,
            50.3245104
          ],
          [
            18.7589014,
            50.32457099999999
          ],
          [
            18.7589003,
            50.32458340000001
          ],
          [
            18.7590881,
            50.32482249999999
          ],
          [
            18.7590946,
            50.3251298
          ],
          [
            18.7590816,
            50.3251408
          ],
          [
            18.7589694,
            50.3251456
          ],
          [
            18.7589554,
            50.325157299999994
          ],
          [
            18.7589532,
            50.3251959
          ],
          [
            18.7589672,
            50.32520139999999
          ],
          [
            18.7590687,
            50.32520079999999
          ],
          [
            18.759092400000004,
            50.32520759999999
          ],
          [
            18.7591115,
            50.32575129999999
          ],
          [
            18.759093200000002,
            50.32576389999999
          ],
          [
            18.7589849,
            50.325759999999995
          ],
          [
            18.7589681,
            50.3257688
          ],
          [
            18.7589681,
            50.3258078
          ],
          [
            18.7589879,
            50.325814599999994
          ],
          [
            18.7590948,
            50.3258185
          ],
          [
            18.7591024,
            50.3258321
          ],
          [
            18.7591253,
            50.32630669999999
          ],
          [
            18.759107,
            50.32632319999998
          ],
          [
            18.7589726,
            50.3263262
          ],
          [
            18.7589543,
            50.32633689999999
          ],
          [
            18.7589604,
            50.3264957
          ]
        ]
      }
    },
    {
      "type": "Feature",
      "properties": {
        "source": "OpenStreetMap",
        "source_id": "way/155142468",
        "domain": "district_heating",
        "asset_type": "lines",
        "confidence": "medium",
        "missing_fields": [],
        "limitations": [
          "OSM district-heating infrastructure completeness varies significantly by area and operator.",
          "The committed contract fixture is not a complete Rybnik 35 km heat-network, capacity, pressure or flow model.",
          "Generic industrial buildings, chimneys, power equipment and pipelines without explicit heating semantics are excluded.",
          "No qualified official analytical district-heating-network vector feed is enabled; an empty district_heating.lines layer remains an explicit source gap.",
          "KIUT district-heating WMS is visual reference-only imagery and does not replace analytical vector artifacts."
        ],
        "eligible_for_analysis": true,
        "osm_tags": {
          "man_made": "pipeline",
          "location": "overground",
          "substance": "hot_water"
        }
      },
      "geometry": {
        "type": "LineString",
        "coordinates": [
          [
            18.7589948,
            50.3218825
          ],
          [
            18.7587292,
            50.321822
          ],
          [
            18.7589002,
            50.32118280000001
          ],
          [
            18.7588636,
            50.3211691
          ],
          [
            18.7587842,
            50.3211652
          ],
          [
            18.7587689,
            50.321147700000004
          ],
          [
            18.758775,
            50.3211204
          ],
          [
            18.7589154,
            50.321124299999994
          ],
          [
            18.7589765,
            50.320855300000005
          ],
          [
            18.7589734,
            50.320557099999995
          ],
          [
            18.758946,
            50.3205435
          ],
          [
            18.7588605,
            50.32054349999999
          ],
          [
            18.7588178,
            50.320531800000005
          ],
          [
            18.7588178,
            50.320502600000005
          ],
          [
            18.7588361,
            50.320487
          ],
          [
            18.7589338,
            50.32049090000001
          ],
          [
            18.7589582,
            50.3204733
          ],
          [
            18.758961200000005,
            50.319608699999996
          ],
          [
            18.7589383,
            50.31959019999999
          ],
          [
            18.7588269,
            50.31958929999999
          ],
          [
            18.7588132,
            50.3195805
          ],
          [
            18.7588132,
            50.3195474
          ],
          [
            18.7588315,
            50.319536600000006
          ],
          [
            18.7589246,
            50.3195396
          ],
          [
            18.7589429,
            50.31953570000001
          ],
          [
            18.7589444,
            50.31907179999999
          ],
          [
            18.7589246,
            50.31905809999999
          ],
          [
            18.7588346,
            50.319056200000006
          ],
          [
            18.7588086,
            50.3190513
          ],
          [
            18.7588025,
            50.31901620000001
          ],
          [
            18.7588269,
            50.31900059999999
          ],
          [
            18.7589154,
            50.31900060000001
          ],
          [
            18.7589338,
            50.31899189999999
          ],
          [
            18.7589383,
            50.3182093
          ],
          [
            18.7589008,
            50.3181924
          ],
          [
            18.7588061,
            50.3181938
          ],
          [
            18.7587929,
            50.3181755
          ],
          [
            18.7587951,
            50.31815439999999
          ],
          [
            18.7588039,
            50.31814700000001
          ],
          [
            18.7589162,
            50.31814419999999
          ],
          [
            18.7589388,
            50.318131799999996
          ],
          [
            18.758939000000005,
            50.31755549999999
          ],
          [
            18.7599983,
            50.317551299999984
          ],
          [
            18.7603992,
            50.3176681
          ],
          [
            18.7603948,
            50.31768910000001
          ],
          [
            18.7603485,
            50.31774119999999
          ],
          [
            18.7603507,
            50.3177595
          ],
          [
            18.7604058,
            50.317773499999994
          ],
          [
            18.7604256,
            50.3177665
          ],
          [
            18.7604763,
            50.3177032
          ],
          [
            18.7605049,
            50.31770179999999
          ],
          [
            18.7616545,
            50.3180323
          ],
          [
            18.7616633,
            50.318053400000004
          ],
          [
            18.7616237,
            50.3181124
          ],
          [
            18.7616281,
            50.31812790000001
          ],
          [
            18.7617008,
            50.318149
          ],
          [
            18.7617228,
            50.318142
          ],
          [
            18.7617713,
            50.3180717
          ],
          [
            18.7617977,
            50.31807309999999
          ],
          [
            18.7629297,
            50.31840629999999
          ],
          [
            18.7629451,
            50.31843030000001
          ],
          [
            18.7629099,
            50.3184865
          ],
          [
            18.7629165,
            50.318509
          ],
          [
            18.7629605,
            50.31851739999999
          ],
          [
            18.7629848,
            50.3184978
          ],
          [
            18.7630244,
            50.31844710000001
          ],
          [
            18.7630641,
            50.31844569999999
          ],
          [
            18.7639626,
            50.3187087
          ],
          [
            18.7639714,
            50.318726999999996
          ],
          [
            18.7639318,
            50.318788899999994
          ],
          [
            18.7639538,
            50.3188071
          ],
          [
            18.7639957,
            50.31881279999999
          ],
          [
            18.7640155,
            50.31879450000001
          ],
          [
            18.7640485,
            50.3187523
          ],
          [
            18.764086,
            50.31874950000001
          ],
          [
            18.7650616,
            50.3190364
          ],
          [
            18.7655572,
            50.3191629
          ],
          [
            18.7655704,
            50.31917700000001
          ],
          [
            18.7655153,
            50.3192374
          ],
          [
            18.7655528,
            50.31925849999999
          ],
          [
            18.7656034,
            50.3192571
          ],
          [
            18.765621,
            50.319219199999985
          ],
          [
            18.765656300000003,
            50.31919529999999
          ],
          [
            18.7658479,
            50.3192374
          ],
          [
            18.7672508,
            50.31959459999999
          ],
          [
            18.7672398,
            50.31962420000001
          ],
          [
            18.76722,
            50.31967759999999
          ],
          [
            18.767275,
            50.31970290000002
          ],
          [
            18.7672993,
            50.319686
          ],
          [
            18.767323500000003,
            50.31964239999999
          ],
          [
            18.7673543,
            50.319619899999985
          ],
          [
            18.768548,
            50.31995179999999
          ],
          [
            18.7690039,
            50.320054500000005
          ]
        ]
      }
    },
    {
      "type": "Feature",
      "properties": {
        "source": "OpenStreetMap",
        "source_id": "way/157408813",
        "domain": "district_heating",
        "asset_type": "lines",
        "confidence": "medium",
        "missing_fields": [],
        "limitations": [
          "OSM district-heating infrastructure completeness varies significantly by area and operator.",
          "The committed contract fixture is not a complete Rybnik 35 km heat-network, capacity, pressure or flow model.",
          "Generic industrial buildings, chimneys, power equipment and pipelines without explicit heating semantics are excluded.",
          "No qualified official analytical district-heating-network vector feed is enabled; an empty district_heating.lines layer remains an explicit source gap.",
          "KIUT district-heating WMS is visual reference-only imagery and does not replace analytical vector artifacts."
        ],
        "eligible_for_analysis": true,
        "osm_tags": {
          "man_made": "pipeline",
          "location": "overground",
          "bridge": "yes",
          "layer": "1",
          "substance": "hot_water"
        }
      },
      "geometry": {
        "type": "LineString",
        "coordinates": [
          [
            18.7456583,
            50.30421749999999
          ],
          [
            18.7457236,
            50.30429709999999
          ]
        ]
      }
    },
    {
      "type": "Feature",
      "properties": {
        "source": "OpenStreetMap",
        "source_id": "way/157408814",
        "domain": "district_heating",
        "asset_type": "lines",
        "confidence": "medium",
        "missing_fields": [],
        "limitations": [
          "OSM district-heating infrastructure completeness varies significantly by area and operator.",
          "The committed contract fixture is not a complete Rybnik 35 km heat-network, capacity, pressure or flow model.",
          "Generic industrial buildings, chimneys, power equipment and pipelines without explicit heating semantics are excluded.",
          "No qualified official analytical district-heating-network vector feed is enabled; an empty district_heating.lines layer remains an explicit source gap.",
          "KIUT district-heating WMS is visual reference-only imagery and does not replace analytical vector artifacts."
        ],
        "eligible_for_analysis": true,
        "osm_tags": {
          "man_made": "pipeline",
          "location": "overground",
          "substance": "hot_water"
        }
      },
      "geometry": {
        "type": "LineString",
        "coordinates": [
          [
            18.7453194,
            50.3038048
          ],
          [
            18.7456583,
            50.30421749999999
          ]
        ]
      }
    },
    {
      "type": "Feature",
      "properties": {
        "source": "OpenStreetMap",
        "source_id": "way/157408816",
        "domain": "district_heating",
        "asset_type": "lines",
        "confidence": "medium",
        "missing_fields": [],
        "limitations": [
          "OSM district-heating infrastructure completeness varies significantly by area and operator.",
          "The committed contract fixture is not a complete Rybnik 35 km heat-network, capacity, pressure or flow model.",
          "Generic industrial buildings, chimneys, power equipment and pipelines without explicit heating semantics are excluded.",
          "No qualified official analytical district-heating-network vector feed is enabled; an empty district_heating.lines layer remains an explicit source gap.",
          "KIUT district-heating WMS is visual reference-only imagery and does not replace analytical vector artifacts."
        ],
        "eligible_for_analysis": true,
        "osm_tags": {
          "man_made": "pipeline",
          "location": "overground",
          "substance": "hot_water"
        }
      },
      "geometry": {
        "type": "LineString",
        "coordinates": [
          [
            18.7457236,
            50.30429709999999
          ],
          [
            18.7459484,
            50.30457079999999
          ],
          [
            18.7458973,
            50.30458809999999
          ],
          [
            18.7461887,
            50.3049428
          ],
          [
            18.7461549,
            50.30495419999999
          ],
          [
            18.7461742,
            50.30497760000001
          ],
          [
            18.7462079,
            50.3049663
          ],
          [
            18.7464301,
            50.305236799999996
          ]
        ]
      }
    },
    {
      "type": "Feature",
      "properties": {
        "source": "OpenStreetMap",
        "source_id": "way/168628733",
        "domain": "district_heating",
        "asset_type": "lines",
        "confidence": "medium",
        "missing_fields": [],
        "limitations": [
          "OSM district-heating infrastructure completeness varies significantly by area and operator.",
          "The committed contract fixture is not a complete Rybnik 35 km heat-network, capacity, pressure or flow model.",
          "Generic industrial buildings, chimneys, power equipment and pipelines without explicit heating semantics are excluded.",
          "No qualified official analytical district-heating-network vector feed is enabled; an empty district_heating.lines layer remains an explicit source gap.",
          "KIUT district-heating WMS is visual reference-only imagery and does not replace analytical vector artifacts."
        ],
        "eligible_for_analysis": true,
        "osm_tags": {
          "man_made": "pipeline",
          "operator": "Elektrárna Dětmarovice",
          "location": "overground",
          "substance": "steam"
        }
      },
      "geometry": {
        "type": "LineString",
        "coordinates": [
          [
            18.4425487,
            49.80948849999999
          ],
          [
            18.4426415,
            49.8095368
          ],
          [
            18.4433781,
            49.808800199999986
          ],
          [
            18.4434049,
            49.80881599999999
          ],
          [
            18.4434281,
            49.80878920000001
          ],
          [
            18.4434,
            49.8087727
          ],
          [
            18.4439505,
            49.8082222
          ],
          [
            18.444191200000002,
            49.80834269999999
          ],
          [
            18.4443681,
            49.80817149999999
          ],
          [
            18.444486,
            49.8081991
          ],
          [
            18.4445718,
            49.808123
          ],
          [
            18.4446227,
            49.80814029999999
          ],
          [
            18.4447567,
            49.808014099999994
          ],
          [
            18.4448318,
            49.80803829999999
          ],
          [
            18.4448773,
            49.807991599999994
          ],
          [
            18.4447916,
            49.807956999999995
          ],
          [
            18.4450435,
            49.807419
          ],
          [
            18.4440116,
            49.806943399999994
          ],
          [
            18.4441322,
            49.8068344
          ],
          [
            18.4440518,
            49.806796299999995
          ],
          [
            18.4439232,
            49.8069018
          ],
          [
            18.4433174,
            49.806625100000005
          ],
          [
            18.4434261,
            49.8063311
          ],
          [
            18.4425497,
            49.806059499999996
          ],
          [
            18.4426194,
            49.8059869
          ],
          [
            18.4425041,
            49.80593850000001
          ],
          [
            18.4424264,
            49.80601459999999
          ],
          [
            18.441952,
            49.805845
          ],
          [
            18.4417161,
            49.805734300000005
          ],
          [
            18.4418073,
            49.80564779999999
          ],
          [
            18.4417403,
            49.80561670000001
          ],
          [
            18.4416438,
            49.8056946
          ],
          [
            18.440569,
            49.8051877
          ],
          [
            18.4401938,
            49.8049663
          ],
          [
            18.4402849,
            49.80489879999999
          ],
          [
            18.4402286,
            49.8048625
          ],
          [
            18.440116,
            49.804921300000004
          ],
          [
            18.4398534,
            49.8047622
          ],
          [
            18.4396095,
            49.8045563
          ],
          [
            18.4397006,
            49.8044941
          ],
          [
            18.4396497,
            49.8044612
          ],
          [
            18.4395478,
            49.8044941
          ],
          [
            18.4391538,
            49.804165399999995
          ],
          [
            18.4392262,
            49.80412909999999
          ],
          [
            18.4391485,
            49.804066799999994
          ],
          [
            18.439068,
            49.8040893
          ],
          [
            18.4386258,
            49.8037226
          ],
          [
            18.4387491,
            49.803648199999984
          ],
          [
            18.4386767,
            49.8036049
          ],
          [
            18.4385615,
            49.8036568
          ],
          [
            18.4379316,
            49.803132699999985
          ],
          [
            18.4380603,
            49.80306
          ],
          [
            18.4380093,
            49.8030168
          ],
          [
            18.4378646,
            49.8030756
          ],
          [
            18.4374894,
            49.80275209999999
          ],
          [
            18.437084700000003,
            49.8024234
          ],
          [
            18.4372187,
            49.80235249999999
          ],
          [
            18.4371517,
            49.80230059999999
          ],
          [
            18.437023,
            49.8023732
          ],
          [
            18.4364226,
            49.8018646
          ],
          [
            18.4365272,
            49.8018058
          ],
          [
            18.4364468,
            49.801743599999995
          ],
          [
            18.4363529,
            49.80179199999999
          ],
          [
            18.4362886,
            49.8017591
          ],
          [
            18.4360244,
            49.80155169999999
          ],
          [
            18.436123,
            49.801497899999994
          ],
          [
            18.4360813,
            49.8014538
          ],
          [
            18.4359789,
            49.8015028
          ],
          [
            18.4353914,
            49.8010428
          ],
          [
            18.4349593,
            49.80064649999999
          ],
          [
            18.4351261,
            49.80056329999999
          ],
          [
            18.4350465,
            49.800506999999996
          ],
          [
            18.4348948,
            49.800580399999994
          ],
          [
            18.4344514,
            49.8001988
          ],
          [
            18.434186,
            49.79989779999999
          ],
          [
            18.4343377,
            49.79982689999999
          ],
          [
            18.4342581,
            49.7997804
          ],
          [
            18.4341292,
            49.7998538
          ],
          [
            18.4333673,
            49.79937429999999
          ],
          [
            18.4324348,
            49.7986281
          ],
          [
            18.4325865,
            49.79854
          ],
          [
            18.4325031,
            49.79847389999999
          ],
          [
            18.4323552,
            49.79853750000001
          ],
          [
            18.4317863,
            49.79804949999999
          ],
          [
            18.4319291,
            49.79797700000001
          ],
          [
            18.431798400000005,
            49.79786109999999
          ],
          [
            18.4316441,
            49.79792559999999
          ],
          [
            18.4313167,
            49.7976518
          ],
          [
            18.4307898,
            49.7972114
          ],
          [
            18.4307888,
            49.79720189999999
          ],
          [
            18.4307978,
            49.7971918
          ],
          [
            18.4309158,
            49.79713249999999
          ],
          [
            18.4309225,
            49.79712249999999
          ],
          [
            18.430921,
            49.797113599999996
          ],
          [
            18.4308903,
            49.7970887
          ],
          [
            18.4308763,
            49.79708529999999
          ],
          [
            18.4308642,
            49.79708619999999
          ],
          [
            18.430737300000004,
            49.7971444
          ],
          [
            18.4307239,
            49.797146000000005
          ],
          [
            18.4307117,
            49.79714229999999
          ],
          [
            18.4307005,
            49.7971318
          ],
          [
            18.430213054793015,
            49.79671683735099
          ]
        ]
      }
    },
    {
      "type": "Feature",
      "properties": {
        "source": "OpenStreetMap",
        "source_id": "way/168632179",
        "domain": "district_heating",
        "asset_type": "lines",
        "confidence": "medium",
        "missing_fields": [],
        "limitations": [
          "OSM district-heating infrastructure completeness varies significantly by area and operator.",
          "The committed contract fixture is not a complete Rybnik 35 km heat-network, capacity, pressure or flow model.",
          "Generic industrial buildings, chimneys, power equipment and pipelines without explicit heating semantics are excluded.",
          "No qualified official analytical district-heating-network vector feed is enabled; an empty district_heating.lines layer remains an explicit source gap.",
          "KIUT district-heating WMS is visual reference-only imagery and does not replace analytical vector artifacts."
        ],
        "eligible_for_analysis": true,
        "osm_tags": {
          "man_made": "pipeline",
          "operator": "Elektrárna Dětmarovice",
          "location": "overground",
          "substance": "heat"
        }
      },
      "geometry": {
        "type": "LineString",
        "coordinates": [
          [
            18.4457725,
            49.806341399999994
          ],
          [
            18.4457109,
            49.8063535
          ]
        ]
      }
    },
    {
      "type": "Feature",
      "properties": {
        "source": "OpenStreetMap",
        "source_id": "way/168632180",
        "domain": "district_heating",
        "asset_type": "lines",
        "confidence": "medium",
        "missing_fields": [],
        "limitations": [
          "OSM district-heating infrastructure completeness varies significantly by area and operator.",
          "The committed contract fixture is not a complete Rybnik 35 km heat-network, capacity, pressure or flow model.",
          "Generic industrial buildings, chimneys, power equipment and pipelines without explicit heating semantics are excluded.",
          "No qualified official analytical district-heating-network vector feed is enabled; an empty district_heating.lines layer remains an explicit source gap.",
          "KIUT district-heating WMS is visual reference-only imagery and does not replace analytical vector artifacts."
        ],
        "eligible_for_analysis": true,
        "osm_tags": {
          "man_made": "pipeline",
          "operator": "Elektrárna Dětmarovice",
          "location": "overground",
          "substance": "heat"
        }
      },
      "geometry": {
        "type": "LineString",
        "coordinates": [
          [
            18.4455206,
            49.8062342
          ],
          [
            18.4456573,
            49.806261799999994
          ],
          [
            18.4456921,
            49.80622029999999
          ],
          [
            18.4457806,
            49.806232400000006
          ],
          [
            18.4457511,
            49.80628949999999
          ],
          [
            18.4457725,
            49.806341399999994
          ],
          [
            18.4460727,
            49.80627569999999
          ],
          [
            18.446054,
            49.8061892
          ],
          [
            18.4462952,
            49.8061286
          ],
          [
            18.4463461,
            49.80619610000001
          ],
          [
            18.4475844,
            49.805910700000005
          ],
          [
            18.4475629,
            49.8058121
          ],
          [
            18.4476943,
            49.80578959999999
          ],
          [
            18.4477452,
            49.8058813
          ],
          [
            18.4497554,
            49.8057602
          ],
          [
            18.4497634,
            49.8056633
          ],
          [
            18.449886700000004,
            49.8056547
          ],
          [
            18.4499162,
            49.8057464
          ],
          [
            18.4507873,
            49.8056927
          ],
          [
            18.4509803,
            49.8064313
          ],
          [
            18.4508221,
            49.806602600000005
          ],
          [
            18.4510775,
            49.80668120000001
          ],
          [
            18.4512122,
            49.806565199999994
          ],
          [
            18.4524303,
            49.806386100000005
          ],
          [
            18.4524673,
            49.80646970000001
          ],
          [
            18.4525625,
            49.80645609999999
          ],
          [
            18.452536,
            49.80637589999999
          ],
          [
            18.4534476,
            49.806225899999994
          ],
          [
            18.4544173,
            49.806145699999995
          ],
          [
            18.4544147,
            49.806077499999994
          ],
          [
            18.4545257,
            49.8060741
          ],
          [
            18.4545389,
            49.8061269
          ],
          [
            18.4570226,
            49.8058916
          ],
          [
            18.4570332,
            49.80596669999999
          ],
          [
            18.4571257,
            49.8059598
          ],
          [
            18.4571257,
            49.8059104
          ],
          [
            18.4581523,
            49.805806
          ],
          [
            18.4590379,
            49.8060255
          ],
          [
            18.459363,
            49.80544669999999
          ],
          [
            18.4608166,
            49.80530679999999
          ],
          [
            18.4608428,
            49.805398399999994
          ],
          [
            18.4609511,
            49.80539840000001
          ],
          [
            18.4609212,
            49.805318799999995
          ],
          [
            18.4621282,
            49.80518140000001
          ],
          [
            18.4630699,
            49.8051958
          ],
          [
            18.4630848,
            49.8052995
          ],
          [
            18.4631782,
            49.805321299999996
          ],
          [
            18.4632305,
            49.80524409999999
          ],
          [
            18.4649943,
            49.805957899999996
          ],
          [
            18.4651456,
            49.806095400000004
          ],
          [
            18.4655948,
            49.80678089999999
          ],
          [
            18.4653623,
            49.806844
          ],
          [
            18.4654231,
            49.8078296
          ],
          [
            18.4653438,
            49.80783300000001
          ],
          [
            18.4653412,
            49.80788929999999
          ],
          [
            18.4654495,
            49.8078944
          ],
          [
            18.4655182,
            49.80871629999999
          ],
          [
            18.4658934,
            49.808706099999995
          ],
          [
            18.4659471,
            49.80922989999999
          ],
          [
            18.4658487,
            49.8092356
          ],
          [
            18.4658462,
            49.8093024
          ],
          [
            18.4659595,
            49.80931669999998
          ],
          [
            18.4660113,
            49.809805100000005
          ],
          [
            18.466438200000002,
            49.8105694
          ],
          [
            18.4663126,
            49.810602799999984
          ],
          [
            18.4663471,
            49.810671199999994
          ],
          [
            18.46649,
            49.810642599999994
          ],
          [
            18.4674102,
            49.812241199999995
          ],
          [
            18.4672796,
            49.8122738
          ],
          [
            18.4673141,
            49.81233099999999
          ],
          [
            18.4674484,
            49.81230719999999
          ],
          [
            18.4685542,
            49.81421370000001
          ],
          [
            18.468474200000003,
            49.81423119999999
          ],
          [
            18.4685197,
            49.8142972
          ],
          [
            18.468601,
            49.8142781
          ],
          [
            18.4690686,
            49.8150566
          ],
          [
            18.4693194,
            49.8149846
          ],
          [
            18.4695372,
            49.815242
          ],
          [
            18.4702313,
            49.8157616
          ],
          [
            18.4703289,
            49.8157088
          ],
          [
            18.470402,
            49.815760499999996
          ],
          [
            18.4703097,
            49.815821199999995
          ],
          [
            18.4714039,
            49.816468600000015
          ],
          [
            18.473129700000005,
            49.817424800000005
          ],
          [
            18.4735514,
            49.8175438
          ],
          [
            18.4735871,
            49.817488899999994
          ],
          [
            18.4736622,
            49.8174929
          ],
          [
            18.4736869,
            49.8175239
          ],
          [
            18.4736585,
            49.817562900000006
          ],
          [
            18.4739135,
            49.817836299999996
          ],
          [
            18.4751368,
            49.818674800000004
          ],
          [
            18.4752896,
            49.81858979999999
          ],
          [
            18.4753549,
            49.818650199999986
          ],
          [
            18.475207,
            49.8187297
          ],
          [
            18.4754717,
            49.8189675
          ],
          [
            18.4767764,
            49.81957909999999
          ],
          [
            18.4766495,
            49.81969670000001
          ],
          [
            18.476737,
            49.819722999999996
          ],
          [
            18.4768084,
            49.8196459
          ],
          [
            18.478098,
            49.819891899999995
          ],
          [
            18.4782315,
            49.82123529999999
          ],
          [
            18.4781496,
            49.82124319999999
          ],
          [
            18.4781653,
            49.8213027
          ],
          [
            18.4782524,
            49.8213162
          ],
          [
            18.4783377,
            49.82220529999999
          ],
          [
            18.4782016,
            49.8225947
          ],
          [
            18.4783638,
            49.822615
          ],
          [
            18.478345,
            49.8226834
          ],
          [
            18.4781827,
            49.822663399999996
          ],
          [
            18.4780436,
            49.822992199999995
          ],
          [
            18.4776044,
            49.824287700000006
          ],
          [
            18.4778082,
            49.8245307
          ],
          [
            18.477966,
            49.8246627
          ],
          [
            18.4785268,
            49.825125299999996
          ],
          [
            18.4785253,
            49.8251486
          ],
          [
            18.4784224,
            49.8252096
          ],
          [
            18.478481400000003,
            49.82526199999999
          ],
          [
            18.4785917,
            49.8252041
          ],
          [
            18.4786219,
            49.82520610000001
          ],
          [
            18.4788346,
            49.8254072
          ],
          [
            18.4791593,
            49.825713400000005
          ],
          [
            18.4793882,
            49.8259379
          ]
        ]
      }
    },
    {
      "type": "Feature",
      "properties": {
        "source": "OpenStreetMap",
        "source_id": "way/168632181",
        "domain": "district_heating",
        "asset_type": "lines",
        "confidence": "medium",
        "missing_fields": [],
        "limitations": [
          "OSM district-heating infrastructure completeness varies significantly by area and operator.",
          "The committed contract fixture is not a complete Rybnik 35 km heat-network, capacity, pressure or flow model.",
          "Generic industrial buildings, chimneys, power equipment and pipelines without explicit heating semantics are excluded.",
          "No qualified official analytical district-heating-network vector feed is enabled; an empty district_heating.lines layer remains an explicit source gap.",
          "KIUT district-heating WMS is visual reference-only imagery and does not replace analytical vector artifacts."
        ],
        "eligible_for_analysis": true,
        "osm_tags": {
          "man_made": "pipeline",
          "operator": "Elektrárna Dětmarovice",
          "location": "overground",
          "substance": "heat"
        }
      },
      "geometry": {
        "type": "LineString",
        "coordinates": [
          [
            18.4445718,
            49.808123
          ],
          [
            18.444746,
            49.807946599999994
          ],
          [
            18.444925600000005,
            49.80755399999999
          ],
          [
            18.4448237,
            49.80751759999999
          ],
          [
            18.4448478,
            49.807450200000005
          ],
          [
            18.4449792,
            49.80746570000001
          ],
          [
            18.4450462,
            49.8073066
          ],
          [
            18.4452418,
            49.8068551
          ],
          [
            18.445148,
            49.80681539999999
          ],
          [
            18.4451668,
            49.806763499999995
          ],
          [
            18.445282,
            49.8067704
          ],
          [
            18.445445500000005,
            49.80639680000001
          ],
          [
            18.4455635,
            49.80640369999998
          ],
          [
            18.4455822,
            49.8063414
          ],
          [
            18.4454938,
            49.8063206
          ],
          [
            18.4455206,
            49.8062342
          ],
          [
            18.4456379,
            49.80598069999999
          ],
          [
            18.445743,
            49.8057533
          ],
          [
            18.4460004,
            49.805476500000005
          ],
          [
            18.446096800000003,
            49.80550939999999
          ],
          [
            18.4461424,
            49.8054627
          ],
          [
            18.446054,
            49.80541939999999
          ],
          [
            18.4462952,
            49.805161699999985
          ],
          [
            18.446397,
            49.8048399
          ],
          [
            18.4462845,
            49.80481919999999
          ],
          [
            18.4462952,
            49.80475860000001
          ],
          [
            18.4464185,
            49.8047638
          ],
          [
            18.4466356,
            49.80396809999999
          ],
          [
            18.4465525,
            49.80395250000001
          ],
          [
            18.4465739,
            49.8039006
          ],
          [
            18.4466731,
            49.803902400000005
          ],
          [
            18.4467857,
            49.8035875
          ],
          [
            18.4470912,
            49.80337300000001
          ],
          [
            18.4471636,
            49.80340759999999
          ],
          [
            18.4472306,
            49.8033678
          ],
          [
            18.4471609,
            49.80331079999999
          ],
          [
            18.4475495,
            49.8030184
          ],
          [
            18.4474638,
            49.8029665
          ],
          [
            18.4475281,
            49.8029042
          ],
          [
            18.4476326,
            49.80294749999999
          ],
          [
            18.4484126,
            49.802374900000004
          ]
        ]
      }
    },
    {
      "type": "Feature",
      "properties": {
        "source": "OpenStreetMap",
        "source_id": "way/173080519",
        "domain": "district_heating",
        "asset_type": "lines",
        "confidence": "medium",
        "missing_fields": [],
        "limitations": [
          "OSM district-heating infrastructure completeness varies significantly by area and operator.",
          "The committed contract fixture is not a complete Rybnik 35 km heat-network, capacity, pressure or flow model.",
          "Generic industrial buildings, chimneys, power equipment and pipelines without explicit heating semantics are excluded.",
          "No qualified official analytical district-heating-network vector feed is enabled; an empty district_heating.lines layer remains an explicit source gap.",
          "KIUT district-heating WMS is visual reference-only imagery and does not replace analytical vector artifacts."
        ],
        "eligible_for_analysis": true,
        "osm_tags": {
          "man_made": "pipeline",
          "location": "overground",
          "substance": "heat"
        }
      },
      "geometry": {
        "type": "LineString",
        "coordinates": [
          [
            18.8455307,
            50.3438814
          ],
          [
            18.8453973,
            50.3438582
          ]
        ]
      }
    },
    {
      "type": "Feature",
      "properties": {
        "source": "OpenStreetMap",
        "source_id": "way/194741818",
        "domain": "district_heating",
        "asset_type": "lines",
        "confidence": "medium",
        "missing_fields": [],
        "limitations": [
          "OSM district-heating infrastructure completeness varies significantly by area and operator.",
          "The committed contract fixture is not a complete Rybnik 35 km heat-network, capacity, pressure or flow model.",
          "Generic industrial buildings, chimneys, power equipment and pipelines without explicit heating semantics are excluded.",
          "No qualified official analytical district-heating-network vector feed is enabled; an empty district_heating.lines layer remains an explicit source gap.",
          "KIUT district-heating WMS is visual reference-only imagery and does not replace analytical vector artifacts."
        ],
        "eligible_for_analysis": true,
        "osm_tags": {
          "man_made": "pipeline",
          "location": "overground",
          "substance": "hot_water"
        }
      },
      "geometry": {
        "type": "LineString",
        "coordinates": [
          [
            18.9331337,
            50.279503099999985
          ],
          [
            18.934303,
            50.2791949
          ],
          [
            18.9354826,
            50.27897469999999
          ],
          [
            18.9362493,
            50.278831499999995
          ],
          [
            18.9362634,
            50.27879620000001
          ],
          [
            18.9361335,
            50.2785117
          ],
          [
            18.9361502,
            50.2784813
          ],
          [
            18.9364783,
            50.27842789999999
          ],
          [
            18.9365066,
            50.2784008
          ],
          [
            18.9359306,
            50.27718
          ]
        ]
      }
    },
    {
      "type": "Feature",
      "properties": {
        "source": "OpenStreetMap",
        "source_id": "way/198488150",
        "domain": "district_heating",
        "asset_type": "lines",
        "confidence": "medium",
        "missing_fields": [],
        "limitations": [
          "OSM district-heating infrastructure completeness varies significantly by area and operator.",
          "The committed contract fixture is not a complete Rybnik 35 km heat-network, capacity, pressure or flow model.",
          "Generic industrial buildings, chimneys, power equipment and pipelines without explicit heating semantics are excluded.",
          "No qualified official analytical district-heating-network vector feed is enabled; an empty district_heating.lines layer remains an explicit source gap.",
          "KIUT district-heating WMS is visual reference-only imagery and does not replace analytical vector artifacts."
        ],
        "eligible_for_analysis": true,
        "osm_tags": {
          "man_made": "pipeline",
          "location": "overground",
          "substance": "hot_water"
        }
      },
      "geometry": {
        "type": "LineString",
        "coordinates": [
          [
            18.825377,
            50.34128230000001
          ],
          [
            18.8253141,
            50.34107629999999
          ],
          [
            18.8247383,
            50.3411399
          ],
          [
            18.8245659,
            50.340460199999995
          ],
          [
            18.8246401,
            50.340454799999996
          ],
          [
            18.8244231,
            50.339561599999996
          ],
          [
            18.8243231,
            50.33957439999999
          ],
          [
            18.8239375,
            50.33889259999999
          ],
          [
            18.8237805,
            50.338588200000004
          ],
          [
            18.8243317,
            50.33823279999999
          ],
          [
            18.824383100000002,
            50.33826189999999
          ],
          [
            18.8244373,
            50.338226399999996
          ],
          [
            18.8243988,
            50.3381981
          ],
          [
            18.8250028,
            50.33781349999999
          ],
          [
            18.8250614,
            50.337851799999996
          ],
          [
            18.825095600000004,
            50.3378263
          ],
          [
            18.8250471,
            50.33779530000001
          ],
          [
            18.8254415,
            50.3375594
          ],
          [
            18.8253712,
            50.3374079
          ],
          [
            18.8255883,
            50.33725209999999
          ],
          [
            18.8256768,
            50.33715459999999
          ],
          [
            18.8258668,
            50.337024199999995
          ],
          [
            18.8261267,
            50.33712629999999
          ],
          [
            18.8267521,
            50.33709349999999
          ],
          [
            18.8267678,
            50.3371482
          ],
          [
            18.8268635,
            50.337140899999994
          ],
          [
            18.8268592,
            50.33708529999999
          ],
          [
            18.8274133,
            50.3370534
          ],
          [
            18.828013,
            50.33668419999998
          ],
          [
            18.8280701,
            50.336719800000004
          ],
          [
            18.8281444,
            50.33666970000001
          ],
          [
            18.8280859,
            50.3366259
          ],
          [
            18.8286542,
            50.336273199999994
          ],
          [
            18.8287127,
            50.33630780000001
          ],
          [
            18.8287656,
            50.3362723
          ],
          [
            18.8287113,
            50.336233099999994
          ],
          [
            18.8292497,
            50.335904000000006
          ],
          [
            18.8289998,
            50.3357555
          ],
          [
            18.828867000000002,
            50.3355549
          ],
          [
            18.8287999,
            50.335567700000006
          ],
          [
            18.8287756,
            50.33551849999999
          ],
          [
            18.8288413,
            50.335502999999996
          ],
          [
            18.8286419,
            50.33520499999999
          ],
          [
            18.8288865,
            50.3351765
          ],
          [
            18.828874,
            50.335098599999995
          ],
          [
            18.8289063,
            50.3348316
          ],
          [
            18.8289783,
            50.33461160000001
          ],
          [
            18.8290457,
            50.334618999999996
          ],
          [
            18.8290594,
            50.3345758
          ],
          [
            18.828993,
            50.33456579999999
          ],
          [
            18.829091,
            50.33423869999999
          ],
          [
            18.829147400000004,
            50.3340562
          ],
          [
            18.8292367,
            50.33375189999999
          ],
          [
            18.8294615,
            50.333829299999984
          ],
          [
            18.8301272,
            50.334052500000006
          ],
          [
            18.8301272,
            50.3340687
          ],
          [
            18.8301942,
            50.334088
          ],
          [
            18.8302264,
            50.334087099999984
          ],
          [
            18.8307314,
            50.3342541
          ],
          [
            18.830787,
            50.3342725
          ],
          [
            18.8308138,
            50.3342391
          ],
          [
            18.8308863,
            50.33423909999999
          ],
          [
            18.8309278,
            50.334233499999996
          ],
          [
            18.8309687,
            50.3342318
          ],
          [
            18.8311484,
            50.33428150000001
          ],
          [
            18.8312403,
            50.3342947
          ],
          [
            18.8317586,
            50.334290900000006
          ],
          [
            18.8322254,
            50.33429559999999
          ],
          [
            18.8322629,
            50.33429559999999
          ],
          [
            18.8323313,
            50.334266
          ],
          [
            18.8324258,
            50.3340589
          ],
          [
            18.8325117,
            50.3337597
          ],
          [
            18.8325774,
            50.3335902
          ],
          [
            18.8326518,
            50.33342330000001
          ],
          [
            18.8326961,
            50.333335500000004
          ],
          [
            18.8327933,
            50.3330132
          ],
          [
            18.8328268,
            50.332854000000005
          ],
          [
            18.8328946,
            50.33264340000001
          ],
          [
            18.8329301,
            50.33251370000001
          ],
          [
            18.8328798,
            50.33247300000001
          ],
          [
            18.8324372,
            50.3323241
          ],
          [
            18.8324795,
            50.332176
          ],
          [
            18.8324433,
            50.33217259999999
          ],
          [
            18.832482800000005,
            50.33205490000001
          ],
          [
            18.832636400000002,
            50.3320784
          ]
        ]
      }
    },
    {
      "type": "Feature",
      "properties": {
        "source": "OpenStreetMap",
        "source_id": "way/209544656",
        "domain": "district_heating",
        "asset_type": "lines",
        "confidence": "medium",
        "missing_fields": [],
        "limitations": [
          "OSM district-heating infrastructure completeness varies significantly by area and operator.",
          "The committed contract fixture is not a complete Rybnik 35 km heat-network, capacity, pressure or flow model.",
          "Generic industrial buildings, chimneys, power equipment and pipelines without explicit heating semantics are excluded.",
          "No qualified official analytical district-heating-network vector feed is enabled; an empty district_heating.lines layer remains an explicit source gap.",
          "KIUT district-heating WMS is visual reference-only imagery and does not replace analytical vector artifacts."
        ],
        "eligible_for_analysis": true,
        "osm_tags": {
          "man_made": "pipeline",
          "location": "overground",
          "bridge": "yes",
          "layer": "1",
          "substance": "heat"
        }
      },
      "geometry": {
        "type": "LineString",
        "coordinates": [
          [
            18.8445698,
            50.3437547
          ],
          [
            18.843953,
            50.3438685
          ]
        ]
      }
    },
    {
      "type": "Feature",
      "properties": {
        "source": "OpenStreetMap",
        "source_id": "way/209544659",
        "domain": "district_heating",
        "asset_type": "lines",
        "confidence": "medium",
        "missing_fields": [],
        "limitations": [
          "OSM district-heating infrastructure completeness varies significantly by area and operator.",
          "The committed contract fixture is not a complete Rybnik 35 km heat-network, capacity, pressure or flow model.",
          "Generic industrial buildings, chimneys, power equipment and pipelines without explicit heating semantics are excluded.",
          "No qualified official analytical district-heating-network vector feed is enabled; an empty district_heating.lines layer remains an explicit source gap.",
          "KIUT district-heating WMS is visual reference-only imagery and does not replace analytical vector artifacts."
        ],
        "eligible_for_analysis": true,
        "osm_tags": {
          "man_made": "pipeline",
          "location": "overground",
          "tunnel": "yes",
          "layer": "-1",
          "substance": "heat"
        }
      },
      "geometry": {
        "type": "LineString",
        "coordinates": [
          [
            18.8453973,
            50.3438582
          ],
          [
            18.8447856,
            50.343749100000004
          ]
        ]
      }
    },
    {
      "type": "Feature",
      "properties": {
        "source": "OpenStreetMap",
        "source_id": "way/209544672",
        "domain": "district_heating",
        "asset_type": "lines",
        "confidence": "medium",
        "missing_fields": [],
        "limitations": [
          "OSM district-heating infrastructure completeness varies significantly by area and operator.",
          "The committed contract fixture is not a complete Rybnik 35 km heat-network, capacity, pressure or flow model.",
          "Generic industrial buildings, chimneys, power equipment and pipelines without explicit heating semantics are excluded.",
          "No qualified official analytical district-heating-network vector feed is enabled; an empty district_heating.lines layer remains an explicit source gap.",
          "KIUT district-heating WMS is visual reference-only imagery and does not replace analytical vector artifacts."
        ],
        "eligible_for_analysis": true,
        "osm_tags": {
          "man_made": "pipeline",
          "location": "overground",
          "substance": "heat"
        }
      },
      "geometry": {
        "type": "LineString",
        "coordinates": [
          [
            18.8447856,
            50.343749100000004
          ],
          [
            18.8446851,
            50.3437278
          ],
          [
            18.8445698,
            50.3437547
          ]
        ]
      }
    },
    {
      "type": "Feature",
      "properties": {
        "source": "OpenStreetMap",
        "source_id": "way/215800393",
        "domain": "district_heating",
        "asset_type": "lines",
        "confidence": "medium",
        "missing_fields": [],
        "limitations": [
          "OSM district-heating infrastructure completeness varies significantly by area and operator.",
          "The committed contract fixture is not a complete Rybnik 35 km heat-network, capacity, pressure or flow model.",
          "Generic industrial buildings, chimneys, power equipment and pipelines without explicit heating semantics are excluded.",
          "No qualified official analytical district-heating-network vector feed is enabled; an empty district_heating.lines layer remains an explicit source gap.",
          "KIUT district-heating WMS is visual reference-only imagery and does not replace analytical vector artifacts."
        ],
        "eligible_for_analysis": true,
        "osm_tags": {
          "man_made": "pipeline",
          "location": "overground",
          "substance": "hot_water"
        }
      },
      "geometry": {
        "type": "LineString",
        "coordinates": [
          [
            18.8711286,
            50.31447719999999
          ],
          [
            18.8710143,
            50.314397299999996
          ]
        ]
      }
    },
    {
      "type": "Feature",
      "properties": {
        "source": "OpenStreetMap",
        "source_id": "way/218599809",
        "domain": "district_heating",
        "asset_type": "lines",
        "confidence": "medium",
        "missing_fields": [],
        "limitations": [
          "OSM district-heating infrastructure completeness varies significantly by area and operator.",
          "The committed contract fixture is not a complete Rybnik 35 km heat-network, capacity, pressure or flow model.",
          "Generic industrial buildings, chimneys, power equipment and pipelines without explicit heating semantics are excluded.",
          "No qualified official analytical district-heating-network vector feed is enabled; an empty district_heating.lines layer remains an explicit source gap.",
          "KIUT district-heating WMS is visual reference-only imagery and does not replace analytical vector artifacts."
        ],
        "eligible_for_analysis": true,
        "osm_tags": {
          "man_made": "pipeline",
          "location": "overground",
          "source": "uhul:ortofoto;cuzk:kn",
          "substance": "heat"
        }
      },
      "geometry": {
        "type": "LineString",
        "coordinates": [
          [
            18.4502342,
            49.800876999999986
          ],
          [
            18.4502712,
            49.80071480000001
          ],
          [
            18.4498807,
            49.800423099999996
          ],
          [
            18.449875,
            49.80039539999999
          ],
          [
            18.4499149,
            49.8003739
          ],
          [
            18.4499265,
            49.80035389999999
          ],
          [
            18.4498678,
            49.80032429999999
          ],
          [
            18.4498349,
            49.8003308
          ],
          [
            18.4497863,
            49.8003622
          ],
          [
            18.4497606,
            49.800352999999994
          ],
          [
            18.4489611,
            49.79976860000001
          ],
          [
            18.4489229,
            49.79975379999999
          ],
          [
            18.4488505,
            49.79978319999999
          ],
          [
            18.4488202,
            49.799799099999994
          ],
          [
            18.4487746,
            49.79977589999999
          ],
          [
            18.448762300000002,
            49.7997411
          ],
          [
            18.448823,
            49.7997
          ],
          [
            18.448823,
            49.7996815
          ],
          [
            18.4483904,
            49.7993956
          ],
          [
            18.4483103,
            49.79899499999999
          ],
          [
            18.4483232,
            49.7989784
          ],
          [
            18.448389,
            49.798970999999995
          ],
          [
            18.448409,
            49.79894980000001
          ],
          [
            18.4484004,
            49.7989156
          ],
          [
            18.4483747,
            49.7989064
          ],
          [
            18.4482846,
            49.79892019999999
          ],
          [
            18.4482696,
            49.7989099
          ],
          [
            18.4480825,
            49.79811659999999
          ],
          [
            18.448092,
            49.7980934
          ],
          [
            18.4481966,
            49.7980699
          ],
          [
            18.4481875,
            49.79801559999999
          ],
          [
            18.4481597,
            49.7980108
          ],
          [
            18.448089900000003,
            49.7980196
          ],
          [
            18.4480583,
            49.79801380000001
          ],
          [
            18.4478959,
            49.7973252
          ],
          [
            18.4478884,
            49.7972934
          ],
          [
            18.4480052,
            49.7972819
          ],
          [
            18.4479886,
            49.79721169999999
          ],
          [
            18.447871800000005,
            49.7972232
          ],
          [
            18.4478638,
            49.79718909999998
          ],
          [
            18.4477583,
            49.796741700000005
          ],
          [
            18.4474749,
            49.79662419999999
          ],
          [
            18.4475245,
            49.7965744
          ],
          [
            18.447418300000002,
            49.7965303
          ],
          [
            18.4473688,
            49.7965802
          ],
          [
            18.4466201,
            49.79629330000001
          ],
          [
            18.4466725,
            49.796243600000004
          ],
          [
            18.4465549,
            49.796191799999995
          ],
          [
            18.4465024,
            49.79624139999999
          ],
          [
            18.4458108,
            49.795976999999986
          ],
          [
            18.44639,
            49.7952926
          ],
          [
            18.446385,
            49.79525799999999
          ],
          [
            18.4449649,
            49.794704499999995
          ],
          [
            18.4448649,
            49.7947626
          ],
          [
            18.4447865,
            49.79473159999999
          ],
          [
            18.4448336,
            49.7946517
          ],
          [
            18.44442421082877,
            49.794485727122535
          ]
        ]
      }
    },
    {
      "type": "Feature",
      "properties": {
        "source": "OpenStreetMap",
        "source_id": "way/231824375",
        "domain": "district_heating",
        "asset_type": "lines",
        "confidence": "medium",
        "missing_fields": [],
        "limitations": [
          "OSM district-heating infrastructure completeness varies significantly by area and operator.",
          "The committed contract fixture is not a complete Rybnik 35 km heat-network, capacity, pressure or flow model.",
          "Generic industrial buildings, chimneys, power equipment and pipelines without explicit heating semantics are excluded.",
          "No qualified official analytical district-heating-network vector feed is enabled; an empty district_heating.lines layer remains an explicit source gap.",
          "KIUT district-heating WMS is visual reference-only imagery and does not replace analytical vector artifacts."
        ],
        "eligible_for_analysis": true,
        "osm_tags": {
          "man_made": "pipeline",
          "operator": "ČEZ, a.s.",
          "location": "overground",
          "source": "ortofoto",
          "substance": "heat"
        }
      },
      "geometry": {
        "type": "LineString",
        "coordinates": [
          [
            18.4356028,
            49.878910399999995
          ],
          [
            18.4360508,
            49.8789304
          ],
          [
            18.4362946,
            49.8792442
          ],
          [
            18.436238800000005,
            49.8792604
          ],
          [
            18.4362692,
            49.8793029
          ],
          [
            18.436325700000005,
            49.87928430000001
          ],
          [
            18.4366625,
            49.8796963
          ],
          [
            18.4366055,
            49.8797151
          ],
          [
            18.4366248,
            49.87975140000001
          ],
          [
            18.4366865,
            49.8797376
          ],
          [
            18.4370138,
            49.8802321
          ],
          [
            18.436952,
            49.8802492
          ],
          [
            18.4369735,
            49.88028719999999
          ],
          [
            18.4370378,
            49.88027509999999
          ],
          [
            18.4372014,
            49.8805084
          ],
          [
            18.4374054,
            49.8809079
          ],
          [
            18.4373463,
            49.880916299999996
          ],
          [
            18.4373597,
            49.8809543
          ],
          [
            18.4374215,
            49.880945999999994
          ],
          [
            18.4375796,
            49.88127929999999
          ],
          [
            18.4375582,
            49.881598999999994
          ],
          [
            18.4374911,
            49.88159379999998
          ],
          [
            18.4374831,
            49.8816336
          ],
          [
            18.4375583,
            49.881639
          ],
          [
            18.4375287,
            49.8818237
          ],
          [
            18.4372095,
            49.88213129999999
          ],
          [
            18.4371585,
            49.88210709999999
          ],
          [
            18.4371263,
            49.88214
          ],
          [
            18.4371746,
            49.88216589999999
          ],
          [
            18.4369764,
            49.88234609999999
          ],
          [
            18.4366405,
            49.882769
          ],
          [
            18.4365743,
            49.882746000000004
          ],
          [
            18.436535,
            49.882790099999994
          ],
          [
            18.4366033,
            49.8828111
          ],
          [
            18.4364012,
            49.8830987
          ],
          [
            18.4357611,
            49.88313000000001
          ]
        ]
      }
    },
    {
      "type": "Feature",
      "properties": {
        "source": "OpenStreetMap",
        "source_id": "way/245993608",
        "domain": "district_heating",
        "asset_type": "lines",
        "confidence": "medium",
        "missing_fields": [],
        "limitations": [
          "OSM district-heating infrastructure completeness varies significantly by area and operator.",
          "The committed contract fixture is not a complete Rybnik 35 km heat-network, capacity, pressure or flow model.",
          "Generic industrial buildings, chimneys, power equipment and pipelines without explicit heating semantics are excluded.",
          "No qualified official analytical district-heating-network vector feed is enabled; an empty district_heating.lines layer remains an explicit source gap.",
          "KIUT district-heating WMS is visual reference-only imagery and does not replace analytical vector artifacts."
        ],
        "eligible_for_analysis": true,
        "osm_tags": {
          "man_made": "pipeline",
          "operator": "Elektrárna Dětmarovice",
          "location": "underground",
          "layer": "-1",
          "substance": "heat"
        }
      },
      "geometry": {
        "type": "LineString",
        "coordinates": [
          [
            18.5012024,
            49.8375334
          ],
          [
            18.5014463,
            49.8377156
          ]
        ]
      }
    },
    {
      "type": "Feature",
      "properties": {
        "source": "OpenStreetMap",
        "source_id": "way/245993612",
        "domain": "district_heating",
        "asset_type": "lines",
        "confidence": "medium",
        "missing_fields": [],
        "limitations": [
          "OSM district-heating infrastructure completeness varies significantly by area and operator.",
          "The committed contract fixture is not a complete Rybnik 35 km heat-network, capacity, pressure or flow model.",
          "Generic industrial buildings, chimneys, power equipment and pipelines without explicit heating semantics are excluded.",
          "No qualified official analytical district-heating-network vector feed is enabled; an empty district_heating.lines layer remains an explicit source gap.",
          "KIUT district-heating WMS is visual reference-only imagery and does not replace analytical vector artifacts."
        ],
        "eligible_for_analysis": true,
        "osm_tags": {
          "man_made": "pipeline",
          "operator": "Elektrárna Dětmarovice",
          "location": "overground",
          "substance": "heat"
        }
      },
      "geometry": {
        "type": "LineString",
        "coordinates": [
          [
            18.5014463,
            49.8377156
          ],
          [
            18.5019527,
            49.8383123
          ],
          [
            18.501992,
            49.83832550000001
          ],
          [
            18.5021234,
            49.8382804
          ],
          [
            18.5021627,
            49.83827930000002
          ],
          [
            18.50219,
            49.838304599999994
          ],
          [
            18.5021883,
            49.8383321
          ],
          [
            18.5020483,
            49.838386099999994
          ],
          [
            18.5020483,
            49.8384125
          ],
          [
            18.5028124,
            49.839195199999985
          ],
          [
            18.5029756,
            49.8393623
          ],
          [
            18.5029602,
            49.839387599999995
          ],
          [
            18.5027758,
            49.839456999999996
          ],
          [
            18.5027758,
            49.83947349999998
          ],
          [
            18.5036687,
            49.840341099999996
          ],
          [
            18.5036619,
            49.8403664
          ],
          [
            18.5036008,
            49.84038869999999
          ],
          [
            18.503556,
            49.84040499999999
          ],
          [
            18.5035475,
            49.84042919999999
          ],
          [
            18.5035714,
            49.8404567
          ],
          [
            18.5036038,
            49.84045559999999
          ],
          [
            18.5037045,
            49.8404281
          ],
          [
            18.5037455,
            49.840432499999984
          ],
          [
            18.504452700000005,
            49.8414347
          ],
          [
            18.5045551,
            49.84157979999999
          ],
          [
            18.504151200000003,
            49.8417146
          ],
          [
            18.5033746,
            49.84197389999999
          ],
          [
            18.5026961,
            49.8422004
          ],
          [
            18.5028958,
            49.84250730000001
          ],
          [
            18.502541,
            49.84266449999999
          ],
          [
            18.5022553,
            49.8427759
          ],
          [
            18.5019495,
            49.84287719999999
          ],
          [
            18.5011642,
            49.8423664
          ],
          [
            18.5007135,
            49.84216159999999
          ],
          [
            18.4998462,
            49.84287059999998
          ],
          [
            18.4985898,
            49.843343999999995
          ],
          [
            18.4981459,
            49.843308799999996
          ],
          [
            18.498163,
            49.843187699999994
          ],
          [
            18.4979308,
            49.84317659999999
          ],
          [
            18.4978967,
            49.8432867
          ],
          [
            18.4965685,
            49.8436456
          ]
        ]
      }
    },
    {
      "type": "Feature",
      "properties": {
        "source": "OpenStreetMap",
        "source_id": "way/263678894",
        "domain": "district_heating",
        "asset_type": "lines",
        "confidence": "medium",
        "missing_fields": [],
        "limitations": [
          "OSM district-heating infrastructure completeness varies significantly by area and operator.",
          "The committed contract fixture is not a complete Rybnik 35 km heat-network, capacity, pressure or flow model.",
          "Generic industrial buildings, chimneys, power equipment and pipelines without explicit heating semantics are excluded.",
          "No qualified official analytical district-heating-network vector feed is enabled; an empty district_heating.lines layer remains an explicit source gap.",
          "KIUT district-heating WMS is visual reference-only imagery and does not replace analytical vector artifacts."
        ],
        "eligible_for_analysis": true,
        "osm_tags": {
          "man_made": "pipeline",
          "location": "overground",
          "substance": "hot_water"
        }
      },
      "geometry": {
        "type": "LineString",
        "coordinates": [
          [
            18.7036983,
            50.289897
          ],
          [
            18.703695,
            50.289981799999985
          ],
          [
            18.7037218,
            50.2900023
          ],
          [
            18.7045283,
            50.290035800000005
          ],
          [
            18.7045573,
            50.29005190000001
          ],
          [
            18.7045569,
            50.2901013
          ],
          [
            18.7045859,
            50.2901137
          ],
          [
            18.704807,
            50.290119
          ],
          [
            18.7048321,
            50.290102599999976
          ],
          [
            18.7048373,
            50.290064199999996
          ],
          [
            18.7048671,
            50.29005219999999
          ],
          [
            18.705478100000004,
            50.290073099999994
          ],
          [
            18.7058665,
            50.29008639999999
          ],
          [
            18.7058574,
            50.29015809999999
          ],
          [
            18.7061257,
            50.29017220000001
          ],
          [
            18.7061343,
            50.2901046
          ],
          [
            18.7115771,
            50.29037749999999
          ]
        ]
      }
    },
    {
      "type": "Feature",
      "properties": {
        "source": "OpenStreetMap",
        "source_id": "way/263678895",
        "domain": "district_heating",
        "asset_type": "lines",
        "confidence": "medium",
        "missing_fields": [],
        "limitations": [
          "OSM district-heating infrastructure completeness varies significantly by area and operator.",
          "The committed contract fixture is not a complete Rybnik 35 km heat-network, capacity, pressure or flow model.",
          "Generic industrial buildings, chimneys, power equipment and pipelines without explicit heating semantics are excluded.",
          "No qualified official analytical district-heating-network vector feed is enabled; an empty district_heating.lines layer remains an explicit source gap.",
          "KIUT district-heating WMS is visual reference-only imagery and does not replace analytical vector artifacts."
        ],
        "eligible_for_analysis": true,
        "osm_tags": {
          "man_made": "pipeline",
          "location": "overground",
          "substance": "heat"
        }
      },
      "geometry": {
        "type": "LineString",
        "coordinates": [
          [
            18.7156279,
            50.298029400000004
          ],
          [
            18.7159254,
            50.297926700000005
          ],
          [
            18.7162599,
            50.2973566
          ],
          [
            18.71625,
            50.29723589999999
          ],
          [
            18.7162187,
            50.2970697
          ],
          [
            18.7162256,
            50.29694319999999
          ],
          [
            18.7161954,
            50.296328399999986
          ],
          [
            18.7163664,
            50.296327399999996
          ],
          [
            18.7164148,
            50.2955163
          ],
          [
            18.716383,
            50.29539450000001
          ],
          [
            18.716308000000005,
            50.295159799999986
          ],
          [
            18.716007,
            50.295075
          ],
          [
            18.7160289,
            50.2950417
          ],
          [
            18.7159775,
            50.29502759999999
          ],
          [
            18.7159533,
            50.2950591
          ],
          [
            18.7155537,
            50.29494319999999
          ],
          [
            18.7154866,
            50.2946054
          ],
          [
            18.7154299,
            50.2946059
          ],
          [
            18.7154279,
            50.29456819999999
          ],
          [
            18.7154785,
            50.2945646
          ],
          [
            18.7153411,
            50.29388110000001
          ],
          [
            18.7152844,
            50.293884500000004
          ],
          [
            18.7152768,
            50.293846800000004
          ],
          [
            18.7153328,
            50.29384189999999
          ],
          [
            18.7151981,
            50.293170499999995
          ],
          [
            18.7151429,
            50.293174799999996
          ],
          [
            18.7151338,
            50.293137599999994
          ],
          [
            18.7151943,
            50.293133799999985
          ],
          [
            18.7151036,
            50.292676699999994
          ],
          [
            18.714708,
            50.292336
          ],
          [
            18.7146573,
            50.2923556
          ],
          [
            18.7146229,
            50.2923279
          ],
          [
            18.7146682,
            50.292301800000004
          ],
          [
            18.713408100000002,
            50.291212200000004
          ],
          [
            18.7124179,
            50.2903639
          ],
          [
            18.7115771,
            50.29037749999999
          ]
        ]
      }
    },
    {
      "type": "Feature",
      "properties": {
        "source": "OpenStreetMap",
        "source_id": "way/263950876",
        "domain": "district_heating",
        "asset_type": "lines",
        "confidence": "medium",
        "missing_fields": [],
        "limitations": [
          "OSM district-heating infrastructure completeness varies significantly by area and operator.",
          "The committed contract fixture is not a complete Rybnik 35 km heat-network, capacity, pressure or flow model.",
          "Generic industrial buildings, chimneys, power equipment and pipelines without explicit heating semantics are excluded.",
          "No qualified official analytical district-heating-network vector feed is enabled; an empty district_heating.lines layer remains an explicit source gap.",
          "KIUT district-heating WMS is visual reference-only imagery and does not replace analytical vector artifacts."
        ],
        "eligible_for_analysis": true,
        "osm_tags": {
          "man_made": "pipeline",
          "location": "overground",
          "source": "geoportal.gov.pl:ortofoto",
          "substance": "hot_water"
        }
      },
      "geometry": {
        "type": "LineString",
        "coordinates": [
          [
            18.7073041,
            50.281044
          ],
          [
            18.707354,
            50.28063829999999
          ],
          [
            18.7072953,
            50.280638
          ],
          [
            18.7072969,
            50.280586799999995
          ],
          [
            18.707365,
            50.28058709999999
          ],
          [
            18.7074866,
            50.27973969999999
          ],
          [
            18.7074236,
            50.27973639999999
          ],
          [
            18.7074281,
            50.2796829
          ],
          [
            18.707493300000003,
            50.27968569999999
          ],
          [
            18.7076149,
            50.27885409999999
          ],
          [
            18.7075505,
            50.27885129999999
          ],
          [
            18.7075534,
            50.278802500000005
          ],
          [
            18.7076201,
            50.278802
          ],
          [
            18.7077162,
            50.278134
          ],
          [
            18.7076565,
            50.278127999999995
          ],
          [
            18.7076617,
            50.27807910000001
          ],
          [
            18.7077225,
            50.27808039999999
          ],
          [
            18.7077678,
            50.2777346
          ]
        ]
      }
    },
    {
      "type": "Feature",
      "properties": {
        "source": "OpenStreetMap",
        "source_id": "way/266783897",
        "domain": "district_heating",
        "asset_type": "lines",
        "confidence": "medium",
        "missing_fields": [],
        "limitations": [
          "OSM district-heating infrastructure completeness varies significantly by area and operator.",
          "The committed contract fixture is not a complete Rybnik 35 km heat-network, capacity, pressure or flow model.",
          "Generic industrial buildings, chimneys, power equipment and pipelines without explicit heating semantics are excluded.",
          "No qualified official analytical district-heating-network vector feed is enabled; an empty district_heating.lines layer remains an explicit source gap.",
          "KIUT district-heating WMS is visual reference-only imagery and does not replace analytical vector artifacts."
        ],
        "eligible_for_analysis": true,
        "osm_tags": {
          "man_made": "pipeline",
          "location": "overground",
          "substance": "hot_water"
        }
      },
      "geometry": {
        "type": "LineString",
        "coordinates": [
          [
            18.8251275,
            50.3265189
          ],
          [
            18.824351,
            50.32636089999999
          ],
          [
            18.8243401,
            50.3263841
          ],
          [
            18.8242766,
            50.32636999999998
          ],
          [
            18.8242785,
            50.326349099999995
          ],
          [
            18.8238122,
            50.32625199999999
          ],
          [
            18.8229869,
            50.3260648
          ],
          [
            18.8229759,
            50.326084499999986
          ],
          [
            18.8229106,
            50.3260704
          ],
          [
            18.8229198,
            50.32604609999999
          ],
          [
            18.8219311,
            50.325849299999994
          ],
          [
            18.8219092,
            50.32586899999999
          ],
          [
            18.8218548,
            50.32585620000001
          ],
          [
            18.821864,
            50.3258387
          ],
          [
            18.820851700000002,
            50.3256257
          ],
          [
            18.8208444,
            50.32564769999999
          ],
          [
            18.8207809,
            50.32563369999999
          ],
          [
            18.8207919,
            50.3256128
          ],
          [
            18.8201207,
            50.32547
          ],
          [
            18.8200789,
            50.32549079999999
          ]
        ]
      }
    },
    {
      "type": "Feature",
      "properties": {
        "source": "OpenStreetMap",
        "source_id": "way/285891062",
        "domain": "district_heating",
        "asset_type": "lines",
        "confidence": "medium",
        "missing_fields": [],
        "limitations": [
          "OSM district-heating infrastructure completeness varies significantly by area and operator.",
          "The committed contract fixture is not a complete Rybnik 35 km heat-network, capacity, pressure or flow model.",
          "Generic industrial buildings, chimneys, power equipment and pipelines without explicit heating semantics are excluded.",
          "No qualified official analytical district-heating-network vector feed is enabled; an empty district_heating.lines layer remains an explicit source gap.",
          "KIUT district-heating WMS is visual reference-only imagery and does not replace analytical vector artifacts."
        ],
        "eligible_for_analysis": true,
        "osm_tags": {
          "man_made": "pipeline",
          "location": "overground",
          "substance": "heat"
        }
      },
      "geometry": {
        "type": "LineString",
        "coordinates": [
          [
            18.857715164334614,
            50.34545260075486
          ],
          [
            18.8574915,
            50.34536489999999
          ],
          [
            18.8570676,
            50.345162900000005
          ],
          [
            18.8571493,
            50.345082999999995
          ],
          [
            18.8570725,
            50.34504749999999
          ],
          [
            18.8569868,
            50.3451273
          ],
          [
            18.8561488,
            50.344716
          ],
          [
            18.8562498,
            50.34462740000001
          ],
          [
            18.8561698,
            50.344588
          ],
          [
            18.8560654,
            50.3446757
          ],
          [
            18.8552392,
            50.3442801
          ],
          [
            18.8553305,
            50.34419979999999
          ],
          [
            18.8552517,
            50.344159499999996
          ],
          [
            18.8551576,
            50.344239300000005
          ],
          [
            18.8543905,
            50.34386849999999
          ],
          [
            18.8544713,
            50.3438009
          ],
          [
            18.8543868,
            50.3437596
          ],
          [
            18.8543076,
            50.3438267
          ],
          [
            18.8535588,
            50.3434655
          ],
          [
            18.8536377,
            50.3433962
          ],
          [
            18.8535574,
            50.343358899999984
          ],
          [
            18.853476,
            50.34342629999998
          ],
          [
            18.853106200000003,
            50.3432587
          ],
          [
            18.8524458,
            50.34320710000001
          ],
          [
            18.8519517,
            50.3431677
          ],
          [
            18.8513187,
            50.3431126
          ],
          [
            18.8513349,
            50.34301339999999
          ],
          [
            18.8512354,
            50.3430067
          ],
          [
            18.8512151,
            50.3431049
          ],
          [
            18.8507717,
            50.3430739
          ],
          [
            18.8507909,
            50.34296019999999
          ],
          [
            18.850701000000004,
            50.3429537
          ],
          [
            18.850679400000004,
            50.3430678
          ],
          [
            18.8490975,
            50.3429475
          ],
          [
            18.8491148,
            50.34284459999999
          ],
          [
            18.8490174,
            50.342837200000005
          ],
          [
            18.8489965,
            50.34294059999999
          ],
          [
            18.848359,
            50.34289600000001
          ],
          [
            18.8479091,
            50.342997399999994
          ],
          [
            18.847857,
            50.34290690000001
          ],
          [
            18.8477674,
            50.3429277
          ],
          [
            18.847819300000005,
            50.343019000000005
          ],
          [
            18.8471004,
            50.3431886
          ],
          [
            18.84705,
            50.343104000000004
          ],
          [
            18.8469593,
            50.34312639999999
          ],
          [
            18.8470071,
            50.34321090000001
          ],
          [
            18.8467031,
            50.34329259999999
          ],
          [
            18.8467835,
            50.3434446
          ],
          [
            18.846554,
            50.34350499999999
          ],
          [
            18.8462578,
            50.34357740000001
          ],
          [
            18.8461227,
            50.343610399999996
          ],
          [
            18.8459914,
            50.34364259999999
          ],
          [
            18.8456053,
            50.3437371
          ],
          [
            18.8455307,
            50.3438814
          ]
        ]
      }
    },
    {
      "type": "Feature",
      "properties": {
        "source": "OpenStreetMap",
        "source_id": "way/358969872",
        "domain": "district_heating",
        "asset_type": "lines",
        "confidence": "medium",
        "missing_fields": [],
        "limitations": [
          "OSM district-heating infrastructure completeness varies significantly by area and operator.",
          "The committed contract fixture is not a complete Rybnik 35 km heat-network, capacity, pressure or flow model.",
          "Generic industrial buildings, chimneys, power equipment and pipelines without explicit heating semantics are excluded.",
          "No qualified official analytical district-heating-network vector feed is enabled; an empty district_heating.lines layer remains an explicit source gap.",
          "KIUT district-heating WMS is visual reference-only imagery and does not replace analytical vector artifacts."
        ],
        "eligible_for_analysis": true,
        "osm_tags": {
          "man_made": "pipeline",
          "location": "overground",
          "substance": "hot_water"
        }
      },
      "geometry": {
        "type": "LineString",
        "coordinates": [
          [
            18.8648703,
            50.3106978
          ],
          [
            18.8647631,
            50.3106671
          ],
          [
            18.8647314,
            50.31067219999999
          ],
          [
            18.8647153,
            50.31069200000001
          ],
          [
            18.8646947,
            50.31070029999999
          ],
          [
            18.8646472,
            50.310689399999994
          ],
          [
            18.8646345,
            50.310671299999996
          ],
          [
            18.8646463,
            50.310652499999996
          ],
          [
            18.8646278,
            50.310631599999994
          ],
          [
            18.8642884,
            50.310539999999996
          ],
          [
            18.8637583,
            50.3103995
          ],
          [
            18.8633027,
            50.31000489999999
          ],
          [
            18.8632732,
            50.31000349999999
          ],
          [
            18.8632505,
            50.3100118
          ],
          [
            18.8632192,
            50.31000869999999
          ],
          [
            18.8631945,
            50.3099879
          ],
          [
            18.863199500000004,
            50.309967099999994
          ],
          [
            18.8632192,
            50.30995629999999
          ],
          [
            18.8632239,
            50.309935599999996
          ],
          [
            18.862875700000004,
            50.3096387
          ],
          [
            18.8628422,
            50.30963199999999
          ],
          [
            18.8628169,
            50.30964029999999
          ],
          [
            18.8627806,
            50.3096379
          ],
          [
            18.8627578,
            50.3096182
          ],
          [
            18.8627632,
            50.309597999999994
          ],
          [
            18.8627844,
            50.309584900000004
          ],
          [
            18.8627847,
            50.309560999999995
          ],
          [
            18.862312,
            50.3091612
          ],
          [
            18.8622821,
            50.3091588
          ],
          [
            18.8622589,
            50.30916859999999
          ],
          [
            18.8622287,
            50.3091657
          ],
          [
            18.862205200000002,
            50.30914469999999
          ],
          [
            18.8622092,
            50.30912599999999
          ],
          [
            18.8622373,
            50.3091117
          ],
          [
            18.8622408,
            50.3090905
          ],
          [
            18.8616032,
            50.30849739999999
          ]
        ]
      }
    },
    {
      "type": "Feature",
      "properties": {
        "source": "OpenStreetMap",
        "source_id": "way/358969873",
        "domain": "district_heating",
        "asset_type": "lines",
        "confidence": "medium",
        "missing_fields": [],
        "limitations": [
          "OSM district-heating infrastructure completeness varies significantly by area and operator.",
          "The committed contract fixture is not a complete Rybnik 35 km heat-network, capacity, pressure or flow model.",
          "Generic industrial buildings, chimneys, power equipment and pipelines without explicit heating semantics are excluded.",
          "No qualified official analytical district-heating-network vector feed is enabled; an empty district_heating.lines layer remains an explicit source gap.",
          "KIUT district-heating WMS is visual reference-only imagery and does not replace analytical vector artifacts."
        ],
        "eligible_for_analysis": true,
        "osm_tags": {
          "man_made": "pipeline",
          "location": "overground",
          "substance": "hot_water"
        }
      },
      "geometry": {
        "type": "LineString",
        "coordinates": [
          [
            18.8654344,
            50.3108219
          ],
          [
            18.8653795,
            50.3107941
          ],
          [
            18.8653134,
            50.310816499999994
          ],
          [
            18.8652322,
            50.310769
          ],
          [
            18.8649622,
            50.31072009999999
          ]
        ]
      }
    },
    {
      "type": "Feature",
      "properties": {
        "source": "OpenStreetMap",
        "source_id": "way/358977568",
        "domain": "district_heating",
        "asset_type": "lines",
        "confidence": "medium",
        "missing_fields": [],
        "limitations": [
          "OSM district-heating infrastructure completeness varies significantly by area and operator.",
          "The committed contract fixture is not a complete Rybnik 35 km heat-network, capacity, pressure or flow model.",
          "Generic industrial buildings, chimneys, power equipment and pipelines without explicit heating semantics are excluded.",
          "No qualified official analytical district-heating-network vector feed is enabled; an empty district_heating.lines layer remains an explicit source gap.",
          "KIUT district-heating WMS is visual reference-only imagery and does not replace analytical vector artifacts."
        ],
        "eligible_for_analysis": true,
        "osm_tags": {
          "man_made": "pipeline",
          "location": "overground",
          "substance": "hot_water"
        }
      },
      "geometry": {
        "type": "LineString",
        "coordinates": [
          [
            18.8693361,
            50.3132812
          ],
          [
            18.8692393,
            50.31323259999999
          ],
          [
            18.8689601,
            50.3130986
          ],
          [
            18.8688652,
            50.3130291
          ],
          [
            18.8686621,
            50.31288180000001
          ],
          [
            18.8685623,
            50.3127999
          ],
          [
            18.8685307,
            50.312795699999995
          ],
          [
            18.8685074,
            50.312807
          ],
          [
            18.868476,
            50.3128063
          ],
          [
            18.8684465,
            50.31278429999999
          ],
          [
            18.8684484,
            50.3127686
          ],
          [
            18.8684731,
            50.3127537
          ],
          [
            18.8684781,
            50.3127338
          ],
          [
            18.8682393,
            50.31255399999999
          ],
          [
            18.8678104,
            50.3123474
          ],
          [
            18.8677836,
            50.31234729999999
          ],
          [
            18.8677555,
            50.3123646
          ],
          [
            18.8677355,
            50.31236539999998
          ],
          [
            18.8676918,
            50.31234469999999
          ],
          [
            18.867689,
            50.312333399999986
          ],
          [
            18.8677063,
            50.3123131
          ],
          [
            18.8677018,
            50.312297599999994
          ],
          [
            18.8675713,
            50.312234999999994
          ],
          [
            18.8674589,
            50.3121134
          ]
        ]
      }
    },
    {
      "type": "Feature",
      "properties": {
        "source": "OpenStreetMap",
        "source_id": "way/358977569",
        "domain": "district_heating",
        "asset_type": "lines",
        "confidence": "medium",
        "missing_fields": [],
        "limitations": [
          "OSM district-heating infrastructure completeness varies significantly by area and operator.",
          "The committed contract fixture is not a complete Rybnik 35 km heat-network, capacity, pressure or flow model.",
          "Generic industrial buildings, chimneys, power equipment and pipelines without explicit heating semantics are excluded.",
          "No qualified official analytical district-heating-network vector feed is enabled; an empty district_heating.lines layer remains an explicit source gap.",
          "KIUT district-heating WMS is visual reference-only imagery and does not replace analytical vector artifacts."
        ],
        "eligible_for_analysis": true,
        "osm_tags": {
          "man_made": "pipeline",
          "location": "overhead",
          "layer": "1",
          "substance": "hot_water"
        }
      },
      "geometry": {
        "type": "LineString",
        "coordinates": [
          [
            18.8710143,
            50.314397299999996
          ],
          [
            18.8706096,
            50.314119100000006
          ]
        ]
      }
    },
    {
      "type": "Feature",
      "properties": {
        "source": "OpenStreetMap",
        "source_id": "way/371616995",
        "domain": "district_heating",
        "asset_type": "lines",
        "confidence": "medium",
        "missing_fields": [],
        "limitations": [
          "OSM district-heating infrastructure completeness varies significantly by area and operator.",
          "The committed contract fixture is not a complete Rybnik 35 km heat-network, capacity, pressure or flow model.",
          "Generic industrial buildings, chimneys, power equipment and pipelines without explicit heating semantics are excluded.",
          "No qualified official analytical district-heating-network vector feed is enabled; an empty district_heating.lines layer remains an explicit source gap.",
          "KIUT district-heating WMS is visual reference-only imagery and does not replace analytical vector artifacts."
        ],
        "eligible_for_analysis": true,
        "osm_tags": {
          "man_made": "pipeline",
          "location": "overground",
          "substance": "hot_water"
        }
      },
      "geometry": {
        "type": "LineString",
        "coordinates": [
          [
            18.7761975,
            50.32233399999999
          ],
          [
            18.7763674,
            50.32203009999999
          ]
        ]
      }
    },
    {
      "type": "Feature",
      "properties": {
        "source": "OpenStreetMap",
        "source_id": "way/371616996",
        "domain": "district_heating",
        "asset_type": "lines",
        "confidence": "medium",
        "missing_fields": [],
        "limitations": [
          "OSM district-heating infrastructure completeness varies significantly by area and operator.",
          "The committed contract fixture is not a complete Rybnik 35 km heat-network, capacity, pressure or flow model.",
          "Generic industrial buildings, chimneys, power equipment and pipelines without explicit heating semantics are excluded.",
          "No qualified official analytical district-heating-network vector feed is enabled; an empty district_heating.lines layer remains an explicit source gap.",
          "KIUT district-heating WMS is visual reference-only imagery and does not replace analytical vector artifacts."
        ],
        "eligible_for_analysis": true,
        "osm_tags": {
          "man_made": "pipeline",
          "location": "overground",
          "substance": "hot_water"
        }
      },
      "geometry": {
        "type": "LineString",
        "coordinates": [
          [
            18.7756852,
            50.3228352
          ],
          [
            18.7758038,
            50.322863500000004
          ]
        ]
      }
    },
    {
      "type": "Feature",
      "properties": {
        "source": "OpenStreetMap",
        "source_id": "way/371616997",
        "domain": "district_heating",
        "asset_type": "lines",
        "confidence": "medium",
        "missing_fields": [],
        "limitations": [
          "OSM district-heating infrastructure completeness varies significantly by area and operator.",
          "The committed contract fixture is not a complete Rybnik 35 km heat-network, capacity, pressure or flow model.",
          "Generic industrial buildings, chimneys, power equipment and pipelines without explicit heating semantics are excluded.",
          "No qualified official analytical district-heating-network vector feed is enabled; an empty district_heating.lines layer remains an explicit source gap.",
          "KIUT district-heating WMS is visual reference-only imagery and does not replace analytical vector artifacts."
        ],
        "eligible_for_analysis": true,
        "osm_tags": {
          "man_made": "pipeline",
          "location": "overground",
          "bridge": "yes",
          "layer": "1",
          "substance": "hot_water"
        }
      },
      "geometry": {
        "type": "LineString",
        "coordinates": [
          [
            18.7763674,
            50.32203009999999
          ],
          [
            18.776802,
            50.3212529
          ]
        ]
      }
    },
    {
      "type": "Feature",
      "properties": {
        "source": "OpenStreetMap",
        "source_id": "way/371616998",
        "domain": "district_heating",
        "asset_type": "lines",
        "confidence": "medium",
        "missing_fields": [],
        "limitations": [
          "OSM district-heating infrastructure completeness varies significantly by area and operator.",
          "The committed contract fixture is not a complete Rybnik 35 km heat-network, capacity, pressure or flow model.",
          "Generic industrial buildings, chimneys, power equipment and pipelines without explicit heating semantics are excluded.",
          "No qualified official analytical district-heating-network vector feed is enabled; an empty district_heating.lines layer remains an explicit source gap.",
          "KIUT district-heating WMS is visual reference-only imagery and does not replace analytical vector artifacts."
        ],
        "eligible_for_analysis": true,
        "osm_tags": {
          "man_made": "pipeline",
          "location": "overground",
          "substance": "hot_water"
        }
      },
      "geometry": {
        "type": "LineString",
        "coordinates": [
          [
            18.775954,
            50.3227695
          ],
          [
            18.7761775,
            50.32236979999999
          ]
        ]
      }
    },
    {
      "type": "Feature",
      "properties": {
        "source": "OpenStreetMap",
        "source_id": "way/371616999",
        "domain": "district_heating",
        "asset_type": "lines",
        "confidence": "medium",
        "missing_fields": [],
        "limitations": [
          "OSM district-heating infrastructure completeness varies significantly by area and operator.",
          "The committed contract fixture is not a complete Rybnik 35 km heat-network, capacity, pressure or flow model.",
          "Generic industrial buildings, chimneys, power equipment and pipelines without explicit heating semantics are excluded.",
          "No qualified official analytical district-heating-network vector feed is enabled; an empty district_heating.lines layer remains an explicit source gap.",
          "KIUT district-heating WMS is visual reference-only imagery and does not replace analytical vector artifacts."
        ],
        "eligible_for_analysis": true,
        "osm_tags": {
          "man_made": "pipeline",
          "location": "overground",
          "substance": "hot_water"
        }
      },
      "geometry": {
        "type": "LineString",
        "coordinates": [
          [
            18.7759627,
            50.3229924
          ],
          [
            18.7759982,
            50.3229294
          ]
        ]
      }
    },
    {
      "type": "Feature",
      "properties": {
        "source": "OpenStreetMap",
        "source_id": "way/371617000",
        "domain": "district_heating",
        "asset_type": "lines",
        "confidence": "medium",
        "missing_fields": [],
        "limitations": [
          "OSM district-heating infrastructure completeness varies significantly by area and operator.",
          "The committed contract fixture is not a complete Rybnik 35 km heat-network, capacity, pressure or flow model.",
          "Generic industrial buildings, chimneys, power equipment and pipelines without explicit heating semantics are excluded.",
          "No qualified official analytical district-heating-network vector feed is enabled; an empty district_heating.lines layer remains an explicit source gap.",
          "KIUT district-heating WMS is visual reference-only imagery and does not replace analytical vector artifacts."
        ],
        "eligible_for_analysis": true,
        "osm_tags": {
          "man_made": "pipeline",
          "location": "overground",
          "bridge": "yes",
          "layer": "1",
          "substance": "hot_water"
        }
      },
      "geometry": {
        "type": "LineString",
        "coordinates": [
          [
            18.7761775,
            50.32236979999999
          ],
          [
            18.7761975,
            50.32233399999999
          ]
        ]
      }
    },
    {
      "type": "Feature",
      "properties": {
        "source": "OpenStreetMap",
        "source_id": "way/430813957",
        "domain": "district_heating",
        "asset_type": "lines",
        "confidence": "medium",
        "missing_fields": [],
        "limitations": [
          "OSM district-heating infrastructure completeness varies significantly by area and operator.",
          "The committed contract fixture is not a complete Rybnik 35 km heat-network, capacity, pressure or flow model.",
          "Generic industrial buildings, chimneys, power equipment and pipelines without explicit heating semantics are excluded.",
          "No qualified official analytical district-heating-network vector feed is enabled; an empty district_heating.lines layer remains an explicit source gap.",
          "KIUT district-heating WMS is visual reference-only imagery and does not replace analytical vector artifacts."
        ],
        "eligible_for_analysis": true,
        "osm_tags": {
          "man_made": "pipeline",
          "location": "overground",
          "substance": "hot_water"
        }
      },
      "geometry": {
        "type": "LineString",
        "coordinates": [
          [
            18.7969722,
            50.29222969999999
          ],
          [
            18.7978276,
            50.2922069
          ],
          [
            18.7978343,
            50.2922497
          ],
          [
            18.7979091,
            50.2922475
          ],
          [
            18.7979069,
            50.292201199999994
          ],
          [
            18.798408500000004,
            50.2921815
          ],
          [
            18.7987694,
            50.292166400000006
          ],
          [
            18.7988185,
            50.29216069999999
          ],
          [
            18.7996072,
            50.29203319999999
          ],
          [
            18.7996176,
            50.292034599999994
          ],
          [
            18.7996246,
            50.292040699999994
          ],
          [
            18.7996366,
            50.2920694
          ],
          [
            18.7996461,
            50.292075
          ],
          [
            18.7996583,
            50.292078
          ],
          [
            18.7996815,
            50.292075499999996
          ],
          [
            18.7996972,
            50.2920706
          ],
          [
            18.7997026,
            50.29205999999999
          ],
          [
            18.7996981,
            50.29203659999999
          ],
          [
            18.7997031,
            50.29202519999999
          ],
          [
            18.799721,
            50.29201849999999
          ],
          [
            18.8005066,
            50.2918907
          ],
          [
            18.8011016,
            50.291793899999995
          ]
        ]
      }
    },
    {
      "type": "Feature",
      "properties": {
        "source": "OpenStreetMap",
        "source_id": "way/430813958",
        "domain": "district_heating",
        "asset_type": "lines",
        "confidence": "medium",
        "missing_fields": [],
        "limitations": [
          "OSM district-heating infrastructure completeness varies significantly by area and operator.",
          "The committed contract fixture is not a complete Rybnik 35 km heat-network, capacity, pressure or flow model.",
          "Generic industrial buildings, chimneys, power equipment and pipelines without explicit heating semantics are excluded.",
          "No qualified official analytical district-heating-network vector feed is enabled; an empty district_heating.lines layer remains an explicit source gap.",
          "KIUT district-heating WMS is visual reference-only imagery and does not replace analytical vector artifacts."
        ],
        "eligible_for_analysis": true,
        "osm_tags": {
          "man_made": "pipeline",
          "location": "overground",
          "bridge": "yes",
          "layer": "1",
          "substance": "hot_water"
        }
      },
      "geometry": {
        "type": "LineString",
        "coordinates": [
          [
            18.8048677,
            50.2929047
          ],
          [
            18.8050055,
            50.292834199999994
          ]
        ]
      }
    },
    {
      "type": "Feature",
      "properties": {
        "source": "OpenStreetMap",
        "source_id": "way/430813959",
        "domain": "district_heating",
        "asset_type": "lines",
        "confidence": "medium",
        "missing_fields": [],
        "limitations": [
          "OSM district-heating infrastructure completeness varies significantly by area and operator.",
          "The committed contract fixture is not a complete Rybnik 35 km heat-network, capacity, pressure or flow model.",
          "Generic industrial buildings, chimneys, power equipment and pipelines without explicit heating semantics are excluded.",
          "No qualified official analytical district-heating-network vector feed is enabled; an empty district_heating.lines layer remains an explicit source gap.",
          "KIUT district-heating WMS is visual reference-only imagery and does not replace analytical vector artifacts."
        ],
        "eligible_for_analysis": true,
        "osm_tags": {
          "man_made": "pipeline",
          "location": "overground",
          "substance": "hot_water"
        }
      },
      "geometry": {
        "type": "LineString",
        "coordinates": [
          [
            18.8050055,
            50.292834199999994
          ],
          [
            18.8050441,
            50.292814500000006
          ]
        ]
      }
    },
    {
      "type": "Feature",
      "properties": {
        "source": "OpenStreetMap",
        "source_id": "way/430813960",
        "domain": "district_heating",
        "asset_type": "lines",
        "confidence": "medium",
        "missing_fields": [],
        "limitations": [
          "OSM district-heating infrastructure completeness varies significantly by area and operator.",
          "The committed contract fixture is not a complete Rybnik 35 km heat-network, capacity, pressure or flow model.",
          "Generic industrial buildings, chimneys, power equipment and pipelines without explicit heating semantics are excluded.",
          "No qualified official analytical district-heating-network vector feed is enabled; an empty district_heating.lines layer remains an explicit source gap.",
          "KIUT district-heating WMS is visual reference-only imagery and does not replace analytical vector artifacts."
        ],
        "eligible_for_analysis": true,
        "osm_tags": {
          "man_made": "pipeline",
          "location": "underground",
          "layer": "-1",
          "substance": "hot_water"
        }
      },
      "geometry": {
        "type": "LineString",
        "coordinates": [
          [
            18.8011016,
            50.291793899999995
          ],
          [
            18.8012371,
            50.29199629999999
          ]
        ]
      }
    },
    {
      "type": "Feature",
      "properties": {
        "source": "OpenStreetMap",
        "source_id": "way/430813961",
        "domain": "district_heating",
        "asset_type": "lines",
        "confidence": "medium",
        "missing_fields": [],
        "limitations": [
          "OSM district-heating infrastructure completeness varies significantly by area and operator.",
          "The committed contract fixture is not a complete Rybnik 35 km heat-network, capacity, pressure or flow model.",
          "Generic industrial buildings, chimneys, power equipment and pipelines without explicit heating semantics are excluded.",
          "No qualified official analytical district-heating-network vector feed is enabled; an empty district_heating.lines layer remains an explicit source gap.",
          "KIUT district-heating WMS is visual reference-only imagery and does not replace analytical vector artifacts."
        ],
        "eligible_for_analysis": true,
        "osm_tags": {
          "man_made": "pipeline",
          "location": "overground",
          "substance": "hot_water"
        }
      },
      "geometry": {
        "type": "LineString",
        "coordinates": [
          [
            18.8012371,
            50.29199629999999
          ],
          [
            18.8012674,
            50.2920335
          ],
          [
            18.8012848,
            50.2920378
          ],
          [
            18.8022184,
            50.2919937
          ],
          [
            18.8022324,
            50.291997499999994
          ],
          [
            18.8022395,
            50.2920061
          ],
          [
            18.802243800000003,
            50.2920281
          ],
          [
            18.80225,
            50.292035000000006
          ],
          [
            18.8022614,
            50.2920394
          ],
          [
            18.8022918,
            50.29203890000001
          ],
          [
            18.8023061,
            50.2920338
          ],
          [
            18.8023107,
            50.292023499999985
          ],
          [
            18.802309400000002,
            50.2920018
          ],
          [
            18.8023139,
            50.291992500000006
          ],
          [
            18.8023306,
            50.2919871
          ],
          [
            18.803146,
            50.291948999999995
          ],
          [
            18.8031606,
            50.29195180000001
          ],
          [
            18.8038519,
            50.29243639999999
          ],
          [
            18.8038551,
            50.2924428
          ],
          [
            18.8038491,
            50.292452299999994
          ],
          [
            18.8038196,
            50.2924685
          ],
          [
            18.8038152,
            50.292477000000005
          ],
          [
            18.8038175,
            50.292487
          ],
          [
            18.8038354,
            50.292500199999985
          ],
          [
            18.8038495,
            50.29250280000001
          ],
          [
            18.8038669,
            50.29250059999999
          ],
          [
            18.8038941,
            50.2924867
          ],
          [
            18.8039086,
            50.2924847
          ],
          [
            18.8039267,
            50.2924891
          ],
          [
            18.8045673,
            50.292938299999996
          ],
          [
            18.804937,
            50.293197600000006
          ],
          [
            18.805177,
            50.2933668
          ],
          [
            18.805178,
            50.2933873
          ],
          [
            18.8051406,
            50.293414000000006
          ],
          [
            18.8051545,
            50.293429
          ],
          [
            18.8052657,
            50.29345219999999
          ],
          [
            18.8052497,
            50.29348639999999
          ]
        ]
      }
    },
    {
      "type": "Feature",
      "properties": {
        "source": "OpenStreetMap",
        "source_id": "way/430813962",
        "domain": "district_heating",
        "asset_type": "lines",
        "confidence": "medium",
        "missing_fields": [],
        "limitations": [
          "OSM district-heating infrastructure completeness varies significantly by area and operator.",
          "The committed contract fixture is not a complete Rybnik 35 km heat-network, capacity, pressure or flow model.",
          "Generic industrial buildings, chimneys, power equipment and pipelines without explicit heating semantics are excluded.",
          "No qualified official analytical district-heating-network vector feed is enabled; an empty district_heating.lines layer remains an explicit source gap.",
          "KIUT district-heating WMS is visual reference-only imagery and does not replace analytical vector artifacts."
        ],
        "eligible_for_analysis": true,
        "osm_tags": {
          "man_made": "pipeline",
          "location": "overground",
          "substance": "hot_water"
        }
      },
      "geometry": {
        "type": "LineString",
        "coordinates": [
          [
            18.8045673,
            50.292938299999996
          ],
          [
            18.8046964,
            50.29286119999999
          ],
          [
            18.8048064,
            50.292936000000005
          ],
          [
            18.8048677,
            50.2929047
          ]
        ]
      }
    },
    {
      "type": "Feature",
      "properties": {
        "source": "OpenStreetMap",
        "source_id": "way/440661758",
        "domain": "district_heating",
        "asset_type": "lines",
        "confidence": "medium",
        "missing_fields": [],
        "limitations": [
          "OSM district-heating infrastructure completeness varies significantly by area and operator.",
          "The committed contract fixture is not a complete Rybnik 35 km heat-network, capacity, pressure or flow model.",
          "Generic industrial buildings, chimneys, power equipment and pipelines without explicit heating semantics are excluded.",
          "No qualified official analytical district-heating-network vector feed is enabled; an empty district_heating.lines layer remains an explicit source gap.",
          "KIUT district-heating WMS is visual reference-only imagery and does not replace analytical vector artifacts."
        ],
        "eligible_for_analysis": true,
        "osm_tags": {
          "man_made": "pipeline",
          "location": "overground",
          "substance": "heat"
        }
      },
      "geometry": {
        "type": "LineString",
        "coordinates": [
          [
            18.544741,
            50.080378200000006
          ],
          [
            18.5447569,
            50.0804529
          ],
          [
            18.5448432,
            50.080810199999995
          ],
          [
            18.5449075,
            50.081024899999996
          ],
          [
            18.5449917,
            50.08137279999999
          ],
          [
            18.5450989,
            50.0818159
          ],
          [
            18.5452069,
            50.08224539999999
          ],
          [
            18.5452486,
            50.08241639999999
          ],
          [
            18.5454019,
            50.0830346
          ],
          [
            18.5454575,
            50.08326430000001
          ],
          [
            18.5455319,
            50.08356950000001
          ],
          [
            18.5455354,
            50.083598499999994
          ],
          [
            18.5453646,
            50.08362179999999
          ],
          [
            18.544919300000004,
            50.0836657
          ]
        ]
      }
    },
    {
      "type": "Feature",
      "properties": {
        "source": "OpenStreetMap",
        "source_id": "way/440661759",
        "domain": "district_heating",
        "asset_type": "lines",
        "confidence": "medium",
        "missing_fields": [],
        "limitations": [
          "OSM district-heating infrastructure completeness varies significantly by area and operator.",
          "The committed contract fixture is not a complete Rybnik 35 km heat-network, capacity, pressure or flow model.",
          "Generic industrial buildings, chimneys, power equipment and pipelines without explicit heating semantics are excluded.",
          "No qualified official analytical district-heating-network vector feed is enabled; an empty district_heating.lines layer remains an explicit source gap.",
          "KIUT district-heating WMS is visual reference-only imagery and does not replace analytical vector artifacts."
        ],
        "eligible_for_analysis": true,
        "osm_tags": {
          "man_made": "pipeline",
          "location": "overground",
          "substance": "heat"
        }
      },
      "geometry": {
        "type": "LineString",
        "coordinates": [
          [
            18.5449163,
            50.08365679999999
          ],
          [
            18.545379,
            50.0836112
          ],
          [
            18.5455235,
            50.08359180000001
          ],
          [
            18.5455195,
            50.0835737
          ],
          [
            18.5454431,
            50.08326339999999
          ],
          [
            18.545387,
            50.083036899999996
          ],
          [
            18.5452356,
            50.0824153
          ],
          [
            18.5451931,
            50.08224679999999
          ],
          [
            18.5450885,
            50.0818184
          ],
          [
            18.5449804,
            50.08137479999999
          ],
          [
            18.5448949,
            50.08102550000001
          ],
          [
            18.5448324,
            50.080814399999994
          ],
          [
            18.544744300000005,
            50.08045450000001
          ],
          [
            18.5447273,
            50.0803796
          ]
        ]
      }
    },
    {
      "type": "Feature",
      "properties": {
        "source": "OpenStreetMap",
        "source_id": "way/440661760",
        "domain": "district_heating",
        "asset_type": "lines",
        "confidence": "medium",
        "missing_fields": [],
        "limitations": [
          "OSM district-heating infrastructure completeness varies significantly by area and operator.",
          "The committed contract fixture is not a complete Rybnik 35 km heat-network, capacity, pressure or flow model.",
          "Generic industrial buildings, chimneys, power equipment and pipelines without explicit heating semantics are excluded.",
          "No qualified official analytical district-heating-network vector feed is enabled; an empty district_heating.lines layer remains an explicit source gap.",
          "KIUT district-heating WMS is visual reference-only imagery and does not replace analytical vector artifacts."
        ],
        "eligible_for_analysis": true,
        "osm_tags": {
          "man_made": "pipeline",
          "location": "underground",
          "layer": "-1",
          "substance": "heat"
        }
      },
      "geometry": {
        "type": "LineString",
        "coordinates": [
          [
            18.5445433,
            50.080235099999996
          ],
          [
            18.544741,
            50.080378200000006
          ]
        ]
      }
    },
    {
      "type": "Feature",
      "properties": {
        "source": "OpenStreetMap",
        "source_id": "way/440661761",
        "domain": "district_heating",
        "asset_type": "lines",
        "confidence": "medium",
        "missing_fields": [],
        "limitations": [
          "OSM district-heating infrastructure completeness varies significantly by area and operator.",
          "The committed contract fixture is not a complete Rybnik 35 km heat-network, capacity, pressure or flow model.",
          "Generic industrial buildings, chimneys, power equipment and pipelines without explicit heating semantics are excluded.",
          "No qualified official analytical district-heating-network vector feed is enabled; an empty district_heating.lines layer remains an explicit source gap.",
          "KIUT district-heating WMS is visual reference-only imagery and does not replace analytical vector artifacts."
        ],
        "eligible_for_analysis": true,
        "osm_tags": {
          "man_made": "pipeline",
          "location": "underground",
          "layer": "-1",
          "substance": "heat"
        }
      },
      "geometry": {
        "type": "LineString",
        "coordinates": [
          [
            18.5447273,
            50.0803796
          ],
          [
            18.5445429,
            50.080242600000005
          ]
        ]
      }
    },
    {
      "type": "Feature",
      "properties": {
        "source": "OpenStreetMap",
        "source_id": "way/440661762",
        "domain": "district_heating",
        "asset_type": "lines",
        "confidence": "medium",
        "missing_fields": [],
        "limitations": [
          "OSM district-heating infrastructure completeness varies significantly by area and operator.",
          "The committed contract fixture is not a complete Rybnik 35 km heat-network, capacity, pressure or flow model.",
          "Generic industrial buildings, chimneys, power equipment and pipelines without explicit heating semantics are excluded.",
          "No qualified official analytical district-heating-network vector feed is enabled; an empty district_heating.lines layer remains an explicit source gap.",
          "KIUT district-heating WMS is visual reference-only imagery and does not replace analytical vector artifacts."
        ],
        "eligible_for_analysis": true,
        "osm_tags": {
          "man_made": "pipeline",
          "location": "overground",
          "substance": "heat"
        }
      },
      "geometry": {
        "type": "LineString",
        "coordinates": [
          [
            18.5442465,
            50.07944619999999
          ],
          [
            18.5442517,
            50.07956129999999
          ],
          [
            18.5442599,
            50.07984689999999
          ],
          [
            18.5442668,
            50.08000999999999
          ],
          [
            18.5442725,
            50.080172699999984
          ],
          [
            18.544274,
            50.0802395
          ],
          [
            18.5444205,
            50.0802458
          ],
          [
            18.5444452,
            50.0802462
          ],
          [
            18.5445433,
            50.080235099999996
          ]
        ]
      }
    },
    {
      "type": "Feature",
      "properties": {
        "source": "OpenStreetMap",
        "source_id": "way/440661763",
        "domain": "district_heating",
        "asset_type": "lines",
        "confidence": "medium",
        "missing_fields": [],
        "limitations": [
          "OSM district-heating infrastructure completeness varies significantly by area and operator.",
          "The committed contract fixture is not a complete Rybnik 35 km heat-network, capacity, pressure or flow model.",
          "Generic industrial buildings, chimneys, power equipment and pipelines without explicit heating semantics are excluded.",
          "No qualified official analytical district-heating-network vector feed is enabled; an empty district_heating.lines layer remains an explicit source gap.",
          "KIUT district-heating WMS is visual reference-only imagery and does not replace analytical vector artifacts."
        ],
        "eligible_for_analysis": true,
        "osm_tags": {
          "man_made": "pipeline",
          "location": "overground",
          "substance": "heat"
        }
      },
      "geometry": {
        "type": "LineString",
        "coordinates": [
          [
            18.5445429,
            50.080242600000005
          ],
          [
            18.5444467,
            50.080253299999995
          ],
          [
            18.5444181,
            50.080253000000006
          ],
          [
            18.5442619,
            50.0802466
          ],
          [
            18.5442605,
            50.08018789999999
          ],
          [
            18.5442536,
            50.08000770000001
          ],
          [
            18.544248200000002,
            50.07984690000001
          ],
          [
            18.5442393,
            50.0795613
          ],
          [
            18.5442338,
            50.07944619999999
          ]
        ]
      }
    },
    {
      "type": "Feature",
      "properties": {
        "source": "OpenStreetMap",
        "source_id": "way/625971523",
        "domain": "district_heating",
        "asset_type": "lines",
        "confidence": "medium",
        "missing_fields": [],
        "limitations": [
          "OSM district-heating infrastructure completeness varies significantly by area and operator.",
          "The committed contract fixture is not a complete Rybnik 35 km heat-network, capacity, pressure or flow model.",
          "Generic industrial buildings, chimneys, power equipment and pipelines without explicit heating semantics are excluded.",
          "No qualified official analytical district-heating-network vector feed is enabled; an empty district_heating.lines layer remains an explicit source gap.",
          "KIUT district-heating WMS is visual reference-only imagery and does not replace analytical vector artifacts."
        ],
        "eligible_for_analysis": true,
        "osm_tags": {
          "man_made": "pipeline",
          "location": "overground",
          "substance": "heat"
        }
      },
      "geometry": {
        "type": "LineString",
        "coordinates": [
          [
            18.8300555,
            50.29576819999999
          ],
          [
            18.8305136,
            50.2959194
          ],
          [
            18.8304725,
            50.2959728
          ],
          [
            18.8305645,
            50.296003000000006
          ],
          [
            18.8306106,
            50.295950299999994
          ],
          [
            18.8315979,
            50.29627099999999
          ]
        ]
      }
    },
    {
      "type": "Feature",
      "properties": {
        "source": "OpenStreetMap",
        "source_id": "way/625971524",
        "domain": "district_heating",
        "asset_type": "lines",
        "confidence": "medium",
        "missing_fields": [],
        "limitations": [
          "OSM district-heating infrastructure completeness varies significantly by area and operator.",
          "The committed contract fixture is not a complete Rybnik 35 km heat-network, capacity, pressure or flow model.",
          "Generic industrial buildings, chimneys, power equipment and pipelines without explicit heating semantics are excluded.",
          "No qualified official analytical district-heating-network vector feed is enabled; an empty district_heating.lines layer remains an explicit source gap.",
          "KIUT district-heating WMS is visual reference-only imagery and does not replace analytical vector artifacts."
        ],
        "eligible_for_analysis": true,
        "osm_tags": {
          "man_made": "pipeline",
          "location": "overground",
          "bridge": "yes",
          "layer": "1",
          "substance": "heat"
        }
      },
      "geometry": {
        "type": "LineString",
        "coordinates": [
          [
            18.8370311,
            50.2977912
          ],
          [
            18.8371965,
            50.297815799999995
          ]
        ]
      }
    },
    {
      "type": "Feature",
      "properties": {
        "source": "OpenStreetMap",
        "source_id": "way/625971525",
        "domain": "district_heating",
        "asset_type": "lines",
        "confidence": "medium",
        "missing_fields": [],
        "limitations": [
          "OSM district-heating infrastructure completeness varies significantly by area and operator.",
          "The committed contract fixture is not a complete Rybnik 35 km heat-network, capacity, pressure or flow model.",
          "Generic industrial buildings, chimneys, power equipment and pipelines without explicit heating semantics are excluded.",
          "No qualified official analytical district-heating-network vector feed is enabled; an empty district_heating.lines layer remains an explicit source gap.",
          "KIUT district-heating WMS is visual reference-only imagery and does not replace analytical vector artifacts."
        ],
        "eligible_for_analysis": true,
        "osm_tags": {
          "man_made": "pipeline",
          "location": "overground",
          "substance": "heat"
        }
      },
      "geometry": {
        "type": "LineString",
        "coordinates": [
          [
            18.8331409,
            50.29669239999999
          ],
          [
            18.8330883,
            50.2967566
          ],
          [
            18.8347634,
            50.297304399999994
          ],
          [
            18.8348087,
            50.2973169
          ],
          [
            18.8365642,
            50.29771909999999
          ],
          [
            18.836592,
            50.297672199999994
          ],
          [
            18.8366386,
            50.2976813
          ],
          [
            18.836619500000005,
            50.29773010000001
          ],
          [
            18.8370311,
            50.2977912
          ]
        ]
      }
    },
    {
      "type": "Feature",
      "properties": {
        "source": "OpenStreetMap",
        "source_id": "way/625971526",
        "domain": "district_heating",
        "asset_type": "lines",
        "confidence": "medium",
        "missing_fields": [],
        "limitations": [
          "OSM district-heating infrastructure completeness varies significantly by area and operator.",
          "The committed contract fixture is not a complete Rybnik 35 km heat-network, capacity, pressure or flow model.",
          "Generic industrial buildings, chimneys, power equipment and pipelines without explicit heating semantics are excluded.",
          "No qualified official analytical district-heating-network vector feed is enabled; an empty district_heating.lines layer remains an explicit source gap.",
          "KIUT district-heating WMS is visual reference-only imagery and does not replace analytical vector artifacts."
        ],
        "eligible_for_analysis": true,
        "osm_tags": {
          "man_made": "pipeline",
          "location": "underground",
          "layer": "-1",
          "substance": "hot_water"
        }
      },
      "geometry": {
        "type": "LineString",
        "coordinates": [
          [
            18.8434239,
            50.298393899999986
          ],
          [
            18.8434569,
            50.298395299999996
          ],
          [
            18.845151,
            50.298383599999994
          ],
          [
            18.8451539,
            50.298450200000005
          ],
          [
            18.8452241,
            50.2984486
          ],
          [
            18.8454141,
            50.29844429999999
          ],
          [
            18.8455464,
            50.2984412
          ]
        ]
      }
    },
    {
      "type": "Feature",
      "properties": {
        "source": "OpenStreetMap",
        "source_id": "way/625971528",
        "domain": "district_heating",
        "asset_type": "lines",
        "confidence": "medium",
        "missing_fields": [],
        "limitations": [
          "OSM district-heating infrastructure completeness varies significantly by area and operator.",
          "The committed contract fixture is not a complete Rybnik 35 km heat-network, capacity, pressure or flow model.",
          "Generic industrial buildings, chimneys, power equipment and pipelines without explicit heating semantics are excluded.",
          "No qualified official analytical district-heating-network vector feed is enabled; an empty district_heating.lines layer remains an explicit source gap.",
          "KIUT district-heating WMS is visual reference-only imagery and does not replace analytical vector artifacts."
        ],
        "eligible_for_analysis": true,
        "osm_tags": {
          "man_made": "pipeline",
          "location": "overground",
          "substance": "hot_water"
        }
      },
      "geometry": {
        "type": "LineString",
        "coordinates": [
          [
            18.8371965,
            50.297815799999995
          ],
          [
            18.8382321,
            50.2979697
          ],
          [
            18.8382808,
            50.2979754
          ],
          [
            18.8407525,
            50.29817870000001
          ],
          [
            18.8407645,
            50.29814639999999
          ],
          [
            18.8408157,
            50.29815049999999
          ],
          [
            18.8408155,
            50.29818410000001
          ],
          [
            18.8434239,
            50.298393899999986
          ]
        ]
      }
    },
    {
      "type": "Feature",
      "properties": {
        "source": "OpenStreetMap",
        "source_id": "way/686081339",
        "domain": "district_heating",
        "asset_type": "lines",
        "confidence": "medium",
        "missing_fields": [],
        "limitations": [
          "OSM district-heating infrastructure completeness varies significantly by area and operator.",
          "The committed contract fixture is not a complete Rybnik 35 km heat-network, capacity, pressure or flow model.",
          "Generic industrial buildings, chimneys, power equipment and pipelines without explicit heating semantics are excluded.",
          "No qualified official analytical district-heating-network vector feed is enabled; an empty district_heating.lines layer remains an explicit source gap.",
          "KIUT district-heating WMS is visual reference-only imagery and does not replace analytical vector artifacts."
        ],
        "eligible_for_analysis": true,
        "osm_tags": {
          "man_made": "pipeline",
          "location": "overground",
          "substance": "hot_water"
        }
      },
      "geometry": {
        "type": "LineString",
        "coordinates": [
          [
            18.8659863,
            50.3111902
          ],
          [
            18.8658943,
            50.3112451
          ],
          [
            18.8658703,
            50.3112446
          ],
          [
            18.8656991,
            50.31112469999999
          ]
        ]
      }
    },
    {
      "type": "Feature",
      "properties": {
        "source": "OpenStreetMap",
        "source_id": "way/686081341",
        "domain": "district_heating",
        "asset_type": "lines",
        "confidence": "medium",
        "missing_fields": [],
        "limitations": [
          "OSM district-heating infrastructure completeness varies significantly by area and operator.",
          "The committed contract fixture is not a complete Rybnik 35 km heat-network, capacity, pressure or flow model.",
          "Generic industrial buildings, chimneys, power equipment and pipelines without explicit heating semantics are excluded.",
          "No qualified official analytical district-heating-network vector feed is enabled; an empty district_heating.lines layer remains an explicit source gap.",
          "KIUT district-heating WMS is visual reference-only imagery and does not replace analytical vector artifacts."
        ],
        "eligible_for_analysis": true,
        "osm_tags": {
          "man_made": "pipeline",
          "location": "overground",
          "substance": "hot_water"
        }
      },
      "geometry": {
        "type": "LineString",
        "coordinates": [
          [
            18.8653134,
            50.310816499999994
          ],
          [
            18.865274,
            50.31084700000001
          ],
          [
            18.8653347,
            50.31088509999999
          ]
        ]
      }
    },
    {
      "type": "Feature",
      "properties": {
        "source": "OpenStreetMap",
        "source_id": "way/705452369",
        "domain": "district_heating",
        "asset_type": "lines",
        "confidence": "medium",
        "missing_fields": [],
        "limitations": [
          "OSM district-heating infrastructure completeness varies significantly by area and operator.",
          "The committed contract fixture is not a complete Rybnik 35 km heat-network, capacity, pressure or flow model.",
          "Generic industrial buildings, chimneys, power equipment and pipelines without explicit heating semantics are excluded.",
          "No qualified official analytical district-heating-network vector feed is enabled; an empty district_heating.lines layer remains an explicit source gap.",
          "KIUT district-heating WMS is visual reference-only imagery and does not replace analytical vector artifacts."
        ],
        "eligible_for_analysis": true,
        "osm_tags": {
          "man_made": "pipeline",
          "location": "overground",
          "substance": "hot_water"
        }
      },
      "geometry": {
        "type": "LineString",
        "coordinates": [
          [
            18.8567033,
            50.2839005
          ],
          [
            18.8568124,
            50.2832016
          ],
          [
            18.8569893,
            50.2831359
          ],
          [
            18.8571288,
            50.2831257
          ],
          [
            18.8572095,
            50.283095100000004
          ],
          [
            18.8572712,
            50.2830321
          ],
          [
            18.8578256,
            50.28282159999999
          ],
          [
            18.8578773,
            50.28286670000001
          ],
          [
            18.8578955,
            50.2828725
          ],
          [
            18.8579168,
            50.2828696
          ],
          [
            18.85807,
            50.2828093
          ],
          [
            18.8580807,
            50.28279920000001
          ],
          [
            18.8580792,
            50.28278869999999
          ],
          [
            18.8580351,
            50.2827445
          ],
          [
            18.8583981,
            50.282606900000005
          ],
          [
            18.8588413,
            50.2824403
          ],
          [
            18.8588867,
            50.2824852
          ],
          [
            18.8589056,
            50.28249129999999
          ],
          [
            18.8589258,
            50.2824908
          ],
          [
            18.858999100000002,
            50.2824619
          ],
          [
            18.859011,
            50.28245189999999
          ],
          [
            18.85901,
            50.28244
          ],
          [
            18.8589724,
            50.28239249999999
          ],
          [
            18.8594633,
            50.2822066
          ],
          [
            18.859872,
            50.282049799999996
          ],
          [
            18.860336,
            50.28188
          ],
          [
            18.8603902,
            50.28193910000001
          ],
          [
            18.8605143,
            50.28189410000001
          ],
          [
            18.8604578,
            50.281832599999994
          ],
          [
            18.8611379,
            50.281576
          ],
          [
            18.8611834,
            50.281623399999994
          ],
          [
            18.8611978,
            50.281629800000005
          ],
          [
            18.8612172,
            50.281630099999994
          ],
          [
            18.8613002,
            50.28159900000001
          ],
          [
            18.8613089,
            50.28158880000001
          ],
          [
            18.8613065,
            50.28157639999999
          ],
          [
            18.8612648,
            50.281531999999984
          ],
          [
            18.8616949,
            50.2813691
          ],
          [
            18.8619568,
            50.28141529999999
          ]
        ]
      }
    },
    {
      "type": "Feature",
      "properties": {
        "source": "OpenStreetMap",
        "source_id": "way/705452370",
        "domain": "district_heating",
        "asset_type": "lines",
        "confidence": "medium",
        "missing_fields": [],
        "limitations": [
          "OSM district-heating infrastructure completeness varies significantly by area and operator.",
          "The committed contract fixture is not a complete Rybnik 35 km heat-network, capacity, pressure or flow model.",
          "Generic industrial buildings, chimneys, power equipment and pipelines without explicit heating semantics are excluded.",
          "No qualified official analytical district-heating-network vector feed is enabled; an empty district_heating.lines layer remains an explicit source gap.",
          "KIUT district-heating WMS is visual reference-only imagery and does not replace analytical vector artifacts."
        ],
        "eligible_for_analysis": true,
        "osm_tags": {
          "man_made": "pipeline",
          "location": "overground",
          "substance": "hot_water"
        }
      },
      "geometry": {
        "type": "LineString",
        "coordinates": [
          [
            18.8619597,
            50.28140809999999
          ],
          [
            18.8616963,
            50.281360299999996
          ],
          [
            18.8612455,
            50.281529899999995
          ],
          [
            18.8612929,
            50.2815778
          ],
          [
            18.8612924,
            50.281587800000004
          ],
          [
            18.8612818,
            50.28159709999999
          ],
          [
            18.8612177,
            50.28162010000001
          ],
          [
            18.8612043,
            50.2816196
          ],
          [
            18.8611893,
            50.2816149
          ],
          [
            18.8611437,
            50.2815655
          ],
          [
            18.86044,
            50.2818299
          ],
          [
            18.8604964,
            50.2818918
          ],
          [
            18.8603961,
            50.281928099999995
          ],
          [
            18.8603394,
            50.2818695
          ],
          [
            18.8589555,
            50.2823903
          ],
          [
            18.8589918,
            50.2824368
          ],
          [
            18.8589939,
            50.28244769999999
          ],
          [
            18.8589825,
            50.2824574
          ],
          [
            18.8589227,
            50.2824813
          ],
          [
            18.8589077,
            50.282482099999996
          ],
          [
            18.8588966,
            50.28247719999999
          ],
          [
            18.8588475,
            50.282430100000006
          ],
          [
            18.8584012,
            50.28259699999999
          ],
          [
            18.8580261,
            50.2827372
          ],
          [
            18.8580229,
            50.28274589999999
          ],
          [
            18.8580594,
            50.28278379999998
          ],
          [
            18.8580634,
            50.282796099999985
          ],
          [
            18.8580546,
            50.282807999999996
          ],
          [
            18.8579185,
            50.282860500000005
          ],
          [
            18.8578988,
            50.28286130000001
          ],
          [
            18.8578829,
            50.28285629999999
          ],
          [
            18.8578358,
            50.2828148
          ],
          [
            18.8578221,
            50.28281359999999
          ],
          [
            18.8572647,
            50.2830262
          ],
          [
            18.8572021,
            50.2830896
          ],
          [
            18.8571224,
            50.28311959999999
          ],
          [
            18.8569777,
            50.283130500000006
          ],
          [
            18.8567981,
            50.28319619999999
          ],
          [
            18.8566883,
            50.2838988
          ]
        ]
      }
    },
    {
      "type": "Feature",
      "properties": {
        "source": "OpenStreetMap",
        "source_id": "way/705470816",
        "domain": "district_heating",
        "asset_type": "lines",
        "confidence": "medium",
        "missing_fields": [],
        "limitations": [
          "OSM district-heating infrastructure completeness varies significantly by area and operator.",
          "The committed contract fixture is not a complete Rybnik 35 km heat-network, capacity, pressure or flow model.",
          "Generic industrial buildings, chimneys, power equipment and pipelines without explicit heating semantics are excluded.",
          "No qualified official analytical district-heating-network vector feed is enabled; an empty district_heating.lines layer remains an explicit source gap.",
          "KIUT district-heating WMS is visual reference-only imagery and does not replace analytical vector artifacts."
        ],
        "eligible_for_analysis": true,
        "osm_tags": {
          "man_made": "pipeline",
          "location": "overground",
          "substance": "hot_water"
        }
      },
      "geometry": {
        "type": "LineString",
        "coordinates": [
          [
            18.8622079,
            50.3070432
          ],
          [
            18.8621769,
            50.30709689999999
          ],
          [
            18.8620762,
            50.30727120000001
          ],
          [
            18.8620441,
            50.3072843
          ],
          [
            18.8620085,
            50.3072769
          ],
          [
            18.861984,
            50.3072859
          ],
          [
            18.8619709,
            50.307310400000006
          ],
          [
            18.8619828,
            50.307327799999996
          ],
          [
            18.8620156,
            50.3073352
          ],
          [
            18.8620283,
            50.307359000000005
          ],
          [
            18.861858100000003,
            50.30765290000001
          ],
          [
            18.8617184,
            50.308091199999986
          ],
          [
            18.861693,
            50.308102299999995
          ],
          [
            18.8616645,
            50.3080999
          ],
          [
            18.8616422,
            50.3081084
          ],
          [
            18.8616338,
            50.308136
          ],
          [
            18.8616494,
            50.3081527
          ],
          [
            18.8616763,
            50.30815599999999
          ],
          [
            18.8616891,
            50.30817299999999
          ],
          [
            18.8616032,
            50.30849739999999
          ]
        ]
      }
    },
    {
      "type": "Feature",
      "properties": {
        "source": "OpenStreetMap",
        "source_id": "way/801628459",
        "domain": "district_heating",
        "asset_type": "lines",
        "confidence": "medium",
        "missing_fields": [],
        "limitations": [
          "OSM district-heating infrastructure completeness varies significantly by area and operator.",
          "The committed contract fixture is not a complete Rybnik 35 km heat-network, capacity, pressure or flow model.",
          "Generic industrial buildings, chimneys, power equipment and pipelines without explicit heating semantics are excluded.",
          "No qualified official analytical district-heating-network vector feed is enabled; an empty district_heating.lines layer remains an explicit source gap.",
          "KIUT district-heating WMS is visual reference-only imagery and does not replace analytical vector artifacts."
        ],
        "eligible_for_analysis": true,
        "osm_tags": {
          "man_made": "pipeline",
          "location": "underground",
          "layer": "-1",
          "substance": "hot_water"
        }
      },
      "geometry": {
        "type": "LineString",
        "coordinates": [
          [
            18.8558889,
            50.3040443
          ],
          [
            18.8557801,
            50.304045599999995
          ],
          [
            18.8557843,
            50.3041084
          ],
          [
            18.8554176,
            50.30411620000001
          ],
          [
            18.8552047,
            50.304135099999996
          ],
          [
            18.8547638,
            50.3041346
          ]
        ]
      }
    },
    {
      "type": "Feature",
      "properties": {
        "source": "OpenStreetMap",
        "source_id": "way/809292548",
        "domain": "district_heating",
        "asset_type": "lines",
        "confidence": "medium",
        "missing_fields": [],
        "limitations": [
          "OSM district-heating infrastructure completeness varies significantly by area and operator.",
          "The committed contract fixture is not a complete Rybnik 35 km heat-network, capacity, pressure or flow model.",
          "Generic industrial buildings, chimneys, power equipment and pipelines without explicit heating semantics are excluded.",
          "No qualified official analytical district-heating-network vector feed is enabled; an empty district_heating.lines layer remains an explicit source gap.",
          "KIUT district-heating WMS is visual reference-only imagery and does not replace analytical vector artifacts."
        ],
        "eligible_for_analysis": true,
        "osm_tags": {
          "man_made": "pipeline",
          "location": "overhead",
          "layer": "1",
          "substance": "hot_water"
        }
      },
      "geometry": {
        "type": "LineString",
        "coordinates": [
          [
            18.6817651,
            50.29303459999999
          ],
          [
            18.6816587,
            50.293147399999995
          ]
        ]
      }
    },
    {
      "type": "Feature",
      "properties": {
        "source": "OpenStreetMap",
        "source_id": "way/813175989",
        "domain": "district_heating",
        "asset_type": "lines",
        "confidence": "medium",
        "missing_fields": [],
        "limitations": [
          "OSM district-heating infrastructure completeness varies significantly by area and operator.",
          "The committed contract fixture is not a complete Rybnik 35 km heat-network, capacity, pressure or flow model.",
          "Generic industrial buildings, chimneys, power equipment and pipelines without explicit heating semantics are excluded.",
          "No qualified official analytical district-heating-network vector feed is enabled; an empty district_heating.lines layer remains an explicit source gap.",
          "KIUT district-heating WMS is visual reference-only imagery and does not replace analytical vector artifacts."
        ],
        "eligible_for_analysis": true,
        "osm_tags": {
          "man_made": "pipeline",
          "location": "overground",
          "substance": "heat"
        }
      },
      "geometry": {
        "type": "LineString",
        "coordinates": [
          [
            18.7115771,
            50.29037749999999
          ],
          [
            18.711431,
            50.291581300000004
          ],
          [
            18.7113924,
            50.29191010000001
          ],
          [
            18.711301,
            50.2926997
          ],
          [
            18.7117914,
            50.2927188
          ]
        ]
      }
    },
    {
      "type": "Feature",
      "properties": {
        "source": "OpenStreetMap",
        "source_id": "way/813175990",
        "domain": "district_heating",
        "asset_type": "lines",
        "confidence": "medium",
        "missing_fields": [],
        "limitations": [
          "OSM district-heating infrastructure completeness varies significantly by area and operator.",
          "The committed contract fixture is not a complete Rybnik 35 km heat-network, capacity, pressure or flow model.",
          "Generic industrial buildings, chimneys, power equipment and pipelines without explicit heating semantics are excluded.",
          "No qualified official analytical district-heating-network vector feed is enabled; an empty district_heating.lines layer remains an explicit source gap.",
          "KIUT district-heating WMS is visual reference-only imagery and does not replace analytical vector artifacts."
        ],
        "eligible_for_analysis": true,
        "osm_tags": {
          "man_made": "pipeline",
          "location": "overhead",
          "substance": "heat"
        }
      },
      "geometry": {
        "type": "LineString",
        "coordinates": [
          [
            18.7116506,
            50.2869809
          ],
          [
            18.7120084,
            50.2869449
          ]
        ]
      }
    },
    {
      "type": "Feature",
      "properties": {
        "source": "OpenStreetMap",
        "source_id": "way/813175991",
        "domain": "district_heating",
        "asset_type": "lines",
        "confidence": "medium",
        "missing_fields": [],
        "limitations": [
          "OSM district-heating infrastructure completeness varies significantly by area and operator.",
          "The committed contract fixture is not a complete Rybnik 35 km heat-network, capacity, pressure or flow model.",
          "Generic industrial buildings, chimneys, power equipment and pipelines without explicit heating semantics are excluded.",
          "No qualified official analytical district-heating-network vector feed is enabled; an empty district_heating.lines layer remains an explicit source gap.",
          "KIUT district-heating WMS is visual reference-only imagery and does not replace analytical vector artifacts."
        ],
        "eligible_for_analysis": true,
        "osm_tags": {
          "man_made": "pipeline",
          "location": "overground",
          "substance": "heat"
        }
      },
      "geometry": {
        "type": "LineString",
        "coordinates": [
          [
            18.7120084,
            50.2869449
          ],
          [
            18.7124491,
            50.2869006
          ]
        ]
      }
    },
    {
      "type": "Feature",
      "properties": {
        "source": "OpenStreetMap",
        "source_id": "way/813280472",
        "domain": "district_heating",
        "asset_type": "lines",
        "confidence": "medium",
        "missing_fields": [],
        "limitations": [
          "OSM district-heating infrastructure completeness varies significantly by area and operator.",
          "The committed contract fixture is not a complete Rybnik 35 km heat-network, capacity, pressure or flow model.",
          "Generic industrial buildings, chimneys, power equipment and pipelines without explicit heating semantics are excluded.",
          "No qualified official analytical district-heating-network vector feed is enabled; an empty district_heating.lines layer remains an explicit source gap.",
          "KIUT district-heating WMS is visual reference-only imagery and does not replace analytical vector artifacts."
        ],
        "eligible_for_analysis": true,
        "osm_tags": {
          "man_made": "pipeline",
          "location": "overhead",
          "substance": "hot_water"
        }
      },
      "geometry": {
        "type": "LineString",
        "coordinates": [
          [
            18.8674589,
            50.3121134
          ],
          [
            18.8673978,
            50.31205049999999
          ]
        ]
      }
    },
    {
      "type": "Feature",
      "properties": {
        "source": "OpenStreetMap",
        "source_id": "way/813280473",
        "domain": "district_heating",
        "asset_type": "lines",
        "confidence": "medium",
        "missing_fields": [],
        "limitations": [
          "OSM district-heating infrastructure completeness varies significantly by area and operator.",
          "The committed contract fixture is not a complete Rybnik 35 km heat-network, capacity, pressure or flow model.",
          "Generic industrial buildings, chimneys, power equipment and pipelines without explicit heating semantics are excluded.",
          "No qualified official analytical district-heating-network vector feed is enabled; an empty district_heating.lines layer remains an explicit source gap.",
          "KIUT district-heating WMS is visual reference-only imagery and does not replace analytical vector artifacts."
        ],
        "eligible_for_analysis": true,
        "osm_tags": {
          "man_made": "pipeline",
          "location": "overground",
          "substance": "hot_water"
        }
      },
      "geometry": {
        "type": "LineString",
        "coordinates": [
          [
            18.8673978,
            50.31205049999999
          ],
          [
            18.8671703,
            50.3118057
          ],
          [
            18.86713,
            50.311785
          ],
          [
            18.8671003,
            50.31178649999999
          ],
          [
            18.8670809,
            50.31179989999999
          ],
          [
            18.8670459,
            50.3118018
          ],
          [
            18.8670102,
            50.311781800000006
          ],
          [
            18.8670104,
            50.3117654
          ],
          [
            18.8670256,
            50.311752099999985
          ],
          [
            18.8670233,
            50.31173480000001
          ],
          [
            18.8669499,
            50.311697200000005
          ],
          [
            18.8668411,
            50.31164219999999
          ],
          [
            18.8662823,
            50.311357400000006
          ],
          [
            18.8661481,
            50.31129469999999
          ],
          [
            18.8661123,
            50.31129680000001
          ],
          [
            18.8660931,
            50.311309200000004
          ],
          [
            18.8660645,
            50.311312099999995
          ],
          [
            18.8660365,
            50.31129729999999
          ],
          [
            18.8660353,
            50.311279799999994
          ],
          [
            18.8660621,
            50.31125850000001
          ],
          [
            18.866057,
            50.3112362
          ],
          [
            18.8659863,
            50.3111902
          ],
          [
            18.8658435,
            50.311084499999986
          ],
          [
            18.8657667,
            50.311033800000004
          ]
        ]
      }
    },
    {
      "type": "Feature",
      "properties": {
        "source": "OpenStreetMap",
        "source_id": "way/820368235",
        "domain": "district_heating",
        "asset_type": "lines",
        "confidence": "medium",
        "missing_fields": [],
        "limitations": [
          "OSM district-heating infrastructure completeness varies significantly by area and operator.",
          "The committed contract fixture is not a complete Rybnik 35 km heat-network, capacity, pressure or flow model.",
          "Generic industrial buildings, chimneys, power equipment and pipelines without explicit heating semantics are excluded.",
          "No qualified official analytical district-heating-network vector feed is enabled; an empty district_heating.lines layer remains an explicit source gap.",
          "KIUT district-heating WMS is visual reference-only imagery and does not replace analytical vector artifacts."
        ],
        "eligible_for_analysis": true,
        "osm_tags": {
          "man_made": "pipeline",
          "location": "bridge",
          "substance": "hot_water"
        }
      },
      "geometry": {
        "type": "LineString",
        "coordinates": [
          [
            18.8451551,
            50.2961583
          ],
          [
            18.8451161,
            50.29591479999999
          ]
        ]
      }
    },
    {
      "type": "Feature",
      "properties": {
        "source": "OpenStreetMap",
        "source_id": "way/820368236",
        "domain": "district_heating",
        "asset_type": "lines",
        "confidence": "medium",
        "missing_fields": [],
        "limitations": [
          "OSM district-heating infrastructure completeness varies significantly by area and operator.",
          "The committed contract fixture is not a complete Rybnik 35 km heat-network, capacity, pressure or flow model.",
          "Generic industrial buildings, chimneys, power equipment and pipelines without explicit heating semantics are excluded.",
          "No qualified official analytical district-heating-network vector feed is enabled; an empty district_heating.lines layer remains an explicit source gap.",
          "KIUT district-heating WMS is visual reference-only imagery and does not replace analytical vector artifacts."
        ],
        "eligible_for_analysis": true,
        "osm_tags": {
          "man_made": "pipeline",
          "location": "overground",
          "substance": "hot_water"
        }
      },
      "geometry": {
        "type": "LineString",
        "coordinates": [
          [
            18.8451551,
            50.2961583
          ],
          [
            18.8451572,
            50.29617389999999
          ]
        ]
      }
    },
    {
      "type": "Feature",
      "properties": {
        "source": "OpenStreetMap",
        "source_id": "way/820368237",
        "domain": "district_heating",
        "asset_type": "lines",
        "confidence": "medium",
        "missing_fields": [],
        "limitations": [
          "OSM district-heating infrastructure completeness varies significantly by area and operator.",
          "The committed contract fixture is not a complete Rybnik 35 km heat-network, capacity, pressure or flow model.",
          "Generic industrial buildings, chimneys, power equipment and pipelines without explicit heating semantics are excluded.",
          "No qualified official analytical district-heating-network vector feed is enabled; an empty district_heating.lines layer remains an explicit source gap.",
          "KIUT district-heating WMS is visual reference-only imagery and does not replace analytical vector artifacts."
        ],
        "eligible_for_analysis": true,
        "osm_tags": {
          "man_made": "pipeline",
          "location": "overground",
          "substance": "hot_water"
        }
      },
      "geometry": {
        "type": "LineString",
        "coordinates": [
          [
            18.8451161,
            50.29591479999999
          ],
          [
            18.845112600000004,
            50.29589429999999
          ]
        ]
      }
    },
    {
      "type": "Feature",
      "properties": {
        "source": "OpenStreetMap",
        "source_id": "way/821345144",
        "domain": "district_heating",
        "asset_type": "lines",
        "confidence": "medium",
        "missing_fields": [],
        "limitations": [
          "OSM district-heating infrastructure completeness varies significantly by area and operator.",
          "The committed contract fixture is not a complete Rybnik 35 km heat-network, capacity, pressure or flow model.",
          "Generic industrial buildings, chimneys, power equipment and pipelines without explicit heating semantics are excluded.",
          "No qualified official analytical district-heating-network vector feed is enabled; an empty district_heating.lines layer remains an explicit source gap.",
          "KIUT district-heating WMS is visual reference-only imagery and does not replace analytical vector artifacts."
        ],
        "eligible_for_analysis": true,
        "osm_tags": {
          "man_made": "pipeline",
          "location": "underground",
          "layer": "-1",
          "substance": "heat"
        }
      },
      "geometry": {
        "type": "LineString",
        "coordinates": [
          [
            18.845796,
            50.29849099999999
          ],
          [
            18.84611,
            50.2984906
          ],
          [
            18.8461098,
            50.2984376
          ],
          [
            18.846173100000005,
            50.2984375
          ],
          [
            18.8461735,
            50.2985344
          ]
        ]
      }
    },
    {
      "type": "Feature",
      "properties": {
        "source": "OpenStreetMap",
        "source_id": "way/931740694",
        "domain": "district_heating",
        "asset_type": "lines",
        "confidence": "medium",
        "missing_fields": [],
        "limitations": [
          "OSM district-heating infrastructure completeness varies significantly by area and operator.",
          "The committed contract fixture is not a complete Rybnik 35 km heat-network, capacity, pressure or flow model.",
          "Generic industrial buildings, chimneys, power equipment and pipelines without explicit heating semantics are excluded.",
          "No qualified official analytical district-heating-network vector feed is enabled; an empty district_heating.lines layer remains an explicit source gap.",
          "KIUT district-heating WMS is visual reference-only imagery and does not replace analytical vector artifacts."
        ],
        "eligible_for_analysis": true,
        "osm_tags": {
          "man_made": "pipeline",
          "location": "overground",
          "substance": "heat"
        }
      },
      "geometry": {
        "type": "LineString",
        "coordinates": [
          [
            18.5446569,
            50.0737344
          ],
          [
            18.5446905,
            50.073786
          ],
          [
            18.544552200000002,
            50.073817699999985
          ],
          [
            18.5451265,
            50.074977
          ],
          [
            18.5449964,
            50.075324099999996
          ],
          [
            18.5445746,
            50.07550619999999
          ],
          [
            18.5446223,
            50.0758233
          ],
          [
            18.544463100000005,
            50.0765764
          ],
          [
            18.5443005,
            50.0765586
          ],
          [
            18.5438444,
            50.077303300000004
          ],
          [
            18.5438495,
            50.07740270000001
          ],
          [
            18.5436621,
            50.07740919999999
          ]
        ]
      }
    },
    {
      "type": "Feature",
      "properties": {
        "source": "OpenStreetMap",
        "source_id": "way/931740695",
        "domain": "district_heating",
        "asset_type": "lines",
        "confidence": "medium",
        "missing_fields": [],
        "limitations": [
          "OSM district-heating infrastructure completeness varies significantly by area and operator.",
          "The committed contract fixture is not a complete Rybnik 35 km heat-network, capacity, pressure or flow model.",
          "Generic industrial buildings, chimneys, power equipment and pipelines without explicit heating semantics are excluded.",
          "No qualified official analytical district-heating-network vector feed is enabled; an empty district_heating.lines layer remains an explicit source gap.",
          "KIUT district-heating WMS is visual reference-only imagery and does not replace analytical vector artifacts."
        ],
        "eligible_for_analysis": true,
        "osm_tags": {
          "man_made": "pipeline",
          "location": "overground",
          "substance": "heat"
        }
      },
      "geometry": {
        "type": "LineString",
        "coordinates": [
          [
            18.5441115,
            50.07886349999999
          ],
          [
            18.5442321,
            50.07925980000001
          ],
          [
            18.544246300000005,
            50.07934459999999
          ],
          [
            18.5442465,
            50.07944619999999
          ]
        ]
      }
    },
    {
      "type": "Feature",
      "properties": {
        "source": "OpenStreetMap",
        "source_id": "way/931740696",
        "domain": "district_heating",
        "asset_type": "lines",
        "confidence": "medium",
        "missing_fields": [],
        "limitations": [
          "OSM district-heating infrastructure completeness varies significantly by area and operator.",
          "The committed contract fixture is not a complete Rybnik 35 km heat-network, capacity, pressure or flow model.",
          "Generic industrial buildings, chimneys, power equipment and pipelines without explicit heating semantics are excluded.",
          "No qualified official analytical district-heating-network vector feed is enabled; an empty district_heating.lines layer remains an explicit source gap.",
          "KIUT district-heating WMS is visual reference-only imagery and does not replace analytical vector artifacts."
        ],
        "eligible_for_analysis": true,
        "osm_tags": {
          "man_made": "pipeline",
          "location": "underground",
          "layer": "-1",
          "substance": "heat"
        }
      },
      "geometry": {
        "type": "LineString",
        "coordinates": [
          [
            18.5436621,
            50.07740919999999
          ],
          [
            18.543665,
            50.0775646
          ],
          [
            18.5436677,
            50.07758659999999
          ],
          [
            18.5437097,
            50.0777277
          ],
          [
            18.5437798,
            50.077888800000004
          ],
          [
            18.543917,
            50.0783016
          ],
          [
            18.5441115,
            50.07886349999999
          ]
        ]
      }
    },
    {
      "type": "Feature",
      "properties": {
        "source": "OpenStreetMap",
        "source_id": "way/931740697",
        "domain": "district_heating",
        "asset_type": "lines",
        "confidence": "medium",
        "missing_fields": [],
        "limitations": [
          "OSM district-heating infrastructure completeness varies significantly by area and operator.",
          "The committed contract fixture is not a complete Rybnik 35 km heat-network, capacity, pressure or flow model.",
          "Generic industrial buildings, chimneys, power equipment and pipelines without explicit heating semantics are excluded.",
          "No qualified official analytical district-heating-network vector feed is enabled; an empty district_heating.lines layer remains an explicit source gap.",
          "KIUT district-heating WMS is visual reference-only imagery and does not replace analytical vector artifacts."
        ],
        "eligible_for_analysis": true,
        "osm_tags": {
          "man_made": "pipeline",
          "location": "underground",
          "layer": "-1",
          "substance": "heat"
        }
      },
      "geometry": {
        "type": "LineString",
        "coordinates": [
          [
            18.5436943,
            50.07773069999999
          ],
          [
            18.5436465,
            50.077566399999995
          ],
          [
            18.5436506,
            50.0774046
          ]
        ]
      }
    },
    {
      "type": "Feature",
      "properties": {
        "source": "OpenStreetMap",
        "source_id": "way/931740698",
        "domain": "district_heating",
        "asset_type": "lines",
        "confidence": "medium",
        "missing_fields": [],
        "limitations": [
          "OSM district-heating infrastructure completeness varies significantly by area and operator.",
          "The committed contract fixture is not a complete Rybnik 35 km heat-network, capacity, pressure or flow model.",
          "Generic industrial buildings, chimneys, power equipment and pipelines without explicit heating semantics are excluded.",
          "No qualified official analytical district-heating-network vector feed is enabled; an empty district_heating.lines layer remains an explicit source gap.",
          "KIUT district-heating WMS is visual reference-only imagery and does not replace analytical vector artifacts."
        ],
        "eligible_for_analysis": true,
        "osm_tags": {
          "man_made": "pipeline",
          "location": "overground",
          "substance": "heat"
        }
      },
      "geometry": {
        "type": "LineString",
        "coordinates": [
          [
            18.5436506,
            50.0774046
          ],
          [
            18.5438399,
            50.0773968
          ],
          [
            18.5438336,
            50.0773001
          ],
          [
            18.5442933,
            50.076547699999985
          ],
          [
            18.5444542,
            50.076567100000005
          ],
          [
            18.5446111,
            50.0758226
          ],
          [
            18.5445622,
            50.07550239999999
          ],
          [
            18.54499,
            50.07531949999999
          ],
          [
            18.5451127,
            50.074978299999984
          ],
          [
            18.54454,
            50.073814600000006
          ],
          [
            18.5446789,
            50.0737823
          ],
          [
            18.5446473,
            50.07373619999999
          ]
        ]
      }
    },
    {
      "type": "Feature",
      "properties": {
        "source": "OpenStreetMap",
        "source_id": "way/931740699",
        "domain": "district_heating",
        "asset_type": "lines",
        "confidence": "medium",
        "missing_fields": [],
        "limitations": [
          "OSM district-heating infrastructure completeness varies significantly by area and operator.",
          "The committed contract fixture is not a complete Rybnik 35 km heat-network, capacity, pressure or flow model.",
          "Generic industrial buildings, chimneys, power equipment and pipelines without explicit heating semantics are excluded.",
          "No qualified official analytical district-heating-network vector feed is enabled; an empty district_heating.lines layer remains an explicit source gap.",
          "KIUT district-heating WMS is visual reference-only imagery and does not replace analytical vector artifacts."
        ],
        "eligible_for_analysis": true,
        "osm_tags": {
          "man_made": "pipeline",
          "location": "overground",
          "substance": "heat"
        }
      },
      "geometry": {
        "type": "LineString",
        "coordinates": [
          [
            18.5442038,
            50.0858283
          ],
          [
            18.5442345,
            50.0858175
          ],
          [
            18.5439371,
            50.08553739999999
          ],
          [
            18.5440778,
            50.085468799999994
          ],
          [
            18.5439903,
            50.084900899999994
          ],
          [
            18.5449343,
            50.084796999999995
          ],
          [
            18.545091,
            50.08477769999999
          ],
          [
            18.5450343,
            50.0845319
          ]
        ]
      }
    },
    {
      "type": "Feature",
      "properties": {
        "source": "OpenStreetMap",
        "source_id": "way/931740700",
        "domain": "district_heating",
        "asset_type": "lines",
        "confidence": "medium",
        "missing_fields": [],
        "limitations": [
          "OSM district-heating infrastructure completeness varies significantly by area and operator.",
          "The committed contract fixture is not a complete Rybnik 35 km heat-network, capacity, pressure or flow model.",
          "Generic industrial buildings, chimneys, power equipment and pipelines without explicit heating semantics are excluded.",
          "No qualified official analytical district-heating-network vector feed is enabled; an empty district_heating.lines layer remains an explicit source gap.",
          "KIUT district-heating WMS is visual reference-only imagery and does not replace analytical vector artifacts."
        ],
        "eligible_for_analysis": true,
        "osm_tags": {
          "man_made": "pipeline",
          "location": "overground",
          "substance": "heat"
        }
      },
      "geometry": {
        "type": "LineString",
        "coordinates": [
          [
            18.5450343,
            50.0845319
          ],
          [
            18.5448476,
            50.08374559999999
          ]
        ]
      }
    },
    {
      "type": "Feature",
      "properties": {
        "source": "OpenStreetMap",
        "source_id": "way/931740701",
        "domain": "district_heating",
        "asset_type": "lines",
        "confidence": "medium",
        "missing_fields": [],
        "limitations": [
          "OSM district-heating infrastructure completeness varies significantly by area and operator.",
          "The committed contract fixture is not a complete Rybnik 35 km heat-network, capacity, pressure or flow model.",
          "Generic industrial buildings, chimneys, power equipment and pipelines without explicit heating semantics are excluded.",
          "No qualified official analytical district-heating-network vector feed is enabled; an empty district_heating.lines layer remains an explicit source gap.",
          "KIUT district-heating WMS is visual reference-only imagery and does not replace analytical vector artifacts."
        ],
        "eligible_for_analysis": true,
        "osm_tags": {
          "man_made": "pipeline",
          "location": "underground",
          "layer": "-1",
          "substance": "heat"
        }
      },
      "geometry": {
        "type": "LineString",
        "coordinates": [
          [
            18.5448476,
            50.08374559999999
          ],
          [
            18.544832600000003,
            50.083667199999994
          ],
          [
            18.5449163,
            50.08365679999999
          ]
        ]
      }
    },
    {
      "type": "Feature",
      "properties": {
        "source": "OpenStreetMap",
        "source_id": "way/931740702",
        "domain": "district_heating",
        "asset_type": "lines",
        "confidence": "medium",
        "missing_fields": [],
        "limitations": [
          "OSM district-heating infrastructure completeness varies significantly by area and operator.",
          "The committed contract fixture is not a complete Rybnik 35 km heat-network, capacity, pressure or flow model.",
          "Generic industrial buildings, chimneys, power equipment and pipelines without explicit heating semantics are excluded.",
          "No qualified official analytical district-heating-network vector feed is enabled; an empty district_heating.lines layer remains an explicit source gap.",
          "KIUT district-heating WMS is visual reference-only imagery and does not replace analytical vector artifacts."
        ],
        "eligible_for_analysis": true,
        "osm_tags": {
          "man_made": "pipeline",
          "location": "underground",
          "layer": "-1",
          "substance": "heat"
        }
      },
      "geometry": {
        "type": "LineString",
        "coordinates": [
          [
            18.544919300000004,
            50.0836657
          ],
          [
            18.5448436,
            50.08367299999999
          ],
          [
            18.54486,
            50.08374390000001
          ]
        ]
      }
    },
    {
      "type": "Feature",
      "properties": {
        "source": "OpenStreetMap",
        "source_id": "way/931740703",
        "domain": "district_heating",
        "asset_type": "lines",
        "confidence": "medium",
        "missing_fields": [],
        "limitations": [
          "OSM district-heating infrastructure completeness varies significantly by area and operator.",
          "The committed contract fixture is not a complete Rybnik 35 km heat-network, capacity, pressure or flow model.",
          "Generic industrial buildings, chimneys, power equipment and pipelines without explicit heating semantics are excluded.",
          "No qualified official analytical district-heating-network vector feed is enabled; an empty district_heating.lines layer remains an explicit source gap.",
          "KIUT district-heating WMS is visual reference-only imagery and does not replace analytical vector artifacts."
        ],
        "eligible_for_analysis": true,
        "osm_tags": {
          "man_made": "pipeline",
          "location": "overground",
          "substance": "heat"
        }
      },
      "geometry": {
        "type": "LineString",
        "coordinates": [
          [
            18.54486,
            50.08374390000001
          ],
          [
            18.5450557,
            50.08452929999999
          ]
        ]
      }
    },
    {
      "type": "Feature",
      "properties": {
        "source": "OpenStreetMap",
        "source_id": "way/931740704",
        "domain": "district_heating",
        "asset_type": "lines",
        "confidence": "medium",
        "missing_fields": [],
        "limitations": [
          "OSM district-heating infrastructure completeness varies significantly by area and operator.",
          "The committed contract fixture is not a complete Rybnik 35 km heat-network, capacity, pressure or flow model.",
          "Generic industrial buildings, chimneys, power equipment and pipelines without explicit heating semantics are excluded.",
          "No qualified official analytical district-heating-network vector feed is enabled; an empty district_heating.lines layer remains an explicit source gap.",
          "KIUT district-heating WMS is visual reference-only imagery and does not replace analytical vector artifacts."
        ],
        "eligible_for_analysis": true,
        "osm_tags": {
          "man_made": "pipeline",
          "location": "overground",
          "substance": "heat"
        }
      },
      "geometry": {
        "type": "LineString",
        "coordinates": [
          [
            18.5442155,
            50.08583999999999
          ],
          [
            18.5442531,
            50.0858259
          ],
          [
            18.5439598,
            50.08553919999999
          ],
          [
            18.5440966,
            50.08547319999999
          ],
          [
            18.5440092,
            50.0849072
          ],
          [
            18.5451154,
            50.08478190000001
          ],
          [
            18.5450557,
            50.08452929999999
          ]
        ]
      }
    },
    {
      "type": "Feature",
      "properties": {
        "source": "OpenStreetMap",
        "source_id": "way/951232271",
        "domain": "district_heating",
        "asset_type": "lines",
        "confidence": "medium",
        "missing_fields": [],
        "limitations": [
          "OSM district-heating infrastructure completeness varies significantly by area and operator.",
          "The committed contract fixture is not a complete Rybnik 35 km heat-network, capacity, pressure or flow model.",
          "Generic industrial buildings, chimneys, power equipment and pipelines without explicit heating semantics are excluded.",
          "No qualified official analytical district-heating-network vector feed is enabled; an empty district_heating.lines layer remains an explicit source gap.",
          "KIUT district-heating WMS is visual reference-only imagery and does not replace analytical vector artifacts."
        ],
        "eligible_for_analysis": true,
        "osm_tags": {
          "man_made": "pipeline",
          "location": "overground",
          "substance": "hot_water"
        }
      },
      "geometry": {
        "type": "LineString",
        "coordinates": [
          [
            18.8706096,
            50.314119100000006
          ],
          [
            18.8702569,
            50.3138668
          ],
          [
            18.8702274,
            50.3138644
          ],
          [
            18.8702018,
            50.313875700000004
          ],
          [
            18.8701722,
            50.3138736
          ],
          [
            18.8701454,
            50.3138529
          ],
          [
            18.8701517,
            50.313833
          ],
          [
            18.8701715,
            50.313821700000005
          ],
          [
            18.870175100000004,
            50.31380649999999
          ],
          [
            18.8697389,
            50.313467900000006
          ],
          [
            18.8695885,
            50.31339409999999
          ],
          [
            18.8694284,
            50.3133236
          ]
        ]
      }
    },
    {
      "type": "Feature",
      "properties": {
        "source": "OpenStreetMap",
        "source_id": "way/951232272",
        "domain": "district_heating",
        "asset_type": "lines",
        "confidence": "medium",
        "missing_fields": [],
        "limitations": [
          "OSM district-heating infrastructure completeness varies significantly by area and operator.",
          "The committed contract fixture is not a complete Rybnik 35 km heat-network, capacity, pressure or flow model.",
          "Generic industrial buildings, chimneys, power equipment and pipelines without explicit heating semantics are excluded.",
          "No qualified official analytical district-heating-network vector feed is enabled; an empty district_heating.lines layer remains an explicit source gap.",
          "KIUT district-heating WMS is visual reference-only imagery and does not replace analytical vector artifacts."
        ],
        "eligible_for_analysis": true,
        "osm_tags": {
          "man_made": "pipeline",
          "location": "overhead",
          "substance": "hot_water"
        }
      },
      "geometry": {
        "type": "LineString",
        "coordinates": [
          [
            18.8694284,
            50.3133236
          ],
          [
            18.8693361,
            50.3132812
          ]
        ]
      }
    },
    {
      "type": "Feature",
      "properties": {
        "source": "OpenStreetMap",
        "source_id": "way/956078914",
        "domain": "district_heating",
        "asset_type": "lines",
        "confidence": "medium",
        "missing_fields": [],
        "limitations": [
          "OSM district-heating infrastructure completeness varies significantly by area and operator.",
          "The committed contract fixture is not a complete Rybnik 35 km heat-network, capacity, pressure or flow model.",
          "Generic industrial buildings, chimneys, power equipment and pipelines without explicit heating semantics are excluded.",
          "No qualified official analytical district-heating-network vector feed is enabled; an empty district_heating.lines layer remains an explicit source gap.",
          "KIUT district-heating WMS is visual reference-only imagery and does not replace analytical vector artifacts."
        ],
        "eligible_for_analysis": true,
        "osm_tags": {
          "man_made": "pipeline",
          "location": "overhead",
          "substance": "hot_water"
        }
      },
      "geometry": {
        "type": "LineString",
        "coordinates": [
          [
            18.8408983,
            50.34696100000001
          ],
          [
            18.8408356,
            50.34693850000001
          ],
          [
            18.8410118,
            50.3467295
          ],
          [
            18.8418914,
            50.34704019999999
          ]
        ]
      }
    },
    {
      "type": "Feature",
      "properties": {
        "source": "OpenStreetMap",
        "source_id": "way/957033659",
        "domain": "district_heating",
        "asset_type": "lines",
        "confidence": "medium",
        "missing_fields": [],
        "limitations": [
          "OSM district-heating infrastructure completeness varies significantly by area and operator.",
          "The committed contract fixture is not a complete Rybnik 35 km heat-network, capacity, pressure or flow model.",
          "Generic industrial buildings, chimneys, power equipment and pipelines without explicit heating semantics are excluded.",
          "No qualified official analytical district-heating-network vector feed is enabled; an empty district_heating.lines layer remains an explicit source gap.",
          "KIUT district-heating WMS is visual reference-only imagery and does not replace analytical vector artifacts."
        ],
        "eligible_for_analysis": true,
        "osm_tags": {
          "man_made": "pipeline",
          "substance": "heat"
        }
      },
      "geometry": {
        "type": "LineString",
        "coordinates": [
          [
            18.5386962,
            50.08865990000001
          ],
          [
            18.5381535,
            50.0887619
          ],
          [
            18.5379258,
            50.0888047
          ],
          [
            18.5379116,
            50.0887329
          ],
          [
            18.5375437,
            50.0887747
          ],
          [
            18.5370518,
            50.08877859999998
          ]
        ]
      }
    },
    {
      "type": "Feature",
      "properties": {
        "source": "OpenStreetMap",
        "source_id": "way/957033661",
        "domain": "district_heating",
        "asset_type": "lines",
        "confidence": "medium",
        "missing_fields": [],
        "limitations": [
          "OSM district-heating infrastructure completeness varies significantly by area and operator.",
          "The committed contract fixture is not a complete Rybnik 35 km heat-network, capacity, pressure or flow model.",
          "Generic industrial buildings, chimneys, power equipment and pipelines without explicit heating semantics are excluded.",
          "No qualified official analytical district-heating-network vector feed is enabled; an empty district_heating.lines layer remains an explicit source gap.",
          "KIUT district-heating WMS is visual reference-only imagery and does not replace analytical vector artifacts."
        ],
        "eligible_for_analysis": true,
        "osm_tags": {
          "man_made": "pipeline",
          "layer": "1",
          "substance": "heat"
        }
      },
      "geometry": {
        "type": "LineString",
        "coordinates": [
          [
            18.5389422,
            50.08860899999999
          ],
          [
            18.5387283,
            50.08865329999999
          ],
          [
            18.5386962,
            50.08865990000001
          ]
        ]
      }
    },
    {
      "type": "Feature",
      "properties": {
        "source": "OpenStreetMap",
        "source_id": "way/1023156927",
        "domain": "district_heating",
        "asset_type": "lines",
        "confidence": "medium",
        "missing_fields": [],
        "limitations": [
          "OSM district-heating infrastructure completeness varies significantly by area and operator.",
          "The committed contract fixture is not a complete Rybnik 35 km heat-network, capacity, pressure or flow model.",
          "Generic industrial buildings, chimneys, power equipment and pipelines without explicit heating semantics are excluded.",
          "No qualified official analytical district-heating-network vector feed is enabled; an empty district_heating.lines layer remains an explicit source gap.",
          "KIUT district-heating WMS is visual reference-only imagery and does not replace analytical vector artifacts."
        ],
        "eligible_for_analysis": true,
        "osm_tags": {
          "man_made": "pipeline",
          "location": "overground",
          "substance": "hot_water"
        }
      },
      "geometry": {
        "type": "LineString",
        "coordinates": [
          [
            18.7714915,
            50.304311999999996
          ],
          [
            18.7706487,
            50.304223900000004
          ],
          [
            18.7706577,
            50.3041887
          ],
          [
            18.7706084,
            50.3041835
          ],
          [
            18.7705995,
            50.30421809999999
          ],
          [
            18.7695714,
            50.3041065
          ],
          [
            18.7695796,
            50.304070200000005
          ],
          [
            18.7695254,
            50.3040646
          ],
          [
            18.7695165,
            50.304099599999994
          ],
          [
            18.7691973,
            50.3040663
          ],
          [
            18.7687492,
            50.30399439999999
          ],
          [
            18.768765,
            50.30395999999999
          ],
          [
            18.768715,
            50.30395059999999
          ],
          [
            18.7686975,
            50.30398850000001
          ],
          [
            18.7673049,
            50.30372650000001
          ],
          [
            18.7673213,
            50.3036911
          ],
          [
            18.7672752,
            50.3036824
          ],
          [
            18.7672591,
            50.3037173
          ],
          [
            18.7666659,
            50.303605899999994
          ]
        ]
      }
    },
    {
      "type": "Feature",
      "properties": {
        "source": "OpenStreetMap",
        "source_id": "way/1046437023",
        "domain": "district_heating",
        "asset_type": "lines",
        "confidence": "medium",
        "missing_fields": [],
        "limitations": [
          "OSM district-heating infrastructure completeness varies significantly by area and operator.",
          "The committed contract fixture is not a complete Rybnik 35 km heat-network, capacity, pressure or flow model.",
          "Generic industrial buildings, chimneys, power equipment and pipelines without explicit heating semantics are excluded.",
          "No qualified official analytical district-heating-network vector feed is enabled; an empty district_heating.lines layer remains an explicit source gap.",
          "KIUT district-heating WMS is visual reference-only imagery and does not replace analytical vector artifacts."
        ],
        "eligible_for_analysis": true,
        "osm_tags": {
          "man_made": "pipeline",
          "substance": "hot_water"
        }
      },
      "geometry": {
        "type": "LineString",
        "coordinates": [
          [
            18.4115378,
            50.0553016
          ],
          [
            18.4122984,
            50.055455300000006
          ],
          [
            18.4126894,
            50.055513499999996
          ],
          [
            18.412957,
            50.05551619999999
          ],
          [
            18.4130689,
            50.055517099999996
          ],
          [
            18.4130675,
            50.0555326
          ],
          [
            18.413076,
            50.05554709999999
          ],
          [
            18.4130973,
            50.055549899999995
          ],
          [
            18.4131171,
            50.0555462
          ],
          [
            18.4131213,
            50.0555262
          ],
          [
            18.4131327,
            50.055512599999986
          ],
          [
            18.413495200000003,
            50.05551439999999
          ],
          [
            18.4138819,
            50.0555481
          ],
          [
            18.4138946,
            50.0555581
          ],
          [
            18.4138904,
            50.05558169999999
          ],
          [
            18.4139116,
            50.0555917
          ],
          [
            18.4139315,
            50.0555917
          ],
          [
            18.4139453,
            50.055574099999994
          ],
          [
            18.4139499,
            50.055562599999995
          ],
          [
            18.4139768,
            50.0555581
          ],
          [
            18.4143514,
            50.05558899999999
          ],
          [
            18.4150851,
            50.05559259999999
          ],
          [
            18.4155172,
            50.0555899
          ],
          [
            18.4159945,
            50.05564629999999
          ],
          [
            18.4159945,
            50.0556263
          ],
          [
            18.4160144,
            50.05561719999999
          ],
          [
            18.4160342,
            50.05562259999999
          ],
          [
            18.4160342,
            50.055649
          ],
          [
            18.4168862,
            50.05573900000001
          ],
          [
            18.4168876,
            50.055718999999996
          ],
          [
            18.4169188,
            50.05571900000001
          ],
          [
            18.416923,
            50.055749899999995
          ],
          [
            18.4174301,
            50.05580090000001
          ]
        ]
      }
    },
    {
      "type": "Feature",
      "properties": {
        "source": "OpenStreetMap",
        "source_id": "way/1068198605",
        "domain": "district_heating",
        "asset_type": "lines",
        "confidence": "medium",
        "missing_fields": [],
        "limitations": [
          "OSM district-heating infrastructure completeness varies significantly by area and operator.",
          "The committed contract fixture is not a complete Rybnik 35 km heat-network, capacity, pressure or flow model.",
          "Generic industrial buildings, chimneys, power equipment and pipelines without explicit heating semantics are excluded.",
          "No qualified official analytical district-heating-network vector feed is enabled; an empty district_heating.lines layer remains an explicit source gap.",
          "KIUT district-heating WMS is visual reference-only imagery and does not replace analytical vector artifacts."
        ],
        "eligible_for_analysis": true,
        "osm_tags": {
          "man_made": "pipeline",
          "location": "overground",
          "substance": "heat"
        }
      },
      "geometry": {
        "type": "LineString",
        "coordinates": [
          [
            18.4780436,
            49.822992199999995
          ],
          [
            18.4784648,
            49.8230529
          ]
        ]
      }
    },
    {
      "type": "Feature",
      "properties": {
        "source": "OpenStreetMap",
        "source_id": "way/1068198606",
        "domain": "district_heating",
        "asset_type": "lines",
        "confidence": "medium",
        "missing_fields": [],
        "limitations": [
          "OSM district-heating infrastructure completeness varies significantly by area and operator.",
          "The committed contract fixture is not a complete Rybnik 35 km heat-network, capacity, pressure or flow model.",
          "Generic industrial buildings, chimneys, power equipment and pipelines without explicit heating semantics are excluded.",
          "No qualified official analytical district-heating-network vector feed is enabled; an empty district_heating.lines layer remains an explicit source gap.",
          "KIUT district-heating WMS is visual reference-only imagery and does not replace analytical vector artifacts."
        ],
        "eligible_for_analysis": true,
        "osm_tags": {
          "man_made": "pipeline",
          "operator": "Elektrárna Dětmarovice",
          "location": "overground",
          "substance": "heat"
        }
      },
      "geometry": {
        "type": "LineString",
        "coordinates": [
          [
            18.479567,
            49.8258522
          ],
          [
            18.4801166,
            49.826411699999994
          ],
          [
            18.480364600000005,
            49.82662539999999
          ],
          [
            18.4804918,
            49.826616400000006
          ],
          [
            18.4806033,
            49.826743399999984
          ],
          [
            18.4804849,
            49.82680179999999
          ],
          [
            18.48103,
            49.82732789999999
          ],
          [
            18.4823802,
            49.82794040000001
          ],
          [
            18.4824812,
            49.8278291
          ],
          [
            18.4826607,
            49.82790219999999
          ],
          [
            18.4825265,
            49.8280292
          ],
          [
            18.4835827,
            49.828725
          ],
          [
            18.484952,
            49.8286755
          ],
          [
            18.4849729,
            49.8285699
          ],
          [
            18.4854677,
            49.828524900000005
          ],
          [
            18.4854817,
            49.8286643
          ],
          [
            18.4876454,
            49.8285519
          ],
          [
            18.4883458,
            49.8291498
          ],
          [
            18.48852,
            49.82910029999999
          ],
          [
            18.4885514,
            49.82915429999999
          ],
          [
            18.4883946,
            49.829217199999995
          ],
          [
            18.4899852,
            49.83078039999999
          ],
          [
            18.4907795,
            49.831580699999996
          ],
          [
            18.4906317,
            49.8316427
          ],
          [
            18.4907746,
            49.8317873
          ],
          [
            18.4909446,
            49.8317428
          ],
          [
            18.4912676,
            49.832187
          ],
          [
            18.4915061,
            49.83251520000001
          ],
          [
            18.4915804,
            49.832617400000004
          ],
          [
            18.4917809,
            49.832893199999994
          ],
          [
            18.4918983,
            49.8330546
          ],
          [
            18.4917812,
            49.83309429999999
          ],
          [
            18.4918391,
            49.833160199999995
          ],
          [
            18.491954900000003,
            49.8331285
          ],
          [
            18.4924253,
            49.8337277
          ],
          [
            18.493205,
            49.83416869999999
          ],
          [
            18.4932904,
            49.834121499999995
          ],
          [
            18.4933827,
            49.834160799999985
          ],
          [
            18.4933269,
            49.83421700000001
          ],
          [
            18.493926200000004,
            49.83456319999999
          ],
          [
            18.4940011,
            49.83459579999999
          ],
          [
            18.4940848,
            49.834607
          ],
          [
            18.4948098,
            49.834558099999995
          ],
          [
            18.4948246,
            49.83466299999999
          ],
          [
            18.4949626,
            49.8346503
          ],
          [
            18.494942900000005,
            49.83456289999999
          ],
          [
            18.4962733,
            49.83445489999999
          ],
          [
            18.4974331,
            49.83537909999999
          ],
          [
            18.4972954,
            49.8354645
          ],
          [
            18.4973564,
            49.83553309999999
          ],
          [
            18.4975132,
            49.835448799999995
          ],
          [
            18.4981301,
            49.8359381
          ],
          [
            18.499709400000004,
            49.83665
          ],
          [
            18.4996256,
            49.8367263
          ],
          [
            18.4996996,
            49.8367565
          ],
          [
            18.4997809,
            49.83668339999999
          ],
          [
            18.5002662,
            49.836910599999996
          ],
          [
            18.5010054,
            49.8374541
          ],
          [
            18.500897,
            49.8375081
          ],
          [
            18.5009857,
            49.83755099999999
          ],
          [
            18.5011212,
            49.8374827
          ],
          [
            18.5012024,
            49.8375334
          ]
        ]
      }
    },
    {
      "type": "Feature",
      "properties": {
        "source": "OpenStreetMap",
        "source_id": "way/1068198607",
        "domain": "district_heating",
        "asset_type": "lines",
        "confidence": "medium",
        "missing_fields": [],
        "limitations": [
          "OSM district-heating infrastructure completeness varies significantly by area and operator.",
          "The committed contract fixture is not a complete Rybnik 35 km heat-network, capacity, pressure or flow model.",
          "Generic industrial buildings, chimneys, power equipment and pipelines without explicit heating semantics are excluded.",
          "No qualified official analytical district-heating-network vector feed is enabled; an empty district_heating.lines layer remains an explicit source gap.",
          "KIUT district-heating WMS is visual reference-only imagery and does not replace analytical vector artifacts."
        ],
        "eligible_for_analysis": true,
        "osm_tags": {
          "man_made": "pipeline",
          "operator": "Elektrárna Dětmarovice",
          "location": "overhead",
          "substance": "heat"
        }
      },
      "geometry": {
        "type": "LineString",
        "coordinates": [
          [
            18.4793882,
            49.8259379
          ],
          [
            18.479567,
            49.8258522
          ]
        ]
      }
    },
    {
      "type": "Feature",
      "properties": {
        "source": "OpenStreetMap",
        "source_id": "way/1077622230",
        "domain": "district_heating",
        "asset_type": "lines",
        "confidence": "medium",
        "missing_fields": [],
        "limitations": [
          "OSM district-heating infrastructure completeness varies significantly by area and operator.",
          "The committed contract fixture is not a complete Rybnik 35 km heat-network, capacity, pressure or flow model.",
          "Generic industrial buildings, chimneys, power equipment and pipelines without explicit heating semantics are excluded.",
          "No qualified official analytical district-heating-network vector feed is enabled; an empty district_heating.lines layer remains an explicit source gap.",
          "KIUT district-heating WMS is visual reference-only imagery and does not replace analytical vector artifacts."
        ],
        "eligible_for_analysis": true,
        "osm_tags": {
          "man_made": "pipeline",
          "location": "overground",
          "substance": "hot_water",
          "diameter": "600"
        }
      },
      "geometry": {
        "type": "LineString",
        "coordinates": [
          [
            18.868182500000003,
            50.27867409999999
          ],
          [
            18.868097000000002,
            50.27863580000001
          ],
          [
            18.8682837,
            50.2785014
          ],
          [
            18.8681444,
            50.2781621
          ],
          [
            18.8681216,
            50.27786009999999
          ],
          [
            18.8682077,
            50.2775396
          ],
          [
            18.8680771,
            50.2775224
          ],
          [
            18.8680998,
            50.2774518
          ],
          [
            18.8682321,
            50.2774692
          ],
          [
            18.868464900000003,
            50.2767642
          ],
          [
            18.8687216,
            50.27655639999999
          ],
          [
            18.8686039,
            50.27649979999999
          ],
          [
            18.8686777,
            50.27643709999999
          ],
          [
            18.8687961,
            50.2764941
          ],
          [
            18.8690741,
            50.2762591
          ],
          [
            18.8694074,
            50.276074599999994
          ]
        ]
      }
    },
    {
      "type": "Feature",
      "properties": {
        "source": "OpenStreetMap",
        "source_id": "way/1077622231",
        "domain": "district_heating",
        "asset_type": "lines",
        "confidence": "medium",
        "missing_fields": [],
        "limitations": [
          "OSM district-heating infrastructure completeness varies significantly by area and operator.",
          "The committed contract fixture is not a complete Rybnik 35 km heat-network, capacity, pressure or flow model.",
          "Generic industrial buildings, chimneys, power equipment and pipelines without explicit heating semantics are excluded.",
          "No qualified official analytical district-heating-network vector feed is enabled; an empty district_heating.lines layer remains an explicit source gap.",
          "KIUT district-heating WMS is visual reference-only imagery and does not replace analytical vector artifacts."
        ],
        "eligible_for_analysis": true,
        "osm_tags": {
          "man_made": "pipeline",
          "location": "overground",
          "substance": "hot_water",
          "diameter": "600"
        }
      },
      "geometry": {
        "type": "LineString",
        "coordinates": [
          [
            18.8681672,
            50.2786842
          ],
          [
            18.868073800000005,
            50.2786397
          ],
          [
            18.8682664,
            50.278498299999995
          ],
          [
            18.8681283,
            50.2781639
          ],
          [
            18.8681087,
            50.27786059999999
          ],
          [
            18.8681865,
            50.27754899999999
          ],
          [
            18.8680517,
            50.2775287
          ],
          [
            18.8680841,
            50.2774408
          ],
          [
            18.8682215,
            50.2774541
          ],
          [
            18.8684437,
            50.2767591
          ],
          [
            18.8686895,
            50.2765606
          ],
          [
            18.8685663,
            50.2765005
          ],
          [
            18.868679400000005,
            50.2764135
          ],
          [
            18.8687968,
            50.27647079999999
          ],
          [
            18.8690595,
            50.2762521
          ],
          [
            18.8693983,
            50.2760682
          ]
        ]
      }
    },
    {
      "type": "Feature",
      "properties": {
        "source": "OpenStreetMap",
        "source_id": "way/1077623775",
        "domain": "district_heating",
        "asset_type": "lines",
        "confidence": "medium",
        "missing_fields": [],
        "limitations": [
          "OSM district-heating infrastructure completeness varies significantly by area and operator.",
          "The committed contract fixture is not a complete Rybnik 35 km heat-network, capacity, pressure or flow model.",
          "Generic industrial buildings, chimneys, power equipment and pipelines without explicit heating semantics are excluded.",
          "No qualified official analytical district-heating-network vector feed is enabled; an empty district_heating.lines layer remains an explicit source gap.",
          "KIUT district-heating WMS is visual reference-only imagery and does not replace analytical vector artifacts."
        ],
        "eligible_for_analysis": true,
        "osm_tags": {
          "man_made": "pipeline",
          "location": "underground",
          "substance": "hot_water"
        }
      },
      "geometry": {
        "type": "LineString",
        "coordinates": [
          [
            18.8735708,
            50.3143193
          ],
          [
            18.8736765,
            50.314277999999995
          ]
        ]
      }
    },
    {
      "type": "Feature",
      "properties": {
        "source": "OpenStreetMap",
        "source_id": "way/1077623776",
        "domain": "district_heating",
        "asset_type": "lines",
        "confidence": "medium",
        "missing_fields": [],
        "limitations": [
          "OSM district-heating infrastructure completeness varies significantly by area and operator.",
          "The committed contract fixture is not a complete Rybnik 35 km heat-network, capacity, pressure or flow model.",
          "Generic industrial buildings, chimneys, power equipment and pipelines without explicit heating semantics are excluded.",
          "No qualified official analytical district-heating-network vector feed is enabled; an empty district_heating.lines layer remains an explicit source gap.",
          "KIUT district-heating WMS is visual reference-only imagery and does not replace analytical vector artifacts."
        ],
        "eligible_for_analysis": true,
        "osm_tags": {
          "man_made": "pipeline",
          "location": "overground",
          "substance": "hot_water"
        }
      },
      "geometry": {
        "type": "LineString",
        "coordinates": [
          [
            18.8736765,
            50.314277999999995
          ],
          [
            18.8748084,
            50.31383579999999
          ],
          [
            18.8747697,
            50.3137954
          ],
          [
            18.8748603,
            50.31376
          ],
          [
            18.8748965,
            50.31379779999999
          ],
          [
            18.8758678,
            50.3134184
          ],
          [
            18.8758315,
            50.313380499999994
          ],
          [
            18.875914600000005,
            50.31334809999999
          ],
          [
            18.8759515,
            50.3133865
          ],
          [
            18.8768172,
            50.31304829999999
          ]
        ]
      }
    },
    {
      "type": "Feature",
      "properties": {
        "source": "OpenStreetMap",
        "source_id": "way/1077623777",
        "domain": "district_heating",
        "asset_type": "lines",
        "confidence": "medium",
        "missing_fields": [],
        "limitations": [
          "OSM district-heating infrastructure completeness varies significantly by area and operator.",
          "The committed contract fixture is not a complete Rybnik 35 km heat-network, capacity, pressure or flow model.",
          "Generic industrial buildings, chimneys, power equipment and pipelines without explicit heating semantics are excluded.",
          "No qualified official analytical district-heating-network vector feed is enabled; an empty district_heating.lines layer remains an explicit source gap.",
          "KIUT district-heating WMS is visual reference-only imagery and does not replace analytical vector artifacts."
        ],
        "eligible_for_analysis": true,
        "osm_tags": {
          "man_made": "pipeline",
          "location": "overground",
          "substance": "hot_water"
        }
      },
      "geometry": {
        "type": "LineString",
        "coordinates": [
          [
            18.8718816,
            50.31498189999999
          ],
          [
            18.8726979,
            50.314664199999996
          ],
          [
            18.8726635,
            50.31462909999999
          ],
          [
            18.8727485,
            50.31459509999999
          ],
          [
            18.8727832,
            50.31463049999999
          ],
          [
            18.8735708,
            50.3143193
          ]
        ]
      }
    },
    {
      "type": "Feature",
      "properties": {
        "source": "OpenStreetMap",
        "source_id": "way/1077623778",
        "domain": "district_heating",
        "asset_type": "lines",
        "confidence": "medium",
        "missing_fields": [],
        "limitations": [
          "OSM district-heating infrastructure completeness varies significantly by area and operator.",
          "The committed contract fixture is not a complete Rybnik 35 km heat-network, capacity, pressure or flow model.",
          "Generic industrial buildings, chimneys, power equipment and pipelines without explicit heating semantics are excluded.",
          "No qualified official analytical district-heating-network vector feed is enabled; an empty district_heating.lines layer remains an explicit source gap.",
          "KIUT district-heating WMS is visual reference-only imagery and does not replace analytical vector artifacts."
        ],
        "eligible_for_analysis": true,
        "osm_tags": {
          "man_made": "pipeline",
          "location": "overground",
          "substance": "hot_water"
        }
      },
      "geometry": {
        "type": "LineString",
        "coordinates": [
          [
            18.8712252,
            50.314537900000005
          ],
          [
            18.8712732,
            50.3145703
          ],
          [
            18.8712209,
            50.3146019
          ],
          [
            18.8712895,
            50.3146482
          ],
          [
            18.8713431,
            50.31461579999999
          ],
          [
            18.8715009,
            50.3147221
          ]
        ]
      }
    },
    {
      "type": "Feature",
      "properties": {
        "source": "OpenStreetMap",
        "source_id": "way/1104356536",
        "domain": "district_heating",
        "asset_type": "lines",
        "confidence": "medium",
        "missing_fields": [],
        "limitations": [
          "OSM district-heating infrastructure completeness varies significantly by area and operator.",
          "The committed contract fixture is not a complete Rybnik 35 km heat-network, capacity, pressure or flow model.",
          "Generic industrial buildings, chimneys, power equipment and pipelines without explicit heating semantics are excluded.",
          "No qualified official analytical district-heating-network vector feed is enabled; an empty district_heating.lines layer remains an explicit source gap.",
          "KIUT district-heating WMS is visual reference-only imagery and does not replace analytical vector artifacts."
        ],
        "eligible_for_analysis": true,
        "osm_tags": {
          "man_made": "pipeline",
          "location": "overground",
          "substance": "hot_water",
          "diameter": "600"
        }
      },
      "geometry": {
        "type": "LineString",
        "coordinates": [
          [
            18.8683083,
            50.278735399999995
          ],
          [
            18.8683612,
            50.27876810000001
          ],
          [
            18.86826,
            50.27883320000001
          ],
          [
            18.8680873,
            50.2787299
          ],
          [
            18.8679252,
            50.27876959999999
          ],
          [
            18.8677105,
            50.2788335
          ],
          [
            18.8672195,
            50.2794413
          ],
          [
            18.866231,
            50.279738599999995
          ],
          [
            18.8661678,
            50.2796565
          ],
          [
            18.8660493,
            50.2796938
          ],
          [
            18.8661103,
            50.27977299999999
          ],
          [
            18.8649014,
            50.280141
          ],
          [
            18.8649494,
            50.28048090000001
          ],
          [
            18.8645895,
            50.28050939999999
          ]
        ]
      }
    },
    {
      "type": "Feature",
      "properties": {
        "source": "OpenStreetMap",
        "source_id": "way/1104356537",
        "domain": "district_heating",
        "asset_type": "lines",
        "confidence": "medium",
        "missing_fields": [],
        "limitations": [
          "OSM district-heating infrastructure completeness varies significantly by area and operator.",
          "The committed contract fixture is not a complete Rybnik 35 km heat-network, capacity, pressure or flow model.",
          "Generic industrial buildings, chimneys, power equipment and pipelines without explicit heating semantics are excluded.",
          "No qualified official analytical district-heating-network vector feed is enabled; an empty district_heating.lines layer remains an explicit source gap.",
          "KIUT district-heating WMS is visual reference-only imagery and does not replace analytical vector artifacts."
        ],
        "eligible_for_analysis": true,
        "osm_tags": {
          "man_made": "pipeline",
          "location": "overground",
          "substance": "hot_water",
          "diameter": "600"
        }
      },
      "geometry": {
        "type": "LineString",
        "coordinates": [
          [
            18.8645906,
            50.280499600000006
          ],
          [
            18.8649359,
            50.2804734
          ],
          [
            18.8648832,
            50.2801346
          ],
          [
            18.8660921,
            50.2797702
          ],
          [
            18.8660306,
            50.2796867
          ],
          [
            18.8661744,
            50.2796434
          ],
          [
            18.8662401,
            50.27972569999999
          ],
          [
            18.8672133,
            50.279430899999994
          ],
          [
            18.8676993,
            50.27882489999999
          ],
          [
            18.8679077,
            50.2787561
          ],
          [
            18.8680868,
            50.27871759999999
          ],
          [
            18.8682589,
            50.2788183
          ],
          [
            18.8683224,
            50.2787771
          ],
          [
            18.8682827,
            50.2787522
          ]
        ]
      }
    },
    {
      "type": "Feature",
      "properties": {
        "source": "OpenStreetMap",
        "source_id": "way/1117325243",
        "domain": "district_heating",
        "asset_type": "lines",
        "confidence": "medium",
        "missing_fields": [],
        "limitations": [
          "OSM district-heating infrastructure completeness varies significantly by area and operator.",
          "The committed contract fixture is not a complete Rybnik 35 km heat-network, capacity, pressure or flow model.",
          "Generic industrial buildings, chimneys, power equipment and pipelines without explicit heating semantics are excluded.",
          "No qualified official analytical district-heating-network vector feed is enabled; an empty district_heating.lines layer remains an explicit source gap.",
          "KIUT district-heating WMS is visual reference-only imagery and does not replace analytical vector artifacts."
        ],
        "eligible_for_analysis": true,
        "osm_tags": {
          "man_made": "pipeline",
          "location": "underground",
          "substance": "heat"
        }
      },
      "geometry": {
        "type": "LineString",
        "coordinates": [
          [
            18.8469538,
            50.35064229999999
          ],
          [
            18.8469926,
            50.349926599999996
          ],
          [
            18.846921,
            50.34977000000001
          ]
        ]
      }
    },
    {
      "type": "Feature",
      "properties": {
        "source": "OpenStreetMap",
        "source_id": "way/1117325244",
        "domain": "district_heating",
        "asset_type": "lines",
        "confidence": "medium",
        "missing_fields": [],
        "limitations": [
          "OSM district-heating infrastructure completeness varies significantly by area and operator.",
          "The committed contract fixture is not a complete Rybnik 35 km heat-network, capacity, pressure or flow model.",
          "Generic industrial buildings, chimneys, power equipment and pipelines without explicit heating semantics are excluded.",
          "No qualified official analytical district-heating-network vector feed is enabled; an empty district_heating.lines layer remains an explicit source gap.",
          "KIUT district-heating WMS is visual reference-only imagery and does not replace analytical vector artifacts."
        ],
        "eligible_for_analysis": true,
        "osm_tags": {
          "man_made": "pipeline",
          "location": "overground",
          "substance": "heat"
        }
      },
      "geometry": {
        "type": "LineString",
        "coordinates": [
          [
            18.8469538,
            50.35064229999999
          ],
          [
            18.84695247943013,
            50.3507062762069
          ]
        ]
      }
    },
    {
      "type": "Feature",
      "properties": {
        "source": "OpenStreetMap",
        "source_id": "way/1117325245",
        "domain": "district_heating",
        "asset_type": "lines",
        "confidence": "medium",
        "missing_fields": [],
        "limitations": [
          "OSM district-heating infrastructure completeness varies significantly by area and operator.",
          "The committed contract fixture is not a complete Rybnik 35 km heat-network, capacity, pressure or flow model.",
          "Generic industrial buildings, chimneys, power equipment and pipelines without explicit heating semantics are excluded.",
          "No qualified official analytical district-heating-network vector feed is enabled; an empty district_heating.lines layer remains an explicit source gap.",
          "KIUT district-heating WMS is visual reference-only imagery and does not replace analytical vector artifacts."
        ],
        "eligible_for_analysis": true,
        "osm_tags": {
          "man_made": "pipeline",
          "location": "overground",
          "substance": "heat"
        }
      },
      "geometry": {
        "type": "LineString",
        "coordinates": [
          [
            18.8449381,
            50.3478137
          ],
          [
            18.845001,
            50.34793309999999
          ],
          [
            18.8462076,
            50.34809919999999
          ],
          [
            18.8465624,
            50.3489386
          ],
          [
            18.8466768,
            50.348918399999995
          ],
          [
            18.8466874,
            50.34894299999999
          ],
          [
            18.846541,
            50.34896959999999
          ],
          [
            18.846921,
            50.34977000000001
          ]
        ]
      }
    },
    {
      "type": "Feature",
      "properties": {
        "source": "OpenStreetMap",
        "source_id": "way/1130684168",
        "domain": "district_heating",
        "asset_type": "lines",
        "confidence": "medium",
        "missing_fields": [],
        "limitations": [
          "OSM district-heating infrastructure completeness varies significantly by area and operator.",
          "The committed contract fixture is not a complete Rybnik 35 km heat-network, capacity, pressure or flow model.",
          "Generic industrial buildings, chimneys, power equipment and pipelines without explicit heating semantics are excluded.",
          "No qualified official analytical district-heating-network vector feed is enabled; an empty district_heating.lines layer remains an explicit source gap.",
          "KIUT district-heating WMS is visual reference-only imagery and does not replace analytical vector artifacts."
        ],
        "eligible_for_analysis": true,
        "osm_tags": {
          "man_made": "pipeline",
          "location": "overground",
          "substance": "heat"
        }
      },
      "geometry": {
        "type": "LineString",
        "coordinates": [
          [
            18.5998649,
            49.7915242
          ],
          [
            18.5995837,
            49.7914911
          ]
        ]
      }
    },
    {
      "type": "Feature",
      "properties": {
        "source": "OpenStreetMap",
        "source_id": "way/1130684169",
        "domain": "district_heating",
        "asset_type": "lines",
        "confidence": "medium",
        "missing_fields": [],
        "limitations": [
          "OSM district-heating infrastructure completeness varies significantly by area and operator.",
          "The committed contract fixture is not a complete Rybnik 35 km heat-network, capacity, pressure or flow model.",
          "Generic industrial buildings, chimneys, power equipment and pipelines without explicit heating semantics are excluded.",
          "No qualified official analytical district-heating-network vector feed is enabled; an empty district_heating.lines layer remains an explicit source gap.",
          "KIUT district-heating WMS is visual reference-only imagery and does not replace analytical vector artifacts."
        ],
        "eligible_for_analysis": true,
        "osm_tags": {
          "man_made": "pipeline",
          "location": "overground",
          "substance": "heat"
        }
      },
      "geometry": {
        "type": "LineString",
        "coordinates": [
          [
            18.6000211,
            49.7916206
          ],
          [
            18.5998571,
            49.7915989
          ],
          [
            18.5998664,
            49.79156389999999
          ]
        ]
      }
    },
    {
      "type": "Feature",
      "properties": {
        "source": "OpenStreetMap",
        "source_id": "way/1130684189",
        "domain": "district_heating",
        "asset_type": "lines",
        "confidence": "medium",
        "missing_fields": [],
        "limitations": [
          "OSM district-heating infrastructure completeness varies significantly by area and operator.",
          "The committed contract fixture is not a complete Rybnik 35 km heat-network, capacity, pressure or flow model.",
          "Generic industrial buildings, chimneys, power equipment and pipelines without explicit heating semantics are excluded.",
          "No qualified official analytical district-heating-network vector feed is enabled; an empty district_heating.lines layer remains an explicit source gap.",
          "KIUT district-heating WMS is visual reference-only imagery and does not replace analytical vector artifacts."
        ],
        "eligible_for_analysis": true,
        "osm_tags": {
          "man_made": "pipeline",
          "location": "overground",
          "substance": "heat"
        }
      },
      "geometry": {
        "type": "LineString",
        "coordinates": [
          [
            18.6011909,
            49.791716099999995
          ],
          [
            18.6011011,
            49.79203929999999
          ],
          [
            18.6012706,
            49.792063
          ]
        ]
      }
    },
    {
      "type": "Feature",
      "properties": {
        "source": "OpenStreetMap",
        "source_id": "way/1130684191",
        "domain": "district_heating",
        "asset_type": "lines",
        "confidence": "medium",
        "missing_fields": [],
        "limitations": [
          "OSM district-heating infrastructure completeness varies significantly by area and operator.",
          "The committed contract fixture is not a complete Rybnik 35 km heat-network, capacity, pressure or flow model.",
          "Generic industrial buildings, chimneys, power equipment and pipelines without explicit heating semantics are excluded.",
          "No qualified official analytical district-heating-network vector feed is enabled; an empty district_heating.lines layer remains an explicit source gap.",
          "KIUT district-heating WMS is visual reference-only imagery and does not replace analytical vector artifacts."
        ],
        "eligible_for_analysis": true,
        "osm_tags": {
          "man_made": "pipeline",
          "location": "overground",
          "substance": "heat"
        }
      },
      "geometry": {
        "type": "LineString",
        "coordinates": [
          [
            18.5995436,
            49.790991899999995
          ],
          [
            18.5992818,
            49.79185540000001
          ],
          [
            18.5992058,
            49.79212249999999
          ],
          [
            18.5991802,
            49.7922456
          ],
          [
            18.5990494,
            49.792232999999996
          ],
          [
            18.5988252,
            49.792890799999995
          ],
          [
            18.5988506,
            49.79292869999999
          ]
        ]
      }
    },
    {
      "type": "Feature",
      "properties": {
        "source": "OpenStreetMap",
        "source_id": "way/1130684193",
        "domain": "district_heating",
        "asset_type": "lines",
        "confidence": "medium",
        "missing_fields": [],
        "limitations": [
          "OSM district-heating infrastructure completeness varies significantly by area and operator.",
          "The committed contract fixture is not a complete Rybnik 35 km heat-network, capacity, pressure or flow model.",
          "Generic industrial buildings, chimneys, power equipment and pipelines without explicit heating semantics are excluded.",
          "No qualified official analytical district-heating-network vector feed is enabled; an empty district_heating.lines layer remains an explicit source gap.",
          "KIUT district-heating WMS is visual reference-only imagery and does not replace analytical vector artifacts."
        ],
        "eligible_for_analysis": true,
        "osm_tags": {
          "man_made": "pipeline",
          "location": "overground",
          "substance": "heat"
        }
      },
      "geometry": {
        "type": "LineString",
        "coordinates": [
          [
            18.5995436,
            49.790991899999995
          ],
          [
            18.5994735,
            49.7909834
          ],
          [
            18.5995397,
            49.79077300000001
          ],
          [
            18.6000538,
            49.790125499999995
          ],
          [
            18.6003554,
            49.79015720000001
          ],
          [
            18.6004795,
            49.79017019999999
          ],
          [
            18.60072048077388,
            49.78936755051623
          ]
        ]
      }
    },
    {
      "type": "Feature",
      "properties": {
        "source": "OpenStreetMap",
        "source_id": "way/1153742505",
        "domain": "district_heating",
        "asset_type": "lines",
        "confidence": "medium",
        "missing_fields": [],
        "limitations": [
          "OSM district-heating infrastructure completeness varies significantly by area and operator.",
          "The committed contract fixture is not a complete Rybnik 35 km heat-network, capacity, pressure or flow model.",
          "Generic industrial buildings, chimneys, power equipment and pipelines without explicit heating semantics are excluded.",
          "No qualified official analytical district-heating-network vector feed is enabled; an empty district_heating.lines layer remains an explicit source gap.",
          "KIUT district-heating WMS is visual reference-only imagery and does not replace analytical vector artifacts."
        ],
        "eligible_for_analysis": true,
        "osm_tags": {
          "man_made": "pipeline",
          "location": "underground",
          "layer": "-1",
          "substance": "hot_water"
        }
      },
      "geometry": {
        "type": "LineString",
        "coordinates": [
          [
            18.8566883,
            50.2838988
          ],
          [
            18.8565985,
            50.284450199999995
          ],
          [
            18.856569,
            50.28444769999999
          ]
        ]
      }
    },
    {
      "type": "Feature",
      "properties": {
        "source": "OpenStreetMap",
        "source_id": "way/1153742506",
        "domain": "district_heating",
        "asset_type": "lines",
        "confidence": "medium",
        "missing_fields": [],
        "limitations": [
          "OSM district-heating infrastructure completeness varies significantly by area and operator.",
          "The committed contract fixture is not a complete Rybnik 35 km heat-network, capacity, pressure or flow model.",
          "Generic industrial buildings, chimneys, power equipment and pipelines without explicit heating semantics are excluded.",
          "No qualified official analytical district-heating-network vector feed is enabled; an empty district_heating.lines layer remains an explicit source gap.",
          "KIUT district-heating WMS is visual reference-only imagery and does not replace analytical vector artifacts."
        ],
        "eligible_for_analysis": true,
        "osm_tags": {
          "man_made": "pipeline",
          "location": "underground",
          "layer": "-1",
          "substance": "hot_water"
        }
      },
      "geometry": {
        "type": "LineString",
        "coordinates": [
          [
            18.8567033,
            50.2839005
          ],
          [
            18.8566091,
            50.2844628
          ],
          [
            18.8565668,
            50.28445909999999
          ]
        ]
      }
    },
    {
      "type": "Feature",
      "properties": {
        "source": "OpenStreetMap",
        "source_id": "way/1154442539",
        "domain": "district_heating",
        "asset_type": "lines",
        "confidence": "medium",
        "missing_fields": [],
        "limitations": [
          "OSM district-heating infrastructure completeness varies significantly by area and operator.",
          "The committed contract fixture is not a complete Rybnik 35 km heat-network, capacity, pressure or flow model.",
          "Generic industrial buildings, chimneys, power equipment and pipelines without explicit heating semantics are excluded.",
          "No qualified official analytical district-heating-network vector feed is enabled; an empty district_heating.lines layer remains an explicit source gap.",
          "KIUT district-heating WMS is visual reference-only imagery and does not replace analytical vector artifacts."
        ],
        "eligible_for_analysis": true,
        "osm_tags": {
          "man_made": "pipeline",
          "location": "overground",
          "substance": "hot_water"
        }
      },
      "geometry": {
        "type": "LineString",
        "coordinates": [
          [
            18.7926288,
            50.2917202
          ],
          [
            18.7927241,
            50.2917392
          ],
          [
            18.7933487,
            50.29182809999999
          ],
          [
            18.7933698,
            50.2917877
          ],
          [
            18.7934372,
            50.2917953
          ],
          [
            18.793428000000002,
            50.29183899999999
          ],
          [
            18.7940681,
            50.29193420000001
          ],
          [
            18.7947208,
            50.2920297
          ],
          [
            18.7947402,
            50.2919896
          ],
          [
            18.7948041,
            50.291996099999984
          ],
          [
            18.7947969,
            50.2920428
          ],
          [
            18.7954234,
            50.2921363
          ],
          [
            18.7954513,
            50.292139799999994
          ],
          [
            18.7959644,
            50.292171599999996
          ],
          [
            18.7959644,
            50.29221760000001
          ],
          [
            18.7960364,
            50.292221500000004
          ],
          [
            18.7960465,
            50.292176899999994
          ],
          [
            18.7965925,
            50.292210399999995
          ]
        ]
      }
    },
    {
      "type": "Feature",
      "properties": {
        "source": "OpenStreetMap",
        "source_id": "way/1154442540",
        "domain": "district_heating",
        "asset_type": "lines",
        "confidence": "medium",
        "missing_fields": [],
        "limitations": [
          "OSM district-heating infrastructure completeness varies significantly by area and operator.",
          "The committed contract fixture is not a complete Rybnik 35 km heat-network, capacity, pressure or flow model.",
          "Generic industrial buildings, chimneys, power equipment and pipelines without explicit heating semantics are excluded.",
          "No qualified official analytical district-heating-network vector feed is enabled; an empty district_heating.lines layer remains an explicit source gap.",
          "KIUT district-heating WMS is visual reference-only imagery and does not replace analytical vector artifacts."
        ],
        "eligible_for_analysis": true,
        "osm_tags": {
          "man_made": "pipeline",
          "location": "overground",
          "bridge": "yes",
          "layer": "1",
          "substance": "hot_water"
        }
      },
      "geometry": {
        "type": "LineString",
        "coordinates": [
          [
            18.7965925,
            50.292210399999995
          ],
          [
            18.7969722,
            50.29222969999999
          ]
        ]
      }
    },
    {
      "type": "Feature",
      "properties": {
        "source": "OpenStreetMap",
        "source_id": "way/1174632474",
        "domain": "district_heating",
        "asset_type": "lines",
        "confidence": "medium",
        "missing_fields": [],
        "limitations": [
          "OSM district-heating infrastructure completeness varies significantly by area and operator.",
          "The committed contract fixture is not a complete Rybnik 35 km heat-network, capacity, pressure or flow model.",
          "Generic industrial buildings, chimneys, power equipment and pipelines without explicit heating semantics are excluded.",
          "No qualified official analytical district-heating-network vector feed is enabled; an empty district_heating.lines layer remains an explicit source gap.",
          "KIUT district-heating WMS is visual reference-only imagery and does not replace analytical vector artifacts."
        ],
        "eligible_for_analysis": true,
        "osm_tags": {
          "man_made": "pipeline",
          "location": "overground",
          "substance": "hot_water"
        }
      },
      "geometry": {
        "type": "LineString",
        "coordinates": [
          [
            18.7913205,
            50.28664119999999
          ],
          [
            18.7909706,
            50.2868451
          ],
          [
            18.7909301,
            50.2868223
          ],
          [
            18.7908987,
            50.28684359999998
          ],
          [
            18.7909373,
            50.28687089999998
          ],
          [
            18.7896984,
            50.28761889999999
          ],
          [
            18.7893044,
            50.2878201
          ],
          [
            18.7892628,
            50.28779269999998
          ],
          [
            18.7892331,
            50.2878087
          ],
          [
            18.789268800000002,
            50.287839399999996
          ],
          [
            18.7888178,
            50.2880657
          ],
          [
            18.7882943,
            50.288369800000005
          ],
          [
            18.7882432,
            50.2883398
          ],
          [
            18.7882147,
            50.288356500000006
          ],
          [
            18.7882592,
            50.288392599999995
          ],
          [
            18.7877048,
            50.288712999999994
          ]
        ]
      }
    },
    {
      "type": "Feature",
      "properties": {
        "source": "OpenStreetMap",
        "source_id": "way/1177100474",
        "domain": "district_heating",
        "asset_type": "lines",
        "confidence": "medium",
        "missing_fields": [],
        "limitations": [
          "OSM district-heating infrastructure completeness varies significantly by area and operator.",
          "The committed contract fixture is not a complete Rybnik 35 km heat-network, capacity, pressure or flow model.",
          "Generic industrial buildings, chimneys, power equipment and pipelines without explicit heating semantics are excluded.",
          "No qualified official analytical district-heating-network vector feed is enabled; an empty district_heating.lines layer remains an explicit source gap.",
          "KIUT district-heating WMS is visual reference-only imagery and does not replace analytical vector artifacts."
        ],
        "eligible_for_analysis": true,
        "osm_tags": {
          "man_made": "pipeline",
          "location": "underground",
          "layer": "-1",
          "substance": "hot_water"
        }
      },
      "geometry": {
        "type": "LineString",
        "coordinates": [
          [
            18.8715009,
            50.3147221
          ],
          [
            18.8718816,
            50.31498189999999
          ]
        ]
      }
    },
    {
      "type": "Feature",
      "properties": {
        "source": "OpenStreetMap",
        "source_id": "way/1177100479",
        "domain": "district_heating",
        "asset_type": "lines",
        "confidence": "medium",
        "missing_fields": [],
        "limitations": [
          "OSM district-heating infrastructure completeness varies significantly by area and operator.",
          "The committed contract fixture is not a complete Rybnik 35 km heat-network, capacity, pressure or flow model.",
          "Generic industrial buildings, chimneys, power equipment and pipelines without explicit heating semantics are excluded.",
          "No qualified official analytical district-heating-network vector feed is enabled; an empty district_heating.lines layer remains an explicit source gap.",
          "KIUT district-heating WMS is visual reference-only imagery and does not replace analytical vector artifacts."
        ],
        "eligible_for_analysis": true,
        "osm_tags": {
          "man_made": "pipeline",
          "location": "overhead",
          "substance": "hot_water"
        }
      },
      "geometry": {
        "type": "LineString",
        "coordinates": [
          [
            18.8621769,
            50.30709689999999
          ],
          [
            18.8622425,
            50.30711169999999
          ]
        ]
      }
    },
    {
      "type": "Feature",
      "properties": {
        "source": "OpenStreetMap",
        "source_id": "way/1180733769",
        "domain": "district_heating",
        "asset_type": "lines",
        "confidence": "medium",
        "missing_fields": [],
        "limitations": [
          "OSM district-heating infrastructure completeness varies significantly by area and operator.",
          "The committed contract fixture is not a complete Rybnik 35 km heat-network, capacity, pressure or flow model.",
          "Generic industrial buildings, chimneys, power equipment and pipelines without explicit heating semantics are excluded.",
          "No qualified official analytical district-heating-network vector feed is enabled; an empty district_heating.lines layer remains an explicit source gap.",
          "KIUT district-heating WMS is visual reference-only imagery and does not replace analytical vector artifacts."
        ],
        "eligible_for_analysis": true,
        "osm_tags": {
          "man_made": "pipeline",
          "location": "overground",
          "substance": "hot_water"
        }
      },
      "geometry": {
        "type": "LineString",
        "coordinates": [
          [
            18.8005066,
            50.2918907
          ],
          [
            18.8004801,
            50.29181679999999
          ],
          [
            18.8005809,
            50.291725
          ],
          [
            18.8000314,
            50.2913971
          ],
          [
            18.8000604,
            50.291378299999984
          ],
          [
            18.8000392,
            50.29136509999999
          ],
          [
            18.8000097,
            50.2913836
          ],
          [
            18.7991805,
            50.2908917
          ],
          [
            18.7992053,
            50.2908736
          ],
          [
            18.7991786,
            50.29085649999999
          ],
          [
            18.7991509,
            50.290873699999985
          ],
          [
            18.7989194,
            50.29073519999999
          ]
        ]
      }
    },
    {
      "type": "Feature",
      "properties": {
        "source": "OpenStreetMap",
        "source_id": "way/1180954315",
        "domain": "district_heating",
        "asset_type": "lines",
        "confidence": "medium",
        "missing_fields": [],
        "limitations": [
          "OSM district-heating infrastructure completeness varies significantly by area and operator.",
          "The committed contract fixture is not a complete Rybnik 35 km heat-network, capacity, pressure or flow model.",
          "Generic industrial buildings, chimneys, power equipment and pipelines without explicit heating semantics are excluded.",
          "No qualified official analytical district-heating-network vector feed is enabled; an empty district_heating.lines layer remains an explicit source gap.",
          "KIUT district-heating WMS is visual reference-only imagery and does not replace analytical vector artifacts."
        ],
        "eligible_for_analysis": true,
        "osm_tags": {
          "man_made": "pipeline",
          "location": "overground",
          "substance": "hot_water"
        }
      },
      "geometry": {
        "type": "LineString",
        "coordinates": [
          [
            18.8059626,
            50.2941764
          ],
          [
            18.8060585,
            50.29415759999999
          ],
          [
            18.8060853,
            50.294192300000006
          ],
          [
            18.806143600000002,
            50.29417819999999
          ],
          [
            18.8065306,
            50.29471229999999
          ],
          [
            18.8065977,
            50.2948208
          ],
          [
            18.8065397,
            50.294837199999996
          ],
          [
            18.806566,
            50.2948798
          ],
          [
            18.8066467,
            50.29485819999999
          ],
          [
            18.8066753,
            50.294856199999984
          ],
          [
            18.8067029,
            50.294866299999995
          ]
        ]
      }
    },
    {
      "type": "Feature",
      "properties": {
        "source": "OpenStreetMap",
        "source_id": "way/1180954316",
        "domain": "district_heating",
        "asset_type": "lines",
        "confidence": "medium",
        "missing_fields": [],
        "limitations": [
          "OSM district-heating infrastructure completeness varies significantly by area and operator.",
          "The committed contract fixture is not a complete Rybnik 35 km heat-network, capacity, pressure or flow model.",
          "Generic industrial buildings, chimneys, power equipment and pipelines without explicit heating semantics are excluded.",
          "No qualified official analytical district-heating-network vector feed is enabled; an empty district_heating.lines layer remains an explicit source gap.",
          "KIUT district-heating WMS is visual reference-only imagery and does not replace analytical vector artifacts."
        ],
        "eligible_for_analysis": true,
        "osm_tags": {
          "man_made": "pipeline",
          "location": "overground",
          "substance": "hot_water"
        }
      },
      "geometry": {
        "type": "LineString",
        "coordinates": [
          [
            18.8065306,
            50.29471229999999
          ],
          [
            18.8065032,
            50.29472
          ],
          [
            18.8064758,
            50.294727599999995
          ]
        ]
      }
    },
    {
      "type": "Feature",
      "properties": {
        "source": "OpenStreetMap",
        "source_id": "way/1180954318",
        "domain": "district_heating",
        "asset_type": "lines",
        "confidence": "medium",
        "missing_fields": [],
        "limitations": [
          "OSM district-heating infrastructure completeness varies significantly by area and operator.",
          "The committed contract fixture is not a complete Rybnik 35 km heat-network, capacity, pressure or flow model.",
          "Generic industrial buildings, chimneys, power equipment and pipelines without explicit heating semantics are excluded.",
          "No qualified official analytical district-heating-network vector feed is enabled; an empty district_heating.lines layer remains an explicit source gap.",
          "KIUT district-heating WMS is visual reference-only imagery and does not replace analytical vector artifacts."
        ],
        "eligible_for_analysis": true,
        "osm_tags": {
          "man_made": "pipeline",
          "location": "underground",
          "layer": "-1",
          "substance": "hot_water"
        }
      },
      "geometry": {
        "type": "LineString",
        "coordinates": [
          [
            18.8052497,
            50.29348639999999
          ],
          [
            18.8050951,
            50.29395089999999
          ],
          [
            18.8051206,
            50.2939716
          ],
          [
            18.8057381,
            50.29403949999998
          ],
          [
            18.8058227,
            50.294204
          ],
          [
            18.8059626,
            50.2941764
          ]
        ]
      }
    },
    {
      "type": "Feature",
      "properties": {
        "source": "OpenStreetMap",
        "source_id": "way/1180954319",
        "domain": "district_heating",
        "asset_type": "lines",
        "confidence": "medium",
        "missing_fields": [],
        "limitations": [
          "OSM district-heating infrastructure completeness varies significantly by area and operator.",
          "The committed contract fixture is not a complete Rybnik 35 km heat-network, capacity, pressure or flow model.",
          "Generic industrial buildings, chimneys, power equipment and pipelines without explicit heating semantics are excluded.",
          "No qualified official analytical district-heating-network vector feed is enabled; an empty district_heating.lines layer remains an explicit source gap.",
          "KIUT district-heating WMS is visual reference-only imagery and does not replace analytical vector artifacts."
        ],
        "eligible_for_analysis": true,
        "osm_tags": {
          "man_made": "pipeline",
          "location": "overground",
          "substance": "hot_water"
        }
      },
      "geometry": {
        "type": "LineString",
        "coordinates": [
          [
            18.7983594,
            50.2903989
          ],
          [
            18.798328,
            50.2903805
          ],
          [
            18.7983575,
            50.2903608
          ],
          [
            18.7983398,
            50.29035079999999
          ],
          [
            18.7983089,
            50.2903693
          ],
          [
            18.7974709,
            50.289877999999995
          ],
          [
            18.7974954,
            50.289860299999994
          ],
          [
            18.7974715,
            50.289846799999985
          ],
          [
            18.7974458,
            50.2898633
          ],
          [
            18.7970015,
            50.28959969999999
          ],
          [
            18.7965639,
            50.2893333
          ],
          [
            18.796589500000003,
            50.289315800000004
          ],
          [
            18.7965683,
            50.289303100000005
          ],
          [
            18.7965431,
            50.2893201
          ],
          [
            18.7964917,
            50.28928749999999
          ]
        ]
      }
    },
    {
      "type": "Feature",
      "properties": {
        "source": "OpenStreetMap",
        "source_id": "way/1180954320",
        "domain": "district_heating",
        "asset_type": "lines",
        "confidence": "medium",
        "missing_fields": [],
        "limitations": [
          "OSM district-heating infrastructure completeness varies significantly by area and operator.",
          "The committed contract fixture is not a complete Rybnik 35 km heat-network, capacity, pressure or flow model.",
          "Generic industrial buildings, chimneys, power equipment and pipelines without explicit heating semantics are excluded.",
          "No qualified official analytical district-heating-network vector feed is enabled; an empty district_heating.lines layer remains an explicit source gap.",
          "KIUT district-heating WMS is visual reference-only imagery and does not replace analytical vector artifacts."
        ],
        "eligible_for_analysis": true,
        "osm_tags": {
          "man_made": "pipeline",
          "location": "underground",
          "layer": "-1",
          "substance": "hot_water"
        }
      },
      "geometry": {
        "type": "LineString",
        "coordinates": [
          [
            18.7983594,
            50.2903989
          ],
          [
            18.7989194,
            50.29073519999999
          ]
        ]
      }
    },
    {
      "type": "Feature",
      "properties": {
        "source": "OpenStreetMap",
        "source_id": "way/1180954321",
        "domain": "district_heating",
        "asset_type": "lines",
        "confidence": "medium",
        "missing_fields": [],
        "limitations": [
          "OSM district-heating infrastructure completeness varies significantly by area and operator.",
          "The committed contract fixture is not a complete Rybnik 35 km heat-network, capacity, pressure or flow model.",
          "Generic industrial buildings, chimneys, power equipment and pipelines without explicit heating semantics are excluded.",
          "No qualified official analytical district-heating-network vector feed is enabled; an empty district_heating.lines layer remains an explicit source gap.",
          "KIUT district-heating WMS is visual reference-only imagery and does not replace analytical vector artifacts."
        ],
        "eligible_for_analysis": true,
        "osm_tags": {
          "man_made": "pipeline",
          "location": "underground",
          "layer": "-1",
          "substance": "hot_water"
        }
      },
      "geometry": {
        "type": "LineString",
        "coordinates": [
          [
            18.7960202,
            50.28851439999999
          ],
          [
            18.7957521,
            50.28876849999999
          ],
          [
            18.7964917,
            50.28928749999999
          ]
        ]
      }
    },
    {
      "type": "Feature",
      "properties": {
        "source": "OpenStreetMap",
        "source_id": "way/1188522432",
        "domain": "district_heating",
        "asset_type": "lines",
        "confidence": "medium",
        "missing_fields": [],
        "limitations": [
          "OSM district-heating infrastructure completeness varies significantly by area and operator.",
          "The committed contract fixture is not a complete Rybnik 35 km heat-network, capacity, pressure or flow model.",
          "Generic industrial buildings, chimneys, power equipment and pipelines without explicit heating semantics are excluded.",
          "No qualified official analytical district-heating-network vector feed is enabled; an empty district_heating.lines layer remains an explicit source gap.",
          "KIUT district-heating WMS is visual reference-only imagery and does not replace analytical vector artifacts."
        ],
        "eligible_for_analysis": true,
        "osm_tags": {
          "man_made": "pipeline",
          "location": "overground",
          "substance": "hot_water"
        }
      },
      "geometry": {
        "type": "LineString",
        "coordinates": [
          [
            18.7771292,
            50.3046041
          ],
          [
            18.7772279,
            50.30460849999999
          ],
          [
            18.7780732,
            50.3045722
          ],
          [
            18.7780662,
            50.3045175
          ],
          [
            18.778138,
            50.304513699999994
          ],
          [
            18.778139,
            50.304571
          ],
          [
            18.7787223,
            50.3045472
          ],
          [
            18.779776,
            50.30460870000001
          ]
        ]
      }
    },
    {
      "type": "Feature",
      "properties": {
        "source": "OpenStreetMap",
        "source_id": "way/1188522433",
        "domain": "district_heating",
        "asset_type": "lines",
        "confidence": "medium",
        "missing_fields": [],
        "limitations": [
          "OSM district-heating infrastructure completeness varies significantly by area and operator.",
          "The committed contract fixture is not a complete Rybnik 35 km heat-network, capacity, pressure or flow model.",
          "Generic industrial buildings, chimneys, power equipment and pipelines without explicit heating semantics are excluded.",
          "No qualified official analytical district-heating-network vector feed is enabled; an empty district_heating.lines layer remains an explicit source gap.",
          "KIUT district-heating WMS is visual reference-only imagery and does not replace analytical vector artifacts."
        ],
        "eligible_for_analysis": true,
        "osm_tags": {
          "man_made": "pipeline",
          "location": "overhead",
          "substance": "hot_water"
        }
      },
      "geometry": {
        "type": "LineString",
        "coordinates": [
          [
            18.7812442,
            50.30469510000001
          ],
          [
            18.7813478,
            50.3046441
          ]
        ]
      }
    },
    {
      "type": "Feature",
      "properties": {
        "source": "OpenStreetMap",
        "source_id": "way/1188522434",
        "domain": "district_heating",
        "asset_type": "lines",
        "confidence": "medium",
        "missing_fields": [],
        "limitations": [
          "OSM district-heating infrastructure completeness varies significantly by area and operator.",
          "The committed contract fixture is not a complete Rybnik 35 km heat-network, capacity, pressure or flow model.",
          "Generic industrial buildings, chimneys, power equipment and pipelines without explicit heating semantics are excluded.",
          "No qualified official analytical district-heating-network vector feed is enabled; an empty district_heating.lines layer remains an explicit source gap.",
          "KIUT district-heating WMS is visual reference-only imagery and does not replace analytical vector artifacts."
        ],
        "eligible_for_analysis": true,
        "osm_tags": {
          "man_made": "pipeline",
          "location": "overground",
          "substance": "hot_water"
        }
      },
      "geometry": {
        "type": "LineString",
        "coordinates": [
          [
            18.7798745,
            50.3046141
          ],
          [
            18.7812442,
            50.30469510000001
          ]
        ]
      }
    },
    {
      "type": "Feature",
      "properties": {
        "source": "OpenStreetMap",
        "source_id": "way/1188522435",
        "domain": "district_heating",
        "asset_type": "lines",
        "confidence": "medium",
        "missing_fields": [],
        "limitations": [
          "OSM district-heating infrastructure completeness varies significantly by area and operator.",
          "The committed contract fixture is not a complete Rybnik 35 km heat-network, capacity, pressure or flow model.",
          "Generic industrial buildings, chimneys, power equipment and pipelines without explicit heating semantics are excluded.",
          "No qualified official analytical district-heating-network vector feed is enabled; an empty district_heating.lines layer remains an explicit source gap.",
          "KIUT district-heating WMS is visual reference-only imagery and does not replace analytical vector artifacts."
        ],
        "eligible_for_analysis": true,
        "osm_tags": {
          "man_made": "pipeline",
          "location": "overhead",
          "substance": "hot_water"
        }
      },
      "geometry": {
        "type": "LineString",
        "coordinates": [
          [
            18.779776,
            50.30460870000001
          ],
          [
            18.7798745,
            50.3046141
          ]
        ]
      }
    },
    {
      "type": "Feature",
      "properties": {
        "source": "OpenStreetMap",
        "source_id": "way/1188522436",
        "domain": "district_heating",
        "asset_type": "lines",
        "confidence": "medium",
        "missing_fields": [],
        "limitations": [
          "OSM district-heating infrastructure completeness varies significantly by area and operator.",
          "The committed contract fixture is not a complete Rybnik 35 km heat-network, capacity, pressure or flow model.",
          "Generic industrial buildings, chimneys, power equipment and pipelines without explicit heating semantics are excluded.",
          "No qualified official analytical district-heating-network vector feed is enabled; an empty district_heating.lines layer remains an explicit source gap.",
          "KIUT district-heating WMS is visual reference-only imagery and does not replace analytical vector artifacts."
        ],
        "eligible_for_analysis": true,
        "osm_tags": {
          "man_made": "pipeline",
          "location": "overground",
          "substance": "hot_water"
        }
      },
      "geometry": {
        "type": "LineString",
        "coordinates": [
          [
            18.7755134,
            50.30450350000001
          ],
          [
            18.7756101,
            50.3045016
          ],
          [
            18.7757297,
            50.304578
          ],
          [
            18.7766178,
            50.30457479999999
          ]
        ]
      }
    },
    {
      "type": "Feature",
      "properties": {
        "source": "OpenStreetMap",
        "source_id": "way/1188522437",
        "domain": "district_heating",
        "asset_type": "lines",
        "confidence": "medium",
        "missing_fields": [],
        "limitations": [
          "OSM district-heating infrastructure completeness varies significantly by area and operator.",
          "The committed contract fixture is not a complete Rybnik 35 km heat-network, capacity, pressure or flow model.",
          "Generic industrial buildings, chimneys, power equipment and pipelines without explicit heating semantics are excluded.",
          "No qualified official analytical district-heating-network vector feed is enabled; an empty district_heating.lines layer remains an explicit source gap.",
          "KIUT district-heating WMS is visual reference-only imagery and does not replace analytical vector artifacts."
        ],
        "eligible_for_analysis": true,
        "osm_tags": {
          "man_made": "pipeline",
          "location": "overhead",
          "layer": "1",
          "substance": "hot_water"
        }
      },
      "geometry": {
        "type": "LineString",
        "coordinates": [
          [
            18.7766178,
            50.30457479999999
          ],
          [
            18.7771292,
            50.3046041
          ]
        ]
      }
    },
    {
      "type": "Feature",
      "properties": {
        "source": "OpenStreetMap",
        "source_id": "way/1237359737",
        "domain": "district_heating",
        "asset_type": "lines",
        "confidence": "medium",
        "missing_fields": [],
        "limitations": [
          "OSM district-heating infrastructure completeness varies significantly by area and operator.",
          "The committed contract fixture is not a complete Rybnik 35 km heat-network, capacity, pressure or flow model.",
          "Generic industrial buildings, chimneys, power equipment and pipelines without explicit heating semantics are excluded.",
          "No qualified official analytical district-heating-network vector feed is enabled; an empty district_heating.lines layer remains an explicit source gap.",
          "KIUT district-heating WMS is visual reference-only imagery and does not replace analytical vector artifacts."
        ],
        "eligible_for_analysis": true,
        "osm_tags": {
          "man_made": "pipeline",
          "substance": "hot_water"
        }
      },
      "geometry": {
        "type": "LineString",
        "coordinates": [
          [
            18.6231274,
            50.3613933
          ],
          [
            18.623139,
            50.36134510000001
          ]
        ]
      }
    },
    {
      "type": "Feature",
      "properties": {
        "source": "OpenStreetMap",
        "source_id": "way/1267456836",
        "domain": "district_heating",
        "asset_type": "lines",
        "confidence": "medium",
        "missing_fields": [],
        "limitations": [
          "OSM district-heating infrastructure completeness varies significantly by area and operator.",
          "The committed contract fixture is not a complete Rybnik 35 km heat-network, capacity, pressure or flow model.",
          "Generic industrial buildings, chimneys, power equipment and pipelines without explicit heating semantics are excluded.",
          "No qualified official analytical district-heating-network vector feed is enabled; an empty district_heating.lines layer remains an explicit source gap.",
          "KIUT district-heating WMS is visual reference-only imagery and does not replace analytical vector artifacts."
        ],
        "eligible_for_analysis": true,
        "osm_tags": {
          "man_made": "pipeline",
          "location": "overground",
          "substance": "hot_water"
        }
      },
      "geometry": {
        "type": "LineString",
        "coordinates": [
          [
            18.7049606,
            50.2904915
          ],
          [
            18.704981,
            50.29047860000001
          ],
          [
            18.7050105,
            50.29049059999999
          ],
          [
            18.7050303,
            50.29047630000001
          ],
          [
            18.7050092,
            50.290457399999994
          ],
          [
            18.7053119,
            50.2902458
          ],
          [
            18.7054625,
            50.290254100000006
          ],
          [
            18.705478100000004,
            50.290073099999994
          ]
        ]
      }
    },
    {
      "type": "Feature",
      "properties": {
        "source": "OpenStreetMap",
        "source_id": "way/1299604145",
        "domain": "district_heating",
        "asset_type": "lines",
        "confidence": "medium",
        "missing_fields": [],
        "limitations": [
          "OSM district-heating infrastructure completeness varies significantly by area and operator.",
          "The committed contract fixture is not a complete Rybnik 35 km heat-network, capacity, pressure or flow model.",
          "Generic industrial buildings, chimneys, power equipment and pipelines without explicit heating semantics are excluded.",
          "No qualified official analytical district-heating-network vector feed is enabled; an empty district_heating.lines layer remains an explicit source gap.",
          "KIUT district-heating WMS is visual reference-only imagery and does not replace analytical vector artifacts."
        ],
        "eligible_for_analysis": true,
        "osm_tags": {
          "man_made": "pipeline",
          "substance": "hot_water"
        }
      },
      "geometry": {
        "type": "LineString",
        "coordinates": [
          [
            18.6428364,
            50.3306287
          ],
          [
            18.642861,
            50.3304782
          ],
          [
            18.6428934,
            50.3303553
          ],
          [
            18.6430998,
            50.3294977
          ],
          [
            18.6433155,
            50.328585100000005
          ],
          [
            18.6434834,
            50.3278947
          ],
          [
            18.644130400000005,
            50.3274512
          ],
          [
            18.6437761,
            50.327224
          ],
          [
            18.6439378,
            50.32710889999999
          ],
          [
            18.643763800000002,
            50.326996799999996
          ],
          [
            18.6448113,
            50.3261245
          ],
          [
            18.6447019,
            50.3260753
          ],
          [
            18.6463888,
            50.32465020000001
          ],
          [
            18.6464412,
            50.324672799999995
          ]
        ]
      }
    }
  ]
}