{
  "type": "FeatureCollection",
  "metadata": {
    "cache_layout_version": "provider_cache/v1",
    "geojson_contract_version": "provider_geojson/v1",
    "aoi_id": "rybnik_35km",
    "domain": "industrial",
    "layer_id": "industrial.works",
    "source": "OpenStreetMap",
    "source_type": "analytical_vector",
    "source_registry_id": "openstreetmap",
    "source_url": "https://overpass-api.de/api/interpreter",
    "source_query": "Fixture contract evidence for industrial-osm/v1",
    "snapshot_at": "2026-08-20T02:09:58.561543Z",
    "pipeline_version": "geo_pipeline/industrial/v1",
    "query_version": "industrial-osm/v2",
    "validation_status_raw": "warning",
    "quality_status": "warning",
    "confidence": "medium",
    "limitations": [
      "OSM industrial facilities might lack complete boundary semantics. Fixture is bounded to Rybnik 35km."
    ],
    "eligible_for_analysis": true,
    "feature_count": 194,
    "readiness": "usable_with_limitations",
    "contract_version": "provider_geojson/v1"
  },
  "features": [
    {
      "type": "Feature",
      "properties": {
        "source": "OpenStreetMap",
        "source_id": "node/392764923",
        "domain": "industrial",
        "asset_type": "unknown",
        "confidence": "medium",
        "missing_fields": [],
        "limitations": [
          "OSM industrial facilities might lack complete boundary semantics. Fixture is bounded to Rybnik 35km."
        ],
        "eligible_for_analysis": true,
        "osm_tags": {
          "man_made": "works",
          "name": "Kopalnia Piasku „Kotlarnia” S.A.",
          "source": "OpenStreetMap"
        }
      },
      "geometry": {
        "type": "Point",
        "coordinates": [
          18.370388600000002,
          50.27005929999999
        ]
      }
    },
    {
      "type": "Feature",
      "properties": {
        "source": "OpenStreetMap",
        "source_id": "node/821662306",
        "domain": "industrial",
        "asset_type": "unknown",
        "confidence": "medium",
        "missing_fields": [],
        "limitations": [
          "OSM industrial facilities might lack complete boundary semantics. Fixture is bounded to Rybnik 35km."
        ],
        "eligible_for_analysis": true,
        "osm_tags": {
          "man_made": "works",
          "name": "Gremaks",
          "source": "OpenStreetMap"
        }
      },
      "geometry": {
        "type": "Point",
        "coordinates": [
          18.2323772,
          50.095903299999996
        ]
      }
    },
    {
      "type": "Feature",
      "properties": {
        "source": "OpenStreetMap",
        "source_id": "node/828136305",
        "domain": "industrial",
        "asset_type": "unknown",
        "confidence": "medium",
        "missing_fields": [],
        "limitations": [
          "OSM industrial facilities might lack complete boundary semantics. Fixture is bounded to Rybnik 35km."
        ],
        "eligible_for_analysis": true,
        "osm_tags": {
          "man_made": "works",
          "name": "KiDe Ceramika",
          "source": "OpenStreetMap"
        }
      },
      "geometry": {
        "type": "Point",
        "coordinates": [
          18.2298069,
          50.0956605
        ]
      }
    },
    {
      "type": "Feature",
      "properties": {
        "source": "OpenStreetMap",
        "source_id": "node/1744706981",
        "domain": "industrial",
        "asset_type": "unknown",
        "confidence": "medium",
        "missing_fields": [],
        "limitations": [
          "OSM industrial facilities might lack complete boundary semantics. Fixture is bounded to Rybnik 35km."
        ],
        "eligible_for_analysis": true,
        "osm_tags": {
          "man_made": "works",
          "source": "OpenStreetMap"
        }
      },
      "geometry": {
        "type": "Point",
        "coordinates": [
          18.345987,
          49.91941659999999
        ]
      }
    },
    {
      "type": "Feature",
      "properties": {
        "source": "OpenStreetMap",
        "source_id": "node/1936259734",
        "domain": "industrial",
        "asset_type": "unknown",
        "confidence": "medium",
        "missing_fields": [],
        "limitations": [
          "OSM industrial facilities might lack complete boundary semantics. Fixture is bounded to Rybnik 35km."
        ],
        "eligible_for_analysis": true,
        "osm_tags": {
          "man_made": "works",
          "name": "INNOW",
          "source": "OpenStreetMap"
        }
      },
      "geometry": {
        "type": "Point",
        "coordinates": [
          18.9053978,
          50.253478
        ]
      }
    },
    {
      "type": "Feature",
      "properties": {
        "source": "OpenStreetMap",
        "source_id": "node/2125400681",
        "domain": "industrial",
        "asset_type": "unknown",
        "confidence": "medium",
        "missing_fields": [],
        "limitations": [
          "OSM industrial facilities might lack complete boundary semantics. Fixture is bounded to Rybnik 35km."
        ],
        "eligible_for_analysis": true,
        "osm_tags": {
          "man_made": "works",
          "name": "Wyroby hutnicze",
          "source": "OpenStreetMap"
        }
      },
      "geometry": {
        "type": "Point",
        "coordinates": [
          18.5979876,
          49.925855500000004
        ]
      }
    },
    {
      "type": "Feature",
      "properties": {
        "source": "OpenStreetMap",
        "source_id": "node/2140203238",
        "domain": "industrial",
        "asset_type": "unknown",
        "confidence": "medium",
        "missing_fields": [],
        "limitations": [
          "OSM industrial facilities might lack complete boundary semantics. Fixture is bounded to Rybnik 35km."
        ],
        "eligible_for_analysis": true,
        "osm_tags": {
          "man_made": "works",
          "name": "Tartak Euroclas",
          "source": "OpenStreetMap",
          "opening_hours": "Mo-Fr 07:00-16:00; Sa 07:00-13:00",
          "contact:phone": "+48 32 451 33 38;+48 32 451 02 32;+48 601 866 498",
          "contact:email": "euroclas@wb.pl"
        }
      },
      "geometry": {
        "type": "Point",
        "coordinates": [
          18.4064608,
          49.992915399999994
        ]
      }
    },
    {
      "type": "Feature",
      "properties": {
        "source": "OpenStreetMap",
        "source_id": "node/2329951982",
        "domain": "industrial",
        "asset_type": "unknown",
        "confidence": "medium",
        "missing_fields": [],
        "limitations": [
          "OSM industrial facilities might lack complete boundary semantics. Fixture is bounded to Rybnik 35km."
        ],
        "eligible_for_analysis": true,
        "osm_tags": {
          "man_made": "works",
          "name": "STOLMAT",
          "source": "OpenStreetMap",
          "contact:phone": "+48 32 720 35 44; +48 602 459 820",
          "contact:email": "stolmat@stolmat.info"
        }
      },
      "geometry": {
        "type": "Point",
        "coordinates": [
          18.405226,
          49.9927232
        ]
      }
    },
    {
      "type": "Feature",
      "properties": {
        "source": "OpenStreetMap",
        "source_id": "node/2434061244",
        "domain": "industrial",
        "asset_type": "unknown",
        "confidence": "medium",
        "missing_fields": [],
        "limitations": [
          "OSM industrial facilities might lack complete boundary semantics. Fixture is bounded to Rybnik 35km."
        ],
        "eligible_for_analysis": true,
        "osm_tags": {
          "man_made": "works",
          "name": "Komstal Przedsiębiorstwo Wielobranżowe",
          "website": "http://www.komstal.pl",
          "source": "OpenStreetMap",
          "phone": "+48 32 236 45 80",
          "wheelchair": "yes"
        }
      },
      "geometry": {
        "type": "Point",
        "coordinates": [
          18.6961972,
          50.2203219
        ]
      }
    },
    {
      "type": "Feature",
      "properties": {
        "source": "OpenStreetMap",
        "source_id": "node/2845078245",
        "domain": "industrial",
        "asset_type": "unknown",
        "confidence": "medium",
        "missing_fields": [],
        "limitations": [
          "OSM industrial facilities might lack complete boundary semantics. Fixture is bounded to Rybnik 35km."
        ],
        "eligible_for_analysis": true,
        "osm_tags": {
          "man_made": "works",
          "name": "DIG Świtała sp. z o.o.",
          "operator": "DIG Świtała sp. z o.o.",
          "description": "DIG Świtała – lider technologii obróbki metalu. Oferujemy prasy krawędziowe, giętarki, profilarki, linie automatyczne i serwis maszyn. Doradzamy, testujemy i wdrażamy rozwiązania dla przemysłu metalowego, AGD, HVAC i konstrukcji stalowych.",
          "source": "OpenStreetMap",
          "contact:phone": "+48 32 7203540",
          "contact:email": "kontakt@switala.pl"
        }
      },
      "geometry": {
        "type": "Point",
        "coordinates": [
          18.4539858,
          49.94554819999999
        ]
      }
    },
    {
      "type": "Feature",
      "properties": {
        "source": "OpenStreetMap",
        "source_id": "node/2845081958",
        "domain": "industrial",
        "asset_type": "unknown",
        "confidence": "medium",
        "missing_fields": [],
        "limitations": [
          "OSM industrial facilities might lack complete boundary semantics. Fixture is bounded to Rybnik 35km."
        ],
        "eligible_for_analysis": true,
        "osm_tags": {
          "man_made": "works",
          "name": "VST sp. z o.o.",
          "website": "https://www.vitillo.com.pl/",
          "source": "OpenStreetMap",
          "contact:phone": "+48 32 7288544"
        }
      },
      "geometry": {
        "type": "Point",
        "coordinates": [
          18.454172,
          49.94544579999999
        ]
      }
    },
    {
      "type": "Feature",
      "properties": {
        "source": "OpenStreetMap",
        "source_id": "node/2961033140",
        "domain": "industrial",
        "asset_type": "unknown",
        "confidence": "medium",
        "missing_fields": [],
        "limitations": [
          "OSM industrial facilities might lack complete boundary semantics. Fixture is bounded to Rybnik 35km."
        ],
        "eligible_for_analysis": true,
        "osm_tags": {
          "man_made": "works",
          "name": "Zakład Konstrukcji Metalowych",
          "source": "OpenStreetMap"
        }
      },
      "geometry": {
        "type": "Point",
        "coordinates": [
          18.2371287,
          50.104350899999986
        ]
      }
    },
    {
      "type": "Feature",
      "properties": {
        "source": "OpenStreetMap",
        "source_id": "node/3084888848",
        "domain": "industrial",
        "asset_type": "unknown",
        "confidence": "medium",
        "missing_fields": [],
        "limitations": [
          "OSM industrial facilities might lack complete boundary semantics. Fixture is bounded to Rybnik 35km."
        ],
        "eligible_for_analysis": true,
        "osm_tags": {
          "man_made": "works",
          "name": "WEGA",
          "source": "OpenStreetMap"
        }
      },
      "geometry": {
        "type": "Point",
        "coordinates": [
          18.8936078,
          50.15436170000001
        ]
      }
    },
    {
      "type": "Feature",
      "properties": {
        "source": "OpenStreetMap",
        "source_id": "node/3225785880",
        "domain": "industrial",
        "asset_type": "unknown",
        "confidence": "medium",
        "missing_fields": [],
        "limitations": [
          "OSM industrial facilities might lack complete boundary semantics. Fixture is bounded to Rybnik 35km."
        ],
        "eligible_for_analysis": true,
        "osm_tags": {
          "man_made": "works",
          "name": "Rolas",
          "source": "OpenStreetMap"
        }
      },
      "geometry": {
        "type": "Point",
        "coordinates": [
          18.22326,
          50.24808
        ]
      }
    },
    {
      "type": "Feature",
      "properties": {
        "source": "OpenStreetMap",
        "source_id": "node/4919263816",
        "domain": "industrial",
        "asset_type": "unknown",
        "confidence": "medium",
        "missing_fields": [],
        "limitations": [
          "OSM industrial facilities might lack complete boundary semantics. Fixture is bounded to Rybnik 35km."
        ],
        "eligible_for_analysis": true,
        "osm_tags": {
          "man_made": "works",
          "name": "Bruk",
          "source": "OpenStreetMap"
        }
      },
      "geometry": {
        "type": "Point",
        "coordinates": [
          18.4094812,
          49.9929115
        ]
      }
    },
    {
      "type": "Feature",
      "properties": {
        "source": "OpenStreetMap",
        "source_id": "node/4919263817",
        "domain": "industrial",
        "asset_type": "unknown",
        "confidence": "medium",
        "missing_fields": [],
        "limitations": [
          "OSM industrial facilities might lack complete boundary semantics. Fixture is bounded to Rybnik 35km."
        ],
        "eligible_for_analysis": true,
        "osm_tags": {
          "man_made": "works",
          "name": "Politan",
          "source": "OpenStreetMap"
        }
      },
      "geometry": {
        "type": "Point",
        "coordinates": [
          18.4079444,
          49.99289019999999
        ]
      }
    },
    {
      "type": "Feature",
      "properties": {
        "source": "OpenStreetMap",
        "source_id": "node/4919263818",
        "domain": "industrial",
        "asset_type": "unknown",
        "confidence": "medium",
        "missing_fields": [],
        "limitations": [
          "OSM industrial facilities might lack complete boundary semantics. Fixture is bounded to Rybnik 35km."
        ],
        "eligible_for_analysis": true,
        "osm_tags": {
          "man_made": "works",
          "name": "Sikora Hurtownia materiałów budowlanych",
          "source": "OpenStreetMap"
        }
      },
      "geometry": {
        "type": "Point",
        "coordinates": [
          18.4071934,
          49.9936213
        ]
      }
    },
    {
      "type": "Feature",
      "properties": {
        "source": "OpenStreetMap",
        "source_id": "node/4919263927",
        "domain": "industrial",
        "asset_type": "unknown",
        "confidence": "medium",
        "missing_fields": [],
        "limitations": [
          "OSM industrial facilities might lack complete boundary semantics. Fixture is bounded to Rybnik 35km."
        ],
        "eligible_for_analysis": true,
        "osm_tags": {
          "man_made": "works",
          "name": "Kufieta",
          "source": "OpenStreetMap",
          "phone": "+48 32 455 61 06",
          "email": "kufieta@kufieta.pl"
        }
      },
      "geometry": {
        "type": "Point",
        "coordinates": [
          18.41674,
          49.9930675
        ]
      }
    },
    {
      "type": "Feature",
      "properties": {
        "source": "OpenStreetMap",
        "source_id": "node/4919263928",
        "domain": "industrial",
        "asset_type": "unknown",
        "confidence": "medium",
        "missing_fields": [],
        "limitations": [
          "OSM industrial facilities might lack complete boundary semantics. Fixture is bounded to Rybnik 35km."
        ],
        "eligible_for_analysis": true,
        "osm_tags": {
          "man_made": "works",
          "name": "Neptun",
          "source": "OpenStreetMap",
          "phone": "+48 32 451 31 58"
        }
      },
      "geometry": {
        "type": "Point",
        "coordinates": [
          18.4149374,
          49.993307699999995
        ]
      }
    },
    {
      "type": "Feature",
      "properties": {
        "source": "OpenStreetMap",
        "source_id": "node/5033211529",
        "domain": "industrial",
        "asset_type": "unknown",
        "confidence": "medium",
        "missing_fields": [],
        "limitations": [
          "OSM industrial facilities might lack complete boundary semantics. Fixture is bounded to Rybnik 35km."
        ],
        "eligible_for_analysis": true,
        "osm_tags": {
          "man_made": "works",
          "name": "Dzida produkt",
          "source": "OpenStreetMap"
        }
      },
      "geometry": {
        "type": "Point",
        "coordinates": [
          18.9412195,
          49.9474246
        ]
      }
    },
    {
      "type": "Feature",
      "properties": {
        "source": "OpenStreetMap",
        "source_id": "node/5564069180",
        "domain": "industrial",
        "asset_type": "unknown",
        "confidence": "medium",
        "missing_fields": [],
        "limitations": [
          "OSM industrial facilities might lack complete boundary semantics. Fixture is bounded to Rybnik 35km."
        ],
        "eligible_for_analysis": true,
        "osm_tags": {
          "man_made": "works",
          "name": "Reflex-Polska Sp. z o.o.",
          "website": "http://www.reflex-polska.com.pl/",
          "source": "OpenStreetMap",
          "phone": "+48 32 771 64 70"
        }
      },
      "geometry": {
        "type": "Point",
        "coordinates": [
          18.8664776,
          50.30429449999999
        ]
      }
    },
    {
      "type": "Feature",
      "properties": {
        "source": "OpenStreetMap",
        "source_id": "node/5587016346",
        "domain": "industrial",
        "asset_type": "unknown",
        "confidence": "medium",
        "missing_fields": [],
        "limitations": [
          "OSM industrial facilities might lack complete boundary semantics. Fixture is bounded to Rybnik 35km."
        ],
        "eligible_for_analysis": true,
        "osm_tags": {
          "man_made": "works",
          "name": "Wytwórnia Betonu \"Lafarge\"",
          "website": "https://lafarge.pl/",
          "source": "OpenStreetMap",
          "phone": "+48 32 345 05 35"
        }
      },
      "geometry": {
        "type": "Point",
        "coordinates": [
          18.9028961,
          50.303233600000006
        ]
      }
    },
    {
      "type": "Feature",
      "properties": {
        "source": "OpenStreetMap",
        "source_id": "node/5587016347",
        "domain": "industrial",
        "asset_type": "unknown",
        "confidence": "medium",
        "missing_fields": [],
        "limitations": [
          "OSM industrial facilities might lack complete boundary semantics. Fixture is bounded to Rybnik 35km."
        ],
        "eligible_for_analysis": true,
        "osm_tags": {
          "man_made": "works",
          "name": "Instal Sp. z o. o.",
          "website": "https://instal1.pl/",
          "source": "OpenStreetMap",
          "phone": "+48 32 770 99 88"
        }
      },
      "geometry": {
        "type": "Point",
        "coordinates": [
          18.902149100000003,
          50.3038645
        ]
      }
    },
    {
      "type": "Feature",
      "properties": {
        "source": "OpenStreetMap",
        "source_id": "node/5793655472",
        "domain": "industrial",
        "asset_type": "unknown",
        "confidence": "medium",
        "missing_fields": [],
        "limitations": [
          "OSM industrial facilities might lack complete boundary semantics. Fixture is bounded to Rybnik 35km."
        ],
        "eligible_for_analysis": true,
        "osm_tags": {
          "man_made": "works",
          "name": "EM Battery Systems",
          "operator": "EMBS",
          "source": "OpenStreetMap",
          "phone": "+48323302650",
          "email": "sales@embatterysystems.com"
        }
      },
      "geometry": {
        "type": "Point",
        "coordinates": [
          18.600526900000002,
          50.33402709999999
        ]
      }
    },
    {
      "type": "Feature",
      "properties": {
        "source": "OpenStreetMap",
        "source_id": "node/6887917051",
        "domain": "industrial",
        "asset_type": "unknown",
        "confidence": "medium",
        "missing_fields": [],
        "limitations": [
          "OSM industrial facilities might lack complete boundary semantics. Fixture is bounded to Rybnik 35km."
        ],
        "eligible_for_analysis": true,
        "osm_tags": {
          "man_made": "works",
          "name": "IWM Automation Polska SP. z o.o.",
          "website": "https://www.iwm-automation.de",
          "source": "OpenStreetMap",
          "phone": "+48 32 213 40 00"
        }
      },
      "geometry": {
        "type": "Point",
        "coordinates": [
          18.8666344,
          50.3018021
        ]
      }
    },
    {
      "type": "Feature",
      "properties": {
        "source": "OpenStreetMap",
        "source_id": "node/7203075004",
        "domain": "industrial",
        "asset_type": "unknown",
        "confidence": "medium",
        "missing_fields": [],
        "limitations": [
          "OSM industrial facilities might lack complete boundary semantics. Fixture is bounded to Rybnik 35km."
        ],
        "eligible_for_analysis": true,
        "osm_tags": {
          "man_made": "works",
          "name": "Beton Zabrze Cemex",
          "website": "https://www.cemex.pl/",
          "source": "OpenStreetMap",
          "phone": "+48 32 661 16 62"
        }
      },
      "geometry": {
        "type": "Point",
        "coordinates": [
          18.796422,
          50.32285999999999
        ]
      }
    },
    {
      "type": "Feature",
      "properties": {
        "source": "OpenStreetMap",
        "source_id": "node/7972592582",
        "domain": "industrial",
        "asset_type": "unknown",
        "confidence": "medium",
        "missing_fields": [],
        "limitations": [
          "OSM industrial facilities might lack complete boundary semantics. Fixture is bounded to Rybnik 35km."
        ],
        "eligible_for_analysis": true,
        "osm_tags": {
          "man_made": "works",
          "name": "ECQ Pack Factory",
          "website": "https://ecopackfactory.com/",
          "source": "OpenStreetMap",
          "phone": "+48 32 732 16 38",
          "email": "biuro1@ecqpackfactory.com"
        }
      },
      "geometry": {
        "type": "Point",
        "coordinates": [
          18.866364100000002,
          50.3031744
        ]
      }
    },
    {
      "type": "Feature",
      "properties": {
        "source": "OpenStreetMap",
        "source_id": "node/8223836855",
        "domain": "industrial",
        "asset_type": "unknown",
        "confidence": "medium",
        "missing_fields": [],
        "limitations": [
          "OSM industrial facilities might lack complete boundary semantics. Fixture is bounded to Rybnik 35km."
        ],
        "eligible_for_analysis": true,
        "osm_tags": {
          "man_made": "works",
          "name": "Stellantis Gliwice Oddział I Zakład Produkcji Silników",
          "source": "OpenStreetMap"
        }
      },
      "geometry": {
        "type": "Point",
        "coordinates": [
          19.034192,
          50.0996631
        ]
      }
    },
    {
      "type": "Feature",
      "properties": {
        "source": "OpenStreetMap",
        "source_id": "node/8808618351",
        "domain": "industrial",
        "asset_type": "unknown",
        "confidence": "medium",
        "missing_fields": [],
        "limitations": [
          "OSM industrial facilities might lack complete boundary semantics. Fixture is bounded to Rybnik 35km."
        ],
        "eligible_for_analysis": true,
        "osm_tags": {
          "man_made": "works",
          "name": "Dywidag Systems International",
          "source": "OpenStreetMap"
        }
      },
      "geometry": {
        "type": "Point",
        "coordinates": [
          18.8621184,
          50.28762199999999
        ]
      }
    },
    {
      "type": "Feature",
      "properties": {
        "source": "OpenStreetMap",
        "source_id": "node/8925615492",
        "domain": "industrial",
        "asset_type": "unknown",
        "confidence": "medium",
        "missing_fields": [],
        "limitations": [
          "OSM industrial facilities might lack complete boundary semantics. Fixture is bounded to Rybnik 35km."
        ],
        "eligible_for_analysis": true,
        "osm_tags": {
          "man_made": "works",
          "name": "Eko-Glob",
          "source": "OpenStreetMap"
        }
      },
      "geometry": {
        "type": "Point",
        "coordinates": [
          18.4970388,
          49.9743325
        ]
      }
    },
    {
      "type": "Feature",
      "properties": {
        "source": "OpenStreetMap",
        "source_id": "node/8925615493",
        "domain": "industrial",
        "asset_type": "unknown",
        "confidence": "medium",
        "missing_fields": [],
        "limitations": [
          "OSM industrial facilities might lack complete boundary semantics. Fixture is bounded to Rybnik 35km."
        ],
        "eligible_for_analysis": true,
        "osm_tags": {
          "man_made": "works",
          "name": "Instalmet",
          "source": "OpenStreetMap"
        }
      },
      "geometry": {
        "type": "Point",
        "coordinates": [
          18.4978518,
          49.97442120000001
        ]
      }
    },
    {
      "type": "Feature",
      "properties": {
        "source": "OpenStreetMap",
        "source_id": "node/8925615494",
        "domain": "industrial",
        "asset_type": "unknown",
        "confidence": "medium",
        "missing_fields": [],
        "limitations": [
          "OSM industrial facilities might lack complete boundary semantics. Fixture is bounded to Rybnik 35km."
        ],
        "eligible_for_analysis": true,
        "osm_tags": {
          "man_made": "works",
          "name": "Azis Mining Service",
          "source": "OpenStreetMap"
        }
      },
      "geometry": {
        "type": "Point",
        "coordinates": [
          18.4979695,
          49.975705700000006
        ]
      }
    },
    {
      "type": "Feature",
      "properties": {
        "source": "OpenStreetMap",
        "source_id": "node/8925615495",
        "domain": "industrial",
        "asset_type": "unknown",
        "confidence": "medium",
        "missing_fields": [],
        "limitations": [
          "OSM industrial facilities might lack complete boundary semantics. Fixture is bounded to Rybnik 35km."
        ],
        "eligible_for_analysis": true,
        "osm_tags": {
          "man_made": "works",
          "name": "Mitko",
          "source": "OpenStreetMap"
        }
      },
      "geometry": {
        "type": "Point",
        "coordinates": [
          18.4966991,
          49.9760307
        ]
      }
    },
    {
      "type": "Feature",
      "properties": {
        "source": "OpenStreetMap",
        "source_id": "node/8925615496",
        "domain": "industrial",
        "asset_type": "unknown",
        "confidence": "medium",
        "missing_fields": [],
        "limitations": [
          "OSM industrial facilities might lack complete boundary semantics. Fixture is bounded to Rybnik 35km."
        ],
        "eligible_for_analysis": true,
        "osm_tags": {
          "man_made": "works",
          "name": "Linter Mining",
          "source": "OpenStreetMap"
        }
      },
      "geometry": {
        "type": "Point",
        "coordinates": [
          18.4960345,
          49.9782079
        ]
      }
    },
    {
      "type": "Feature",
      "properties": {
        "source": "OpenStreetMap",
        "source_id": "node/8925618008",
        "domain": "industrial",
        "asset_type": "unknown",
        "confidence": "medium",
        "missing_fields": [],
        "limitations": [
          "OSM industrial facilities might lack complete boundary semantics. Fixture is bounded to Rybnik 35km."
        ],
        "eligible_for_analysis": true,
        "osm_tags": {
          "man_made": "works",
          "name": "Decordruk Sp. z o. o.",
          "source": "OpenStreetMap"
        }
      },
      "geometry": {
        "type": "Point",
        "coordinates": [
          18.4976005,
          49.97746389999999
        ]
      }
    },
    {
      "type": "Feature",
      "properties": {
        "source": "OpenStreetMap",
        "source_id": "node/9197900022",
        "domain": "industrial",
        "asset_type": "unknown",
        "confidence": "medium",
        "missing_fields": [],
        "limitations": [
          "OSM industrial facilities might lack complete boundary semantics. Fixture is bounded to Rybnik 35km."
        ],
        "eligible_for_analysis": true,
        "osm_tags": {
          "man_made": "works",
          "name": "IMI Hydronic Engineering",
          "source": "OpenStreetMap"
        }
      },
      "geometry": {
        "type": "Point",
        "coordinates": [
          18.8630122,
          50.3029205
        ]
      }
    },
    {
      "type": "Feature",
      "properties": {
        "source": "OpenStreetMap",
        "source_id": "node/9530856312",
        "domain": "industrial",
        "asset_type": "unknown",
        "confidence": "medium",
        "missing_fields": [],
        "limitations": [
          "OSM industrial facilities might lack complete boundary semantics. Fixture is bounded to Rybnik 35km."
        ],
        "eligible_for_analysis": true,
        "osm_tags": {
          "man_made": "works",
          "name": "Grupa Luxpol",
          "source": "OpenStreetMap"
        }
      },
      "geometry": {
        "type": "Point",
        "coordinates": [
          19.0186991,
          50.1043365
        ]
      }
    },
    {
      "type": "Feature",
      "properties": {
        "source": "OpenStreetMap",
        "source_id": "node/9530856316",
        "domain": "industrial",
        "asset_type": "unknown",
        "confidence": "medium",
        "missing_fields": [],
        "limitations": [
          "OSM industrial facilities might lack complete boundary semantics. Fixture is bounded to Rybnik 35km."
        ],
        "eligible_for_analysis": true,
        "osm_tags": {
          "man_made": "works",
          "name": "Almi Tychy",
          "website": "https://almi-polska.pl/",
          "source": "OpenStreetMap",
          "phone": "+48 32 325 05 09"
        }
      },
      "geometry": {
        "type": "Point",
        "coordinates": [
          19.0186512,
          50.1036313
        ]
      }
    },
    {
      "type": "Feature",
      "properties": {
        "source": "OpenStreetMap",
        "source_id": "node/9530895617",
        "domain": "industrial",
        "asset_type": "unknown",
        "confidence": "medium",
        "missing_fields": [],
        "limitations": [
          "OSM industrial facilities might lack complete boundary semantics. Fixture is bounded to Rybnik 35km."
        ],
        "eligible_for_analysis": true,
        "osm_tags": {
          "man_made": "works",
          "name": "HiCS Sp. z o o",
          "website": "http://hics.tychy.pl/",
          "source": "OpenStreetMap",
          "phone": "+48 32 508 07 46"
        }
      },
      "geometry": {
        "type": "Point",
        "coordinates": [
          19.0202341,
          50.1037227
        ]
      }
    },
    {
      "type": "Feature",
      "properties": {
        "source": "OpenStreetMap",
        "source_id": "node/9530895618",
        "domain": "industrial",
        "asset_type": "unknown",
        "confidence": "medium",
        "missing_fields": [],
        "limitations": [
          "OSM industrial facilities might lack complete boundary semantics. Fixture is bounded to Rybnik 35km."
        ],
        "eligible_for_analysis": true,
        "osm_tags": {
          "man_made": "works",
          "name": "Tabor",
          "website": "https://www.taborklima.pl/",
          "description": "Wykonawca instalacji grzewczych, klimatyzacyjnych i wentylacyjnych",
          "source": "OpenStreetMap",
          "phone": "+48 608 659 953"
        }
      },
      "geometry": {
        "type": "Point",
        "coordinates": [
          19.0210929,
          50.1037079
        ]
      }
    },
    {
      "type": "Feature",
      "properties": {
        "source": "OpenStreetMap",
        "source_id": "node/9530895619",
        "domain": "industrial",
        "asset_type": "unknown",
        "confidence": "medium",
        "missing_fields": [],
        "limitations": [
          "OSM industrial facilities might lack complete boundary semantics. Fixture is bounded to Rybnik 35km."
        ],
        "eligible_for_analysis": true,
        "osm_tags": {
          "man_made": "works",
          "name": "Protomatic - Automatyka przemysłowa",
          "website": "https://protomatic.pl/",
          "description": "Produkcja maszyn i części metalowych",
          "source": "OpenStreetMap",
          "phone": "+48 504 149 498"
        }
      },
      "geometry": {
        "type": "Point",
        "coordinates": [
          19.021505,
          50.1039376
        ]
      }
    },
    {
      "type": "Feature",
      "properties": {
        "source": "OpenStreetMap",
        "source_id": "node/9530895620",
        "domain": "industrial",
        "asset_type": "unknown",
        "confidence": "medium",
        "missing_fields": [],
        "limitations": [
          "OSM industrial facilities might lack complete boundary semantics. Fixture is bounded to Rybnik 35km."
        ],
        "eligible_for_analysis": true,
        "osm_tags": {
          "man_made": "works",
          "name": "Future Media Group Sp. z o.o.",
          "website": "http://futuremedia.com.pl/",
          "source": "OpenStreetMap",
          "phone": "+48 691 612 099"
        }
      },
      "geometry": {
        "type": "Point",
        "coordinates": [
          19.0224447,
          50.10404140000001
        ]
      }
    },
    {
      "type": "Feature",
      "properties": {
        "source": "OpenStreetMap",
        "source_id": "node/9954945344",
        "domain": "industrial",
        "asset_type": "unknown",
        "confidence": "medium",
        "missing_fields": [],
        "limitations": [
          "OSM industrial facilities might lack complete boundary semantics. Fixture is bounded to Rybnik 35km."
        ],
        "eligible_for_analysis": true,
        "osm_tags": {
          "man_made": "works",
          "name": "Apex",
          "website": "http://apex-apex.pl/",
          "source": "OpenStreetMap",
          "contact:phone": "+48 32 252 34 57"
        }
      },
      "geometry": {
        "type": "Point",
        "coordinates": [
          18.9794218,
          50.22854079999999
        ]
      }
    },
    {
      "type": "Feature",
      "properties": {
        "source": "OpenStreetMap",
        "source_id": "node/9954945345",
        "domain": "industrial",
        "asset_type": "unknown",
        "confidence": "medium",
        "missing_fields": [],
        "limitations": [
          "OSM industrial facilities might lack complete boundary semantics. Fixture is bounded to Rybnik 35km."
        ],
        "eligible_for_analysis": true,
        "osm_tags": {
          "man_made": "works",
          "name": "Diament",
          "website": "https://pphu-diament.pl/",
          "source": "OpenStreetMap"
        }
      },
      "geometry": {
        "type": "Point",
        "coordinates": [
          18.9797326,
          50.22854499999998
        ]
      }
    },
    {
      "type": "Feature",
      "properties": {
        "source": "OpenStreetMap",
        "source_id": "node/10109880771",
        "domain": "industrial",
        "asset_type": "unknown",
        "confidence": "medium",
        "missing_fields": [],
        "limitations": [
          "OSM industrial facilities might lack complete boundary semantics. Fixture is bounded to Rybnik 35km."
        ],
        "eligible_for_analysis": true,
        "osm_tags": {
          "man_made": "works",
          "name": "CHIRON Polska sp. z o.o.",
          "source": "OpenStreetMap",
          "phone": "+48 32 790 98 50",
          "email": "biuro@protech-polska.pl"
        }
      },
      "geometry": {
        "type": "Point",
        "coordinates": [
          18.7917538,
          50.219227
        ]
      }
    },
    {
      "type": "Feature",
      "properties": {
        "source": "OpenStreetMap",
        "source_id": "node/12581736720",
        "domain": "industrial",
        "asset_type": "unknown",
        "confidence": "medium",
        "missing_fields": [],
        "limitations": [
          "OSM industrial facilities might lack complete boundary semantics. Fixture is bounded to Rybnik 35km."
        ],
        "eligible_for_analysis": true,
        "osm_tags": {
          "man_made": "works",
          "name": "Dogmates Sp. z o.o. / Psi Bufet / Sam's Kitchen",
          "operator": "Dogmates Sp. z o. o.",
          "start_date": "2025-01-01",
          "source": "OpenStreetMap",
          "email": "kontakt@psibufet.pl"
        }
      },
      "geometry": {
        "type": "Point",
        "coordinates": [
          18.8017954,
          50.34397080000001
        ]
      }
    },
    {
      "type": "Feature",
      "properties": {
        "source": "OpenStreetMap",
        "source_id": "node/12778565187",
        "domain": "industrial",
        "asset_type": "unknown",
        "confidence": "medium",
        "missing_fields": [],
        "limitations": [
          "OSM industrial facilities might lack complete boundary semantics. Fixture is bounded to Rybnik 35km."
        ],
        "eligible_for_analysis": true,
        "osm_tags": {
          "man_made": "works",
          "name": "PerfekT Zakład Ślusarski",
          "source": "OpenStreetMap"
        }
      },
      "geometry": {
        "type": "Point",
        "coordinates": [
          18.5497663,
          50.12342929999999
        ]
      }
    },
    {
      "type": "Feature",
      "properties": {
        "source": "OpenStreetMap",
        "source_id": "node/12950309992",
        "domain": "industrial",
        "asset_type": "unknown",
        "confidence": "medium",
        "missing_fields": [],
        "limitations": [
          "OSM industrial facilities might lack complete boundary semantics. Fixture is bounded to Rybnik 35km."
        ],
        "eligible_for_analysis": true,
        "osm_tags": {
          "man_made": "works",
          "name": "Jurgal - honowanie przemysłowe",
          "source": "OpenStreetMap"
        }
      },
      "geometry": {
        "type": "Point",
        "coordinates": [
          18.913064,
          50.178582999999996
        ]
      }
    },
    {
      "type": "Feature",
      "properties": {
        "source": "OpenStreetMap",
        "source_id": "node/12950309993",
        "domain": "industrial",
        "asset_type": "unknown",
        "confidence": "medium",
        "missing_fields": [],
        "limitations": [
          "OSM industrial facilities might lack complete boundary semantics. Fixture is bounded to Rybnik 35km."
        ],
        "eligible_for_analysis": true,
        "osm_tags": {
          "man_made": "works",
          "name": "Jurgal - regeneracja silników",
          "source": "OpenStreetMap"
        }
      },
      "geometry": {
        "type": "Point",
        "coordinates": [
          18.9099291,
          50.1781544
        ]
      }
    },
    {
      "type": "Feature",
      "properties": {
        "source": "OpenStreetMap",
        "source_id": "node/12998212199",
        "domain": "industrial",
        "asset_type": "unknown",
        "confidence": "medium",
        "missing_fields": [],
        "limitations": [
          "OSM industrial facilities might lack complete boundary semantics. Fixture is bounded to Rybnik 35km."
        ],
        "eligible_for_analysis": true,
        "osm_tags": {
          "man_made": "works",
          "name": "BIMs PLUS GÓRNY ŚLĄSK",
          "source": "OpenStreetMap",
          "contact:phone": "+48 32 731 41 00",
          "contact:email": "przyszowice@bimsplus.com.pl"
        }
      },
      "geometry": {
        "type": "Point",
        "coordinates": [
          18.7227315,
          50.23649799999999
        ]
      }
    },
    {
      "type": "Feature",
      "properties": {
        "source": "OpenStreetMap",
        "source_id": "node/13110027474",
        "domain": "industrial",
        "asset_type": "unknown",
        "confidence": "medium",
        "missing_fields": [],
        "limitations": [
          "OSM industrial facilities might lack complete boundary semantics. Fixture is bounded to Rybnik 35km."
        ],
        "eligible_for_analysis": true,
        "osm_tags": {
          "man_made": "works",
          "name": "DSC Poland Sp. z o.o.",
          "operator": "Daechang Poland",
          "source": "OpenStreetMap"
        }
      },
      "geometry": {
        "type": "Point",
        "coordinates": [
          18.8935074,
          50.1428509
        ]
      }
    },
    {
      "type": "Feature",
      "properties": {
        "source": "OpenStreetMap",
        "source_id": "node/13110027475",
        "domain": "industrial",
        "asset_type": "unknown",
        "confidence": "medium",
        "missing_fields": [],
        "limitations": [
          "OSM industrial facilities might lack complete boundary semantics. Fixture is bounded to Rybnik 35km."
        ],
        "eligible_for_analysis": true,
        "osm_tags": {
          "man_made": "works",
          "name": "Mastec WTech Sp.z o.o.",
          "operator": "Mastec WTech Sp.z o.o.",
          "source": "OpenStreetMap"
        }
      },
      "geometry": {
        "type": "Point",
        "coordinates": [
          18.8931802,
          50.142115199999985
        ]
      }
    },
    {
      "type": "Feature",
      "properties": {
        "source": "OpenStreetMap",
        "source_id": "node/13110027476",
        "domain": "industrial",
        "asset_type": "unknown",
        "confidence": "medium",
        "missing_fields": [],
        "limitations": [
          "OSM industrial facilities might lack complete boundary semantics. Fixture is bounded to Rybnik 35km."
        ],
        "eligible_for_analysis": true,
        "osm_tags": {
          "man_made": "works",
          "name": "EUROKONSTAL Sp. z o.o.",
          "operator": "EUROKONSTAL Sp. z o.o.",
          "website": "https://eurokonstal.pl/",
          "source": "OpenStreetMap",
          "phone": "+48 32 323 04 65",
          "email": "biuro@eurokonstal.pl"
        }
      },
      "geometry": {
        "type": "Point",
        "coordinates": [
          18.9061979,
          50.14238259999999
        ]
      }
    },
    {
      "type": "Feature",
      "properties": {
        "source": "OpenStreetMap",
        "source_id": "node/14001002820",
        "domain": "industrial",
        "asset_type": "unknown",
        "confidence": "medium",
        "missing_fields": [],
        "limitations": [
          "OSM industrial facilities might lack complete boundary semantics. Fixture is bounded to Rybnik 35km."
        ],
        "eligible_for_analysis": true,
        "osm_tags": {
          "man_made": "works",
          "name": "Gonar S.A.",
          "source": "OpenStreetMap"
        }
      },
      "geometry": {
        "type": "Point",
        "coordinates": [
          18.9629159,
          50.2652653
        ]
      }
    },
    {
      "type": "Feature",
      "properties": {
        "source": "OpenStreetMap",
        "source_id": "node/14080337490",
        "domain": "industrial",
        "asset_type": "unknown",
        "confidence": "medium",
        "missing_fields": [],
        "limitations": [
          "OSM industrial facilities might lack complete boundary semantics. Fixture is bounded to Rybnik 35km."
        ],
        "eligible_for_analysis": true,
        "osm_tags": {
          "man_made": "works",
          "name": "Pivovarský dům Ostrava",
          "operator": "Qásek s.r.o.",
          "website": "https://pivovarskydumostrava.webnode.cz/",
          "source": "OpenStreetMap",
          "email": "pivovar@pivovarsky-dum.eu"
        }
      },
      "geometry": {
        "type": "Point",
        "coordinates": [
          18.2885162,
          49.84004569999999
        ]
      }
    },
    {
      "type": "Feature",
      "properties": {
        "source": "OpenStreetMap",
        "source_id": "way/43023327",
        "domain": "industrial",
        "asset_type": "unknown",
        "confidence": "medium",
        "missing_fields": [],
        "limitations": [
          "OSM industrial facilities might lack complete boundary semantics. Fixture is bounded to Rybnik 35km."
        ],
        "eligible_for_analysis": true,
        "osm_tags": {
          "man_made": "works",
          "source": "OpenStreetMap",
          "building": "industrial"
        }
      },
      "geometry": {
        "type": "Polygon",
        "coordinates": [
          [
            [
              18.3450305,
              49.843462699999996
            ],
            [
              18.3451198,
              49.8433587
            ],
            [
              18.3451007,
              49.8433515
            ],
            [
              18.3451599,
              49.843282699999996
            ],
            [
              18.3451673,
              49.84328529999999
            ],
            [
              18.3451822,
              49.84326789999999
            ],
            [
              18.3451751,
              49.84326519999999
            ],
            [
              18.3452345,
              49.8431963
            ],
            [
              18.3452537,
              49.84320319999999
            ],
            [
              18.3453432,
              49.84309929999999
            ],
            [
              18.345323900000004,
              49.843092099999986
            ],
            [
              18.3453862,
              49.84302399999999
            ],
            [
              18.3453932,
              49.84302660000001
            ],
            [
              18.3454148,
              49.843001099999995
            ],
            [
              18.3449814,
              49.8428454
            ],
            [
              18.3449596,
              49.84287069999999
            ],
            [
              18.3449667,
              49.8428734
            ],
            [
              18.344907,
              49.8429426
            ],
            [
              18.3448997,
              49.84293989999999
            ],
            [
              18.3448847,
              49.842957199999994
            ],
            [
              18.3448919,
              49.8429599
            ],
            [
              18.3448322,
              49.84302890000001
            ],
            [
              18.344825,
              49.843026200000004
            ],
            [
              18.344803,
              49.843051700000004
            ],
            [
              18.3449047,
              49.8430887
            ],
            [
              18.344642,
              49.84339130000001
            ],
            [
              18.3449744,
              49.8435096
            ],
            [
              18.3449963,
              49.8434842
            ],
            [
              18.344989,
              49.843481499999996
            ],
            [
              18.345011,
              49.8434558
            ],
            [
              18.3450305,
              49.843462699999996
            ]
          ]
        ]
      }
    },
    {
      "type": "Feature",
      "properties": {
        "source": "OpenStreetMap",
        "source_id": "way/49776622",
        "domain": "industrial",
        "asset_type": "unknown",
        "confidence": "medium",
        "missing_fields": [],
        "limitations": [
          "OSM industrial facilities might lack complete boundary semantics. Fixture is bounded to Rybnik 35km."
        ],
        "eligible_for_analysis": true,
        "osm_tags": {
          "man_made": "works",
          "source": "OpenStreetMap",
          "building": "warehouse"
        }
      },
      "geometry": {
        "type": "Polygon",
        "coordinates": [
          [
            [
              18.2680285,
              49.85523979999999
            ],
            [
              18.2684584,
              49.85490169999999
            ],
            [
              18.2679832,
              49.85465059999999
            ],
            [
              18.2678238,
              49.8547766
            ],
            [
              18.2678065,
              49.854767599999995
            ],
            [
              18.2677796,
              49.85478839999999
            ],
            [
              18.267797,
              49.85479780000001
            ],
            [
              18.2675549,
              49.854989700000004
            ],
            [
              18.2680285,
              49.85523979999999
            ]
          ]
        ]
      }
    },
    {
      "type": "Feature",
      "properties": {
        "source": "OpenStreetMap",
        "source_id": "way/49776624",
        "domain": "industrial",
        "asset_type": "unknown",
        "confidence": "medium",
        "missing_fields": [],
        "limitations": [
          "OSM industrial facilities might lack complete boundary semantics. Fixture is bounded to Rybnik 35km."
        ],
        "eligible_for_analysis": true,
        "osm_tags": {
          "man_made": "works",
          "source": "OpenStreetMap",
          "building": "yes"
        }
      },
      "geometry": {
        "type": "Polygon",
        "coordinates": [
          [
            [
              18.2666585,
              49.854961499999995
            ],
            [
              18.2666638,
              49.85496429999999
            ],
            [
              18.266885500000004,
              49.854791399999996
            ],
            [
              18.2668786,
              49.854787699999996
            ],
            [
              18.2661389,
              49.85439139999999
            ],
            [
              18.2659176,
              49.854563999999996
            ],
            [
              18.2666585,
              49.854961499999995
            ]
          ]
        ]
      }
    },
    {
      "type": "Feature",
      "properties": {
        "source": "OpenStreetMap",
        "source_id": "way/67544689",
        "domain": "industrial",
        "asset_type": "unknown",
        "confidence": "medium",
        "missing_fields": [],
        "limitations": [
          "OSM industrial facilities might lack complete boundary semantics. Fixture is bounded to Rybnik 35km."
        ],
        "eligible_for_analysis": true,
        "osm_tags": {
          "man_made": "works",
          "name": "Aquisgranit",
          "source": "OpenStreetMap",
          "building": "yes"
        }
      },
      "geometry": {
        "type": "Polygon",
        "coordinates": [
          [
            [
              18.097789,
              50.092506199999995
            ],
            [
              18.097900000000003,
              50.0921094
            ],
            [
              18.097668,
              50.0920827
            ],
            [
              18.0975569,
              50.092479499999996
            ],
            [
              18.097789,
              50.092506199999995
            ]
          ]
        ]
      }
    },
    {
      "type": "Feature",
      "properties": {
        "source": "OpenStreetMap",
        "source_id": "way/67544695",
        "domain": "industrial",
        "asset_type": "unknown",
        "confidence": "medium",
        "missing_fields": [],
        "limitations": [
          "OSM industrial facilities might lack complete boundary semantics. Fixture is bounded to Rybnik 35km."
        ],
        "eligible_for_analysis": true,
        "osm_tags": {
          "man_made": "works",
          "name": "Eko-Okna S.A. Zakład 1",
          "website": "https://ekookna.pl/",
          "source": "OpenStreetMap",
          "building": "industrial",
          "phone": "+48 32 459 15 00",
          "email": "poczta@ekookna.pl"
        }
      },
      "geometry": {
        "type": "Polygon",
        "coordinates": [
          [
            [
              18.0990804,
              50.09262489999999
            ],
            [
              18.0992054,
              50.0926319
            ],
            [
              18.099197,
              50.09297010000001
            ],
            [
              18.099479,
              50.0929743
            ],
            [
              18.0994908,
              50.092647699999986
            ],
            [
              18.1004976,
              50.0926627
            ],
            [
              18.100522,
              50.09216159999999
            ],
            [
              18.0988057,
              50.092132
            ],
            [
              18.0986993,
              50.092129699999994
            ],
            [
              18.0986689,
              50.09261569999999
            ],
            [
              18.0990804,
              50.09262489999999
            ]
          ]
        ]
      }
    },
    {
      "type": "Feature",
      "properties": {
        "source": "OpenStreetMap",
        "source_id": "way/90682639",
        "domain": "industrial",
        "asset_type": "unknown",
        "confidence": "medium",
        "missing_fields": [],
        "limitations": [
          "OSM industrial facilities might lack complete boundary semantics. Fixture is bounded to Rybnik 35km."
        ],
        "eligible_for_analysis": true,
        "osm_tags": {
          "man_made": "works",
          "name": "Artilux",
          "website": "https://artilux.pl/",
          "source": "OpenStreetMap",
          "building": "industrial",
          "phone": "+48 698 699 508",
          "email": "biuro@artilux.pl"
        }
      },
      "geometry": {
        "type": "Polygon",
        "coordinates": [
          [
            [
              18.4872498,
              49.9369406
            ],
            [
              18.4876133,
              49.93691129999999
            ],
            [
              18.4875903,
              49.9367926
            ],
            [
              18.4872267,
              49.936821900000005
            ],
            [
              18.4872498,
              49.9369406
            ]
          ]
        ]
      }
    },
    {
      "type": "Feature",
      "properties": {
        "source": "OpenStreetMap",
        "source_id": "way/129987194",
        "domain": "industrial",
        "asset_type": "unknown",
        "confidence": "medium",
        "missing_fields": [],
        "limitations": [
          "OSM industrial facilities might lack complete boundary semantics. Fixture is bounded to Rybnik 35km."
        ],
        "eligible_for_analysis": true,
        "osm_tags": {
          "man_made": "works",
          "name": "WUWER Sp. z o.o",
          "source": "OpenStreetMap",
          "building": "yes"
        }
      },
      "geometry": {
        "type": "Polygon",
        "coordinates": [
          [
            [
              18.8671123,
              50.2885785
            ],
            [
              18.8672417,
              50.288598099999994
            ],
            [
              18.8672815,
              50.288592400000006
            ],
            [
              18.8673322,
              50.2884733
            ],
            [
              18.8672894,
              50.288466099999994
            ],
            [
              18.8673333,
              50.2883587
            ],
            [
              18.8673744,
              50.28836559999999
            ],
            [
              18.8674248,
              50.288230899999995
            ],
            [
              18.8672511,
              50.28820399999999
            ],
            [
              18.8672478,
              50.2882156
            ],
            [
              18.8672039,
              50.28833439999999
            ],
            [
              18.8671624,
              50.288328099999994
            ],
            [
              18.8671188,
              50.28844629999999
            ],
            [
              18.867159,
              50.2884523
            ],
            [
              18.8671123,
              50.2885785
            ]
          ]
        ]
      }
    },
    {
      "type": "Feature",
      "properties": {
        "source": "OpenStreetMap",
        "source_id": "way/144319441",
        "domain": "industrial",
        "asset_type": "unknown",
        "confidence": "medium",
        "missing_fields": [],
        "limitations": [
          "OSM industrial facilities might lack complete boundary semantics. Fixture is bounded to Rybnik 35km."
        ],
        "eligible_for_analysis": true,
        "osm_tags": {
          "man_made": "works",
          "name": "Elmetron",
          "website": "https://elmetron.com.pl/index_pl.html",
          "source": "OpenStreetMap",
          "contact:phone": "+48 32 273 81 06",
          "email": "handel@elmetron.com.pl",
          "contact:email": "nfo@elmetron.com.pl"
        }
      },
      "geometry": {
        "type": "LineString",
        "coordinates": [
          [
            18.7641175,
            50.3583142
          ],
          [
            18.7640505,
            50.3583012
          ],
          [
            18.7640593,
            50.35825669999999
          ],
          [
            18.7638963,
            50.35821399999999
          ],
          [
            18.7638294,
            50.35822889999999
          ],
          [
            18.7632197,
            50.358103
          ],
          [
            18.763186000000005,
            50.3579765
          ],
          [
            18.7631743,
            50.35796130000001
          ],
          [
            18.7630468,
            50.35790029999999
          ],
          [
            18.7634648,
            50.356800899999996
          ],
          [
            18.7639151,
            50.35683159999999
          ],
          [
            18.7644527,
            50.3569099
          ],
          [
            18.7643582,
            50.3577146
          ],
          [
            18.7643215,
            50.357715
          ],
          [
            18.7641175,
            50.3583142
          ]
        ]
      }
    },
    {
      "type": "Feature",
      "properties": {
        "source": "OpenStreetMap",
        "source_id": "way/179415007",
        "domain": "industrial",
        "asset_type": "unknown",
        "confidence": "medium",
        "missing_fields": [],
        "limitations": [
          "OSM industrial facilities might lack complete boundary semantics. Fixture is bounded to Rybnik 35km."
        ],
        "eligible_for_analysis": true,
        "osm_tags": {
          "man_made": "works",
          "name": "Stolma",
          "source": "OpenStreetMap",
          "building": "industrial",
          "phone": "+4832 430 00 91"
        }
      },
      "geometry": {
        "type": "Polygon",
        "coordinates": [
          [
            [
              18.3754914,
              50.1247141
            ],
            [
              18.3758875,
              50.123965500000004
            ],
            [
              18.375672800000004,
              50.1239188
            ],
            [
              18.3756071,
              50.12404299999999
            ],
            [
              18.3753671,
              50.1239908
            ],
            [
              18.3753185,
              50.124082599999994
            ],
            [
              18.3755486,
              50.1241327
            ],
            [
              18.375407,
              50.124400400000006
            ],
            [
              18.3751762,
              50.12435019999999
            ],
            [
              18.375036,
              50.124614999999984
            ],
            [
              18.3754914,
              50.1247141
            ]
          ]
        ]
      }
    },
    {
      "type": "Feature",
      "properties": {
        "source": "OpenStreetMap",
        "source_id": "way/180722155",
        "domain": "industrial",
        "asset_type": "unknown",
        "confidence": "medium",
        "missing_fields": [],
        "limitations": [
          "OSM industrial facilities might lack complete boundary semantics. Fixture is bounded to Rybnik 35km."
        ],
        "eligible_for_analysis": true,
        "osm_tags": {
          "man_made": "works",
          "source": "OpenStreetMap"
        }
      },
      "geometry": {
        "type": "LineString",
        "coordinates": [
          [
            18.7905,
            50.3455742
          ],
          [
            18.7904798,
            50.345631899999994
          ],
          [
            18.7902971,
            50.3456985
          ],
          [
            18.7893704,
            50.3459688
          ],
          [
            18.7891444,
            50.3460586
          ],
          [
            18.7892281,
            50.3461518
          ],
          [
            18.7856801,
            50.3472207
          ],
          [
            18.7840787,
            50.34613079999999
          ],
          [
            18.783858,
            50.34594649999999
          ],
          [
            18.7836882,
            50.3457596
          ],
          [
            18.7839557,
            50.34556699999998
          ],
          [
            18.7845694,
            50.345201499999995
          ],
          [
            18.7848143,
            50.34506929999999
          ],
          [
            18.7850983,
            50.3451678
          ],
          [
            18.7853504,
            50.345236400000005
          ],
          [
            18.7859789,
            50.345294900000006
          ],
          [
            18.7865874,
            50.3453259
          ],
          [
            18.787372,
            50.3453331
          ],
          [
            18.7883409,
            50.3453441
          ],
          [
            18.7889303,
            50.345358499999996
          ],
          [
            18.7892289,
            50.34532299999999
          ],
          [
            18.7894915,
            50.3453087
          ],
          [
            18.7897994,
            50.3453091
          ],
          [
            18.7901181,
            50.345373499999994
          ],
          [
            18.7905,
            50.3455742
          ]
        ]
      }
    },
    {
      "type": "Feature",
      "properties": {
        "source": "OpenStreetMap",
        "source_id": "way/197695806",
        "domain": "industrial",
        "asset_type": "unknown",
        "confidence": "medium",
        "missing_fields": [],
        "limitations": [
          "OSM industrial facilities might lack complete boundary semantics. Fixture is bounded to Rybnik 35km."
        ],
        "eligible_for_analysis": true,
        "osm_tags": {
          "man_made": "works",
          "name": "Zakłady Metalowe \"Postęp\"",
          "website": "https://postep.pl",
          "source": "OpenStreetMap",
          "building": "industrial",
          "phone": "+48 32 271 12 74",
          "email": "poczta@postep.pl"
        }
      },
      "geometry": {
        "type": "Polygon",
        "coordinates": [
          [
            [
              18.608793,
              50.329361000000006
            ],
            [
              18.608952,
              50.329257999999996
            ],
            [
              18.609007,
              50.32929299999999
            ],
            [
              18.609118,
              50.32922000000001
            ],
            [
              18.609184,
              50.329260999999995
            ],
            [
              18.609155,
              50.32927999999999
            ],
            [
              18.609159,
              50.329283000000004
            ],
            [
              18.609638,
              50.32897299999999
            ],
            [
              18.609516000000003,
              50.32889500000001
            ],
            [
              18.611098000000002,
              50.327873
            ],
            [
              18.610977,
              50.327796
            ],
            [
              18.611364,
              50.32754599999999
            ],
            [
              18.611413,
              50.327514
            ],
            [
              18.611445,
              50.32753499999999
            ],
            [
              18.611449,
              50.32753199999999
            ],
            [
              18.611421,
              50.327515
            ],
            [
              18.611483,
              50.327473999999995
            ],
            [
              18.611239,
              50.327318
            ],
            [
              18.611247,
              50.327312
            ],
            [
              18.611183000000004,
              50.32726999999999
            ],
            [
              18.611066,
              50.327346
            ],
            [
              18.610781,
              50.327166
            ],
            [
              18.610544,
              50.327318999999996
            ],
            [
              18.610467,
              50.32726999999999
            ],
            [
              18.608004,
              50.328858999999994
            ],
            [
              18.608793,
              50.329361000000006
            ]
          ]
        ]
      }
    },
    {
      "type": "Feature",
      "properties": {
        "source": "OpenStreetMap",
        "source_id": "way/202803509",
        "domain": "industrial",
        "asset_type": "unknown",
        "confidence": "medium",
        "missing_fields": [],
        "limitations": [
          "OSM industrial facilities might lack complete boundary semantics. Fixture is bounded to Rybnik 35km."
        ],
        "eligible_for_analysis": true,
        "osm_tags": {
          "man_made": "works",
          "name": "JT Stal Serwis",
          "website": "https://jtstalserwis.pl/",
          "source": "OpenStreetMap",
          "building": "yes"
        }
      },
      "geometry": {
        "type": "Polygon",
        "coordinates": [
          [
            [
              18.7964463,
              50.303036399999996
            ],
            [
              18.796442,
              50.3030725
            ],
            [
              18.7964771,
              50.3030744
            ],
            [
              18.7964838,
              50.303019899999995
            ],
            [
              18.7964562,
              50.3030184
            ],
            [
              18.7964588,
              50.302988
            ],
            [
              18.7968048,
              50.303001999999985
            ],
            [
              18.7968093,
              50.3029452
            ],
            [
              18.7970644,
              50.30295689999999
            ],
            [
              18.7970752,
              50.302855099999995
            ],
            [
              18.7963806,
              50.30282500000001
            ],
            [
              18.7963698,
              50.3029261
            ],
            [
              18.7963638,
              50.302973600000016
            ],
            [
              18.7963564,
              50.30303250000001
            ],
            [
              18.7964463,
              50.303036399999996
            ]
          ]
        ]
      }
    },
    {
      "type": "Feature",
      "properties": {
        "source": "OpenStreetMap",
        "source_id": "way/215201186",
        "domain": "industrial",
        "asset_type": "unknown",
        "confidence": "medium",
        "missing_fields": [],
        "limitations": [
          "OSM industrial facilities might lack complete boundary semantics. Fixture is bounded to Rybnik 35km."
        ],
        "eligible_for_analysis": true,
        "osm_tags": {
          "man_made": "works",
          "name": "Ptak Piekarnia",
          "website": "http://www.piekarnia-ptak.pl/",
          "source": "OpenStreetMap",
          "building": "yes",
          "phone": "+48 503 846 109",
          "email": "michalptak@gmail.com"
        }
      },
      "geometry": {
        "type": "Polygon",
        "coordinates": [
          [
            [
              18.6114661,
              50.0321347
            ],
            [
              18.6115453,
              50.0321272
            ],
            [
              18.6115391,
              50.0321004
            ],
            [
              18.61146,
              50.0321079
            ],
            [
              18.6114414,
              50.0320271
            ],
            [
              18.6115415,
              50.03201760000001
            ],
            [
              18.6115194,
              50.03192140000001
            ],
            [
              18.6115171,
              50.0319114
            ],
            [
              18.6114778,
              50.03191519999999
            ],
            [
              18.6113225,
              50.031929999999996
            ],
            [
              18.6113716,
              50.0321437
            ],
            [
              18.6114172,
              50.0321394
            ],
            [
              18.6114661,
              50.0321347
            ]
          ]
        ]
      }
    },
    {
      "type": "Feature",
      "properties": {
        "source": "OpenStreetMap",
        "source_id": "way/215462193",
        "domain": "industrial",
        "asset_type": "unknown",
        "confidence": "medium",
        "missing_fields": [],
        "limitations": [
          "OSM industrial facilities might lack complete boundary semantics. Fixture is bounded to Rybnik 35km."
        ],
        "eligible_for_analysis": true,
        "osm_tags": {
          "man_made": "works",
          "name": "Zott - Mleczarnia",
          "source": "OpenStreetMap",
          "building": "yes"
        }
      },
      "geometry": {
        "type": "Polygon",
        "coordinates": [
          [
            [
              18.204262,
              50.0984322
            ],
            [
              18.2042641,
              50.09843499999999
            ],
            [
              18.2042839,
              50.09846159999999
            ],
            [
              18.2044893,
              50.0983983
            ],
            [
              18.2044703,
              50.098371799999995
            ],
            [
              18.2046763,
              50.0983086
            ],
            [
              18.204633,
              50.0982488
            ],
            [
              18.204607,
              50.09825699999999
            ],
            [
              18.2045195,
              50.0981398
            ],
            [
              18.2042418,
              50.0982236
            ],
            [
              18.204152000000004,
              50.09825029999998
            ],
            [
              18.2036567,
              50.09839779999999
            ],
            [
              18.203646,
              50.098401
            ],
            [
              18.2037799,
              50.09857989999999
            ],
            [
              18.204262,
              50.0984322
            ]
          ]
        ]
      }
    },
    {
      "type": "Feature",
      "properties": {
        "source": "OpenStreetMap",
        "source_id": "way/215462431",
        "domain": "industrial",
        "asset_type": "unknown",
        "confidence": "medium",
        "missing_fields": [],
        "limitations": [
          "OSM industrial facilities might lack complete boundary semantics. Fixture is bounded to Rybnik 35km."
        ],
        "eligible_for_analysis": true,
        "osm_tags": {
          "man_made": "works",
          "name": "ARMEX AUTOMATYKA Sp. z o.o.",
          "website": "https://www.armex.biz.pl/",
          "source": "OpenStreetMap",
          "office": "company",
          "building": "industrial"
        }
      },
      "geometry": {
        "type": "Polygon",
        "coordinates": [
          [
            [
              18.2263311,
              50.08509359999999
            ],
            [
              18.2264159,
              50.0851419
            ],
            [
              18.226554,
              50.08503840000001
            ],
            [
              18.2264161,
              50.08496280000001
            ],
            [
              18.2262805,
              50.08506319999999
            ],
            [
              18.2263311,
              50.08509359999999
            ]
          ]
        ]
      }
    },
    {
      "type": "Feature",
      "properties": {
        "source": "OpenStreetMap",
        "source_id": "way/215462819",
        "domain": "industrial",
        "asset_type": "unknown",
        "confidence": "medium",
        "missing_fields": [],
        "limitations": [
          "OSM industrial facilities might lack complete boundary semantics. Fixture is bounded to Rybnik 35km."
        ],
        "eligible_for_analysis": true,
        "osm_tags": {
          "man_made": "works",
          "name": "D.T.I - Hala",
          "source": "OpenStreetMap",
          "building": "yes"
        }
      },
      "geometry": {
        "type": "Polygon",
        "coordinates": [
          [
            [
              18.2184572,
              50.08220639999999
            ],
            [
              18.2187127,
              50.0821883
            ],
            [
              18.2185611,
              50.0812063
            ],
            [
              18.2183062,
              50.081221899999996
            ],
            [
              18.2184572,
              50.08220639999999
            ]
          ]
        ]
      }
    },
    {
      "type": "Feature",
      "properties": {
        "source": "OpenStreetMap",
        "source_id": "way/215463321",
        "domain": "industrial",
        "asset_type": "unknown",
        "confidence": "medium",
        "missing_fields": [],
        "limitations": [
          "OSM industrial facilities might lack complete boundary semantics. Fixture is bounded to Rybnik 35km."
        ],
        "eligible_for_analysis": true,
        "osm_tags": {
          "man_made": "works",
          "name": "Zakład Wodociągów i Kanalizacji w Raciborzu",
          "website": "https://zwik-rac.com.pl/",
          "source": "OpenStreetMap",
          "building": "yes",
          "phone": "+4832 415 24 18"
        }
      },
      "geometry": {
        "type": "Polygon",
        "coordinates": [
          [
            [
              18.2203573,
              50.0812582
            ],
            [
              18.2198011,
              50.0814336
            ],
            [
              18.2198977,
              50.081557800000006
            ],
            [
              18.2199357,
              50.0815457
            ],
            [
              18.2201189,
              50.08148739999999
            ],
            [
              18.2202489,
              50.08144609999999
            ],
            [
              18.2203036,
              50.0814286
            ],
            [
              18.2204547,
              50.081380599999996
            ],
            [
              18.2204393,
              50.081362
            ],
            [
              18.2203719,
              50.0812787
            ],
            [
              18.2203573,
              50.0812582
            ]
          ]
        ]
      }
    },
    {
      "type": "Feature",
      "properties": {
        "source": "OpenStreetMap",
        "source_id": "way/215463939",
        "domain": "industrial",
        "asset_type": "unknown",
        "confidence": "medium",
        "missing_fields": [],
        "limitations": [
          "OSM industrial facilities might lack complete boundary semantics. Fixture is bounded to Rybnik 35km."
        ],
        "eligible_for_analysis": true,
        "osm_tags": {
          "man_made": "works",
          "name": "ZPC Mieszko SA Zakład Produkcyjny nr 1",
          "operator": "ZPC Mieszko SA",
          "wikidata": "Q11780481",
          "wikipedia": "pl:Mieszko (przedsiębiorstwo)",
          "website": "https://www.mieszko.pl/pl/c,14,grupa-mieszko.html",
          "source": "OpenStreetMap",
          "building": "industrial",
          "phone": "+4832 796 12 05"
        }
      },
      "geometry": {
        "type": "Polygon",
        "coordinates": [
          [
            [
              18.199085,
              50.09331709999999
            ],
            [
              18.1990728,
              50.09332
            ],
            [
              18.1990719,
              50.093318300000014
            ],
            [
              18.1990658,
              50.0933197
            ],
            [
              18.1990471,
              50.0932865
            ],
            [
              18.1990531,
              50.0932851
            ],
            [
              18.1990522,
              50.09328339999999
            ],
            [
              18.1990647,
              50.0932805
            ],
            [
              18.1990631,
              50.0932777
            ],
            [
              18.1990506,
              50.093280599999986
            ],
            [
              18.1990462,
              50.0932728
            ],
            [
              18.1990587,
              50.093269899999996
            ],
            [
              18.1990571,
              50.093267100000006
            ],
            [
              18.1990447,
              50.0932701
            ],
            [
              18.1990437,
              50.09326839999999
            ],
            [
              18.1990376,
              50.0932698
            ],
            [
              18.199018900000002,
              50.09323659999999
            ],
            [
              18.199025,
              50.0932351
            ],
            [
              18.199024,
              50.0932335
            ],
            [
              18.1990364,
              50.0932306
            ],
            [
              18.1990106,
              50.09318489999999
            ],
            [
              18.1984941,
              50.0933053
            ],
            [
              18.1985047,
              50.09332359999999
            ],
            [
              18.198558,
              50.0933401
            ],
            [
              18.1986196,
              50.0934478
            ],
            [
              18.1985929,
              50.093481499999996
            ],
            [
              18.1986021,
              50.093497899999996
            ],
            [
              18.199118,
              50.0933741
            ],
            [
              18.199085,
              50.09331709999999
            ]
          ]
        ]
      }
    },
    {
      "type": "Feature",
      "properties": {
        "source": "OpenStreetMap",
        "source_id": "way/215468537",
        "domain": "industrial",
        "asset_type": "unknown",
        "confidence": "medium",
        "missing_fields": [],
        "limitations": [
          "OSM industrial facilities might lack complete boundary semantics. Fixture is bounded to Rybnik 35km."
        ],
        "eligible_for_analysis": true,
        "osm_tags": {
          "man_made": "works",
          "name": "RAFAKO S.A.",
          "wikidata": "Q11833561",
          "wikipedia": "pl:Rafako",
          "website": "https://www.rafako.com.pl/?pid=1",
          "source": "OpenStreetMap",
          "building": "yes",
          "phone": "+48 32 410 10 00",
          "email": "info@rafako.com.pl"
        }
      },
      "geometry": {
        "type": "Polygon",
        "coordinates": [
          [
            [
              18.219787,
              50.07406549999999
            ],
            [
              18.2197701,
              50.0741826
            ],
            [
              18.2203239,
              50.074213599999986
            ],
            [
              18.2203413,
              50.074095099999994
            ],
            [
              18.2201079,
              50.07408230000001
            ],
            [
              18.2200204,
              50.074079600000005
            ],
            [
              18.219787,
              50.07406549999999
            ]
          ]
        ]
      }
    },
    {
      "type": "Feature",
      "properties": {
        "source": "OpenStreetMap",
        "source_id": "way/216331604",
        "domain": "industrial",
        "asset_type": "unknown",
        "confidence": "medium",
        "missing_fields": [],
        "limitations": [
          "OSM industrial facilities might lack complete boundary semantics. Fixture is bounded to Rybnik 35km."
        ],
        "eligible_for_analysis": true,
        "osm_tags": {
          "man_made": "works",
          "source": "OpenStreetMap",
          "building": "industrial"
        }
      },
      "geometry": {
        "type": "Polygon",
        "coordinates": [
          [
            [
              18.9066667,
              50.27585739999999
            ],
            [
              18.9066712,
              50.275807199999996
            ],
            [
              18.9066941,
              50.27557410000001
            ],
            [
              18.9066955,
              50.2755451
            ],
            [
              18.9065967,
              50.27554099999999
            ],
            [
              18.9062245,
              50.2755255
            ],
            [
              18.9058869,
              50.27551110000001
            ],
            [
              18.905792,
              50.2755073
            ],
            [
              18.9056222,
              50.2755003
            ],
            [
              18.9056195,
              50.275525200000004
            ],
            [
              18.9056009,
              50.27571619999999
            ],
            [
              18.9055921,
              50.2758113
            ],
            [
              18.9066667,
              50.27585739999999
            ]
          ]
        ]
      }
    },
    {
      "type": "Feature",
      "properties": {
        "source": "OpenStreetMap",
        "source_id": "way/230314816",
        "domain": "industrial",
        "asset_type": "unknown",
        "confidence": "medium",
        "missing_fields": [],
        "limitations": [
          "OSM industrial facilities might lack complete boundary semantics. Fixture is bounded to Rybnik 35km."
        ],
        "eligible_for_analysis": true,
        "osm_tags": {
          "man_made": "works",
          "name": "Kruszywa Budowlano-Drogowe",
          "source": "OpenStreetMap"
        }
      },
      "geometry": {
        "type": "LineString",
        "coordinates": [
          [
            18.7639151,
            50.35683159999999
          ],
          [
            18.76385,
            50.356566799999996
          ],
          [
            18.7637353,
            50.3565685
          ],
          [
            18.7637301,
            50.3563662
          ],
          [
            18.7637265,
            50.3563517
          ],
          [
            18.7638127,
            50.356350199999994
          ],
          [
            18.763794400000002,
            50.356223699999994
          ],
          [
            18.7637613,
            50.35613229999999
          ],
          [
            18.7614535,
            50.35653
          ],
          [
            18.761474400000004,
            50.356603199999995
          ],
          [
            18.7602249,
            50.356798600000005
          ],
          [
            18.7596494,
            50.356888600000005
          ],
          [
            18.758834,
            50.357016099999996
          ],
          [
            18.7586641,
            50.3570427
          ],
          [
            18.7586929,
            50.357102100000006
          ],
          [
            18.7587349,
            50.35718859999999
          ],
          [
            18.7603265,
            50.357568699999995
          ],
          [
            18.7625623,
            50.3581049
          ],
          [
            18.762709000000005,
            50.3580948
          ],
          [
            18.7628693,
            50.3580837
          ],
          [
            18.7630468,
            50.35790029999999
          ],
          [
            18.7634648,
            50.356800899999996
          ],
          [
            18.7639151,
            50.35683159999999
          ]
        ]
      }
    },
    {
      "type": "Feature",
      "properties": {
        "source": "OpenStreetMap",
        "source_id": "way/257191056",
        "domain": "industrial",
        "asset_type": "unknown",
        "confidence": "medium",
        "missing_fields": [],
        "limitations": [
          "OSM industrial facilities might lack complete boundary semantics. Fixture is bounded to Rybnik 35km."
        ],
        "eligible_for_analysis": true,
        "osm_tags": {
          "man_made": "works",
          "source": "OpenStreetMap"
        }
      },
      "geometry": {
        "type": "LineString",
        "coordinates": [
          [
            18.5900615,
            50.32840780000001
          ],
          [
            18.5904359,
            50.328221000000006
          ],
          [
            18.5905315,
            50.328309399999995
          ],
          [
            18.5911059,
            50.32878650000001
          ],
          [
            18.5920479,
            50.32961199999999
          ],
          [
            18.590911,
            50.3301282
          ],
          [
            18.5893272,
            50.3287602
          ],
          [
            18.5900615,
            50.32840780000001
          ]
        ]
      }
    },
    {
      "type": "Feature",
      "properties": {
        "source": "OpenStreetMap",
        "source_id": "way/276447172",
        "domain": "industrial",
        "asset_type": "unknown",
        "confidence": "medium",
        "missing_fields": [],
        "limitations": [
          "OSM industrial facilities might lack complete boundary semantics. Fixture is bounded to Rybnik 35km."
        ],
        "eligible_for_analysis": true,
        "osm_tags": {
          "man_made": "works",
          "name": "Metal Service Center",
          "source": "OpenStreetMap"
        }
      },
      "geometry": {
        "type": "LineString",
        "coordinates": [
          [
            18.7925718,
            50.349895499999995
          ],
          [
            18.7903723,
            50.35054999999999
          ],
          [
            18.789998,
            50.3505455
          ],
          [
            18.7884984,
            50.3495425
          ],
          [
            18.7914822,
            50.3487015
          ],
          [
            18.7925718,
            50.349895499999995
          ]
        ]
      }
    },
    {
      "type": "Feature",
      "properties": {
        "source": "OpenStreetMap",
        "source_id": "way/276447180",
        "domain": "industrial",
        "asset_type": "unknown",
        "confidence": "medium",
        "missing_fields": [],
        "limitations": [
          "OSM industrial facilities might lack complete boundary semantics. Fixture is bounded to Rybnik 35km."
        ],
        "eligible_for_analysis": true,
        "osm_tags": {
          "man_made": "works",
          "name": "YS Poland",
          "source": "OpenStreetMap"
        }
      },
      "geometry": {
        "type": "LineString",
        "coordinates": [
          [
            18.7967235,
            50.3521918
          ],
          [
            18.7948299,
            50.3495883
          ],
          [
            18.7981434,
            50.34861140000001
          ],
          [
            18.7982723,
            50.3488254
          ],
          [
            18.7984367,
            50.3490956
          ],
          [
            18.7986106,
            50.34938700000001
          ],
          [
            18.7990819,
            50.3501519
          ],
          [
            18.7982956,
            50.3503541
          ],
          [
            18.7990223,
            50.35157019999999
          ],
          [
            18.7991071,
            50.351715299999995
          ],
          [
            18.7989427,
            50.35175220000001
          ],
          [
            18.7967235,
            50.3521918
          ]
        ]
      }
    },
    {
      "type": "Feature",
      "properties": {
        "source": "OpenStreetMap",
        "source_id": "way/288446657",
        "domain": "industrial",
        "asset_type": "unknown",
        "confidence": "medium",
        "missing_fields": [],
        "limitations": [
          "OSM industrial facilities might lack complete boundary semantics. Fixture is bounded to Rybnik 35km."
        ],
        "eligible_for_analysis": true,
        "osm_tags": {
          "man_made": "works",
          "source": "OpenStreetMap"
        }
      },
      "geometry": {
        "type": "LineString",
        "coordinates": [
          [
            18.7556671,
            50.3541957
          ],
          [
            18.7557409,
            50.35418179999999
          ],
          [
            18.7554238,
            50.3534822
          ],
          [
            18.755202,
            50.35352000000001
          ],
          [
            18.7549682,
            50.3535587
          ],
          [
            18.7545917,
            50.353639
          ],
          [
            18.753853,
            50.353781299999994
          ],
          [
            18.7538872,
            50.353853799999996
          ],
          [
            18.7540282,
            50.3541612
          ],
          [
            18.754564500000004,
            50.3545265
          ],
          [
            18.7549776,
            50.3543297
          ],
          [
            18.7555637,
            50.35421169999999
          ],
          [
            18.7556671,
            50.3541957
          ]
        ]
      }
    },
    {
      "type": "Feature",
      "properties": {
        "source": "OpenStreetMap",
        "source_id": "way/299907050",
        "domain": "industrial",
        "asset_type": "unknown",
        "confidence": "medium",
        "missing_fields": [],
        "limitations": [
          "OSM industrial facilities might lack complete boundary semantics. Fixture is bounded to Rybnik 35km."
        ],
        "eligible_for_analysis": true,
        "osm_tags": {
          "man_made": "works",
          "name": "WRAZIDŁO SP. Z O.O.",
          "source": "OpenStreetMap"
        }
      },
      "geometry": {
        "type": "LineString",
        "coordinates": [
          [
            18.4070899,
            50.122777
          ],
          [
            18.4078665,
            50.122670899999996
          ],
          [
            18.4079055,
            50.122788199999995
          ],
          [
            18.4071289,
            50.1228943
          ],
          [
            18.4070899,
            50.122777
          ]
        ]
      }
    },
    {
      "type": "Feature",
      "properties": {
        "source": "OpenStreetMap",
        "source_id": "way/300693133",
        "domain": "industrial",
        "asset_type": "unknown",
        "confidence": "medium",
        "missing_fields": [],
        "limitations": [
          "OSM industrial facilities might lack complete boundary semantics. Fixture is bounded to Rybnik 35km."
        ],
        "eligible_for_analysis": true,
        "osm_tags": {
          "man_made": "works",
          "source": "OpenStreetMap"
        }
      },
      "geometry": {
        "type": "LineString",
        "coordinates": [
          [
            18.3525625,
            50.10536919999999
          ],
          [
            18.3525776,
            50.1047535
          ],
          [
            18.3523801,
            50.10475149999999
          ],
          [
            18.3523764,
            50.10490219999999
          ],
          [
            18.3523084,
            50.1049015
          ],
          [
            18.3523032,
            50.105113499999995
          ],
          [
            18.3522508,
            50.10511299999999
          ],
          [
            18.3522458,
            50.105316099999996
          ],
          [
            18.3523762,
            50.105317500000005
          ],
          [
            18.352375,
            50.1053673
          ],
          [
            18.3525625,
            50.10536919999999
          ]
        ]
      }
    },
    {
      "type": "Feature",
      "properties": {
        "source": "OpenStreetMap",
        "source_id": "way/300693136",
        "domain": "industrial",
        "asset_type": "unknown",
        "confidence": "medium",
        "missing_fields": [],
        "limitations": [
          "OSM industrial facilities might lack complete boundary semantics. Fixture is bounded to Rybnik 35km."
        ],
        "eligible_for_analysis": true,
        "osm_tags": {
          "man_made": "works",
          "source": "OpenStreetMap"
        }
      },
      "geometry": {
        "type": "LineString",
        "coordinates": [
          [
            18.3534019,
            50.1050053
          ],
          [
            18.353381,
            50.1054393
          ],
          [
            18.353578000000002,
            50.105435899999996
          ],
          [
            18.3535972,
            50.10501090000001
          ],
          [
            18.3534019,
            50.1050053
          ]
        ]
      }
    },
    {
      "type": "Feature",
      "properties": {
        "source": "OpenStreetMap",
        "source_id": "way/300693137",
        "domain": "industrial",
        "asset_type": "unknown",
        "confidence": "medium",
        "missing_fields": [],
        "limitations": [
          "OSM industrial facilities might lack complete boundary semantics. Fixture is bounded to Rybnik 35km."
        ],
        "eligible_for_analysis": true,
        "osm_tags": {
          "man_made": "works",
          "source": "OpenStreetMap"
        }
      },
      "geometry": {
        "type": "LineString",
        "coordinates": [
          [
            18.3539677,
            50.10545979999999
          ],
          [
            18.3541142,
            50.1054527
          ],
          [
            18.3540952,
            50.10529139999999
          ],
          [
            18.3545404,
            50.105269799999995
          ],
          [
            18.3545322,
            50.105200200000006
          ],
          [
            18.3539405,
            50.10522889999999
          ],
          [
            18.3539677,
            50.10545979999999
          ]
        ]
      }
    },
    {
      "type": "Feature",
      "properties": {
        "source": "OpenStreetMap",
        "source_id": "way/303513415",
        "domain": "industrial",
        "asset_type": "unknown",
        "confidence": "medium",
        "missing_fields": [],
        "limitations": [
          "OSM industrial facilities might lack complete boundary semantics. Fixture is bounded to Rybnik 35km."
        ],
        "eligible_for_analysis": true,
        "osm_tags": {
          "man_made": "works",
          "source": "OpenStreetMap",
          "building": "yes"
        }
      },
      "geometry": {
        "type": "Polygon",
        "coordinates": [
          [
            [
              18.321393,
              50.11156849999999
            ],
            [
              18.3213881,
              50.1116893
            ],
            [
              18.3215686,
              50.111694899999996
            ],
            [
              18.3215725,
              50.11157219999999
            ],
            [
              18.3216691,
              50.111574099999984
            ],
            [
              18.3216691,
              50.11159099999999
            ],
            [
              18.3217882,
              50.111591
            ],
            [
              18.3218067,
              50.1114271
            ],
            [
              18.3213315,
              50.111416999999996
            ],
            [
              18.3213256,
              50.111566
            ],
            [
              18.321393,
              50.11156849999999
            ]
          ]
        ]
      }
    },
    {
      "type": "Feature",
      "properties": {
        "source": "OpenStreetMap",
        "source_id": "way/303513416",
        "domain": "industrial",
        "asset_type": "unknown",
        "confidence": "medium",
        "missing_fields": [],
        "limitations": [
          "OSM industrial facilities might lack complete boundary semantics. Fixture is bounded to Rybnik 35km."
        ],
        "eligible_for_analysis": true,
        "osm_tags": {
          "man_made": "works",
          "source": "OpenStreetMap",
          "building": "yes"
        }
      },
      "geometry": {
        "type": "Polygon",
        "coordinates": [
          [
            [
              18.3220082,
              50.11174969999999
            ],
            [
              18.3220483,
              50.111805000000004
            ],
            [
              18.3222477,
              50.111805
            ],
            [
              18.3222573,
              50.1116935
            ],
            [
              18.322011,
              50.11169519999999
            ],
            [
              18.3220082,
              50.11174969999999
            ]
          ]
        ]
      }
    },
    {
      "type": "Feature",
      "properties": {
        "source": "OpenStreetMap",
        "source_id": "way/303513418",
        "domain": "industrial",
        "asset_type": "unknown",
        "confidence": "medium",
        "missing_fields": [],
        "limitations": [
          "OSM industrial facilities might lack complete boundary semantics. Fixture is bounded to Rybnik 35km."
        ],
        "eligible_for_analysis": true,
        "osm_tags": {
          "man_made": "works",
          "source": "OpenStreetMap",
          "building": "yes"
        }
      },
      "geometry": {
        "type": "Polygon",
        "coordinates": [
          [
            [
              18.3220089,
              50.1116209
            ],
            [
              18.3221304,
              50.111623099999996
            ],
            [
              18.3221345,
              50.111545199999995
            ],
            [
              18.3221,
              50.1115439
            ],
            [
              18.3221035,
              50.1114912
            ],
            [
              18.3220175,
              50.11148929999999
            ],
            [
              18.3220089,
              50.1116209
            ]
          ]
        ]
      }
    },
    {
      "type": "Feature",
      "properties": {
        "source": "OpenStreetMap",
        "source_id": "way/317866588",
        "domain": "industrial",
        "asset_type": "unknown",
        "confidence": "medium",
        "missing_fields": [],
        "limitations": [
          "OSM industrial facilities might lack complete boundary semantics. Fixture is bounded to Rybnik 35km."
        ],
        "eligible_for_analysis": true,
        "osm_tags": {
          "man_made": "works",
          "name": "Przepompownia",
          "source": "OpenStreetMap"
        }
      },
      "geometry": {
        "type": "LineString",
        "coordinates": [
          [
            18.5952428,
            50.22863399999999
          ],
          [
            18.5951052,
            50.2282624
          ],
          [
            18.5957887,
            50.228145999999995
          ],
          [
            18.5958177,
            50.2281812
          ],
          [
            18.5961113,
            50.22813029999998
          ],
          [
            18.5961602,
            50.228276
          ],
          [
            18.5960681,
            50.2283242
          ],
          [
            18.5960348,
            50.2283416
          ],
          [
            18.5961143,
            50.2284492
          ],
          [
            18.5957107,
            50.2285783
          ],
          [
            18.5955547,
            50.22857049999998
          ],
          [
            18.5952428,
            50.22863399999999
          ]
        ]
      }
    },
    {
      "type": "Feature",
      "properties": {
        "source": "OpenStreetMap",
        "source_id": "way/331399401",
        "domain": "industrial",
        "asset_type": "unknown",
        "confidence": "medium",
        "missing_fields": [],
        "limitations": [
          "OSM industrial facilities might lack complete boundary semantics. Fixture is bounded to Rybnik 35km."
        ],
        "eligible_for_analysis": true,
        "osm_tags": {
          "man_made": "works",
          "name": "RSP Kornice",
          "source": "OpenStreetMap",
          "building": "commercial"
        }
      },
      "geometry": {
        "type": "Polygon",
        "coordinates": [
          [
            [
              18.1042254,
              50.0917533
            ],
            [
              18.1042616,
              50.09164269999999
            ],
            [
              18.103984,
              50.09160519999999
            ],
            [
              18.1039478,
              50.09171570000001
            ],
            [
              18.1042254,
              50.0917533
            ]
          ]
        ]
      }
    },
    {
      "type": "Feature",
      "properties": {
        "source": "OpenStreetMap",
        "source_id": "way/336308002",
        "domain": "industrial",
        "asset_type": "unknown",
        "confidence": "medium",
        "missing_fields": [],
        "limitations": [
          "OSM industrial facilities might lack complete boundary semantics. Fixture is bounded to Rybnik 35km."
        ],
        "eligible_for_analysis": true,
        "osm_tags": {
          "man_made": "works",
          "name": "Schoeller Allibert",
          "source": "OpenStreetMap"
        }
      },
      "geometry": {
        "type": "LineString",
        "coordinates": [
          [
            18.806013,
            50.3503563
          ],
          [
            18.8047881,
            50.3506076
          ],
          [
            18.8030803,
            50.35093419999998
          ],
          [
            18.8028816,
            50.3499891
          ],
          [
            18.8028363,
            50.34979439999999
          ],
          [
            18.8057616,
            50.3494587
          ],
          [
            18.8057803,
            50.34952619999999
          ],
          [
            18.8058665,
            50.3498367
          ],
          [
            18.8058816,
            50.3498909
          ],
          [
            18.8059376,
            50.350092599999996
          ],
          [
            18.8059541,
            50.3501503
          ],
          [
            18.806013,
            50.3503563
          ]
        ]
      }
    },
    {
      "type": "Feature",
      "properties": {
        "source": "OpenStreetMap",
        "source_id": "way/354481226",
        "domain": "industrial",
        "asset_type": "unknown",
        "confidence": "medium",
        "missing_fields": [],
        "limitations": [
          "OSM industrial facilities might lack complete boundary semantics. Fixture is bounded to Rybnik 35km."
        ],
        "eligible_for_analysis": true,
        "osm_tags": {
          "man_made": "works",
          "name": "Eko-Tox",
          "website": "https://eko-tox.pl/",
          "source": "OpenStreetMap",
          "building": "industrial",
          "phone": "+4832414 93 43",
          "email": "biuro@eko-tox.pl"
        }
      },
      "geometry": {
        "type": "Polygon",
        "coordinates": [
          [
            [
              18.2994145,
              50.1505854
            ],
            [
              18.2993648,
              50.15037530000001
            ],
            [
              18.2991553,
              50.1503957
            ],
            [
              18.299205000000004,
              50.15060569999999
            ],
            [
              18.2994145,
              50.1505854
            ]
          ]
        ]
      }
    },
    {
      "type": "Feature",
      "properties": {
        "source": "OpenStreetMap",
        "source_id": "way/358480451",
        "domain": "industrial",
        "asset_type": "unknown",
        "confidence": "medium",
        "missing_fields": [],
        "limitations": [
          "OSM industrial facilities might lack complete boundary semantics. Fixture is bounded to Rybnik 35km."
        ],
        "eligible_for_analysis": true,
        "osm_tags": {
          "man_made": "works",
          "name": "LaserTech",
          "website": "http://lasertech.prv.pl/",
          "source": "OpenStreetMap",
          "building": "industrial",
          "phone": "+48 32 419 31 80; +48 502 271 419",
          "email": "lasertechzabelkow@gmail.com"
        }
      },
      "geometry": {
        "type": "Polygon",
        "coordinates": [
          [
            [
              18.318095300000003,
              49.93725439999999
            ],
            [
              18.3179383,
              49.9369019
            ],
            [
              18.3177451,
              49.93693759999999
            ],
            [
              18.3179022,
              49.9372901
            ],
            [
              18.318095300000003,
              49.93725439999999
            ]
          ]
        ]
      }
    },
    {
      "type": "Feature",
      "properties": {
        "source": "OpenStreetMap",
        "source_id": "way/364523506",
        "domain": "industrial",
        "asset_type": "unknown",
        "confidence": "medium",
        "missing_fields": [],
        "limitations": [
          "OSM industrial facilities might lack complete boundary semantics. Fixture is bounded to Rybnik 35km."
        ],
        "eligible_for_analysis": true,
        "osm_tags": {
          "man_made": "works",
          "name": "Producent przyczep Wiola",
          "source": "OpenStreetMap",
          "building": "yes"
        }
      },
      "geometry": {
        "type": "Polygon",
        "coordinates": [
          [
            [
              18.686740600000004,
              50.2129998
            ],
            [
              18.6867292,
              50.2128709
            ],
            [
              18.6869003,
              50.2128647
            ],
            [
              18.6869091,
              50.2129635
            ],
            [
              18.68722,
              50.2129522
            ],
            [
              18.6872161,
              50.212908199999994
            ],
            [
              18.687369500000003,
              50.21290259999999
            ],
            [
              18.6873752,
              50.212966599999994
            ],
            [
              18.6883901,
              50.212929599999995
            ],
            [
              18.6883612,
              50.212534999999995
            ],
            [
              18.6873271,
              50.21256869999999
            ],
            [
              18.687332,
              50.212754499999996
            ],
            [
              18.6868747,
              50.2127753
            ],
            [
              18.6868773,
              50.21280480000001
            ],
            [
              18.686719500000002,
              50.2128105
            ],
            [
              18.6867018,
              50.21261040000001
            ],
            [
              18.6865135,
              50.2126172
            ],
            [
              18.6865481,
              50.2130068
            ],
            [
              18.686740600000004,
              50.2129998
            ]
          ]
        ]
      }
    },
    {
      "type": "Feature",
      "properties": {
        "source": "OpenStreetMap",
        "source_id": "way/364523513",
        "domain": "industrial",
        "asset_type": "unknown",
        "confidence": "medium",
        "missing_fields": [],
        "limitations": [
          "OSM industrial facilities might lack complete boundary semantics. Fixture is bounded to Rybnik 35km."
        ],
        "eligible_for_analysis": true,
        "osm_tags": {
          "man_made": "works",
          "name": "Producent przyczep Wiola",
          "website": "https://www.przyczepy-wiola.eu/",
          "source": "OpenStreetMap",
          "building": "yes"
        }
      },
      "geometry": {
        "type": "Polygon",
        "coordinates": [
          [
            [
              18.6861954,
              50.21301249999999
            ],
            [
              18.6861445,
              50.21249579999999
            ],
            [
              18.6857754,
              50.2125106
            ],
            [
              18.6858263,
              50.21302740000001
            ],
            [
              18.6861954,
              50.21301249999999
            ]
          ]
        ]
      }
    },
    {
      "type": "Feature",
      "properties": {
        "source": "OpenStreetMap",
        "source_id": "way/375572037",
        "domain": "industrial",
        "asset_type": "unknown",
        "confidence": "medium",
        "missing_fields": [],
        "limitations": [
          "OSM industrial facilities might lack complete boundary semantics. Fixture is bounded to Rybnik 35km."
        ],
        "eligible_for_analysis": true,
        "osm_tags": {
          "man_made": "works",
          "name": "Stora Enso Zakład Tychy",
          "operator": "Stora Enso",
          "source": "OpenStreetMap",
          "building": "yes"
        }
      },
      "geometry": {
        "type": "Polygon",
        "coordinates": [
          [
            [
              19.0135487,
              50.10439010000001
            ],
            [
              19.0137171,
              50.10364509999999
            ],
            [
              19.0111201,
              50.10340260000001
            ],
            [
              19.0111094,
              50.1034629
            ],
            [
              19.0106738,
              50.1034224
            ],
            [
              19.010654600000002,
              50.10349639999999
            ],
            [
              19.010416100000004,
              50.10347579999999
            ],
            [
              19.0103885,
              50.103595600000006
            ],
            [
              19.0103192,
              50.1039006
            ],
            [
              19.0103304,
              50.1039017
            ],
            [
              19.0103336,
              50.1038955
            ],
            [
              19.010416100000004,
              50.10391330000001
            ],
            [
              19.010417,
              50.103913500000004
            ],
            [
              19.0104445,
              50.1039161
            ],
            [
              19.0117855,
              50.1040467
            ],
            [
              19.0117995,
              50.1040871
            ],
            [
              19.0120203,
              50.104107299999995
            ],
            [
              19.012214000000004,
              50.10412519999999
            ],
            [
              19.0123118,
              50.104134299999984
            ],
            [
              19.0122806,
              50.10427140000001
            ],
            [
              19.0124275,
              50.1042851
            ],
            [
              19.012438,
              50.104239199999995
            ],
            [
              19.0125386,
              50.10424859999999
            ],
            [
              19.0125293,
              50.10429499999999
            ],
            [
              19.0135487,
              50.10439010000001
            ]
          ]
        ]
      }
    },
    {
      "type": "Feature",
      "properties": {
        "source": "OpenStreetMap",
        "source_id": "way/384168954",
        "domain": "industrial",
        "asset_type": "unknown",
        "confidence": "medium",
        "missing_fields": [],
        "limitations": [
          "OSM industrial facilities might lack complete boundary semantics. Fixture is bounded to Rybnik 35km."
        ],
        "eligible_for_analysis": true,
        "osm_tags": {
          "man_made": "works",
          "name": "IZO-ERG S.A.",
          "website": "https://www.izoerg.com.pl/",
          "source": "OpenStreetMap",
          "building": "yes",
          "phone": "+48 32 338 62 99",
          "email": "zts@izoerg.com.pl"
        }
      },
      "geometry": {
        "type": "Polygon",
        "coordinates": [
          [
            [
              18.662068700000003,
              50.3063906
            ],
            [
              18.661502,
              50.30595360000001
            ],
            [
              18.6608367,
              50.3063056
            ],
            [
              18.6604481,
              50.306511199999996
            ],
            [
              18.660530100000003,
              50.30657439999999
            ],
            [
              18.660578,
              50.306549
            ],
            [
              18.660746600000003,
              50.30667900000001
            ],
            [
              18.6607035,
              50.3067017
            ],
            [
              18.6610197,
              50.30694549999999
            ],
            [
              18.662068700000003,
              50.3063906
            ]
          ]
        ]
      }
    },
    {
      "type": "Feature",
      "properties": {
        "source": "OpenStreetMap",
        "source_id": "way/384818422",
        "domain": "industrial",
        "asset_type": "unknown",
        "confidence": "medium",
        "missing_fields": [],
        "limitations": [
          "OSM industrial facilities might lack complete boundary semantics. Fixture is bounded to Rybnik 35km."
        ],
        "eligible_for_analysis": true,
        "osm_tags": {
          "man_made": "works",
          "name": "Maga-Biotal Sp. z o.o.",
          "website": "http://maga.maga-biotal.pl/",
          "description": "Zakład produkcyjny",
          "source": "OpenStreetMap",
          "building": "yes",
          "phone": "+48 32 231 66 67"
        }
      },
      "geometry": {
        "type": "Polygon",
        "coordinates": [
          [
            [
              18.6845993,
              50.31735679999999
            ],
            [
              18.6844036,
              50.3173184
            ],
            [
              18.6843639,
              50.31739889999999
            ],
            [
              18.684314800000003,
              50.317388
            ],
            [
              18.6842642,
              50.3174947
            ],
            [
              18.6843903,
              50.3175201
            ],
            [
              18.6844274,
              50.3174408
            ],
            [
              18.6844493,
              50.317443499999996
            ],
            [
              18.6844577,
              50.3174319
            ],
            [
              18.6844333,
              50.3174264
            ],
            [
              18.6844399,
              50.317415600000004
            ],
            [
              18.6845618,
              50.31743929999999
            ],
            [
              18.6845993,
              50.31735679999999
            ]
          ]
        ]
      }
    },
    {
      "type": "Feature",
      "properties": {
        "source": "OpenStreetMap",
        "source_id": "way/385416982",
        "domain": "industrial",
        "asset_type": "unknown",
        "confidence": "medium",
        "missing_fields": [],
        "limitations": [
          "OSM industrial facilities might lack complete boundary semantics. Fixture is bounded to Rybnik 35km."
        ],
        "eligible_for_analysis": true,
        "osm_tags": {
          "man_made": "works",
          "name": "BelmaFlex",
          "source": "OpenStreetMap"
        }
      },
      "geometry": {
        "type": "LineString",
        "coordinates": [
          [
            18.7542823,
            50.3547303
          ],
          [
            18.7539981,
            50.35497869999999
          ],
          [
            18.7539271,
            50.35504730000001
          ],
          [
            18.7534833,
            50.3554205
          ],
          [
            18.7533967,
            50.35543929999999
          ],
          [
            18.75326,
            50.3553812
          ],
          [
            18.7532017,
            50.3554331
          ],
          [
            18.7529579,
            50.3554811
          ],
          [
            18.7526472,
            50.35550829999999
          ],
          [
            18.7518835,
            50.355201699999995
          ],
          [
            18.7511018,
            50.3548464
          ],
          [
            18.7509842,
            50.35450569999999
          ],
          [
            18.7518764,
            50.35418680000001
          ],
          [
            18.752191,
            50.35407709999999
          ],
          [
            18.7524927,
            50.353967999999995
          ],
          [
            18.7532708,
            50.35383819999999
          ],
          [
            18.75348,
            50.35380369999999
          ],
          [
            18.7538135,
            50.35373849999999
          ],
          [
            18.753853,
            50.353781299999994
          ],
          [
            18.7538872,
            50.353853799999996
          ],
          [
            18.7540282,
            50.3541612
          ],
          [
            18.754564500000004,
            50.3545265
          ],
          [
            18.7542823,
            50.3547303
          ]
        ]
      }
    },
    {
      "type": "Feature",
      "properties": {
        "source": "OpenStreetMap",
        "source_id": "way/386322618",
        "domain": "industrial",
        "asset_type": "unknown",
        "confidence": "medium",
        "missing_fields": [],
        "limitations": [
          "OSM industrial facilities might lack complete boundary semantics. Fixture is bounded to Rybnik 35km."
        ],
        "eligible_for_analysis": true,
        "osm_tags": {
          "man_made": "works",
          "name": "Piekarnia Kłos",
          "source": "OpenStreetMap"
        }
      },
      "geometry": {
        "type": "LineString",
        "coordinates": [
          [
            18.8008206,
            50.3497114
          ],
          [
            18.7990819,
            50.3501519
          ],
          [
            18.7998326,
            50.35140179999999
          ],
          [
            18.8002508,
            50.35132339999999
          ],
          [
            18.8002571,
            50.35133600000001
          ],
          [
            18.8003877,
            50.3513038
          ],
          [
            18.801094200000005,
            50.3511349
          ],
          [
            18.8010056,
            50.3509828
          ],
          [
            18.8012556,
            50.3509216
          ],
          [
            18.8014069,
            50.35088599999999
          ],
          [
            18.8014247,
            50.350915799999996
          ],
          [
            18.8016249,
            50.350864200000004
          ],
          [
            18.8014838,
            50.350632299999994
          ],
          [
            18.8012269,
            50.35069099999999
          ],
          [
            18.8014861,
            50.3506296
          ],
          [
            18.801507400000002,
            50.3506247
          ],
          [
            18.8014854,
            50.35059189999999
          ],
          [
            18.8015517,
            50.35057719999999
          ],
          [
            18.80158,
            50.350570899999994
          ],
          [
            18.801468,
            50.350352799999996
          ],
          [
            18.8012963,
            50.350396499999995
          ],
          [
            18.8010559,
            50.3499676
          ],
          [
            18.8009898,
            50.34985160000001
          ],
          [
            18.8009807,
            50.349835699999986
          ],
          [
            18.8009784,
            50.34983209999999
          ],
          [
            18.8009616,
            50.34983659999999
          ],
          [
            18.8008961,
            50.349847399999994
          ],
          [
            18.8008837,
            50.3498228
          ],
          [
            18.80087,
            50.34979589999999
          ],
          [
            18.8008206,
            50.3497114
          ]
        ]
      }
    },
    {
      "type": "Feature",
      "properties": {
        "source": "OpenStreetMap",
        "source_id": "way/386322651",
        "domain": "industrial",
        "asset_type": "unknown",
        "confidence": "medium",
        "missing_fields": [],
        "limitations": [
          "OSM industrial facilities might lack complete boundary semantics. Fixture is bounded to Rybnik 35km."
        ],
        "eligible_for_analysis": true,
        "osm_tags": {
          "man_made": "works",
          "name": "Weber",
          "source": "OpenStreetMap"
        }
      },
      "geometry": {
        "type": "LineString",
        "coordinates": [
          [
            18.8115289,
            50.349136599999994
          ],
          [
            18.8097312,
            50.3495586
          ],
          [
            18.8078826,
            50.3499619
          ],
          [
            18.8074177,
            50.35005569999999
          ],
          [
            18.8075835,
            50.3492525
          ],
          [
            18.8078214,
            50.348125199999984
          ],
          [
            18.8079834,
            50.3473026
          ],
          [
            18.8080459,
            50.34695019999999
          ],
          [
            18.8080598,
            50.346871699999994
          ],
          [
            18.8079866,
            50.34656749999999
          ],
          [
            18.809845800000005,
            50.346264
          ],
          [
            18.8108648,
            50.34594309999999
          ],
          [
            18.8122094,
            50.34542379999999
          ],
          [
            18.8130604,
            50.34509669999999
          ],
          [
            18.8138677,
            50.3450805
          ],
          [
            18.8165652,
            50.34752520000001
          ],
          [
            18.8165777,
            50.3478917
          ],
          [
            18.816397,
            50.3479805
          ],
          [
            18.8154808,
            50.348182
          ],
          [
            18.8139096,
            50.348556
          ],
          [
            18.8115289,
            50.349136599999994
          ]
        ]
      }
    },
    {
      "type": "Feature",
      "properties": {
        "source": "OpenStreetMap",
        "source_id": "way/386322655",
        "domain": "industrial",
        "asset_type": "unknown",
        "confidence": "medium",
        "missing_fields": [],
        "limitations": [
          "OSM industrial facilities might lack complete boundary semantics. Fixture is bounded to Rybnik 35km."
        ],
        "eligible_for_analysis": true,
        "osm_tags": {
          "man_made": "works",
          "name": "Ulus Metal Polska",
          "source": "OpenStreetMap"
        }
      },
      "geometry": {
        "type": "LineString",
        "coordinates": [
          [
            18.8025295,
            50.348390099999996
          ],
          [
            18.8025984,
            50.34872279999999
          ],
          [
            18.8028363,
            50.34979439999999
          ],
          [
            18.8028816,
            50.3499891
          ],
          [
            18.8016298,
            50.35031209999999
          ],
          [
            18.801301,
            50.349722299999996
          ],
          [
            18.8008033,
            50.34882939999999
          ],
          [
            18.8007112,
            50.34866529999999
          ],
          [
            18.8003204,
            50.34796849999999
          ],
          [
            18.8012469,
            50.34770830000001
          ],
          [
            18.8016676,
            50.3486081
          ],
          [
            18.8025295,
            50.348390099999996
          ]
        ]
      }
    },
    {
      "type": "Feature",
      "properties": {
        "source": "OpenStreetMap",
        "source_id": "way/386322662",
        "domain": "industrial",
        "asset_type": "unknown",
        "confidence": "medium",
        "missing_fields": [],
        "limitations": [
          "OSM industrial facilities might lack complete boundary semantics. Fixture is bounded to Rybnik 35km."
        ],
        "eligible_for_analysis": true,
        "osm_tags": {
          "man_made": "works",
          "name": "MPT Components",
          "source": "OpenStreetMap"
        }
      },
      "geometry": {
        "type": "LineString",
        "coordinates": [
          [
            18.8067381,
            50.3467692
          ],
          [
            18.8067526,
            50.3467669
          ],
          [
            18.8067808,
            50.3467623
          ],
          [
            18.8069006,
            50.34674259999999
          ],
          [
            18.8079866,
            50.34656749999999
          ],
          [
            18.8080598,
            50.346871699999994
          ],
          [
            18.8080459,
            50.34695019999999
          ],
          [
            18.8079834,
            50.3473026
          ],
          [
            18.8070375,
            50.34741939999999
          ],
          [
            18.8068765,
            50.34687300000001
          ],
          [
            18.8067752,
            50.34688449999999
          ],
          [
            18.8067381,
            50.3467692
          ]
        ]
      }
    },
    {
      "type": "Feature",
      "properties": {
        "source": "OpenStreetMap",
        "source_id": "way/386447653",
        "domain": "industrial",
        "asset_type": "unknown",
        "confidence": "medium",
        "missing_fields": [],
        "limitations": [
          "OSM industrial facilities might lack complete boundary semantics. Fixture is bounded to Rybnik 35km."
        ],
        "eligible_for_analysis": true,
        "osm_tags": {
          "man_made": "works",
          "name": "Metal Solution Polska",
          "source": "OpenStreetMap"
        }
      },
      "geometry": {
        "type": "LineString",
        "coordinates": [
          [
            18.8028816,
            50.3499891
          ],
          [
            18.8030803,
            50.35093419999998
          ],
          [
            18.8030795,
            50.350956000000004
          ],
          [
            18.801917400000004,
            50.35118570000001
          ],
          [
            18.80158,
            50.350570899999994
          ],
          [
            18.801468,
            50.350352799999996
          ],
          [
            18.8016298,
            50.35031209999999
          ],
          [
            18.8028816,
            50.3499891
          ]
        ]
      }
    },
    {
      "type": "Feature",
      "properties": {
        "source": "OpenStreetMap",
        "source_id": "way/403094315",
        "domain": "industrial",
        "asset_type": "unknown",
        "confidence": "medium",
        "missing_fields": [],
        "limitations": [
          "OSM industrial facilities might lack complete boundary semantics. Fixture is bounded to Rybnik 35km."
        ],
        "eligible_for_analysis": true,
        "osm_tags": {
          "man_made": "works",
          "source": "OpenStreetMap"
        }
      },
      "geometry": {
        "type": "LineString",
        "coordinates": [
          [
            18.5998143,
            50.3156861
          ],
          [
            18.5994486,
            50.315293499999996
          ],
          [
            18.598659,
            50.3144459
          ],
          [
            18.6002384,
            50.3138459
          ],
          [
            18.6013937,
            50.31508620000001
          ],
          [
            18.601131800000005,
            50.315185699999994
          ],
          [
            18.5999631,
            50.315629599999994
          ],
          [
            18.5998143,
            50.3156861
          ]
        ]
      }
    },
    {
      "type": "Feature",
      "properties": {
        "source": "OpenStreetMap",
        "source_id": "way/436537566",
        "domain": "industrial",
        "asset_type": "unknown",
        "confidence": "medium",
        "missing_fields": [],
        "limitations": [
          "OSM industrial facilities might lack complete boundary semantics. Fixture is bounded to Rybnik 35km."
        ],
        "eligible_for_analysis": true,
        "osm_tags": {
          "man_made": "works",
          "name": "BudExpert Polska",
          "source": "OpenStreetMap"
        }
      },
      "geometry": {
        "type": "LineString",
        "coordinates": [
          [
            18.7995479,
            50.349152600000004
          ],
          [
            18.7986106,
            50.34938700000001
          ],
          [
            18.7984367,
            50.3490956
          ],
          [
            18.7982723,
            50.3488254
          ],
          [
            18.7981434,
            50.34861140000001
          ],
          [
            18.7982897,
            50.3485688
          ],
          [
            18.7990878,
            50.348336
          ],
          [
            18.7999997,
            50.34806559999999
          ],
          [
            18.8003725,
            50.34873739999999
          ],
          [
            18.8004641,
            50.3489162
          ],
          [
            18.7995479,
            50.349152600000004
          ]
        ]
      }
    },
    {
      "type": "Feature",
      "properties": {
        "source": "OpenStreetMap",
        "source_id": "way/438740480",
        "domain": "industrial",
        "asset_type": "unknown",
        "confidence": "medium",
        "missing_fields": [],
        "limitations": [
          "OSM industrial facilities might lack complete boundary semantics. Fixture is bounded to Rybnik 35km."
        ],
        "eligible_for_analysis": true,
        "osm_tags": {
          "man_made": "works",
          "name": "PHU TECHNOMEX sp zoo",
          "source": "OpenStreetMap",
          "building": "yes"
        }
      },
      "geometry": {
        "type": "Polygon",
        "coordinates": [
          [
            [
              18.6571968,
              50.2508173
            ],
            [
              18.65745,
              50.2508304
            ],
            [
              18.6575085,
              50.250348599999995
            ],
            [
              18.6572552,
              50.250336399999995
            ],
            [
              18.6571968,
              50.2508173
            ]
          ]
        ]
      }
    },
    {
      "type": "Feature",
      "properties": {
        "source": "OpenStreetMap",
        "source_id": "way/472683686",
        "domain": "industrial",
        "asset_type": "unknown",
        "confidence": "medium",
        "missing_fields": [],
        "limitations": [
          "OSM industrial facilities might lack complete boundary semantics. Fixture is bounded to Rybnik 35km."
        ],
        "eligible_for_analysis": true,
        "osm_tags": {
          "man_made": "works",
          "name": "OMAN - Zakład produkcyjny",
          "operator": "OMAN",
          "website": "http://oman.pl/",
          "source": "OpenStreetMap",
          "building": "office",
          "phone": "+4832 419 85 00"
        }
      },
      "geometry": {
        "type": "Polygon",
        "coordinates": [
          [
            [
              18.1326241,
              50.1132789
            ],
            [
              18.1327188,
              50.113242199999995
            ],
            [
              18.1326454,
              50.1131643
            ],
            [
              18.1326282,
              50.1131709
            ],
            [
              18.1326062,
              50.11314749999999
            ],
            [
              18.1325675,
              50.1131065
            ],
            [
              18.1324899,
              50.113136600000004
            ],
            [
              18.1326241,
              50.1132789
            ]
          ]
        ]
      }
    },
    {
      "type": "Feature",
      "properties": {
        "source": "OpenStreetMap",
        "source_id": "way/480238174",
        "domain": "industrial",
        "asset_type": "unknown",
        "confidence": "medium",
        "missing_fields": [],
        "limitations": [
          "OSM industrial facilities might lack complete boundary semantics. Fixture is bounded to Rybnik 35km."
        ],
        "eligible_for_analysis": true,
        "osm_tags": {
          "man_made": "works",
          "source": "OpenStreetMap",
          "building": "industrial"
        }
      },
      "geometry": {
        "type": "Polygon",
        "coordinates": [
          [
            [
              18.724808,
              50.239666
            ],
            [
              18.724812,
              50.239666
            ],
            [
              18.724889,
              50.23966599999999
            ],
            [
              18.724909000000004,
              50.23966599999999
            ],
            [
              18.724911,
              50.239473
            ],
            [
              18.724839,
              50.239473000000004
            ],
            [
              18.724596,
              50.239472
            ],
            [
              18.724595,
              50.239518000000004
            ],
            [
              18.724593,
              50.23966399999999
            ],
            [
              18.724693,
              50.239665
            ],
            [
              18.724718,
              50.239664999999995
            ],
            [
              18.724808,
              50.239666
            ]
          ]
        ]
      }
    },
    {
      "type": "Feature",
      "properties": {
        "source": "OpenStreetMap",
        "source_id": "way/480238175",
        "domain": "industrial",
        "asset_type": "unknown",
        "confidence": "medium",
        "missing_fields": [],
        "limitations": [
          "OSM industrial facilities might lack complete boundary semantics. Fixture is bounded to Rybnik 35km."
        ],
        "eligible_for_analysis": true,
        "osm_tags": {
          "man_made": "works",
          "source": "OpenStreetMap",
          "building": "office"
        }
      },
      "geometry": {
        "type": "Polygon",
        "coordinates": [
          [
            [
              18.723652000000005,
              50.240351999999994
            ],
            [
              18.723383,
              50.24034
            ],
            [
              18.723385,
              50.240321
            ],
            [
              18.723335,
              50.240318999999985
            ],
            [
              18.723334,
              50.24032999999999
            ],
            [
              18.723131,
              50.240322
            ],
            [
              18.723121,
              50.24042600000001
            ],
            [
              18.72321,
              50.24043
            ],
            [
              18.723642,
              50.240447
            ],
            [
              18.723652000000005,
              50.240351999999994
            ]
          ]
        ]
      }
    },
    {
      "type": "Feature",
      "properties": {
        "source": "OpenStreetMap",
        "source_id": "way/480238176",
        "domain": "industrial",
        "asset_type": "unknown",
        "confidence": "medium",
        "missing_fields": [],
        "limitations": [
          "OSM industrial facilities might lack complete boundary semantics. Fixture is bounded to Rybnik 35km."
        ],
        "eligible_for_analysis": true,
        "osm_tags": {
          "man_made": "works",
          "source": "OpenStreetMap",
          "building": "industrial"
        }
      },
      "geometry": {
        "type": "Polygon",
        "coordinates": [
          [
            [
              18.724033,
              50.240443000000006
            ],
            [
              18.724011,
              50.240655999999994
            ],
            [
              18.724288,
              50.240668
            ],
            [
              18.724311,
              50.240455
            ],
            [
              18.724033,
              50.240443000000006
            ]
          ]
        ]
      }
    },
    {
      "type": "Feature",
      "properties": {
        "source": "OpenStreetMap",
        "source_id": "way/480238177",
        "domain": "industrial",
        "asset_type": "unknown",
        "confidence": "medium",
        "missing_fields": [],
        "limitations": [
          "OSM industrial facilities might lack complete boundary semantics. Fixture is bounded to Rybnik 35km."
        ],
        "eligible_for_analysis": true,
        "osm_tags": {
          "man_made": "works",
          "source": "OpenStreetMap",
          "building": "industrial"
        }
      },
      "geometry": {
        "type": "Polygon",
        "coordinates": [
          [
            [
              18.722879,
              50.240835
            ],
            [
              18.722848,
              50.24110499999999
            ],
            [
              18.722708,
              50.241099999999996
            ],
            [
              18.722697,
              50.241201
            ],
            [
              18.723114,
              50.24121699999999
            ],
            [
              18.723155,
              50.240846999999995
            ],
            [
              18.722879,
              50.240835
            ]
          ]
        ]
      }
    },
    {
      "type": "Feature",
      "properties": {
        "source": "OpenStreetMap",
        "source_id": "way/480238178",
        "domain": "industrial",
        "asset_type": "unknown",
        "confidence": "medium",
        "missing_fields": [],
        "limitations": [
          "OSM industrial facilities might lack complete boundary semantics. Fixture is bounded to Rybnik 35km."
        ],
        "eligible_for_analysis": true,
        "osm_tags": {
          "man_made": "works",
          "source": "OpenStreetMap",
          "building": "industrial"
        }
      },
      "geometry": {
        "type": "Polygon",
        "coordinates": [
          [
            [
              18.723413,
              50.240861
            ],
            [
              18.723395,
              50.24102499999999
            ],
            [
              18.723563,
              50.24103300000001
            ],
            [
              18.723581,
              50.240871
            ],
            [
              18.723413,
              50.240861
            ]
          ]
        ]
      }
    },
    {
      "type": "Feature",
      "properties": {
        "source": "OpenStreetMap",
        "source_id": "way/491211116",
        "domain": "industrial",
        "asset_type": "unknown",
        "confidence": "medium",
        "missing_fields": [],
        "limitations": [
          "OSM industrial facilities might lack complete boundary semantics. Fixture is bounded to Rybnik 35km."
        ],
        "eligible_for_analysis": true,
        "osm_tags": {
          "man_made": "works",
          "name": "Iron Force Poland",
          "source": "OpenStreetMap"
        }
      },
      "geometry": {
        "type": "LineString",
        "coordinates": [
          [
            18.7869544,
            50.34849710000001
          ],
          [
            18.7852703,
            50.34735940000001
          ],
          [
            18.7856801,
            50.3472207
          ],
          [
            18.789051,
            50.3462089
          ],
          [
            18.7903263,
            50.3475053
          ],
          [
            18.7902196,
            50.3475378
          ],
          [
            18.7869544,
            50.34849710000001
          ]
        ]
      }
    },
    {
      "type": "Feature",
      "properties": {
        "source": "OpenStreetMap",
        "source_id": "way/496049126",
        "domain": "industrial",
        "asset_type": "unknown",
        "confidence": "medium",
        "missing_fields": [],
        "limitations": [
          "OSM industrial facilities might lack complete boundary semantics. Fixture is bounded to Rybnik 35km."
        ],
        "eligible_for_analysis": true,
        "osm_tags": {
          "man_made": "works",
          "name": "PGB POLSKA SP Z O O",
          "source": "OpenStreetMap"
        }
      },
      "geometry": {
        "type": "LineString",
        "coordinates": [
          [
            18.8056049,
            50.348378800000006
          ],
          [
            18.8058136,
            50.3493066
          ],
          [
            18.8058397,
            50.34945059999998
          ],
          [
            18.8057616,
            50.3494587
          ],
          [
            18.8028363,
            50.34979439999999
          ],
          [
            18.8025984,
            50.34872279999999
          ],
          [
            18.8052928,
            50.348414500000004
          ],
          [
            18.8056049,
            50.348378800000006
          ]
        ]
      }
    },
    {
      "type": "Feature",
      "properties": {
        "source": "OpenStreetMap",
        "source_id": "way/547640856",
        "domain": "industrial",
        "asset_type": "unknown",
        "confidence": "medium",
        "missing_fields": [],
        "limitations": [
          "OSM industrial facilities might lack complete boundary semantics. Fixture is bounded to Rybnik 35km."
        ],
        "eligible_for_analysis": true,
        "osm_tags": {
          "man_made": "works",
          "name": "Artechmet. sp. z o.o.",
          "source": "OpenStreetMap",
          "building": "industrial",
          "contact:phone": "+48 32 238 61 53",
          "contact:email": "biuro@artechmet.pl"
        }
      },
      "geometry": {
        "type": "Polygon",
        "coordinates": [
          [
            [
              18.724022,
              50.242334
            ],
            [
              18.724019,
              50.24239599999999
            ],
            [
              18.723955,
              50.24239500000001
            ],
            [
              18.723946,
              50.24262499999998
            ],
            [
              18.723833,
              50.242622999999995
            ],
            [
              18.723816,
              50.24302500000001
            ],
            [
              18.724162,
              50.243031
            ],
            [
              18.724177,
              50.242629
            ],
            [
              18.724186,
              50.24239800000001
            ],
            [
              18.724188,
              50.242337
            ],
            [
              18.724022,
              50.242334
            ]
          ]
        ]
      }
    },
    {
      "type": "Feature",
      "properties": {
        "source": "OpenStreetMap",
        "source_id": "way/547640857",
        "domain": "industrial",
        "asset_type": "unknown",
        "confidence": "medium",
        "missing_fields": [],
        "limitations": [
          "OSM industrial facilities might lack complete boundary semantics. Fixture is bounded to Rybnik 35km."
        ],
        "eligible_for_analysis": true,
        "osm_tags": {
          "man_made": "works",
          "source": "OpenStreetMap",
          "building": "industrial"
        }
      },
      "geometry": {
        "type": "Polygon",
        "coordinates": [
          [
            [
              18.72189,
              50.23651699999999
            ],
            [
              18.721893,
              50.236517
            ],
            [
              18.721921000000002,
              50.23669199999999
            ],
            [
              18.722359,
              50.236662
            ],
            [
              18.722314,
              50.236387
            ],
            [
              18.723581,
              50.236299999999986
            ],
            [
              18.723779,
              50.236286
            ],
            [
              18.72367,
              50.23563
            ],
            [
              18.722205,
              50.235730999999994
            ],
            [
              18.722261,
              50.23606399999999
            ],
            [
              18.721822,
              50.236093
            ],
            [
              18.721864,
              50.236342999999984
            ],
            [
              18.721861,
              50.236342999999984
            ],
            [
              18.72189,
              50.23651699999999
            ]
          ]
        ]
      }
    },
    {
      "type": "Feature",
      "properties": {
        "source": "OpenStreetMap",
        "source_id": "way/547640859",
        "domain": "industrial",
        "asset_type": "unknown",
        "confidence": "medium",
        "missing_fields": [],
        "limitations": [
          "OSM industrial facilities might lack complete boundary semantics. Fixture is bounded to Rybnik 35km."
        ],
        "eligible_for_analysis": true,
        "osm_tags": {
          "man_made": "works",
          "name": "Export - Import E.M. Dobrzyński",
          "source": "OpenStreetMap",
          "building": "industrial",
          "contact:phone": "+48 32 231 02 22",
          "contact:email": "handel@saniteisenberg.pl"
        }
      },
      "geometry": {
        "type": "Polygon",
        "coordinates": [
          [
            [
              18.7224106,
              50.23773250000001
            ],
            [
              18.7224588,
              50.238005799999996
            ],
            [
              18.722788,
              50.237982099999996
            ],
            [
              18.7227167,
              50.2375777
            ],
            [
              18.7223875,
              50.2376014
            ],
            [
              18.7223959,
              50.23764890000001
            ],
            [
              18.7222501,
              50.2376595
            ],
            [
              18.7222413,
              50.23760959999999
            ],
            [
              18.7220947,
              50.2376202
            ],
            [
              18.7221153,
              50.23773729999999
            ],
            [
              18.7222574,
              50.23772710000001
            ],
            [
              18.7222603,
              50.2377434
            ],
            [
              18.7224106,
              50.23773250000001
            ]
          ]
        ]
      }
    },
    {
      "type": "Feature",
      "properties": {
        "source": "OpenStreetMap",
        "source_id": "way/552714217",
        "domain": "industrial",
        "asset_type": "unknown",
        "confidence": "medium",
        "missing_fields": [],
        "limitations": [
          "OSM industrial facilities might lack complete boundary semantics. Fixture is bounded to Rybnik 35km."
        ],
        "eligible_for_analysis": true,
        "osm_tags": {
          "man_made": "works",
          "name": "Polska Spółka Gazownictwa sp. z o.o.",
          "source": "OpenStreetMap",
          "building": "yes",
          "layer": "1"
        }
      },
      "geometry": {
        "type": "Polygon",
        "coordinates": [
          [
            [
              18.721207,
              50.25579489999999
            ],
            [
              18.7211868,
              50.25573940000001
            ],
            [
              18.7212078,
              50.2557363
            ],
            [
              18.7210131,
              50.255198099999994
            ],
            [
              18.72097,
              50.2552045
            ],
            [
              18.7209525,
              50.25515620000001
            ],
            [
              18.7209144,
              50.2551618
            ],
            [
              18.7208943,
              50.255106299999994
            ],
            [
              18.7209815,
              50.2550934
            ],
            [
              18.7208732,
              50.2547942
            ],
            [
              18.7208484,
              50.25479779999999
            ],
            [
              18.720835,
              50.2547608
            ],
            [
              18.7208681,
              50.25475589999999
            ],
            [
              18.7207657,
              50.25447309999999
            ],
            [
              18.720721,
              50.254479700000005
            ],
            [
              18.7206673,
              50.25433139999999
            ],
            [
              18.7204499,
              50.2543636
            ],
            [
              18.72098,
              50.2558285
            ],
            [
              18.721207,
              50.25579489999999
            ]
          ]
        ]
      }
    },
    {
      "type": "Feature",
      "properties": {
        "source": "OpenStreetMap",
        "source_id": "way/555688713",
        "domain": "industrial",
        "asset_type": "unknown",
        "confidence": "medium",
        "missing_fields": [],
        "limitations": [
          "OSM industrial facilities might lack complete boundary semantics. Fixture is bounded to Rybnik 35km."
        ],
        "eligible_for_analysis": true,
        "osm_tags": {
          "man_made": "works",
          "name": "ESTRA Automotive Systems Poland Sp. z o.o.",
          "source": "OpenStreetMap"
        }
      },
      "geometry": {
        "type": "LineString",
        "coordinates": [
          [
            18.7947446,
            50.34926870000001
          ],
          [
            18.7931695,
            50.349728799999994
          ],
          [
            18.7928734,
            50.3493403
          ],
          [
            18.7921417,
            50.348380199999994
          ],
          [
            18.7921271,
            50.348361
          ],
          [
            18.791776,
            50.3484538
          ],
          [
            18.7917371,
            50.34839120000001
          ],
          [
            18.7916987,
            50.3483295
          ],
          [
            18.7915211,
            50.34829580000001
          ],
          [
            18.7933921,
            50.3477219
          ],
          [
            18.7947318,
            50.347283600000004
          ],
          [
            18.795723300000002,
            50.34787899999999
          ],
          [
            18.7967695,
            50.348666699999995
          ],
          [
            18.7947446,
            50.34926870000001
          ]
        ]
      }
    },
    {
      "type": "Feature",
      "properties": {
        "source": "OpenStreetMap",
        "source_id": "way/555692457",
        "domain": "industrial",
        "asset_type": "unknown",
        "confidence": "medium",
        "missing_fields": [],
        "limitations": [
          "OSM industrial facilities might lack complete boundary semantics. Fixture is bounded to Rybnik 35km."
        ],
        "eligible_for_analysis": true,
        "osm_tags": {
          "man_made": "works",
          "name": "YS Poland Autoparts",
          "source": "OpenStreetMap"
        }
      },
      "geometry": {
        "type": "LineString",
        "coordinates": [
          [
            18.802342,
            50.34748539999999
          ],
          [
            18.8025581,
            50.347434199999995
          ],
          [
            18.804278400000005,
            50.347141500000006
          ],
          [
            18.8052497,
            50.346975699999994
          ],
          [
            18.8053466,
            50.347081
          ],
          [
            18.8056049,
            50.348378800000006
          ],
          [
            18.8052928,
            50.348414500000004
          ],
          [
            18.8025984,
            50.34872279999999
          ],
          [
            18.8025295,
            50.348390099999996
          ],
          [
            18.802342,
            50.34748539999999
          ]
        ]
      }
    },
    {
      "type": "Feature",
      "properties": {
        "source": "OpenStreetMap",
        "source_id": "way/696110203",
        "domain": "industrial",
        "asset_type": "unknown",
        "confidence": "medium",
        "missing_fields": [],
        "limitations": [
          "OSM industrial facilities might lack complete boundary semantics. Fixture is bounded to Rybnik 35km."
        ],
        "eligible_for_analysis": true,
        "osm_tags": {
          "man_made": "works",
          "name": "Mandersloot",
          "source": "OpenStreetMap"
        }
      },
      "geometry": {
        "type": "LineString",
        "coordinates": [
          [
            18.8079834,
            50.3473026
          ],
          [
            18.8078214,
            50.348125199999984
          ],
          [
            18.805955,
            50.3483384
          ],
          [
            18.8059009,
            50.348149299999996
          ],
          [
            18.8058925,
            50.348116499999996
          ],
          [
            18.8058852,
            50.3480876
          ],
          [
            18.8058205,
            50.347785099999996
          ],
          [
            18.8058099,
            50.3477413
          ],
          [
            18.8057724,
            50.347564799999994
          ],
          [
            18.8070375,
            50.34741939999999
          ],
          [
            18.8079834,
            50.3473026
          ]
        ]
      }
    },
    {
      "type": "Feature",
      "properties": {
        "source": "OpenStreetMap",
        "source_id": "way/696110204",
        "domain": "industrial",
        "asset_type": "unknown",
        "confidence": "medium",
        "missing_fields": [],
        "limitations": [
          "OSM industrial facilities might lack complete boundary semantics. Fixture is bounded to Rybnik 35km."
        ],
        "eligible_for_analysis": true,
        "osm_tags": {
          "man_made": "works",
          "source": "OpenStreetMap"
        }
      },
      "geometry": {
        "type": "LineString",
        "coordinates": [
          [
            18.8078214,
            50.348125199999984
          ],
          [
            18.8075835,
            50.3492525
          ],
          [
            18.8071141,
            50.349307
          ],
          [
            18.806359200000003,
            50.34939459999999
          ],
          [
            18.8061935,
            50.349413799999994
          ],
          [
            18.8061773,
            50.3493285
          ],
          [
            18.8061561,
            50.349241199999994
          ],
          [
            18.8060138,
            50.34858059999999
          ],
          [
            18.805955,
            50.3483384
          ],
          [
            18.8078214,
            50.348125199999984
          ]
        ]
      }
    },
    {
      "type": "Feature",
      "properties": {
        "source": "OpenStreetMap",
        "source_id": "way/696110208",
        "domain": "industrial",
        "asset_type": "unknown",
        "confidence": "medium",
        "missing_fields": [],
        "limitations": [
          "OSM industrial facilities might lack complete boundary semantics. Fixture is bounded to Rybnik 35km."
        ],
        "eligible_for_analysis": true,
        "osm_tags": {
          "man_made": "works",
          "name": "Export Pack Polska",
          "source": "OpenStreetMap"
        }
      },
      "geometry": {
        "type": "LineString",
        "coordinates": [
          [
            18.8048977,
            50.34184789999999
          ],
          [
            18.8049941,
            50.341846800000006
          ],
          [
            18.8050177,
            50.341845799999994
          ],
          [
            18.8061886,
            50.341798499999996
          ],
          [
            18.8070035,
            50.34176389999999
          ],
          [
            18.8070499,
            50.3420678
          ],
          [
            18.8071899,
            50.342792
          ],
          [
            18.8071971,
            50.342829099999996
          ],
          [
            18.8071986,
            50.3428393
          ],
          [
            18.8072299,
            50.343056
          ],
          [
            18.807238,
            50.343110100000004
          ],
          [
            18.8050049,
            50.34319240000001
          ],
          [
            18.8048977,
            50.34184789999999
          ]
        ]
      }
    },
    {
      "type": "Feature",
      "properties": {
        "source": "OpenStreetMap",
        "source_id": "way/708047783",
        "domain": "industrial",
        "asset_type": "unknown",
        "confidence": "medium",
        "missing_fields": [],
        "limitations": [
          "OSM industrial facilities might lack complete boundary semantics. Fixture is bounded to Rybnik 35km."
        ],
        "eligible_for_analysis": true,
        "osm_tags": {
          "man_made": "works",
          "name": "M+Q Ruda Śląska",
          "source": "OpenStreetMap",
          "building": "industrial"
        }
      },
      "geometry": {
        "type": "Polygon",
        "coordinates": [
          [
            [
              18.8658664,
              50.28798869999999
            ],
            [
              18.8657205,
              50.2884216
            ],
            [
              18.8660643,
              50.2884677
            ],
            [
              18.8662308,
              50.2880402
            ],
            [
              18.8658664,
              50.28798869999999
            ]
          ]
        ]
      }
    },
    {
      "type": "Feature",
      "properties": {
        "source": "OpenStreetMap",
        "source_id": "way/744871836",
        "domain": "industrial",
        "asset_type": "unknown",
        "confidence": "medium",
        "missing_fields": [],
        "limitations": [
          "OSM industrial facilities might lack complete boundary semantics. Fixture is bounded to Rybnik 35km."
        ],
        "eligible_for_analysis": true,
        "osm_tags": {
          "man_made": "works",
          "source": "OpenStreetMap"
        }
      },
      "geometry": {
        "type": "LineString",
        "coordinates": [
          [
            18.8071319,
            50.34564180000001
          ],
          [
            18.807581,
            50.3455779
          ],
          [
            18.808027100000004,
            50.3455595
          ],
          [
            18.8081605,
            50.346211399999994
          ],
          [
            18.8078991,
            50.34625669999999
          ],
          [
            18.8078516,
            50.34626359999999
          ],
          [
            18.807804,
            50.346270600000004
          ],
          [
            18.8077725,
            50.346275399999996
          ],
          [
            18.8072655,
            50.346352499999995
          ],
          [
            18.8071319,
            50.34564180000001
          ]
        ]
      }
    },
    {
      "type": "Feature",
      "properties": {
        "source": "OpenStreetMap",
        "source_id": "way/745272951",
        "domain": "industrial",
        "asset_type": "unknown",
        "confidence": "medium",
        "missing_fields": [],
        "limitations": [
          "OSM industrial facilities might lack complete boundary semantics. Fixture is bounded to Rybnik 35km."
        ],
        "eligible_for_analysis": true,
        "osm_tags": {
          "man_made": "works",
          "name": "KET Poland",
          "source": "OpenStreetMap"
        }
      },
      "geometry": {
        "type": "LineString",
        "coordinates": [
          [
            18.7903263,
            50.3475053
          ],
          [
            18.7914822,
            50.3487015
          ],
          [
            18.7884984,
            50.3495425
          ],
          [
            18.7869544,
            50.34849710000001
          ],
          [
            18.7902196,
            50.3475378
          ],
          [
            18.7903263,
            50.3475053
          ]
        ]
      }
    },
    {
      "type": "Feature",
      "properties": {
        "source": "OpenStreetMap",
        "source_id": "way/761216796",
        "domain": "industrial",
        "asset_type": "unknown",
        "confidence": "medium",
        "missing_fields": [],
        "limitations": [
          "OSM industrial facilities might lack complete boundary semantics. Fixture is bounded to Rybnik 35km."
        ],
        "eligible_for_analysis": true,
        "osm_tags": {
          "man_made": "works",
          "name": "Jiffy Packaging Sp. z o.o.",
          "operator": "Jiffy Packaging Sp. z o.o.",
          "website": "https://jiffypackaging.pl/",
          "source": "OpenStreetMap",
          "phone": "+48 32 330 0300",
          "email": "biuro@jiffypackaging.com"
        }
      },
      "geometry": {
        "type": "LineString",
        "coordinates": [
          [
            18.5544474,
            50.340717599999984
          ],
          [
            18.5543003,
            50.34059789999999
          ],
          [
            18.5545966,
            50.34036110000001
          ],
          [
            18.5564627,
            50.33954179999999
          ],
          [
            18.5567216,
            50.339425699999985
          ],
          [
            18.558414700000004,
            50.3408449
          ],
          [
            18.5559094,
            50.341928700000004
          ],
          [
            18.5544474,
            50.340717599999984
          ]
        ]
      }
    },
    {
      "type": "Feature",
      "properties": {
        "source": "OpenStreetMap",
        "source_id": "way/761216798",
        "domain": "industrial",
        "asset_type": "unknown",
        "confidence": "medium",
        "missing_fields": [],
        "limitations": [
          "OSM industrial facilities might lack complete boundary semantics. Fixture is bounded to Rybnik 35km."
        ],
        "eligible_for_analysis": true,
        "osm_tags": {
          "man_made": "works",
          "source": "OpenStreetMap"
        }
      },
      "geometry": {
        "type": "LineString",
        "coordinates": [
          [
            18.5852292,
            50.33261639999999
          ],
          [
            18.5834377,
            50.33341339999999
          ],
          [
            18.5832527,
            50.3334644
          ],
          [
            18.5832357,
            50.333522699999996
          ],
          [
            18.5823963,
            50.33391840000001
          ],
          [
            18.5822366,
            50.33377779999999
          ],
          [
            18.5821634,
            50.3333571
          ],
          [
            18.5821246,
            50.3333076
          ],
          [
            18.5821304,
            50.3330389
          ],
          [
            18.5821091,
            50.3327509
          ],
          [
            18.5815845,
            50.331596
          ],
          [
            18.5815174,
            50.3315442
          ],
          [
            18.5814701,
            50.331411200000005
          ],
          [
            18.5816417,
            50.3312931
          ],
          [
            18.581722,
            50.331237800000004
          ],
          [
            18.5818247,
            50.331199899999994
          ],
          [
            18.582805600000004,
            50.33075840000001
          ],
          [
            18.5829855,
            50.33071
          ],
          [
            18.5832067,
            50.3307252
          ],
          [
            18.5847159,
            50.33005779999999
          ],
          [
            18.5859062,
            50.32953229999999
          ],
          [
            18.586475,
            50.329435
          ],
          [
            18.5865415,
            50.3294682
          ],
          [
            18.5865643,
            50.32953729999999
          ],
          [
            18.5872203,
            50.3312857
          ],
          [
            18.5875078,
            50.3315469
          ],
          [
            18.5875124,
            50.3315862
          ],
          [
            18.5852292,
            50.33261639999999
          ]
        ]
      }
    },
    {
      "type": "Feature",
      "properties": {
        "source": "OpenStreetMap",
        "source_id": "way/761216800",
        "domain": "industrial",
        "asset_type": "unknown",
        "confidence": "medium",
        "missing_fields": [],
        "limitations": [
          "OSM industrial facilities might lack complete boundary semantics. Fixture is bounded to Rybnik 35km."
        ],
        "eligible_for_analysis": true,
        "osm_tags": {
          "man_made": "works",
          "source": "OpenStreetMap"
        }
      },
      "geometry": {
        "type": "LineString",
        "coordinates": [
          [
            18.5917613,
            50.327404
          ],
          [
            18.5927242,
            50.32672759999999
          ],
          [
            18.5930434,
            50.3262841
          ],
          [
            18.594076,
            50.32494160000002
          ],
          [
            18.598077900000003,
            50.3267379
          ],
          [
            18.5962996,
            50.327574799999994
          ],
          [
            18.5934927,
            50.328905699999986
          ],
          [
            18.5917613,
            50.327404
          ]
        ]
      }
    },
    {
      "type": "Feature",
      "properties": {
        "source": "OpenStreetMap",
        "source_id": "way/761216801",
        "domain": "industrial",
        "asset_type": "unknown",
        "confidence": "medium",
        "missing_fields": [],
        "limitations": [
          "OSM industrial facilities might lack complete boundary semantics. Fixture is bounded to Rybnik 35km."
        ],
        "eligible_for_analysis": true,
        "osm_tags": {
          "man_made": "works",
          "source": "OpenStreetMap"
        }
      },
      "geometry": {
        "type": "LineString",
        "coordinates": [
          [
            18.5963336,
            50.31528899999999
          ],
          [
            18.5994673,
            50.318613799999994
          ],
          [
            18.5974342,
            50.320127799999995
          ],
          [
            18.5972732,
            50.3201141
          ],
          [
            18.5936272,
            50.31644889999999
          ],
          [
            18.5935025,
            50.316304299999985
          ],
          [
            18.5963336,
            50.31528899999999
          ]
        ]
      }
    },
    {
      "type": "Feature",
      "properties": {
        "source": "OpenStreetMap",
        "source_id": "way/761216802",
        "domain": "industrial",
        "asset_type": "unknown",
        "confidence": "medium",
        "missing_fields": [],
        "limitations": [
          "OSM industrial facilities might lack complete boundary semantics. Fixture is bounded to Rybnik 35km."
        ],
        "eligible_for_analysis": true,
        "osm_tags": {
          "man_made": "works",
          "source": "OpenStreetMap"
        }
      },
      "geometry": {
        "type": "LineString",
        "coordinates": [
          [
            18.5988611,
            50.3212135
          ],
          [
            18.6004811,
            50.320079799999995
          ],
          [
            18.5992339,
            50.31932969999999
          ],
          [
            18.5978365,
            50.32035380000001
          ],
          [
            18.5978928,
            50.32059019999999
          ],
          [
            18.5988611,
            50.3212135
          ]
        ]
      }
    },
    {
      "type": "Feature",
      "properties": {
        "source": "OpenStreetMap",
        "source_id": "way/761216803",
        "domain": "industrial",
        "asset_type": "unknown",
        "confidence": "medium",
        "missing_fields": [],
        "limitations": [
          "OSM industrial facilities might lack complete boundary semantics. Fixture is bounded to Rybnik 35km."
        ],
        "eligible_for_analysis": true,
        "osm_tags": {
          "man_made": "works",
          "source": "OpenStreetMap"
        }
      },
      "geometry": {
        "type": "LineString",
        "coordinates": [
          [
            18.5958356,
            50.32250820000001
          ],
          [
            18.5967261,
            50.321275199999995
          ],
          [
            18.5970104,
            50.321302599999996
          ],
          [
            18.5990757,
            50.3220219
          ],
          [
            18.5992956,
            50.3222137
          ],
          [
            18.5982599,
            50.323530899999994
          ],
          [
            18.5958356,
            50.32250820000001
          ]
        ]
      }
    },
    {
      "type": "Feature",
      "properties": {
        "source": "OpenStreetMap",
        "source_id": "way/761216804",
        "domain": "industrial",
        "asset_type": "unknown",
        "confidence": "medium",
        "missing_fields": [],
        "limitations": [
          "OSM industrial facilities might lack complete boundary semantics. Fixture is bounded to Rybnik 35km."
        ],
        "eligible_for_analysis": true,
        "osm_tags": {
          "man_made": "works",
          "source": "OpenStreetMap"
        }
      },
      "geometry": {
        "type": "LineString",
        "coordinates": [
          [
            18.5999688,
            50.325847499999995
          ],
          [
            18.598077900000003,
            50.3267379
          ],
          [
            18.594076,
            50.32494160000002
          ],
          [
            18.5958356,
            50.32250820000001
          ],
          [
            18.5982599,
            50.323530899999994
          ],
          [
            18.5997248,
            50.324148799999996
          ],
          [
            18.5999688,
            50.325847499999995
          ]
        ]
      }
    },
    {
      "type": "Feature",
      "properties": {
        "source": "OpenStreetMap",
        "source_id": "way/761216805",
        "domain": "industrial",
        "asset_type": "unknown",
        "confidence": "medium",
        "missing_fields": [],
        "limitations": [
          "OSM industrial facilities might lack complete boundary semantics. Fixture is bounded to Rybnik 35km."
        ],
        "eligible_for_analysis": true,
        "osm_tags": {
          "man_made": "works",
          "source": "OpenStreetMap"
        }
      },
      "geometry": {
        "type": "LineString",
        "coordinates": [
          [
            18.6040727,
            50.32637960000001
          ],
          [
            18.6069587,
            50.328205299999986
          ],
          [
            18.6070755,
            50.32813049999999
          ],
          [
            18.6097562,
            50.3264057
          ],
          [
            18.6096758,
            50.32626189999999
          ],
          [
            18.6064571,
            50.3247447
          ],
          [
            18.6056498,
            50.325270399999994
          ],
          [
            18.6047941,
            50.3253526
          ],
          [
            18.6038625,
            50.325114499999984
          ],
          [
            18.6037076,
            50.32512929999999
          ],
          [
            18.6044678,
            50.32566839999999
          ],
          [
            18.6041045,
            50.3258929
          ],
          [
            18.6043037,
            50.32603660000001
          ],
          [
            18.6040727,
            50.32637960000001
          ]
        ]
      }
    },
    {
      "type": "Feature",
      "properties": {
        "source": "OpenStreetMap",
        "source_id": "way/761225036",
        "domain": "industrial",
        "asset_type": "unknown",
        "confidence": "medium",
        "missing_fields": [],
        "limitations": [
          "OSM industrial facilities might lack complete boundary semantics. Fixture is bounded to Rybnik 35km."
        ],
        "eligible_for_analysis": true,
        "osm_tags": {
          "man_made": "works",
          "name": "Mapei Polska",
          "source": "OpenStreetMap"
        }
      },
      "geometry": {
        "type": "LineString",
        "coordinates": [
          [
            18.6034598,
            50.33176739999999
          ],
          [
            18.6034831,
            50.331783
          ],
          [
            18.6070633,
            50.33178219999998
          ],
          [
            18.6066395,
            50.331566499999994
          ],
          [
            18.6066633,
            50.331511
          ],
          [
            18.6073154,
            50.3299878
          ],
          [
            18.606044,
            50.3291488
          ],
          [
            18.6059837,
            50.32918790000001
          ],
          [
            18.6034423,
            50.3308336
          ],
          [
            18.6034598,
            50.33176739999999
          ]
        ]
      }
    },
    {
      "type": "Feature",
      "properties": {
        "source": "OpenStreetMap",
        "source_id": "way/761225038",
        "domain": "industrial",
        "asset_type": "unknown",
        "confidence": "medium",
        "missing_fields": [],
        "limitations": [
          "OSM industrial facilities might lack complete boundary semantics. Fixture is bounded to Rybnik 35km."
        ],
        "eligible_for_analysis": true,
        "osm_tags": {
          "man_made": "works",
          "source": "OpenStreetMap"
        }
      },
      "geometry": {
        "type": "LineString",
        "coordinates": [
          [
            18.6117142,
            50.32512479999999
          ],
          [
            18.6136025,
            50.3238987
          ],
          [
            18.610459,
            50.32177579999999
          ],
          [
            18.6082703,
            50.3228096
          ],
          [
            18.6098421,
            50.32387479999999
          ],
          [
            18.6117142,
            50.32512479999999
          ]
        ]
      }
    },
    {
      "type": "Feature",
      "properties": {
        "source": "OpenStreetMap",
        "source_id": "way/761225039",
        "domain": "industrial",
        "asset_type": "unknown",
        "confidence": "medium",
        "missing_fields": [],
        "limitations": [
          "OSM industrial facilities might lack complete boundary semantics. Fixture is bounded to Rybnik 35km."
        ],
        "eligible_for_analysis": true,
        "osm_tags": {
          "man_made": "works",
          "source": "OpenStreetMap"
        }
      },
      "geometry": {
        "type": "LineString",
        "coordinates": [
          [
            18.615299500000003,
            50.32324119999999
          ],
          [
            18.615064,
            50.32330670000001
          ],
          [
            18.6148692,
            50.323386500000005
          ],
          [
            18.6146358,
            50.323527
          ],
          [
            18.6139778,
            50.32394999999999
          ],
          [
            18.6140792,
            50.3240087
          ],
          [
            18.613978000000003,
            50.32407539999999
          ],
          [
            18.6139448,
            50.324097299999984
          ],
          [
            18.6138424,
            50.32403719999999
          ],
          [
            18.6137718,
            50.32408289999999
          ],
          [
            18.6136397,
            50.32416859999999
          ],
          [
            18.6121199,
            50.325153199999995
          ],
          [
            18.6131727,
            50.32586189999999
          ],
          [
            18.6141255,
            50.3265358
          ],
          [
            18.6128703,
            50.327599199999995
          ],
          [
            18.613868100000005,
            50.328453599999996
          ],
          [
            18.614195300000002,
            50.328731000000005
          ],
          [
            18.6152605,
            50.329587100000005
          ],
          [
            18.6152038,
            50.32826360000001
          ],
          [
            18.6151502,
            50.32561629999999
          ],
          [
            18.6151917,
            50.324884199999985
          ],
          [
            18.615299500000003,
            50.32324119999999
          ]
        ]
      }
    },
    {
      "type": "Feature",
      "properties": {
        "source": "OpenStreetMap",
        "source_id": "way/761225040",
        "domain": "industrial",
        "asset_type": "unknown",
        "confidence": "medium",
        "missing_fields": [],
        "limitations": [
          "OSM industrial facilities might lack complete boundary semantics. Fixture is bounded to Rybnik 35km."
        ],
        "eligible_for_analysis": true,
        "osm_tags": {
          "man_made": "works",
          "source": "OpenStreetMap"
        }
      },
      "geometry": {
        "type": "LineString",
        "coordinates": [
          [
            18.6085331,
            50.32505979999999
          ],
          [
            18.6084025,
            50.32500370000001
          ],
          [
            18.6070713,
            50.3244322
          ],
          [
            18.6082703,
            50.3228096
          ],
          [
            18.6098421,
            50.32387479999999
          ],
          [
            18.6085331,
            50.32505979999999
          ]
        ]
      }
    },
    {
      "type": "Feature",
      "properties": {
        "source": "OpenStreetMap",
        "source_id": "way/761225041",
        "domain": "industrial",
        "asset_type": "unknown",
        "confidence": "medium",
        "missing_fields": [],
        "limitations": [
          "OSM industrial facilities might lack complete boundary semantics. Fixture is bounded to Rybnik 35km."
        ],
        "eligible_for_analysis": true,
        "osm_tags": {
          "man_made": "works",
          "source": "OpenStreetMap"
        }
      },
      "geometry": {
        "type": "LineString",
        "coordinates": [
          [
            18.6085331,
            50.32505979999999
          ],
          [
            18.6098421,
            50.32387479999999
          ],
          [
            18.6117142,
            50.32512479999999
          ],
          [
            18.6103946,
            50.325977599999995
          ],
          [
            18.6085331,
            50.32505979999999
          ]
        ]
      }
    },
    {
      "type": "Feature",
      "properties": {
        "source": "OpenStreetMap",
        "source_id": "way/764576406",
        "domain": "industrial",
        "asset_type": "unknown",
        "confidence": "medium",
        "missing_fields": [],
        "limitations": [
          "OSM industrial facilities might lack complete boundary semantics. Fixture is bounded to Rybnik 35km."
        ],
        "eligible_for_analysis": true,
        "osm_tags": {
          "man_made": "works",
          "name": "Zapamet Sp. z o.o.",
          "website": "https://zapamet.pl/",
          "source": "OpenStreetMap",
          "building": "industrial",
          "phone": "+48 32 3207613"
        }
      },
      "geometry": {
        "type": "Polygon",
        "coordinates": [
          [
            [
              18.3595114,
              50.0717826
            ],
            [
              18.3595054,
              50.07179669999999
            ],
            [
              18.3596951,
              50.0718302
            ],
            [
              18.3597537,
              50.07169340000001
            ],
            [
              18.3593748,
              50.07162650000001
            ],
            [
              18.3593966,
              50.0715758
            ],
            [
              18.3592552,
              50.071550899999984
            ],
            [
              18.359181,
              50.07172430000001
            ],
            [
              18.3595114,
              50.0717826
            ]
          ]
        ]
      }
    },
    {
      "type": "Feature",
      "properties": {
        "source": "OpenStreetMap",
        "source_id": "way/767576183",
        "domain": "industrial",
        "asset_type": "unknown",
        "confidence": "medium",
        "missing_fields": [],
        "limitations": [
          "OSM industrial facilities might lack complete boundary semantics. Fixture is bounded to Rybnik 35km."
        ],
        "eligible_for_analysis": true,
        "osm_tags": {
          "man_made": "works",
          "name": "Pionar Konstrukcje",
          "source": "OpenStreetMap"
        }
      },
      "geometry": {
        "type": "LineString",
        "coordinates": [
          [
            18.8077478,
            50.3439787
          ],
          [
            18.8104729,
            50.343772599999994
          ],
          [
            18.8105642,
            50.3440478
          ],
          [
            18.8109572,
            50.3440207
          ],
          [
            18.8111602,
            50.345003699999985
          ],
          [
            18.8093569,
            50.34532919999999
          ],
          [
            18.8081987,
            50.3452758
          ],
          [
            18.8079789,
            50.3452817
          ],
          [
            18.8077693,
            50.3440997
          ],
          [
            18.8077621,
            50.344059200000004
          ],
          [
            18.8077505,
            50.34399390000001
          ],
          [
            18.8077478,
            50.3439787
          ]
        ]
      }
    },
    {
      "type": "Feature",
      "properties": {
        "source": "OpenStreetMap",
        "source_id": "way/820402089",
        "domain": "industrial",
        "asset_type": "unknown",
        "confidence": "medium",
        "missing_fields": [],
        "limitations": [
          "OSM industrial facilities might lack complete boundary semantics. Fixture is bounded to Rybnik 35km."
        ],
        "eligible_for_analysis": true,
        "osm_tags": {
          "man_made": "works",
          "name": "Arpex Sp. z o.o.",
          "website": "https://arpex.com.pl/",
          "source": "OpenStreetMap",
          "building": "yes",
          "phone": "+48 32 23 249 07"
        }
      },
      "geometry": {
        "type": "Polygon",
        "coordinates": [
          [
            [
              18.693843,
              50.27238259999999
            ],
            [
              18.6938496,
              50.27173539999998
            ],
            [
              18.6941346,
              50.27173659999998
            ],
            [
              18.694136,
              50.27160359999999
            ],
            [
              18.6934762,
              50.2716007
            ],
            [
              18.6934748,
              50.2717312
            ],
            [
              18.6926661,
              50.27172780000001
            ],
            [
              18.6926594,
              50.27237770000001
            ],
            [
              18.693843,
              50.27238259999999
            ]
          ]
        ]
      }
    },
    {
      "type": "Feature",
      "properties": {
        "source": "OpenStreetMap",
        "source_id": "way/825485126",
        "domain": "industrial",
        "asset_type": "unknown",
        "confidence": "medium",
        "missing_fields": [],
        "limitations": [
          "OSM industrial facilities might lack complete boundary semantics. Fixture is bounded to Rybnik 35km."
        ],
        "eligible_for_analysis": true,
        "osm_tags": {
          "man_made": "works",
          "source": "OpenStreetMap",
          "building": "yes"
        }
      },
      "geometry": {
        "type": "Polygon",
        "coordinates": [
          [
            [
              18.7221947,
              50.2449583
            ],
            [
              18.722198,
              50.2450741
            ],
            [
              18.7225365,
              50.2450713
            ],
            [
              18.7225326,
              50.2449525
            ],
            [
              18.7221947,
              50.2449583
            ]
          ]
        ]
      }
    },
    {
      "type": "Feature",
      "properties": {
        "source": "OpenStreetMap",
        "source_id": "way/825485127",
        "domain": "industrial",
        "asset_type": "unknown",
        "confidence": "medium",
        "missing_fields": [],
        "limitations": [
          "OSM industrial facilities might lack complete boundary semantics. Fixture is bounded to Rybnik 35km."
        ],
        "eligible_for_analysis": true,
        "osm_tags": {
          "man_made": "works",
          "source": "OpenStreetMap",
          "building": "yes"
        }
      },
      "geometry": {
        "type": "Polygon",
        "coordinates": [
          [
            [
              18.7220894,
              50.24495960000001
            ],
            [
              18.722092700000005,
              50.24507539999999
            ],
            [
              18.722198,
              50.2450741
            ],
            [
              18.7221947,
              50.2449583
            ],
            [
              18.7220894,
              50.24495960000001
            ]
          ]
        ]
      }
    },
    {
      "type": "Feature",
      "properties": {
        "source": "OpenStreetMap",
        "source_id": "way/907715059",
        "domain": "industrial",
        "asset_type": "unknown",
        "confidence": "medium",
        "missing_fields": [],
        "limitations": [
          "OSM industrial facilities might lack complete boundary semantics. Fixture is bounded to Rybnik 35km."
        ],
        "eligible_for_analysis": true,
        "osm_tags": {
          "man_made": "works",
          "source": "OpenStreetMap"
        }
      },
      "geometry": {
        "type": "LineString",
        "coordinates": [
          [
            18.6025603,
            50.31631139999999
          ],
          [
            18.6015608,
            50.315200899999994
          ],
          [
            18.6026732,
            50.31479259999999
          ],
          [
            18.6038048,
            50.31604990000001
          ],
          [
            18.6038488,
            50.3160988
          ],
          [
            18.6026535,
            50.3164072
          ],
          [
            18.6025603,
            50.31631139999999
          ]
        ]
      }
    },
    {
      "type": "Feature",
      "properties": {
        "source": "OpenStreetMap",
        "source_id": "way/907715060",
        "domain": "industrial",
        "asset_type": "unknown",
        "confidence": "medium",
        "missing_fields": [],
        "limitations": [
          "OSM industrial facilities might lack complete boundary semantics. Fixture is bounded to Rybnik 35km."
        ],
        "eligible_for_analysis": true,
        "osm_tags": {
          "man_made": "works",
          "source": "OpenStreetMap"
        }
      },
      "geometry": {
        "type": "LineString",
        "coordinates": [
          [
            18.5999174,
            50.3171039
          ],
          [
            18.6007489,
            50.3167888
          ],
          [
            18.6009013,
            50.316950999999996
          ],
          [
            18.6025603,
            50.31631139999999
          ],
          [
            18.6015608,
            50.315200899999994
          ],
          [
            18.599053700000002,
            50.31617910000001
          ],
          [
            18.5992836,
            50.31642529999999
          ],
          [
            18.5999174,
            50.3171039
          ]
        ]
      }
    },
    {
      "type": "Feature",
      "properties": {
        "source": "OpenStreetMap",
        "source_id": "way/907715067",
        "domain": "industrial",
        "asset_type": "unknown",
        "confidence": "medium",
        "missing_fields": [],
        "limitations": [
          "OSM industrial facilities might lack complete boundary semantics. Fixture is bounded to Rybnik 35km."
        ],
        "eligible_for_analysis": true,
        "osm_tags": {
          "man_made": "works",
          "source": "OpenStreetMap"
        }
      },
      "geometry": {
        "type": "LineString",
        "coordinates": [
          [
            18.6325548,
            50.384643499999996
          ],
          [
            18.632614,
            50.382832
          ],
          [
            18.6335792,
            50.3828254
          ],
          [
            18.6342403,
            50.38282139999999
          ],
          [
            18.6342466,
            50.38455940000001
          ],
          [
            18.6325548,
            50.384643499999996
          ]
        ]
      }
    },
    {
      "type": "Feature",
      "properties": {
        "source": "OpenStreetMap",
        "source_id": "way/907715069",
        "domain": "industrial",
        "asset_type": "unknown",
        "confidence": "medium",
        "missing_fields": [],
        "limitations": [
          "OSM industrial facilities might lack complete boundary semantics. Fixture is bounded to Rybnik 35km."
        ],
        "eligible_for_analysis": true,
        "osm_tags": {
          "man_made": "works",
          "source": "OpenStreetMap"
        }
      },
      "geometry": {
        "type": "LineString",
        "coordinates": [
          [
            18.5084824,
            50.098653199999994
          ],
          [
            18.5082927,
            50.09804040000001
          ],
          [
            18.5082198,
            50.0980497
          ],
          [
            18.5079984,
            50.097334399999994
          ],
          [
            18.5079932,
            50.0970322
          ],
          [
            18.508288300000004,
            50.0968171
          ],
          [
            18.5085887,
            50.0969204
          ],
          [
            18.5090393,
            50.09688079999999
          ],
          [
            18.5099618,
            50.09700110000001
          ],
          [
            18.5092729,
            50.0964877
          ],
          [
            18.5092045,
            50.0964736
          ],
          [
            18.508677200000005,
            50.096545299999995
          ],
          [
            18.5082396,
            50.0964459
          ],
          [
            18.5081796,
            50.096499400000006
          ],
          [
            18.5080468,
            50.0965478
          ],
          [
            18.5079599,
            50.09663509999999
          ],
          [
            18.5079189,
            50.09667929999999
          ],
          [
            18.5079025,
            50.096692
          ],
          [
            18.5073212,
            50.09714230000001
          ],
          [
            18.5071448,
            50.09727889999999
          ],
          [
            18.5070075,
            50.097384199999986
          ],
          [
            18.5066578,
            50.097652399999994
          ],
          [
            18.5066218,
            50.09768909999999
          ],
          [
            18.5066833,
            50.097742000000004
          ],
          [
            18.5067748,
            50.0978146
          ],
          [
            18.506912,
            50.0979999
          ],
          [
            18.506989,
            50.098212999999994
          ],
          [
            18.5070299,
            50.098355000000005
          ],
          [
            18.5070468,
            50.0985388
          ],
          [
            18.5068494,
            50.0985882
          ],
          [
            18.5068133,
            50.09869779999999
          ],
          [
            18.5068687,
            50.0988816
          ],
          [
            18.5084824,
            50.098653199999994
          ]
        ]
      }
    },
    {
      "type": "Feature",
      "properties": {
        "source": "OpenStreetMap",
        "source_id": "way/907715073",
        "domain": "industrial",
        "asset_type": "unknown",
        "confidence": "medium",
        "missing_fields": [],
        "limitations": [
          "OSM industrial facilities might lack complete boundary semantics. Fixture is bounded to Rybnik 35km."
        ],
        "eligible_for_analysis": true,
        "osm_tags": {
          "man_made": "works",
          "source": "OpenStreetMap"
        }
      },
      "geometry": {
        "type": "LineString",
        "coordinates": [
          [
            18.634428200000002,
            50.36703099999999
          ],
          [
            18.6343434,
            50.3671714
          ],
          [
            18.6340785,
            50.36771029999999
          ],
          [
            18.6334777,
            50.3678267
          ],
          [
            18.6321849,
            50.367963599999996
          ],
          [
            18.6318844,
            50.366531300000005
          ],
          [
            18.631881,
            50.3665149
          ],
          [
            18.6322268,
            50.3665849
          ],
          [
            18.6323653,
            50.366612999999994
          ],
          [
            18.6324491,
            50.36663000000001
          ],
          [
            18.634428200000002,
            50.36703099999999
          ]
        ]
      }
    },
    {
      "type": "Feature",
      "properties": {
        "source": "OpenStreetMap",
        "source_id": "way/907719390",
        "domain": "industrial",
        "asset_type": "unknown",
        "confidence": "medium",
        "missing_fields": [],
        "limitations": [
          "OSM industrial facilities might lack complete boundary semantics. Fixture is bounded to Rybnik 35km."
        ],
        "eligible_for_analysis": true,
        "osm_tags": {
          "man_made": "works",
          "source": "OpenStreetMap"
        }
      },
      "geometry": {
        "type": "LineString",
        "coordinates": [
          [
            18.6114353,
            50.4004865
          ],
          [
            18.610982,
            50.400469
          ],
          [
            18.6113146,
            50.3996022
          ],
          [
            18.6117366,
            50.3996807
          ],
          [
            18.6114353,
            50.4004865
          ]
        ]
      }
    },
    {
      "type": "Feature",
      "properties": {
        "source": "OpenStreetMap",
        "source_id": "way/917445736",
        "domain": "industrial",
        "asset_type": "unknown",
        "confidence": "medium",
        "missing_fields": [],
        "limitations": [
          "OSM industrial facilities might lack complete boundary semantics. Fixture is bounded to Rybnik 35km."
        ],
        "eligible_for_analysis": true,
        "osm_tags": {
          "man_made": "works",
          "source": "OpenStreetMap"
        }
      },
      "geometry": {
        "type": "LineString",
        "coordinates": [
          [
            18.5644909,
            50.1004095
          ],
          [
            18.5642436,
            50.10020089999999
          ],
          [
            18.5652861,
            50.0996705
          ],
          [
            18.5657936,
            50.0994123
          ],
          [
            18.5648774,
            50.0982858
          ],
          [
            18.5644956,
            50.097683399999994
          ],
          [
            18.5640451,
            50.09782049999999
          ],
          [
            18.563785500000005,
            50.0976981
          ],
          [
            18.5629456,
            50.09785480000001
          ],
          [
            18.5627776,
            50.09732089999999
          ],
          [
            18.5624721,
            50.09734279999999
          ],
          [
            18.562377300000005,
            50.09735909999999
          ],
          [
            18.5626027,
            50.09795099999999
          ],
          [
            18.5627492,
            50.0983359
          ],
          [
            18.5628744,
            50.09866490000001
          ],
          [
            18.5628829,
            50.09869090000001
          ],
          [
            18.5630663,
            50.099308199999996
          ],
          [
            18.5631205,
            50.09942219999999
          ],
          [
            18.5632487,
            50.0998133
          ],
          [
            18.5632974,
            50.09996199999999
          ],
          [
            18.5633721,
            50.1001438
          ],
          [
            18.5634583,
            50.100353600000005
          ],
          [
            18.5635911,
            50.100566400000005
          ],
          [
            18.5637046,
            50.100748200000005
          ],
          [
            18.5637912,
            50.100927000000006
          ],
          [
            18.5642973,
            50.10045749999999
          ],
          [
            18.5643598,
            50.100458999999994
          ],
          [
            18.5643845,
            50.1004757
          ],
          [
            18.5644909,
            50.1004095
          ]
        ]
      }
    },
    {
      "type": "Feature",
      "properties": {
        "source": "OpenStreetMap",
        "source_id": "way/917445744",
        "domain": "industrial",
        "asset_type": "unknown",
        "confidence": "medium",
        "missing_fields": [],
        "limitations": [
          "OSM industrial facilities might lack complete boundary semantics. Fixture is bounded to Rybnik 35km."
        ],
        "eligible_for_analysis": true,
        "osm_tags": {
          "man_made": "works",
          "source": "OpenStreetMap"
        }
      },
      "geometry": {
        "type": "LineString",
        "coordinates": [
          [
            18.7123069,
            50.015603
          ],
          [
            18.7129671,
            50.015498099999995
          ],
          [
            18.7132048,
            50.0155838
          ],
          [
            18.7134467,
            50.015583799999995
          ],
          [
            18.714977,
            50.015181899999995
          ],
          [
            18.7150938,
            50.0152113
          ],
          [
            18.7157068,
            50.01608609999999
          ],
          [
            18.7149056,
            50.01630800000001
          ],
          [
            18.7142655,
            50.01653949999999
          ],
          [
            18.7141179,
            50.0165913
          ],
          [
            18.7132753,
            50.0164476
          ],
          [
            18.7134261,
            50.01620779999999
          ],
          [
            18.7131119,
            50.01578370000001
          ],
          [
            18.7123416,
            50.015698999999984
          ],
          [
            18.7123069,
            50.015603
          ]
        ]
      }
    },
    {
      "type": "Feature",
      "properties": {
        "source": "OpenStreetMap",
        "source_id": "way/917445745",
        "domain": "industrial",
        "asset_type": "unknown",
        "confidence": "medium",
        "missing_fields": [],
        "limitations": [
          "OSM industrial facilities might lack complete boundary semantics. Fixture is bounded to Rybnik 35km."
        ],
        "eligible_for_analysis": true,
        "osm_tags": {
          "man_made": "works",
          "source": "OpenStreetMap"
        }
      },
      "geometry": {
        "type": "LineString",
        "coordinates": [
          [
            18.7127536,
            50.0154066
          ],
          [
            18.7130547,
            50.015366799999995
          ],
          [
            18.713471700000003,
            50.0154766
          ],
          [
            18.7141973,
            50.015267599999994
          ],
          [
            18.7142681,
            50.0151578
          ],
          [
            18.7123208,
            50.0121378
          ],
          [
            18.710951,
            50.012502299999994
          ],
          [
            18.7127536,
            50.0154066
          ]
        ]
      }
    },
    {
      "type": "Feature",
      "properties": {
        "source": "OpenStreetMap",
        "source_id": "way/917445746",
        "domain": "industrial",
        "asset_type": "unknown",
        "confidence": "medium",
        "missing_fields": [],
        "limitations": [
          "OSM industrial facilities might lack complete boundary semantics. Fixture is bounded to Rybnik 35km."
        ],
        "eligible_for_analysis": true,
        "osm_tags": {
          "man_made": "works",
          "source": "OpenStreetMap"
        }
      },
      "geometry": {
        "type": "LineString",
        "coordinates": [
          [
            18.710951,
            50.012502299999994
          ],
          [
            18.7108863,
            50.01240849999999
          ],
          [
            18.7107612,
            50.01231200000001
          ],
          [
            18.7102608,
            50.012475499999994
          ],
          [
            18.7100204,
            50.012541299999995
          ],
          [
            18.7103776,
            50.01273539999998
          ],
          [
            18.709940100000004,
            50.0130228
          ],
          [
            18.710114500000003,
            50.0133096
          ],
          [
            18.7101808,
            50.0134797
          ],
          [
            18.710418200000003,
            50.0138315
          ],
          [
            18.7098113,
            50.01398689999998
          ],
          [
            18.7100182,
            50.014284999999994
          ],
          [
            18.710288900000002,
            50.0142397
          ],
          [
            18.7104915,
            50.014488899999996
          ],
          [
            18.710853,
            50.0145388
          ],
          [
            18.711149,
            50.0156186
          ],
          [
            18.7127536,
            50.0154066
          ],
          [
            18.710951,
            50.012502299999994
          ]
        ]
      }
    },
    {
      "type": "Feature",
      "properties": {
        "source": "OpenStreetMap",
        "source_id": "way/917445747",
        "domain": "industrial",
        "asset_type": "unknown",
        "confidence": "medium",
        "missing_fields": [],
        "limitations": [
          "OSM industrial facilities might lack complete boundary semantics. Fixture is bounded to Rybnik 35km."
        ],
        "eligible_for_analysis": true,
        "osm_tags": {
          "man_made": "works",
          "source": "OpenStreetMap"
        }
      },
      "geometry": {
        "type": "LineString",
        "coordinates": [
          [
            18.7107402,
            50.015807300000006
          ],
          [
            18.711149,
            50.0156186
          ],
          [
            18.710853,
            50.0145388
          ],
          [
            18.7106205,
            50.01453420000001
          ],
          [
            18.710352000000004,
            50.014553799999995
          ],
          [
            18.7094484,
            50.01426980000001
          ],
          [
            18.7091511,
            50.014147300000005
          ],
          [
            18.7087403,
            50.0156606
          ],
          [
            18.7107402,
            50.015807300000006
          ]
        ]
      }
    },
    {
      "type": "Feature",
      "properties": {
        "source": "OpenStreetMap",
        "source_id": "way/917445748",
        "domain": "industrial",
        "asset_type": "unknown",
        "confidence": "medium",
        "missing_fields": [],
        "limitations": [
          "OSM industrial facilities might lack complete boundary semantics. Fixture is bounded to Rybnik 35km."
        ],
        "eligible_for_analysis": true,
        "osm_tags": {
          "man_made": "works",
          "source": "OpenStreetMap"
        }
      },
      "geometry": {
        "type": "LineString",
        "coordinates": [
          [
            18.7147917,
            50.00981470000001
          ],
          [
            18.7160513,
            50.00949719999999
          ],
          [
            18.7156508,
            50.00884099999999
          ],
          [
            18.7151962,
            50.00809600000001
          ],
          [
            18.7151552,
            50.0080288
          ],
          [
            18.7138956,
            50.0083463
          ],
          [
            18.7139033,
            50.0083595
          ],
          [
            18.7141344,
            50.0087546
          ],
          [
            18.7147917,
            50.00981470000001
          ]
        ]
      }
    },
    {
      "type": "Feature",
      "properties": {
        "source": "OpenStreetMap",
        "source_id": "way/917445749",
        "domain": "industrial",
        "asset_type": "unknown",
        "confidence": "medium",
        "missing_fields": [],
        "limitations": [
          "OSM industrial facilities might lack complete boundary semantics. Fixture is bounded to Rybnik 35km."
        ],
        "eligible_for_analysis": true,
        "osm_tags": {
          "man_made": "works",
          "source": "OpenStreetMap"
        }
      },
      "geometry": {
        "type": "LineString",
        "coordinates": [
          [
            18.7100056,
            50.01228040000001
          ],
          [
            18.7102984,
            50.0124567
          ],
          [
            18.7107612,
            50.01231200000001
          ],
          [
            18.7108863,
            50.01240849999999
          ],
          [
            18.7120264,
            50.0121302
          ],
          [
            18.7150688,
            50.01138749999999
          ],
          [
            18.715319,
            50.0109641
          ],
          [
            18.713922,
            50.0086755
          ],
          [
            18.7135384,
            50.00856559999999
          ],
          [
            18.7113878,
            50.00900049999999
          ],
          [
            18.7100056,
            50.01228040000001
          ]
        ]
      }
    },
    {
      "type": "Feature",
      "properties": {
        "source": "OpenStreetMap",
        "source_id": "way/917445750",
        "domain": "industrial",
        "asset_type": "unknown",
        "confidence": "medium",
        "missing_fields": [],
        "limitations": [
          "OSM industrial facilities might lack complete boundary semantics. Fixture is bounded to Rybnik 35km."
        ],
        "eligible_for_analysis": true,
        "osm_tags": {
          "man_made": "works",
          "source": "OpenStreetMap"
        }
      },
      "geometry": {
        "type": "LineString",
        "coordinates": [
          [
            18.7135634,
            50.013667899999994
          ],
          [
            18.7125918,
            50.01224229999999
          ],
          [
            18.7127962,
            50.01206549999999
          ],
          [
            18.7155567,
            50.0114062
          ],
          [
            18.715786,
            50.011827
          ],
          [
            18.7160445,
            50.012697900000006
          ],
          [
            18.7161696,
            50.012997999999996
          ],
          [
            18.7135634,
            50.013667899999994
          ]
        ]
      }
    },
    {
      "type": "Feature",
      "properties": {
        "source": "OpenStreetMap",
        "source_id": "way/917445751",
        "domain": "industrial",
        "asset_type": "unknown",
        "confidence": "medium",
        "missing_fields": [],
        "limitations": [
          "OSM industrial facilities might lack complete boundary semantics. Fixture is bounded to Rybnik 35km."
        ],
        "eligible_for_analysis": true,
        "osm_tags": {
          "man_made": "works",
          "source": "OpenStreetMap"
        }
      },
      "geometry": {
        "type": "LineString",
        "coordinates": [
          [
            18.7174707,
            50.0144798
          ],
          [
            18.7156734,
            50.0149943
          ],
          [
            18.7154024,
            50.014962099999984
          ],
          [
            18.7145392,
            50.01519259999999
          ],
          [
            18.714157,
            50.0145954
          ],
          [
            18.7135634,
            50.013667899999994
          ],
          [
            18.7161696,
            50.012997999999996
          ],
          [
            18.7160445,
            50.012697900000006
          ],
          [
            18.7162614,
            50.0126764
          ],
          [
            18.7161401,
            50.0122348
          ],
          [
            18.7172065,
            50.0121395
          ],
          [
            18.7183047,
            50.0120413
          ],
          [
            18.7187467,
            50.0132418
          ],
          [
            18.7184881,
            50.013558
          ],
          [
            18.7187607,
            50.013856799999985
          ],
          [
            18.7187893,
            50.01389399999999
          ],
          [
            18.7173622,
            50.014305699999994
          ],
          [
            18.7174707,
            50.0144798
          ]
        ]
      }
    },
    {
      "type": "Feature",
      "properties": {
        "source": "OpenStreetMap",
        "source_id": "way/917445752",
        "domain": "industrial",
        "asset_type": "unknown",
        "confidence": "medium",
        "missing_fields": [],
        "limitations": [
          "OSM industrial facilities might lack complete boundary semantics. Fixture is bounded to Rybnik 35km."
        ],
        "eligible_for_analysis": true,
        "osm_tags": {
          "man_made": "works",
          "source": "OpenStreetMap"
        }
      },
      "geometry": {
        "type": "LineString",
        "coordinates": [
          [
            18.7184938,
            50.01561289999999
          ],
          [
            18.7178835,
            50.0148442
          ],
          [
            18.7175165,
            50.0144637
          ],
          [
            18.7174707,
            50.0144798
          ],
          [
            18.7173622,
            50.014305699999994
          ],
          [
            18.7187893,
            50.01389399999999
          ],
          [
            18.7192203,
            50.014453499999995
          ],
          [
            18.7194389,
            50.01437800000001
          ],
          [
            18.7199518,
            50.0150988
          ],
          [
            18.7195348,
            50.0152087
          ],
          [
            18.719363800000004,
            50.0157446
          ],
          [
            18.7184938,
            50.01561289999999
          ]
        ]
      }
    },
    {
      "type": "Feature",
      "properties": {
        "source": "OpenStreetMap",
        "source_id": "way/917445753",
        "domain": "industrial",
        "asset_type": "unknown",
        "confidence": "medium",
        "missing_fields": [],
        "limitations": [
          "OSM industrial facilities might lack complete boundary semantics. Fixture is bounded to Rybnik 35km."
        ],
        "eligible_for_analysis": true,
        "osm_tags": {
          "man_made": "works",
          "source": "OpenStreetMap"
        }
      },
      "geometry": {
        "type": "LineString",
        "coordinates": [
          [
            18.717869000000004,
            50.015045900000004
          ],
          [
            18.7174957,
            50.0146151
          ],
          [
            18.717227,
            50.0146503
          ],
          [
            18.7155431,
            50.0151276
          ],
          [
            18.7164696,
            50.0164775
          ],
          [
            18.7160584,
            50.0165905
          ],
          [
            18.7152687,
            50.01680759999999
          ],
          [
            18.7158357,
            50.0176783
          ],
          [
            18.7170405,
            50.0173369
          ],
          [
            18.7190505,
            50.0167673
          ],
          [
            18.7187836,
            50.0163784
          ],
          [
            18.7184841,
            50.015941999999995
          ],
          [
            18.7182824,
            50.015648199999994
          ],
          [
            18.7182308,
            50.01557309999998
          ],
          [
            18.717869000000004,
            50.015045900000004
          ]
        ]
      }
    },
    {
      "type": "Feature",
      "properties": {
        "source": "OpenStreetMap",
        "source_id": "way/932318899",
        "domain": "industrial",
        "asset_type": "unknown",
        "confidence": "medium",
        "missing_fields": [],
        "limitations": [
          "OSM industrial facilities might lack complete boundary semantics. Fixture is bounded to Rybnik 35km."
        ],
        "eligible_for_analysis": true,
        "osm_tags": {
          "man_made": "works",
          "name": "Alubram CNC",
          "website": "https://www.alubramcnc.com/",
          "source": "OpenStreetMap",
          "building": "yes",
          "phone": "+48 511 775 140",
          "email": "j.skorkiewicz@alubramcnc.com"
        }
      },
      "geometry": {
        "type": "Polygon",
        "coordinates": [
          [
            [
              18.6141787,
              49.8354413
            ],
            [
              18.6141014,
              49.835390200000006
            ],
            [
              18.6139129,
              49.83550879999999
            ],
            [
              18.6140148,
              49.8355762
            ],
            [
              18.614086000000004,
              49.8355314
            ],
            [
              18.6140614,
              49.8355151
            ],
            [
              18.6141787,
              49.8354413
            ]
          ]
        ]
      }
    },
    {
      "type": "Feature",
      "properties": {
        "source": "OpenStreetMap",
        "source_id": "way/940700275",
        "domain": "industrial",
        "asset_type": "unknown",
        "confidence": "medium",
        "missing_fields": [],
        "limitations": [
          "OSM industrial facilities might lack complete boundary semantics. Fixture is bounded to Rybnik 35km."
        ],
        "eligible_for_analysis": true,
        "osm_tags": {
          "man_made": "works",
          "name": "Zarys",
          "source": "OpenStreetMap"
        }
      },
      "geometry": {
        "type": "LineString",
        "coordinates": [
          [
            18.7948299,
            50.3495883
          ],
          [
            18.7967235,
            50.3521918
          ],
          [
            18.7951906,
            50.3524889
          ],
          [
            18.794332,
            50.3526171
          ],
          [
            18.793838800000003,
            50.35263809999999
          ],
          [
            18.7935137,
            50.3525891
          ],
          [
            18.7933748,
            50.3525658
          ],
          [
            18.793141,
            50.3525774
          ],
          [
            18.7930132,
            50.352537799999986
          ],
          [
            18.7916363,
            50.3516544
          ],
          [
            18.7907353,
            50.351046999999994
          ],
          [
            18.7907172,
            50.3509325
          ],
          [
            18.7907245,
            50.35083489999999
          ],
          [
            18.7908199,
            50.3507746
          ],
          [
            18.7916027,
            50.35053959999999
          ],
          [
            18.792386000000004,
            50.35031839999999
          ],
          [
            18.7948299,
            50.3495883
          ]
        ]
      }
    },
    {
      "type": "Feature",
      "properties": {
        "source": "OpenStreetMap",
        "source_id": "way/1005573581",
        "domain": "industrial",
        "asset_type": "unknown",
        "confidence": "medium",
        "missing_fields": [],
        "limitations": [
          "OSM industrial facilities might lack complete boundary semantics. Fixture is bounded to Rybnik 35km."
        ],
        "eligible_for_analysis": true,
        "osm_tags": {
          "man_made": "works",
          "source": "OpenStreetMap"
        }
      },
      "geometry": {
        "type": "LineString",
        "coordinates": [
          [
            18.802342,
            50.34748539999999
          ],
          [
            18.8025295,
            50.348390099999996
          ],
          [
            18.8016676,
            50.3486081
          ],
          [
            18.8012469,
            50.34770830000001
          ],
          [
            18.8018064,
            50.3475734
          ],
          [
            18.8020474,
            50.3475342
          ],
          [
            18.8021679,
            50.34751320000001
          ],
          [
            18.802342,
            50.34748539999999
          ]
        ]
      }
    },
    {
      "type": "Feature",
      "properties": {
        "source": "OpenStreetMap",
        "source_id": "way/1077393070",
        "domain": "industrial",
        "asset_type": "unknown",
        "confidence": "medium",
        "missing_fields": [],
        "limitations": [
          "OSM industrial facilities might lack complete boundary semantics. Fixture is bounded to Rybnik 35km."
        ],
        "eligible_for_analysis": true,
        "osm_tags": {
          "man_made": "works",
          "source": "OpenStreetMap",
          "building": "yes"
        }
      },
      "geometry": {
        "type": "Polygon",
        "coordinates": [
          [
            [
              18.0986689,
              50.09261569999999
            ],
            [
              18.0986513,
              50.09293759999999
            ],
            [
              18.0990629,
              50.09294679999999
            ],
            [
              18.0990804,
              50.09262489999999
            ],
            [
              18.0986689,
              50.09261569999999
            ]
          ]
        ]
      }
    },
    {
      "type": "Feature",
      "properties": {
        "source": "OpenStreetMap",
        "source_id": "way/1077393071",
        "domain": "industrial",
        "asset_type": "unknown",
        "confidence": "medium",
        "missing_fields": [],
        "limitations": [
          "OSM industrial facilities might lack complete boundary semantics. Fixture is bounded to Rybnik 35km."
        ],
        "eligible_for_analysis": true,
        "osm_tags": {
          "man_made": "works",
          "source": "OpenStreetMap",
          "building": "yes"
        }
      },
      "geometry": {
        "type": "Polygon",
        "coordinates": [
          [
            [
              18.0975996,
              50.09263959999999
            ],
            [
              18.097494,
              50.09295779999999
            ],
            [
              18.097686,
              50.0929841
            ],
            [
              18.0977917,
              50.09266589999999
            ],
            [
              18.0975996,
              50.09263959999999
            ]
          ]
        ]
      }
    },
    {
      "type": "Feature",
      "properties": {
        "source": "OpenStreetMap",
        "source_id": "way/1099344273",
        "domain": "industrial",
        "asset_type": "unknown",
        "confidence": "medium",
        "missing_fields": [],
        "limitations": [
          "OSM industrial facilities might lack complete boundary semantics. Fixture is bounded to Rybnik 35km."
        ],
        "eligible_for_analysis": true,
        "osm_tags": {
          "man_made": "works",
          "name": "CT Park Zabrze A",
          "operator": "CT Park Zabrze",
          "source": "OpenStreetMap"
        }
      },
      "geometry": {
        "type": "LineString",
        "coordinates": [
          [
            18.8079789,
            50.3452817
          ],
          [
            18.8077693,
            50.3440997
          ],
          [
            18.8076469,
            50.344106000000004
          ],
          [
            18.8074285,
            50.3441173
          ],
          [
            18.807238,
            50.343110100000004
          ],
          [
            18.8050049,
            50.34319240000001
          ],
          [
            18.8048977,
            50.34184789999999
          ],
          [
            18.803745,
            50.341883299999985
          ],
          [
            18.8037655,
            50.3420614
          ],
          [
            18.8032374,
            50.342083200000005
          ],
          [
            18.8032173,
            50.3419167
          ],
          [
            18.8027103,
            50.341932999999976
          ],
          [
            18.8026962,
            50.3419447
          ],
          [
            18.802649,
            50.34194709999999
          ],
          [
            18.8025538,
            50.341951099999996
          ],
          [
            18.8025108,
            50.341939200000006
          ],
          [
            18.8021702,
            50.3419516
          ],
          [
            18.80146,
            50.341980199999995
          ],
          [
            18.8010321,
            50.342680599999994
          ],
          [
            18.8009605,
            50.342782500000006
          ],
          [
            18.8006578,
            50.34332140000001
          ],
          [
            18.8006553,
            50.3436649
          ],
          [
            18.8006933,
            50.34405600000001
          ],
          [
            18.800341,
            50.3445872
          ],
          [
            18.7999941,
            50.3451369
          ],
          [
            18.800831,
            50.345357699999994
          ],
          [
            18.8011017,
            50.34547789999999
          ],
          [
            18.8013551,
            50.34547880000001
          ],
          [
            18.8020029,
            50.34534889999999
          ],
          [
            18.8020062,
            50.345320900000004
          ],
          [
            18.8023375,
            50.3453106
          ],
          [
            18.802359,
            50.345334599999994
          ],
          [
            18.8029464,
            50.34535259999999
          ],
          [
            18.8031569,
            50.345433899999996
          ],
          [
            18.8031489,
            50.34537310000002
          ],
          [
            18.8032843,
            50.3452999
          ],
          [
            18.8033484,
            50.345352399999996
          ],
          [
            18.8032813,
            50.34540389999999
          ],
          [
            18.8032688,
            50.345436
          ],
          [
            18.8037688,
            50.34543329999999
          ],
          [
            18.8047078,
            50.3454624
          ],
          [
            18.8054678,
            50.345465600000004
          ],
          [
            18.8061453,
            50.34544949999999
          ],
          [
            18.8065362,
            50.34543119999999
          ],
          [
            18.8078123,
            50.3452807
          ],
          [
            18.8079789,
            50.3452817
          ]
        ]
      }
    },
    {
      "type": "Feature",
      "properties": {
        "source": "OpenStreetMap",
        "source_id": "way/1155186459",
        "domain": "industrial",
        "asset_type": "unknown",
        "confidence": "medium",
        "missing_fields": [],
        "limitations": [
          "OSM industrial facilities might lack complete boundary semantics. Fixture is bounded to Rybnik 35km."
        ],
        "eligible_for_analysis": true,
        "osm_tags": {
          "man_made": "works",
          "source": "OpenStreetMap"
        }
      },
      "geometry": {
        "type": "LineString",
        "coordinates": [
          [
            18.8077478,
            50.3439787
          ],
          [
            18.807347,
            50.3417611
          ],
          [
            18.8082165,
            50.341733399999995
          ],
          [
            18.8098065,
            50.3422011
          ],
          [
            18.810089,
            50.3424132
          ],
          [
            18.8107163,
            50.34264309999999
          ],
          [
            18.8120025,
            50.34366130000001
          ],
          [
            18.8104729,
            50.343772599999994
          ],
          [
            18.8077478,
            50.3439787
          ]
        ]
      }
    },
    {
      "type": "Feature",
      "properties": {
        "source": "OpenStreetMap",
        "source_id": "way/1236881949",
        "domain": "industrial",
        "asset_type": "unknown",
        "confidence": "medium",
        "missing_fields": [],
        "limitations": [
          "OSM industrial facilities might lack complete boundary semantics. Fixture is bounded to Rybnik 35km."
        ],
        "eligible_for_analysis": true,
        "osm_tags": {
          "man_made": "works",
          "source": "OpenStreetMap"
        }
      },
      "geometry": {
        "type": "LineString",
        "coordinates": [
          [
            18.8172251,
            50.345451899999986
          ],
          [
            18.8190839,
            50.3458558
          ],
          [
            18.8197176,
            50.34466179999999
          ],
          [
            18.8193395,
            50.344577499999986
          ],
          [
            18.8194188,
            50.344407600000004
          ],
          [
            18.8184593,
            50.34419609999999
          ],
          [
            18.8179023,
            50.344065099999995
          ],
          [
            18.8175947,
            50.34463759999999
          ],
          [
            18.8174933,
            50.3448288
          ],
          [
            18.8175362,
            50.3448356
          ],
          [
            18.8172251,
            50.345451899999986
          ]
        ]
      }
    },
    {
      "type": "Feature",
      "properties": {
        "source": "OpenStreetMap",
        "source_id": "way/1255916077",
        "domain": "industrial",
        "asset_type": "unknown",
        "confidence": "medium",
        "missing_fields": [],
        "limitations": [
          "OSM industrial facilities might lack complete boundary semantics. Fixture is bounded to Rybnik 35km."
        ],
        "eligible_for_analysis": true,
        "osm_tags": {
          "man_made": "works",
          "name": "M-Tech Poland",
          "source": "OpenStreetMap"
        }
      },
      "geometry": {
        "type": "LineString",
        "coordinates": [
          [
            18.8061935,
            50.349413799999994
          ],
          [
            18.8061972,
            50.34943129999999
          ],
          [
            18.8061368,
            50.3494384
          ],
          [
            18.8060279,
            50.34945379999999
          ],
          [
            18.8060352,
            50.34948409999999
          ],
          [
            18.806186500000003,
            50.3502183
          ],
          [
            18.8062929,
            50.350276799999996
          ],
          [
            18.8064468,
            50.3502673
          ],
          [
            18.8074177,
            50.35005569999999
          ],
          [
            18.8075835,
            50.3492525
          ],
          [
            18.8071141,
            50.349307
          ],
          [
            18.806359200000003,
            50.34939459999999
          ],
          [
            18.8061935,
            50.349413799999994
          ]
        ]
      }
    },
    {
      "type": "Feature",
      "properties": {
        "source": "OpenStreetMap",
        "source_id": "way/1255921328",
        "domain": "industrial",
        "asset_type": "unknown",
        "confidence": "medium",
        "missing_fields": [],
        "limitations": [
          "OSM industrial facilities might lack complete boundary semantics. Fixture is bounded to Rybnik 35km."
        ],
        "eligible_for_analysis": true,
        "osm_tags": {
          "man_made": "works",
          "name": "Zakład Mechaniczny \"BUMAR-MIKULCZYCE\" S.A.",
          "source": "OpenStreetMap"
        }
      },
      "geometry": {
        "type": "LineString",
        "coordinates": [
          [
            18.7653564,
            50.35291479999998
          ],
          [
            18.7652416,
            50.35372910000002
          ],
          [
            18.7651919,
            50.35412119999999
          ],
          [
            18.7651622,
            50.35434539999999
          ],
          [
            18.7651302,
            50.3545707
          ],
          [
            18.7651286,
            50.35457439999999
          ],
          [
            18.765107,
            50.35472759999999
          ],
          [
            18.765065,
            50.355110799999984
          ],
          [
            18.765317,
            50.355129500000004
          ],
          [
            18.7654047,
            50.3551353
          ],
          [
            18.7679483,
            50.3552779
          ],
          [
            18.7681879,
            50.353545200000006
          ],
          [
            18.7683331,
            50.35258839999999
          ],
          [
            18.7675217,
            50.3525394
          ],
          [
            18.7653564,
            50.35291479999998
          ]
        ]
      }
    },
    {
      "type": "Feature",
      "properties": {
        "source": "OpenStreetMap",
        "source_id": "way/1255921329",
        "domain": "industrial",
        "asset_type": "unknown",
        "confidence": "medium",
        "missing_fields": [],
        "limitations": [
          "OSM industrial facilities might lack complete boundary semantics. Fixture is bounded to Rybnik 35km."
        ],
        "eligible_for_analysis": true,
        "osm_tags": {
          "man_made": "works",
          "name": "Unimont Zbigniew Słomian",
          "source": "OpenStreetMap"
        }
      },
      "geometry": {
        "type": "LineString",
        "coordinates": [
          [
            18.762385400000003,
            50.35311120000001
          ],
          [
            18.761691100000004,
            50.35321379999999
          ],
          [
            18.7594233,
            50.353610800000006
          ],
          [
            18.7592299,
            50.3536427
          ],
          [
            18.7567566,
            50.3540505
          ],
          [
            18.7563828,
            50.353185499999995
          ],
          [
            18.7561273,
            50.3532279
          ],
          [
            18.7560631,
            50.353073200000004
          ],
          [
            18.7563186,
            50.3530338
          ],
          [
            18.7561063,
            50.352537600000005
          ],
          [
            18.7575222,
            50.3522918
          ],
          [
            18.7589913,
            50.352038
          ],
          [
            18.760491,
            50.35177289999999
          ],
          [
            18.7611515,
            50.3516625
          ],
          [
            18.7618774,
            50.3515411
          ],
          [
            18.762123,
            50.35149599999999
          ],
          [
            18.762375,
            50.35303859999999
          ],
          [
            18.762385400000003,
            50.35311120000001
          ]
        ]
      }
    },
    {
      "type": "Feature",
      "properties": {
        "source": "OpenStreetMap",
        "source_id": "way/1255921330",
        "domain": "industrial",
        "asset_type": "unknown",
        "confidence": "medium",
        "missing_fields": [],
        "limitations": [
          "OSM industrial facilities might lack complete boundary semantics. Fixture is bounded to Rybnik 35km."
        ],
        "eligible_for_analysis": true,
        "osm_tags": {
          "man_made": "works",
          "source": "OpenStreetMap"
        }
      },
      "geometry": {
        "type": "LineString",
        "coordinates": [
          [
            18.7560667,
            50.35495519999999
          ],
          [
            18.7558765,
            50.354514699999996
          ],
          [
            18.7571493,
            50.3543009
          ],
          [
            18.7571663,
            50.3543427
          ],
          [
            18.7573276,
            50.35473989999999
          ],
          [
            18.7567279,
            50.35484219999999
          ],
          [
            18.7560667,
            50.35495519999999
          ]
        ]
      }
    },
    {
      "type": "Feature",
      "properties": {
        "source": "OpenStreetMap",
        "source_id": "way/1255921331",
        "domain": "industrial",
        "asset_type": "unknown",
        "confidence": "medium",
        "missing_fields": [],
        "limitations": [
          "OSM industrial facilities might lack complete boundary semantics. Fixture is bounded to Rybnik 35km."
        ],
        "eligible_for_analysis": true,
        "osm_tags": {
          "man_made": "works",
          "source": "OpenStreetMap"
        }
      },
      "geometry": {
        "type": "LineString",
        "coordinates": [
          [
            18.7562545,
            50.35537829999999
          ],
          [
            18.7560667,
            50.35495519999999
          ],
          [
            18.7567279,
            50.35484219999999
          ],
          [
            18.7573276,
            50.35473989999999
          ],
          [
            18.7575052,
            50.3551759
          ],
          [
            18.7562545,
            50.35537829999999
          ]
        ]
      }
    },
    {
      "type": "Feature",
      "properties": {
        "source": "OpenStreetMap",
        "source_id": "way/1255921332",
        "domain": "industrial",
        "asset_type": "unknown",
        "confidence": "medium",
        "missing_fields": [],
        "limitations": [
          "OSM industrial facilities might lack complete boundary semantics. Fixture is bounded to Rybnik 35km."
        ],
        "eligible_for_analysis": true,
        "osm_tags": {
          "man_made": "works",
          "source": "OpenStreetMap"
        }
      },
      "geometry": {
        "type": "LineString",
        "coordinates": [
          [
            18.7557921,
            50.355326299999994
          ],
          [
            18.7560025,
            50.3551995
          ],
          [
            18.7557449,
            50.354642399999996
          ],
          [
            18.7556995,
            50.3545442
          ],
          [
            18.7553525,
            50.35460259999999
          ],
          [
            18.7551374,
            50.3546876
          ],
          [
            18.7549353,
            50.354792199999984
          ],
          [
            18.7557921,
            50.355326299999994
          ]
        ]
      }
    },
    {
      "type": "Feature",
      "properties": {
        "source": "OpenStreetMap",
        "source_id": "way/1255921333",
        "domain": "industrial",
        "asset_type": "unknown",
        "confidence": "medium",
        "missing_fields": [],
        "limitations": [
          "OSM industrial facilities might lack complete boundary semantics. Fixture is bounded to Rybnik 35km."
        ],
        "eligible_for_analysis": true,
        "osm_tags": {
          "man_made": "works",
          "source": "OpenStreetMap"
        }
      },
      "geometry": {
        "type": "LineString",
        "coordinates": [
          [
            18.7544258,
            50.3552125
          ],
          [
            18.7544583,
            50.35518249999999
          ],
          [
            18.7547761,
            50.35490059999999
          ],
          [
            18.7549353,
            50.354792199999984
          ],
          [
            18.7557921,
            50.355326299999994
          ],
          [
            18.7552084,
            50.35570959999999
          ],
          [
            18.7544258,
            50.3552125
          ]
        ]
      }
    },
    {
      "type": "Feature",
      "properties": {
        "source": "OpenStreetMap",
        "source_id": "way/1255921334",
        "domain": "industrial",
        "asset_type": "unknown",
        "confidence": "medium",
        "missing_fields": [],
        "limitations": [
          "OSM industrial facilities might lack complete boundary semantics. Fixture is bounded to Rybnik 35km."
        ],
        "eligible_for_analysis": true,
        "osm_tags": {
          "man_made": "works",
          "name": "FHU Skład Opału Sojka",
          "source": "OpenStreetMap"
        }
      },
      "geometry": {
        "type": "LineString",
        "coordinates": [
          [
            18.7572846,
            50.3565349
          ],
          [
            18.7580417,
            50.3564014
          ],
          [
            18.7581583,
            50.35638079999999
          ],
          [
            18.758257,
            50.35658269999998
          ],
          [
            18.7583596,
            50.356567299999995
          ],
          [
            18.7584712,
            50.3568311
          ],
          [
            18.7587016,
            50.35691589999999
          ],
          [
            18.7587878,
            50.356900999999986
          ],
          [
            18.758834,
            50.357016099999996
          ],
          [
            18.7586641,
            50.3570427
          ],
          [
            18.7585532,
            50.357061899999984
          ],
          [
            18.758290200000005,
            50.35705119999999
          ],
          [
            18.757359800000003,
            50.3568193
          ],
          [
            18.7572446,
            50.3566271
          ],
          [
            18.7572846,
            50.3565349
          ]
        ]
      }
    },
    {
      "type": "Feature",
      "properties": {
        "source": "OpenStreetMap",
        "source_id": "way/1255921335",
        "domain": "industrial",
        "asset_type": "unknown",
        "confidence": "medium",
        "missing_fields": [],
        "limitations": [
          "OSM industrial facilities might lack complete boundary semantics. Fixture is bounded to Rybnik 35km."
        ],
        "eligible_for_analysis": true,
        "osm_tags": {
          "man_made": "works",
          "name": "Korea Fuel-Tech Poland",
          "source": "OpenStreetMap"
        }
      },
      "geometry": {
        "type": "LineString",
        "coordinates": [
          [
            18.7615053,
            50.3535852
          ],
          [
            18.7616411,
            50.35356149999999
          ],
          [
            18.7616993,
            50.35355040000001
          ],
          [
            18.7617085,
            50.35357449999999
          ],
          [
            18.7617572,
            50.3535672
          ],
          [
            18.7624686,
            50.3552047
          ],
          [
            18.7617888,
            50.355323000000006
          ],
          [
            18.7618506,
            50.355461
          ],
          [
            18.7598399,
            50.3558097
          ],
          [
            18.759172,
            50.3543388
          ],
          [
            18.7592476,
            50.354328900000006
          ],
          [
            18.760587500000003,
            50.35408530000001
          ],
          [
            18.760453,
            50.353769
          ],
          [
            18.7615053,
            50.3535852
          ]
        ]
      }
    },
    {
      "type": "Feature",
      "properties": {
        "source": "OpenStreetMap",
        "source_id": "way/1255921336",
        "domain": "industrial",
        "asset_type": "unknown",
        "confidence": "medium",
        "missing_fields": [],
        "limitations": [
          "OSM industrial facilities might lack complete boundary semantics. Fixture is bounded to Rybnik 35km."
        ],
        "eligible_for_analysis": true,
        "osm_tags": {
          "man_made": "works",
          "name": "Logstor",
          "source": "OpenStreetMap"
        }
      },
      "geometry": {
        "type": "LineString",
        "coordinates": [
          [
            18.7629105,
            50.349657799999996
          ],
          [
            18.7639056,
            50.3495797
          ],
          [
            18.7679763,
            50.34948249999999
          ],
          [
            18.7680248,
            50.34948709999999
          ],
          [
            18.7680595,
            50.349490399999986
          ],
          [
            18.7688262,
            50.349514699999986
          ],
          [
            18.7684514,
            50.3521058
          ],
          [
            18.7673166,
            50.35229850000001
          ],
          [
            18.7663652,
            50.35246009999999
          ],
          [
            18.7651753,
            50.35266210000001
          ],
          [
            18.7650866,
            50.35221919999999
          ],
          [
            18.7649892,
            50.35121469999999
          ],
          [
            18.7649607,
            50.3510949
          ],
          [
            18.7640706,
            50.351163099999994
          ],
          [
            18.7638075,
            50.351206
          ],
          [
            18.763676,
            50.351057700000005
          ],
          [
            18.7635175,
            50.3508443
          ],
          [
            18.7632779,
            50.35041089999999
          ],
          [
            18.7629073,
            50.34968700000001
          ],
          [
            18.7628881,
            50.34965639999999
          ],
          [
            18.7629105,
            50.349657799999996
          ]
        ]
      }
    },
    {
      "type": "Feature",
      "properties": {
        "source": "OpenStreetMap",
        "source_id": "way/1255921338",
        "domain": "industrial",
        "asset_type": "unknown",
        "confidence": "medium",
        "missing_fields": [],
        "limitations": [
          "OSM industrial facilities might lack complete boundary semantics. Fixture is bounded to Rybnik 35km."
        ],
        "eligible_for_analysis": true,
        "osm_tags": {
          "man_made": "works",
          "name": "Bumar-Mikulczyce",
          "source": "OpenStreetMap"
        }
      },
      "geometry": {
        "type": "LineString",
        "coordinates": [
          [
            18.758244,
            50.350262099999995
          ],
          [
            18.756752400000003,
            50.3505209
          ],
          [
            18.7575222,
            50.3522918
          ],
          [
            18.7589913,
            50.352038
          ],
          [
            18.758244,
            50.350262099999995
          ]
        ]
      }
    },
    {
      "type": "Feature",
      "properties": {
        "source": "OpenStreetMap",
        "source_id": "way/1255921339",
        "domain": "industrial",
        "asset_type": "unknown",
        "confidence": "medium",
        "missing_fields": [],
        "limitations": [
          "OSM industrial facilities might lack complete boundary semantics. Fixture is bounded to Rybnik 35km."
        ],
        "eligible_for_analysis": true,
        "osm_tags": {
          "man_made": "works",
          "name": "Best Poland Sp. z o.o.",
          "source": "OpenStreetMap"
        }
      },
      "geometry": {
        "type": "LineString",
        "coordinates": [
          [
            18.7597593,
            50.3500537
          ],
          [
            18.7597377,
            50.3500014
          ],
          [
            18.759526700000002,
            50.350037
          ],
          [
            18.758244,
            50.350262099999995
          ],
          [
            18.7589913,
            50.352038
          ],
          [
            18.760491,
            50.35177289999999
          ],
          [
            18.7601965,
            50.35108
          ],
          [
            18.7597815,
            50.3501035
          ],
          [
            18.7597757,
            50.35009029999999
          ],
          [
            18.7597649,
            50.35006620000001
          ],
          [
            18.7597593,
            50.3500537
          ]
        ]
      }
    },
    {
      "type": "Feature",
      "properties": {
        "source": "OpenStreetMap",
        "source_id": "way/1255921340",
        "domain": "industrial",
        "asset_type": "unknown",
        "confidence": "medium",
        "missing_fields": [],
        "limitations": [
          "OSM industrial facilities might lack complete boundary semantics. Fixture is bounded to Rybnik 35km."
        ],
        "eligible_for_analysis": true,
        "osm_tags": {
          "man_made": "works",
          "name": "Pionart",
          "source": "OpenStreetMap"
        }
      },
      "geometry": {
        "type": "LineString",
        "coordinates": [
          [
            18.7585992,
            50.34839449999999
          ],
          [
            18.7582629,
            50.34751709999999
          ],
          [
            18.758207,
            50.347485999999996
          ],
          [
            18.7560655,
            50.347803799999994
          ],
          [
            18.7557304,
            50.347885700000006
          ],
          [
            18.7554071,
            50.347973599999996
          ],
          [
            18.7555236,
            50.348302
          ],
          [
            18.7554511,
            50.3483141
          ],
          [
            18.755561600000004,
            50.3486
          ],
          [
            18.755627,
            50.348595499999995
          ],
          [
            18.755785,
            50.349020100000004
          ],
          [
            18.75733,
            50.34876839999999
          ],
          [
            18.7585992,
            50.34839449999999
          ]
        ]
      }
    },
    {
      "type": "Feature",
      "properties": {
        "source": "OpenStreetMap",
        "source_id": "way/1255921341",
        "domain": "industrial",
        "asset_type": "unknown",
        "confidence": "medium",
        "missing_fields": [],
        "limitations": [
          "OSM industrial facilities might lack complete boundary semantics. Fixture is bounded to Rybnik 35km."
        ],
        "eligible_for_analysis": true,
        "osm_tags": {
          "man_made": "works",
          "name": "Górażdże Beton Sp. z o.o.",
          "source": "OpenStreetMap"
        }
      },
      "geometry": {
        "type": "LineString",
        "coordinates": [
          [
            18.7554071,
            50.347973599999996
          ],
          [
            18.7555236,
            50.348302
          ],
          [
            18.7554511,
            50.3483141
          ],
          [
            18.755561600000004,
            50.3486
          ],
          [
            18.755627,
            50.348595499999995
          ],
          [
            18.755785,
            50.349020100000004
          ],
          [
            18.7544089,
            50.349243099999995
          ],
          [
            18.7535936,
            50.349315100000005
          ],
          [
            18.753480700000004,
            50.349298499999996
          ],
          [
            18.7531456,
            50.34901709999999
          ],
          [
            18.7534891,
            50.34876539999999
          ],
          [
            18.753699400000002,
            50.348638699999995
          ],
          [
            18.7544386,
            50.3482239
          ],
          [
            18.7554071,
            50.347973599999996
          ]
        ]
      }
    },
    {
      "type": "Feature",
      "properties": {
        "source": "OpenStreetMap",
        "source_id": "way/1255921342",
        "domain": "industrial",
        "asset_type": "unknown",
        "confidence": "medium",
        "missing_fields": [],
        "limitations": [
          "OSM industrial facilities might lack complete boundary semantics. Fixture is bounded to Rybnik 35km."
        ],
        "eligible_for_analysis": true,
        "osm_tags": {
          "man_made": "works",
          "name": "DPD",
          "source": "OpenStreetMap"
        }
      },
      "geometry": {
        "type": "LineString",
        "coordinates": [
          [
            18.761063900000003,
            50.3483081
          ],
          [
            18.7637093,
            50.3479554
          ],
          [
            18.7646616,
            50.3478187
          ],
          [
            18.7648002,
            50.349329499999996
          ],
          [
            18.7636549,
            50.3493799
          ],
          [
            18.7612992,
            50.3495525
          ],
          [
            18.7612962,
            50.3495335
          ],
          [
            18.761063900000003,
            50.3483081
          ]
        ]
      }
    },
    {
      "type": "Feature",
      "properties": {
        "source": "OpenStreetMap",
        "source_id": "way/1255921343",
        "domain": "industrial",
        "asset_type": "unknown",
        "confidence": "medium",
        "missing_fields": [],
        "limitations": [
          "OSM industrial facilities might lack complete boundary semantics. Fixture is bounded to Rybnik 35km."
        ],
        "eligible_for_analysis": true,
        "osm_tags": {
          "man_made": "works",
          "name": "Magazyn Agd Market Sp. Z.o.o",
          "source": "OpenStreetMap"
        }
      },
      "geometry": {
        "type": "LineString",
        "coordinates": [
          [
            18.7595903,
            50.34859699999999
          ],
          [
            18.7595737,
            50.34856140000001
          ],
          [
            18.761063900000003,
            50.3483081
          ],
          [
            18.7612962,
            50.3495335
          ],
          [
            18.760933200000004,
            50.3495593
          ],
          [
            18.7600348,
            50.349707
          ],
          [
            18.7595903,
            50.34859699999999
          ]
        ]
      }
    },
    {
      "type": "Feature",
      "properties": {
        "source": "OpenStreetMap",
        "source_id": "way/1255921344",
        "domain": "industrial",
        "asset_type": "unknown",
        "confidence": "medium",
        "missing_fields": [],
        "limitations": [
          "OSM industrial facilities might lack complete boundary semantics. Fixture is bounded to Rybnik 35km."
        ],
        "eligible_for_analysis": true,
        "osm_tags": {
          "man_made": "works",
          "name": "\"Jano\" Zakład Przetwórstwa Mięsnego",
          "source": "OpenStreetMap"
        }
      },
      "geometry": {
        "type": "LineString",
        "coordinates": [
          [
            18.7595903,
            50.34859699999999
          ],
          [
            18.7600348,
            50.349707
          ],
          [
            18.7600431,
            50.3497277
          ],
          [
            18.7580929,
            50.350065099999995
          ],
          [
            18.7576461,
            50.34887079999999
          ],
          [
            18.7589153,
            50.34865919999999
          ],
          [
            18.7595903,
            50.34859699999999
          ]
        ]
      }
    },
    {
      "type": "Feature",
      "properties": {
        "source": "OpenStreetMap",
        "source_id": "way/1255921345",
        "domain": "industrial",
        "asset_type": "unknown",
        "confidence": "medium",
        "missing_fields": [],
        "limitations": [
          "OSM industrial facilities might lack complete boundary semantics. Fixture is bounded to Rybnik 35km."
        ],
        "eligible_for_analysis": true,
        "osm_tags": {
          "man_made": "works",
          "name": "NMC",
          "source": "OpenStreetMap"
        }
      },
      "geometry": {
        "type": "LineString",
        "coordinates": [
          [
            18.7609783,
            50.349835299999995
          ],
          [
            18.7612541,
            50.3497838
          ],
          [
            18.7628881,
            50.34965639999999
          ],
          [
            18.7629073,
            50.34968700000001
          ],
          [
            18.7632779,
            50.35041089999999
          ],
          [
            18.7635175,
            50.3508443
          ],
          [
            18.763676,
            50.351057700000005
          ],
          [
            18.7638075,
            50.351206
          ],
          [
            18.7630614,
            50.35133640000001
          ],
          [
            18.762123,
            50.35149599999999
          ],
          [
            18.7618774,
            50.3515411
          ],
          [
            18.7611515,
            50.3516625
          ],
          [
            18.760491,
            50.35177289999999
          ],
          [
            18.7601965,
            50.35108
          ],
          [
            18.7614763,
            50.350810499999994
          ],
          [
            18.7609783,
            50.349835299999995
          ]
        ]
      }
    },
    {
      "type": "Feature",
      "properties": {
        "source": "OpenStreetMap",
        "source_id": "way/1255921346",
        "domain": "industrial",
        "asset_type": "unknown",
        "confidence": "medium",
        "missing_fields": [],
        "limitations": [
          "OSM industrial facilities might lack complete boundary semantics. Fixture is bounded to Rybnik 35km."
        ],
        "eligible_for_analysis": true,
        "osm_tags": {
          "man_made": "works",
          "name": "Avans",
          "source": "OpenStreetMap"
        }
      },
      "geometry": {
        "type": "LineString",
        "coordinates": [
          [
            18.7609783,
            50.349835299999995
          ],
          [
            18.7614763,
            50.350810499999994
          ],
          [
            18.7601965,
            50.35108
          ],
          [
            18.7597815,
            50.3501035
          ],
          [
            18.7597757,
            50.35009029999999
          ],
          [
            18.7597649,
            50.35006620000001
          ],
          [
            18.7597593,
            50.3500537
          ],
          [
            18.7609783,
            50.349835299999995
          ]
        ]
      }
    },
    {
      "type": "Feature",
      "properties": {
        "source": "OpenStreetMap",
        "source_id": "way/1271436086",
        "domain": "industrial",
        "asset_type": "unknown",
        "confidence": "medium",
        "missing_fields": [],
        "limitations": [
          "OSM industrial facilities might lack complete boundary semantics. Fixture is bounded to Rybnik 35km."
        ],
        "eligible_for_analysis": true,
        "osm_tags": {
          "man_made": "works",
          "source": "OpenStreetMap"
        }
      },
      "geometry": {
        "type": "LineString",
        "coordinates": [
          [
            18.8033049,
            50.3469619
          ],
          [
            18.8031784,
            50.3469825
          ],
          [
            18.8025058,
            50.34708779999999
          ],
          [
            18.8024133,
            50.34688409999999
          ],
          [
            18.8024582,
            50.346875899999986
          ],
          [
            18.8022611,
            50.3463779
          ],
          [
            18.8022302,
            50.34636419999999
          ],
          [
            18.802157100000002,
            50.346374399999995
          ],
          [
            18.8021109,
            50.34638379999999
          ],
          [
            18.8020817,
            50.3463828
          ],
          [
            18.8020398,
            50.34630129999999
          ],
          [
            18.8020505,
            50.3462717
          ],
          [
            18.8026413,
            50.346143399999995
          ],
          [
            18.8026801,
            50.34615409999999
          ],
          [
            18.802696900000004,
            50.34618059999998
          ],
          [
            18.8027646,
            50.3461913
          ],
          [
            18.8033199,
            50.3465533
          ],
          [
            18.8037577,
            50.34683789999999
          ],
          [
            18.8037725,
            50.34688959999999
          ],
          [
            18.8034003,
            50.346948899999994
          ],
          [
            18.803354,
            50.34695519999999
          ],
          [
            18.8033049,
            50.3469619
          ]
        ]
      }
    },
    {
      "type": "Feature",
      "properties": {
        "source": "OpenStreetMap",
        "source_id": "way/1413416183",
        "domain": "industrial",
        "asset_type": "unknown",
        "confidence": "medium",
        "missing_fields": [],
        "limitations": [
          "OSM industrial facilities might lack complete boundary semantics. Fixture is bounded to Rybnik 35km."
        ],
        "eligible_for_analysis": true,
        "osm_tags": {
          "man_made": "works",
          "source": "OpenStreetMap",
          "building": "yes"
        }
      },
      "geometry": {
        "type": "Polygon",
        "coordinates": [
          [
            [
              18.8532379,
              50.295073699999996
            ],
            [
              18.8527981,
              50.2949803
            ],
            [
              18.8525245,
              50.295546800000004
            ],
            [
              18.8529406,
              50.2956288
            ],
            [
              18.8532379,
              50.295073699999996
            ]
          ]
        ]
      }
    },
    {
      "type": "Feature",
      "properties": {
        "source": "OpenStreetMap",
        "source_id": "way/1414373952",
        "domain": "industrial",
        "asset_type": "unknown",
        "confidence": "medium",
        "missing_fields": [],
        "limitations": [
          "OSM industrial facilities might lack complete boundary semantics. Fixture is bounded to Rybnik 35km."
        ],
        "eligible_for_analysis": true,
        "osm_tags": {
          "man_made": "works",
          "name": "Bekaert",
          "source": "OpenStreetMap"
        }
      },
      "geometry": {
        "type": "LineString",
        "coordinates": [
          [
            18.5406981,
            49.8935669
          ],
          [
            18.5410904,
            49.89383980000001
          ],
          [
            18.5412866,
            49.89372279999999
          ],
          [
            18.5413687,
            49.8937799
          ],
          [
            18.541424,
            49.89373909999999
          ],
          [
            18.5420448,
            49.8941718
          ],
          [
            18.5420433,
            49.8942363
          ],
          [
            18.5418368,
            49.89441390000001
          ],
          [
            18.5424996,
            49.8946049
          ],
          [
            18.5424051,
            49.8947218
          ],
          [
            18.542051,
            49.8951453
          ],
          [
            18.5421372,
            49.895191
          ],
          [
            18.5417475,
            49.89544299999999
          ],
          [
            18.5416088,
            49.895884599999995
          ],
          [
            18.5392796,
            49.895938199999996
          ],
          [
            18.538118,
            49.8956782
          ],
          [
            18.5369857,
            49.8949736
          ],
          [
            18.5375696,
            49.8943405
          ],
          [
            18.5378515,
            49.89405959999999
          ],
          [
            18.5390392,
            49.894482399999994
          ],
          [
            18.5396863,
            49.893611099999994
          ],
          [
            18.5403179,
            49.8937867
          ],
          [
            18.5406981,
            49.8935669
          ]
        ]
      }
    },
    {
      "type": "Feature",
      "properties": {
        "source": "OpenStreetMap",
        "source_id": "way/1475301981",
        "domain": "industrial",
        "asset_type": "unknown",
        "confidence": "medium",
        "missing_fields": [],
        "limitations": [
          "OSM industrial facilities might lack complete boundary semantics. Fixture is bounded to Rybnik 35km."
        ],
        "eligible_for_analysis": true,
        "osm_tags": {
          "man_made": "works",
          "name": "Patentus",
          "website": "https://patentus.eu/",
          "source": "OpenStreetMap"
        }
      },
      "geometry": {
        "type": "LineString",
        "coordinates": [
          [
            18.955952,
            49.97702890000001
          ],
          [
            18.9573965,
            49.9769842
          ],
          [
            18.957364,
            49.976539200000005
          ],
          [
            18.9578345,
            49.9765215
          ],
          [
            18.9579771,
            49.976543400000004
          ],
          [
            18.9581321,
            49.976605199999995
          ],
          [
            18.9582716,
            49.9766969
          ],
          [
            18.958377,
            49.976876399999995
          ],
          [
            18.9584574,
            49.9777284
          ],
          [
            18.9581398,
            49.97772640000001
          ],
          [
            18.9581352,
            49.9778622
          ],
          [
            18.9579673,
            49.977893900000005
          ],
          [
            18.9579919,
            49.978208900000006
          ],
          [
            18.9582831,
            49.97819799999999
          ],
          [
            18.9582923,
            49.9786547
          ],
          [
            18.9561724,
            49.9786907
          ],
          [
            18.9561222,
            49.978400699999995
          ],
          [
            18.956077,
            49.97813959999999
          ],
          [
            18.9561217,
            49.97813560000001
          ],
          [
            18.9560794,
            49.977859900000006
          ],
          [
            18.9560265,
            49.9775146
          ],
          [
            18.955952,
            49.97702890000001
          ]
        ]
      }
    },
    {
      "type": "Feature",
      "properties": {
        "source": "OpenStreetMap",
        "source_id": "way/1476176481",
        "domain": "industrial",
        "asset_type": "unknown",
        "confidence": "medium",
        "missing_fields": [],
        "limitations": [
          "OSM industrial facilities might lack complete boundary semantics. Fixture is bounded to Rybnik 35km."
        ],
        "eligible_for_analysis": true,
        "osm_tags": {
          "man_made": "works",
          "name": "Okręgowa Spółdzielnia Mleczarska Pszczyna",
          "source": "OpenStreetMap"
        }
      },
      "geometry": {
        "type": "LineString",
        "coordinates": [
          [
            18.9549374,
            49.97742670000001
          ],
          [
            18.955521,
            49.97737500000001
          ],
          [
            18.9555532,
            49.9774733
          ],
          [
            18.9559059,
            49.977435299999996
          ],
          [
            18.9559381,
            49.977321499999995
          ],
          [
            18.955856,
            49.9767525
          ],
          [
            18.9557272,
            49.9767605
          ],
          [
            18.9556704,
            49.976729
          ],
          [
            18.9556666,
            49.9766917
          ],
          [
            18.9554886,
            49.97669839999999
          ],
          [
            18.9551207,
            49.97672180000001
          ],
          [
            18.9548117,
            49.9767539
          ],
          [
            18.9549374,
            49.97742670000001
          ]
        ]
      }
    },
    {
      "type": "Feature",
      "properties": {
        "source": "OpenStreetMap",
        "source_id": "way/1476178184",
        "domain": "industrial",
        "asset_type": "unknown",
        "confidence": "medium",
        "missing_fields": [],
        "limitations": [
          "OSM industrial facilities might lack complete boundary semantics. Fixture is bounded to Rybnik 35km."
        ],
        "eligible_for_analysis": true,
        "osm_tags": {
          "man_made": "works",
          "name": "Cedrob Foods S.A (Zakłady Mięsne Silesia S.A)",
          "source": "OpenStreetMap"
        }
      },
      "geometry": {
        "type": "LineString",
        "coordinates": [
          [
            18.9563654,
            49.979731699999995
          ],
          [
            18.9564243,
            49.9796167
          ],
          [
            18.9561724,
            49.9786907
          ],
          [
            18.9561222,
            49.978400699999995
          ],
          [
            18.9556722,
            49.9784363
          ],
          [
            18.955633600000002,
            49.9783004
          ],
          [
            18.9553632,
            49.97830820000001
          ],
          [
            18.9553246,
            49.9782977
          ],
          [
            18.9552609,
            49.978155099999995
          ],
          [
            18.954567,
            49.97822879999998
          ],
          [
            18.954296,
            49.9782624
          ],
          [
            18.9542533,
            49.97830869999999
          ],
          [
            18.954398400000002,
            49.97887200000001
          ],
          [
            18.9542068,
            49.9789027
          ],
          [
            18.9542336,
            49.9790162
          ],
          [
            18.9542063,
            49.97902229999998
          ],
          [
            18.9543597,
            49.979654
          ],
          [
            18.9546642,
            49.9797731
          ],
          [
            18.9548156,
            49.979818099999996
          ],
          [
            18.9552525,
            49.979785899999996
          ],
          [
            18.9552819,
            49.97986569999999
          ],
          [
            18.9563654,
            49.979731699999995
          ]
        ]
      }
    }
  ]
}